id,char,pinyins,script_type,hsk_level
1,一,yī|yí|yì,neutral,1
2,丁,dīng|zhēng,neutral,7-9
4,七,qī|qí,neutral,1
8,万,wàn|mò,neutral,2
9,丈,zhàng,neutral,4
10,三,sān,neutral,1
11,上,shàng|shǎng,neutral,1
12,下,xià,neutral,1
14,不,bù|fǒu|fōu|fū|bú,neutral,1
15,与,yǔ|yù|yú,simplified,4
17,丐,gài,neutral,7-9
18,丑,chǒu,neutral,5
20,专,zhuān,simplified,3
21,且,qiě|jū|cú,neutral,2
22,丕,pī,neutral,
23,世,shì,neutral,3
25,丘,qiū,neutral,7-9
26,丙,bǐng|bìng,neutral,7-9
27,业,yè,simplified,2
28,丛,cóng,simplified,7-9
29,东,dōng,simplified,1
30,丝,sī,simplified,7-9
31,丞,chéng|shèng|zhēng|zhěng,neutral,
32,丟,diū,traditional,
35,丢,diū,neutral,5
37,两,liǎng,neutral,1
38,严,yán,simplified,4
39,並,bìng|bàn|bàng,traditional,
40,丧,sàng|sāng,simplified,6
43,个,gè|gě|gàn,neutral,1
44,丫,yā,neutral,7-9
46,中,zhōng|zhòng,neutral,1
49,丰,fēng,neutral,3
51,串,chuàn|guàn|quàn,neutral,6
53,临,lín,simplified,4
57,丸,wán,neutral,7-9
58,丹,dān,neutral,7-9
59,为,wèi|wéi,simplified,2
60,主,zhǔ|zhù,neutral,2
62,丽,lì|lí,simplified,3
63,举,jǔ,simplified,2
68,乃,nǎi|ǎi,neutral,7-9
70,久,jiǔ,neutral,2
73,么,me|yāo|mó|ma,neutral,1
74,义,yì,neutral,3
76,之,zhī|zhū|zhì,neutral,4
77,乌,wū|wù,simplified,6
78,乍,zhà|zuò,neutral,
79,乎,hū,neutral,4
80,乏,fá,neutral,5
81,乐,lè|yuè,neutral,2
83,乒,pīng,neutral,7-9
84,乓,pāng,neutral,7-9
85,乔,qiáo,neutral,7-9
87,乖,guāi,neutral,7-9
89,乘,chéng|shèng,neutral,5
90,乙,yǐ|yì|jué,neutral,5
94,九,jiǔ|jiū,neutral,1
95,乞,qǐ|qì,neutral,7-9
96,也,yě|yí,neutral,1
97,习,xí,simplified,1
98,乡,xiāng,simplified,3
103,书,shū,simplified,1
113,买,mǎi,simplified,1
114,乱,luàn,neutral,3
116,乳,rǔ,neutral,6
127,乾,qián|gān,neutral,
131,亂,luàn,traditional,
135,了,le|liǎo|liào,neutral,1
137,予,yǔ|yú|zhù,neutral,6
138,争,zhēng,neutral,3
140,事,shì|zì,neutral,1
141,二,èr,neutral,1
143,于,yú|wéi|yū|xū,neutral,2
144,亏,kuī|yú,neutral,5
146,云,yún,neutral,2
147,互,hù,neutral,3
149,五,wǔ,neutral,1
150,井,jǐng|jìng,neutral,6
155,亚,yà,simplified,4
156,些,xiē|suò|suō,neutral,1
157,亜,yà,neutral,
159,亞,yà|yā|è,traditional,
162,亡,wáng|wú,neutral,6
163,亢,kàng|gāng|gēng,neutral,
165,交,jiāo,neutral,2
166,亥,hài|jiē,neutral,
167,亦,yì,neutral,7-9
168,产,chǎn,simplified,3
169,亨,hēng|xiǎng|pēng,neutral,
170,亩,mǔ,simplified,7-9
172,享,xiǎng,neutral,5
173,京,jīng,neutral,1
174,亭,tíng,neutral,7-9
175,亮,liàng|liáng,neutral,2
179,亲,qīn|qìng,simplified,3
182,亵,xiè,simplified,
187,人,rén,neutral,1
192,亿,yì,simplified,2
193,什,shén|shí,neutral,1
194,仁,rén,neutral,7-9
198,仅,jǐn|fù|nú|jìn,neutral,3
199,仆,pū|pú,neutral,7-9
200,仇,chóu|qiú|jū,neutral,7-9
203,今,jīn,neutral,1
204,介,jiè|gè,neutral,1
206,仍,réng,neutral,3
207,从,cóng|zòng,neutral,1
212,仓,cāng,simplified,6
213,仔,zǎi|zǐ|zī,neutral,5
215,他,tā|tuó,neutral,1
216,仗,zhàng,neutral,7-9
217,付,fù,neutral,3
218,仙,xiān|xiǎn,neutral,7-9
228,代,dài,neutral,3
229,令,lìng|líng|lǐng|lián,neutral,5
230,以,yǐ|sì,neutral,2
233,仨,sā,neutral,
235,仪,yí,neutral,6
237,们,men|mén,simplified,1
241,仰,yǎng|áng,neutral,6
243,仲,zhòng,neutral,7-9
247,件,jiàn|móu,neutral,2
248,价,jià|jie|jiè,neutral,3
252,任,rèn|rén|lìn,neutral,3
254,份,fèn|bīn,neutral,2
256,仿,fǎng|páng,neutral,5
258,企,qǐ,neutral,4
267,伊,yī,neutral,7-9
270,伍,wǔ,neutral,6
271,伎,jì|zhì|qí|qì,neutral,
272,伏,fú|fù,neutral,7-9
273,伐,fá,neutral,7-9
274,休,xiū|xù,neutral,1
280,众,zhòng|yín,neutral,3
281,优,yōu|yóu,neutral,3
282,伙,huǒ|huo,neutral,4
283,会,huì|kuài,neutral,1
287,伞,sǎn,simplified,4
288,伟,wěi,simplified,3
289,传,chuán|zhuàn,simplified,3
293,伤,shāng,neutral,3
295,伦,lún,simplified,7-9
299,伪,wěi,simplified,7-9
300,伫,zhù,simplified,
304,伯,bó|bǎi|mò|bà,neutral,7-9
305,估,gū|gù,neutral,5
309,伴,bàn|pàn,neutral,4
311,伶,líng,neutral,
313,伸,shēn,neutral,5
315,伺,cì|sì,neutral,7-9
317,似,shì|sì,neutral,3
318,伽,gā|jiā|qié,neutral,
327,但,dàn|tǎn|yàn,neutral,2
329,佈,bù,neutral,
334,位,wèi|lì,neutral,2
335,低,dī,neutral,2
336,住,zhù,neutral,1
337,佐,zuǒ,neutral,7-9
338,佑,yòu,neutral,7-9
340,体,tǐ|tī|bèn|cuì,neutral,1
341,佔,zhàn|chān|diān,neutral,
342,何,hé|hè,neutral,3
345,佘,shé,neutral,
346,余,yú|tú|xú|yù,neutral,4
348,佛,fú|fó|bó|bì,neutral,6
349,作,zuò|zuō|zuó,neutral,1
353,你,nǐ,neutral,1
356,佣,yōng|yòng,neutral,7-9
362,佩,pèi,neutral,7-9
365,佬,lǎo|liáo,neutral,
372,佳,jiā,neutral,6
374,併,bìng,traditional,
376,佷,hěn|héng,neutral,
381,佼,jiǎo|jiāo|xiáo,neutral,
384,使,shǐ,neutral,2
388,侃,kǎn,neutral,7-9
389,侄,zhí,neutral,
391,來,lái|lài,traditional,
393,侈,chǐ,neutral,7-9
396,例,lì|liè,neutral,2
398,侍,shì,neutral,7-9
400,侏,zhū|zhōu,neutral,
407,侖,lún|lùn,traditional,
412,供,gōng|gòng,neutral,4
414,依,yī|yǐ,neutral,4
417,侠,xiá,neutral,7-9
420,侣,lǚ,simplified,7-9
422,侥,jiǎo|yáo,simplified,
423,侦,zhēn,simplified,7-9
424,侧,cè|zè|zhāi,simplified,6
425,侨,qiáo,simplified,7-9
427,侪,chái,simplified,
429,侬,nóng,simplified,
431,侮,wǔ,neutral,7-9
432,侯,hóu|hòu,neutral,
438,侵,qīn|qǐn,neutral,6
439,侶,lǚ,traditional,
448,便,biàn|pián|biān,neutral,2
451,係,xì,traditional,
452,促,cù|chuò,neutral,4
453,俄,é,neutral,7-9
459,俊,jùn|shùn|dūn,neutral,7-9
464,俏,qiào|xiào|xiāo,neutral,7-9
465,俐,lì,neutral,
472,俗,sú,neutral,4
473,俘,fú,neutral,7-9
475,俚,lǐ|lì,neutral,
478,保,bǎo,neutral,3
482,信,xìn|shēn,neutral,2
490,俩,liǎ|liǎng,simplified,4
494,俭,jiǎn,simplified,7-9
495,修,xiū,neutral,3
496,俯,fǔ,neutral,7-9
498,俱,jù|jū,neutral,5
500,俳,pái,neutral,
507,俺,ǎn|yàn,neutral,
511,俾,bǐ|bì|bēi|pì,neutral,
519,倆,liǎ|liǎng,traditional,
522,倉,cāng|chuàng,traditional,
524,個,gè|gě,traditional,
526,倍,bèi|péi,neutral,4
530,們,men|mèn|mén,traditional,
531,倒,dào|dǎo,neutral,2
533,倔,jué|juè,neutral,7-9
535,倖,xìng,neutral,
538,候,hòu,neutral,1
539,倚,yǐ|jī|yī,neutral,7-9
544,借,jiè,neutral,2
546,倡,chàng|chāng,neutral,5
551,倦,juàn,neutral,7-9
556,倫,lún,traditional,
571,债,zhài,simplified,6
573,值,zhí,neutral,3
575,倾,qīng,simplified,6
584,假,jiǎ|jià|jie|xià|xiá|gé,neutral,1
586,偉,wěi,traditional,
592,偏,piān,neutral,6
598,偕,xié|jiē,neutral,
603,做,zuò,neutral,1
605,停,tíng,neutral,2
614,健,jiàn,neutral,2
629,側,cè|zè|zhāi,traditional,
630,偵,zhēn|zhēng,traditional,
631,偶,ǒu,neutral,5
632,偷,tōu,neutral,5
638,偽,wěi|wéi|é|guì,traditional,
640,偿,cháng,simplified,5
641,傀,guī|kuǐ|kuài,neutral,
646,傅,fù|fū,neutral,5
654,傍,bàng|páng|bēng|péng,neutral,6
658,傑,jié,traditional,
665,傘,sǎn,traditional,
666,備,bèi,traditional,
675,傢,jiā|xiàng,traditional,
681,储,chǔ,simplified,6
685,催,cuī,neutral,7-9
686,傭,yōng|chōng|yòng,traditional,
691,傲,ào|áo,neutral,6
692,傳,chuán|zhuàn,traditional,
694,債,zhài,traditional,
696,傷,shāng,traditional,
700,傻,shǎ,neutral,5
703,傾,qīng|qǐng,traditional,
710,僅,jǐn|jìn,traditional,
720,像,xiàng,neutral,2
726,僕,pú|pū|bú,traditional,
731,僚,liáo|liǎo|lǎo,neutral,7-9
744,僧,sēng|céng,neutral,7-9
754,僱,gù,neutral,
758,僵,jiāng,neutral,7-9
762,價,jià|qiǎ|jie,traditional,
764,僻,pì,neutral,7-9
769,儀,yí,traditional,
771,儂,nóng,traditional,
773,億,yì|yī,traditional,
778,儉,jiǎn,traditional,
787,儒,rú,neutral,7-9
790,儕,chái,traditional,
793,儘,jǐn|jìn,traditional,
800,償,cháng,traditional,
802,儡,lěi|léi|lèi,neutral,
811,優,yōu,traditional,
819,儲,chǔ|chú,traditional,
832,儿,ér|er|rén,neutral,1
833,兀,wù|wū,neutral,
834,允,yǔn|yuán,neutral,6
836,元,yuán,neutral,1
837,兄,xiōng|kuàng,neutral,4
838,充,chōng,neutral,3
839,兆,zhào,neutral,7-9
840,兇,xiōng,neutral,
841,先,xiān,neutral,1
842,光,guāng|guàng,neutral,3
844,克,kè,neutral,2
845,兌,duì,traditional,
846,免,miǎn|wèn|wǎn,neutral,4
850,兑,duì|ruì|duó,neutral,7-9
851,兒,ér|ní,traditional,
853,兔,tù|tú|chān,neutral,5
856,兗,yǎn,traditional,
859,党,dǎng,neutral,6
861,兜,dōu,neutral,7-9
867,兢,jīng,neutral,7-9
870,入,rù,neutral,2
872,內,nèi,traditional,
873,全,quán,neutral,2
874,兩,liǎng|liàng,traditional,
876,八,bā|bá,neutral,1
877,公,gōng,neutral,2
878,六,liù|lù,neutral,1
879,兮,xī,neutral,
881,兰,lán,simplified,7-9
882,共,gòng|gōng|gǒng|hóng,neutral,2
884,关,guān,simplified,1
885,兴,xīng|xìng,simplified,1
886,兵,bīng,neutral,4
887,其,qí|jī|jì,neutral,2
888,具,jù,neutral,3
889,典,diǎn|tiǎn,neutral,2
890,兹,zī|cí,simplified,7-9
892,养,yǎng,simplified,2
893,兼,jiān,neutral,7-9
894,兽,shòu,simplified,7-9
896,兿,yì,neutral,
897,冀,jì,neutral,
902,内,nèi|nà|ruì,neutral,3
903,円,yuán,neutral,
905,冈,gāng,simplified,7-9
907,冊,cè,traditional,
909,册,cè|zhà,neutral,5
910,再,zài,neutral,1
915,冒,mào|mò,neutral,3
918,冕,miǎn,neutral,
920,冗,rǒng,neutral,7-9
922,写,xiě|xiè,simplified,1
924,军,jūn,simplified,5
925,农,nóng,simplified,3
929,冠,guān|guàn,neutral,5
933,冤,yuān,neutral,7-9
934,冥,míng|mián|miàn,neutral,
941,冬,dōng,neutral,2
944,冯,féng|píng,simplified,7-9
945,冰,bīng|níng,neutral,4
947,冲,chōng|chòng,neutral,4
948,决,jué,simplified,3
950,况,kuàng,neutral,3
951,冶,yě,neutral,7-9
952,冷,lěng|líng|lǐng,neutral,1
956,冻,dòng,simplified,5
961,净,jìng|chēng,simplified,1
965,凄,qī,neutral,7-9
967,准,zhǔn,neutral,1
970,凉,liáng|liàng,neutral,2
972,凋,diāo,neutral,
973,凌,líng|lìng,neutral,7-9
974,凍,dòng,traditional,
976,减,jiǎn,neutral,4
978,凑,còu,neutral,7-9
990,凝,níng,neutral,7-9
993,几,jǐ|jī,neutral,1
994,凡,fán,neutral,6
997,凤,fèng,neutral,7-9
1006,凭,píng,neutral,5
1008,凯,kǎi,simplified,7-9
1009,凰,huáng,neutral,7-9
1010,凱,kǎi,traditional,
1012,凳,dèng,neutral,7-9
1015,凶,xiōng,neutral,6
1017,凸,tū,neutral,7-9
1019,出,chū,neutral,1
1020,击,jī,simplified,5
1022,函,hán,neutral,7-9
1024,凿,záo|zuò,simplified,7-9
1025,刀,dāo|diāo,neutral,3
1026,刁,diāo,neutral,7-9
1028,刃,rèn,neutral,
1031,分,fēn|fèn|fén,neutral,1
1032,切,qiè|qiē|qì,neutral,3
1035,刊,kān,neutral,6
1038,刍,chú,simplified,
1039,刎,wěn,neutral,
1042,刑,xíng,neutral,7-9
1043,划,huà|huá|guò|guǒ|huai,neutral,2
1048,列,liè|lì,neutral,4
1049,刘,liú,neutral,7-9
1050,则,zé,simplified,4
1051,刚,gāng,simplified,2
1052,创,chuàng|chuāng,simplified,3
1054,初,chū,neutral,3
1057,删,shān,neutral,7-9
1061,判,pàn,neutral,3
1062,別,bié,traditional,
1066,利,lì,neutral,2
1067,刪,shān,traditional,
1068,别,bié|biè,neutral,1
1071,刮,guā,neutral,6
1073,到,dào,neutral,1
1079,制,zhì,neutral,3
1080,刷,shuā|shuà,neutral,4
1081,券,quàn|xuàn,neutral,6
1082,刹,shā|chà,neutral,7-9
1083,刺,cì|cī|qì,neutral,4
1084,刻,kè|kēi,neutral,2
1091,剂,jì,simplified,7-9
1092,剃,tì,neutral,7-9
1096,則,zé,traditional,
1099,削,xuē|xiāo|qiào|shào,neutral,7-9
1102,前,qián|jiǎn,neutral,1
1103,剎,shā,traditional,
1106,剑,jiàn,simplified,6
1109,剔,tī|tì,neutral,7-9
1111,剖,pōu|pǒ,neutral,7-9
1116,剛,gāng,traditional,
1118,剝,bō,traditional,
1126,剥,bō|bāo|pū,simplified,7-9
1128,剧,jù,neutral,3
1130,剩,shèng,neutral,5
1131,剪,jiǎn,neutral,5
1136,副,fù|pì,neutral,6
1139,割,gē,neutral,7-9
1142,創,chuàng|chuāng|qiāng,traditional,
1156,劃,huà|huá|huai,traditional,
1160,劇,jù,traditional,
1161,劈,pī|pǐ,neutral,7-9
1162,劉,liú,traditional,
1166,劍,jiàn,traditional,
1170,劑,jì,traditional,
1180,力,lì,neutral,2
1182,劝,quàn,neutral,5
1183,办,bàn,neutral,2
1184,功,gōng,neutral,3
1185,加,jiā,neutral,2
1186,务,wù,simplified,2
1188,劣,liè,neutral,7-9
1193,动,dòng,neutral,1
1194,助,zhù|chú,neutral,2
1195,努,nǔ,neutral,2
1196,劫,jié,neutral,7-9
1202,励,lì,neutral,5
1203,劲,jìn|jìng,simplified,4
1204,劳,láo,neutral,5
1206,劵,juàn,neutral,
1215,劾,hé|kài,neutral,
1216,势,shì,neutral,3
1218,勁,jìn|jìng,traditional,
1220,勃,bó,neutral,7-9
1224,勇,yǒng,neutral,4
1226,勉,miǎn,neutral,7-9
1235,勒,lēi|lè|lei,neutral,7-9
1238,動,dòng,traditional,
1241,勘,kān,neutral,7-9
1242,務,wù|wǔ|wú|máo|mào,traditional,
1246,勝,shèng,traditional,
1247,勞,láo|lào|liáo,traditional,
1248,募,mù|bó,neutral,7-9
1251,勢,shì,traditional,
1253,勤,qín|qí,neutral,5
1270,勵,lì,traditional,
1273,勸,quàn,traditional,
1275,勺,sháo|shuò|zhuó|dì,neutral,6
1276,勻,yún,traditional,
1279,勾,gōu|gòu,neutral,7-9
1280,勿,wù|mò,neutral,7-9
1281,匀,yún|jūn|yùn,neutral,7-9
1286,包,bāo|páo|fú,neutral,1
1287,匆,cōng,neutral,7-9
1289,匈,xiōng,neutral,
1302,匕,bǐ|pìn,neutral,
1303,化,huà|huā|huò,neutral,3
1304,北,běi|bèi,neutral,1
1306,匙,shi|chí,neutral,7-9
1313,匠,jiàng,neutral,7-9
1323,匪,fěi|fēi|fēn,neutral,7-9
1327,匮,kuì|guì,simplified,
1328,匯,huì,traditional,
1330,匱,guì|kuì,traditional,
1338,匹,pǐ,neutral,5
1339,区,qū|ōu,neutral,3
1340,医,yī|yì,neutral,1
1344,匿,nì|tè,neutral,7-9
1345,區,qū|ōu|gōu|qiū|kòu,traditional,
1346,十,shí,neutral,1
1348,千,qiān,neutral,2
1352,升,shēng,neutral,3
1353,午,wǔ,neutral,1
1354,卉,huì,neutral,7-9
1355,半,bàn|pàn,neutral,1
1359,华,huá|huà|huā,simplified,3
1360,协,xié,simplified,5
1362,卑,bēi|bǐ|bì|pí|bān,neutral,7-9
1363,卒,zú|cù|cuì,neutral,7-9
1364,卓,zhuó|zhuō,neutral,7-9
1365,協,xié,traditional,
1366,单,dān|chán|shàn,neutral,2
1367,卖,mài,simplified,2
1368,南,nán|nā,neutral,1
1371,博,bó,neutral,5
1373,卜,bo|bǔ|pū,neutral,7-9
1377,占,zhàn|zhān|tiē,neutral,2
1378,卡,kǎ|qiǎ,neutral,2
1379,卢,lú,simplified,
1383,卦,guà,neutral,7-9
1384,卧,wò,neutral,5
1388,卫,wèi,simplified,3
1392,卯,mǎo,neutral,
1393,印,yìn|yì,neutral,2
1394,危,wēi,neutral,3
1396,即,jí,neutral,4
1397,却,què,neutral,4
1398,卵,luǎn|kūn,neutral,7-9
1400,卷,juǎn|juàn|quán|quān|gǔn|jùn,neutral,4
1401,卸,xiè,neutral,7-9
1402,卹,xù|sū,neutral,
1404,卻,què|jiǎo|xì,traditional,
1408,卿,qīng,neutral,
1411,厂,chǎng|hǎn|yán|ān,neutral,3
1413,厄,è|ě,neutral,7-9
1414,厅,tīng,simplified,5
1415,历,lì,neutral,3
1418,厉,lì,neutral,5
1420,压,yā|yà,neutral,3
1421,厌,yàn,simplified,5
1430,厕,cè|si,simplified,6
1433,厘,lí|chán,neutral,4
1435,厚,hòu,neutral,4
1440,原,yuán,neutral,2
1443,厢,xiāng,simplified,7-9
1446,厥,jué,neutral,
1447,厦,shà|xià,neutral,7-9
1449,厨,chú,neutral,5
1450,厩,jiù,neutral,
1454,厭,yàn|yā|yǎn|yān|yì,traditional,
1459,厲,lì|lài,traditional,
1468,去,qù|qū,neutral,1
1472,县,xiàn,simplified,4
1475,参,cān|cēn|shēn,neutral,2
1476,參,cān|shēn|sān|cēn|càn|sǎn,traditional,
1481,又,yòu,neutral,2
1482,叉,chā|chá|chǎ|chà,neutral,5
1483,及,jí,neutral,3
1484,友,yǒu,neutral,1
1485,双,shuāng,neutral,3
1486,反,fǎn|fàn,neutral,3
1490,发,fā|fà,simplified,2
1493,叔,shū,neutral,4
1495,取,qǔ|qū,neutral,2
1496,受,shòu|dào,neutral,2
1497,变,biàn,simplified,2
1498,叙,xù,neutral,7-9
1500,叛,pàn,neutral,7-9
1504,叟,sǒu|sōu|xiāo,neutral,
1505,叠,dié,neutral,7-9
1507,叢,cóng,traditional,
1508,口,kǒu,neutral,1
1509,古,gǔ|gù|kū,neutral,3
1510,句,jù|gōu|gòu|qú,neutral,2
1511,另,lìng,neutral,3
1513,叨,dāo|dáo|tāo,neutral,7-9
1514,叩,kòu,neutral,
1515,只,zhǐ|zhī,neutral,2
1516,叫,jiào,neutral,1
1517,召,zhào|shào,neutral,4
1518,叭,bā|pā|ba,neutral,7-9
1519,叮,dīng,neutral,7-9
1520,可,kě|kè|gē,neutral,2
1521,台,tái|tāi|yí|sì,neutral,3
1522,叱,chì|huà|é,neutral,
1523,史,shǐ,neutral,4
1524,右,yòu,neutral,1
1527,叶,yè|xié,neutral,4
1528,号,hào|háo|xiāo,neutral,1
1529,司,sī|cí|sì,neutral,2
1530,叹,tàn|yǐ|yòu,simplified,6
1533,叼,diāo,neutral,7-9
1538,吁,xū|yū|yù,neutral,7-9
1540,吃,chī|qī,neutral,1
1541,各,gè|gě,neutral,3
1543,吆,yāo,neutral,
1545,合,hé|gě,neutral,2
1546,吉,jí,neutral,6
1547,吊,diào,neutral,6
1548,吋,cùn|dòu|yīng,neutral,
1549,同,tóng|tòng,neutral,1
1550,名,míng|mìng,neutral,1
1551,后,hòu,neutral,1
1553,吐,tǔ|tù,neutral,5
1554,向,xiàng,neutral,2
1556,吓,xià|hè|hà,neutral,5
1558,吕,lǚ,simplified,7-9
1559,吖,yā|ā,neutral,
1560,吗,ma|má|mǎ,simplified,1
1564,君,jūn,neutral,7-9
1566,吝,lìn,neutral,
1567,吞,tūn|tiān,neutral,6
1568,吟,yín|yǐn|jìn,neutral,
1569,吠,fèi,neutral,
1575,否,fǒu|pǐ,neutral,3
1576,吧,ba|bā|pā,neutral,1
1577,吨,dūn|tún|tǔn,simplified,5
1578,吩,fēn|pèn,neutral,7-9
1580,含,hán|hàn,neutral,4
1581,听,tīng|yǐn|yí,neutral,1
1582,吭,kēng|háng|hàng,neutral,7-9
1583,吮,shǔn,neutral,
1584,启,qǐ,simplified,5
1586,吱,zhī|zī|qì,neutral,
1588,吳,wú|yú,traditional,
1589,吴,wú|tūn,neutral,7-9
1590,吵,chǎo|chāo|miǎo|chào,neutral,3
1593,吸,xī,neutral,4
1594,吹,chuī|chuì,neutral,2
1596,吻,wěn,neutral,7-9
1597,吼,hǒu,neutral,7-9
1598,吽,hōng|ōu|hǒu,neutral,
1599,吾,wú|yú|yá,neutral,
1601,呀,ya|yā|xiā,neutral,4
1604,呃,è|e|ài,neutral,
1607,呆,dāi|bǎo|ái,neutral,5
1609,呈,chéng|kuáng|chěng,neutral,7-9
1611,告,gào|jū|gù,neutral,1
1615,呎,chǐ|yīng,neutral,
1617,呐,nà|nè|na|nuò|ne,simplified,7-9
1619,呒,wǔ|ḿ,simplified,
1622,呕,ǒu|ōu|òu,simplified,7-9
1625,员,yuán|yùn|yún,simplified,3
1628,呛,qiāng|qiàng,simplified,7-9
1635,呢,ne|ní|nǐ|nī,neutral,1
1639,呦,yōu,neutral,
1641,周,zhōu,neutral,2
1650,呱,gū|guā|guǎ,neutral,
1652,味,wèi|mèi,neutral,2
1654,呵,hē|hā|ā|a|kē|huō|á|ǎ|à,neutral,7-9
1660,呻,shēn,neutral,
1661,呼,hū|xiāo|xū|hè|xià,neutral,4
1662,命,mìng,neutral,3
1665,咀,jǔ|zuǐ,neutral,
1667,咂,zā,neutral,
1669,咄,duō,neutral,
1671,咆,páo,neutral,
1676,咋,zǎ|zé|zhā|zhà,neutral,
1677,和,hé|hè|hú|huó|huò|huo,neutral,1
1679,咎,jiù|gāo,neutral,
1681,咐,fù|fú,neutral,7-9
1683,咒,zhòu,neutral,
1685,咔,kā|kǎ|nòng,neutral,
1686,咕,gū|gu,neutral,
1687,咖,kā|gā|jiā,neutral,3
1688,咗,zuo,neutral,
1690,咙,lóng,simplified,7-9
1701,咤,zhà,neutral,
1703,咦,yí|xī,neutral,
1704,咧,liě|liē|liè|lié|lie,neutral,7-9
1705,咨,zī,neutral,6
1707,咪,mī|mǐ|miē|mǎi,neutral,
1709,咬,yǎo|jiāo|yāo|jiǎo,neutral,5
1710,咭,jī|xī|qià,neutral,
1712,咯,gē|kǎ|lo|luò|kā,neutral,
1714,咱,zán|zá|zǎ|zan,neutral,2
1716,咳,ké|hāi|hái|gāi,neutral,5
1721,咸,xián|jiǎn|jiān,neutral,4
1726,咽,yàn|yān|yè|yuān,neutral,7-9
1729,哀,āi,neutral,7-9
1730,品,pǐn,neutral,3
1733,哄,hǒng|hōng|hòng,neutral,7-9
1735,哆,duō|chǐ|zhà|chì|duò|diě,neutral,7-9
1736,哇,wa|wā|guī|huá|wá,neutral,6
1737,哈,hā|hǎ|hà|hē|hé|tà|shà,neutral,3
1738,哉,zāi,neutral,
1742,响,xiǎng,neutral,2
1743,哎,āi,neutral,7-9
1744,哏,gén|hěn|ǹ,neutral,
1746,哑,yǎ|yā,simplified,7-9
1747,哒,dá|dā,simplified,
1749,哔,bì,simplified,
1752,哗,huā|huá,simplified,7-9
1758,哝,nóng,simplified,
1760,哟,yō|yo,simplified,
1762,員,yuán|yún|yùn,traditional,
1766,哥,gē,neutral,1
1767,哦,ó|é|ò,neutral,7-9
1769,哨,shào|sāo|xiāo|xiào|sào,neutral,7-9
1770,哩,lī|li|lì|lǐ|mái|yīng,neutral,
1771,哪,nǎ|na|né|nuó|nǎi|nà|niè|něi,neutral,1
1774,哭,kū,neutral,2
1775,哮,xiāo|xiào|xuē,neutral,
1779,哲,zhé,neutral,6
1787,哺,bǔ|bū|fǔ,neutral,7-9
1789,哼,hēng|hng,neutral,7-9
1797,唄,bei|bài,traditional,
1800,唇,chún|zhēn|zhèn,neutral,7-9
1802,唉,āi|ài|ǎi,neutral,7-9
1809,唐,táng,neutral,7-9
1810,唑,zuò|shì,neutral,
1813,唔,wú|wù|ńg|ḿ|ń,neutral,
1825,唠,láo|lào,simplified,7-9
1829,唤,huàn,simplified,7-9
1832,唧,jī|jié,neutral,
1837,唬,hǔ|xiāo|guó|xià|háo,neutral,7-9
1839,售,shòu|shú,neutral,4
1840,唯,wéi|wěi,neutral,5
1842,唱,chàng,neutral,1
1846,唵,ǎn|ng|n,neutral,
1848,唷,yō|yù,neutral,
1849,唸,niàn|diàn,neutral,
1855,唾,tuò,neutral,7-9
1858,啁,zhāo|zhōu|dāo|tiáo|diào,neutral,
1860,啃,kěn,neutral,7-9
1861,啄,zhuó|zhòu,neutral,
1863,商,shāng,neutral,1
1867,啊,a|ā|á|ǎ|à|è,neutral,2
1872,問,wèn,traditional,
1878,啕,táo,neutral,
1885,啜,chuài|chuò|zhuó,neutral,
1887,啞,yǎ|è|yā,traditional,
1888,啟,qǐ,traditional,
1890,啡,fēi|pèi|pái|pēi|bài,neutral,3
1893,啤,pí,neutral,3
1894,啥,shá|shà,neutral,
1895,啦,la|lā,neutral,6
1899,啪,pā,neutral,
1901,啬,sè,simplified,
1905,啰,luō|luó|luo,neutral,
1912,啷,lāng,neutral,
1913,啸,xiào,simplified,7-9
1917,啼,tí,neutral,
1919,啾,jiū,neutral,
1921,喀,kā|kè|ke,neutral,
1923,喂,wèi,neutral,2
1924,喃,nán|nǎn,neutral,
1925,善,shàn,neutral,3
1928,喇,lǎ|lá|lā|la,neutral,7-9
1930,喉,hóu,neutral,7-9
1931,喊,hǎn|kàn|jiān,neutral,2
1932,喋,dié|zhá|qiè,neutral,
1936,喏,nuò|rě,neutral,
1941,喔,ō|wō|wū|o|ò,neutral,
1945,喘,chuǎn,neutral,7-9
1947,喚,huàn,traditional,
1949,喜,xǐ|xī|chì,neutral,1
1950,喝,hē|hè|yè|kài,neutral,1
1959,喦,niè|yì,neutral,
1960,喧,xuān|xuǎn,neutral,7-9
1963,喪,sàng|sāng,traditional,
1965,喬,qiáo|jiǎo,traditional,
1967,單,dān|dǎn|chán|shàn|chǎn|dàn|zhàn|tán,traditional,
1970,喱,lí,neutral,
1974,喵,miāo,neutral,
1976,喷,pēn|pèn,simplified,5
1980,喻,yù|yú,neutral,7-9
1989,嗄,á|shà|a|xià,neutral,
1990,嗅,xiù,neutral,7-9
1992,嗇,sè,traditional,
1999,嗎,ma|mà|má|mǎ,traditional,
2002,嗑,kē|kè|hé|xiá,neutral,
2004,嗓,sǎng,neutral,7-9
2011,嗚,wū|wù,traditional,
2013,嗜,shì,neutral,7-9
2014,嗝,gé,neutral,
2016,嗟,jiē|jiè|juē,neutral,
2018,嗡,wēng|wěng,neutral,
2020,嗣,sì,neutral,
2021,嗤,chī,neutral,
2023,嗦,suo|suō,neutral,7-9
2025,嗨,hāi|hēi,neutral,
2028,嗫,niè,simplified,
2032,嗯,ń|ńg|ňg|ǹg|ň|ǹ,neutral,
2036,嗳,āi|ǎi|ài,simplified,
2046,嗽,sòu|shuò|shù,neutral,7-9
2049,嘀,dí|zhé|dī,neutral,
2055,嘆,tàn,traditional,
2057,嘈,cáo,neutral,
2058,嘉,jiā,neutral,6
2062,嘍,lóu|lǒu|lou,traditional,
2063,嘎,gā|gá|gǎ,neutral,
2069,嘔,ǒu|ōu|òu|xū|chū|ou,traditional,
2071,嘖,zé,traditional,
2072,嘗,cháng,traditional,
2073,嘘,xū|shī,simplified,
2076,嘛,ma|má,neutral,6
2079,嘞,lei|lē,neutral,
2080,嘟,dū,neutral,
2090,嘩,huā|huá,traditional,
2095,嘮,láo|chāo|lào|xiāo,traditional,
2096,嘯,xiào|chì,traditional,
2098,嘱,zhǔ,neutral,7-9
2099,嘲,cháo|zhāo,neutral,7-9
2101,嘴,zuǐ,neutral,2
2103,嘶,sī,neutral,
2108,嘻,xī,neutral,
2112,嘿,hēi|mò|mù,neutral,7-9
2114,噁,ě|wù|wò,traditional,
2132,噓,xū,traditional,
2136,噗,pū,neutral,
2138,噙,qín,neutral,
2141,噜,lū,simplified,
2147,噢,ō|yǔ|yù|ào,neutral,
2153,器,qì,neutral,3
2154,噩,è,neutral,
2155,噪,zào,neutral,7-9
2157,噬,shì,neutral,
2165,噴,pēn|pèn|fèn,traditional,
2169,噸,dūn,traditional,
2173,噼,pī,neutral,
2182,嚅,rú,neutral,
2184,嚇,xià|hè,traditional,
2191,嚎,háo,neutral,
2192,嚏,tì,neutral,
2193,嚐,cháng,traditional,
2198,嚕,lǔ|lū,traditional,
2214,嚥,yàn,neutral,
2217,嚨,lóng,traditional,
2223,嚮,xiàng|xiǎng,traditional,
2229,嚴,yán|yǎn,traditional,
2232,嚷,rǎng|rāng,neutral,7-9
2237,嚼,jué|jiáo|jiào,neutral,7-9
2250,囉,luō|luó|luo,traditional,
2251,囊,náng|nāng,neutral,7-9
2258,囑,zhǔ,traditional,
2260,囓,niè,neutral,
2267,囚,qiú,neutral,7-9
2268,四,sì,neutral,1
2271,回,huí,neutral,1
2273,因,yīn,neutral,2
2275,团,tuán|qiú,simplified,3
2283,囪,cōng,traditional,
2286,园,yuán|wán,neutral,2
2289,困,kùn,neutral,3
2290,囱,cōng|chuāng,simplified,7-9
2293,围,wéi,simplified,3
2299,固,gù,neutral,4
2302,国,guó,simplified,1
2303,图,tú,neutral,1
2308,圃,pǔ,neutral,
2311,圆,yuán,simplified,4
2313,圈,quān|juān|juàn|quán|juǎn,neutral,4
2316,國,guó,traditional,
2318,圍,wéi,traditional,
2323,園,yuán,traditional,
2324,圓,yuán,traditional,
2327,圖,tú,traditional,
2329,團,tuán|chuán,traditional,
2333,圜,huán|yuán,neutral,
2336,土,tǔ|dù|chǎ|tú,neutral,3
2340,圣,shèng|kū,simplified,6
2345,在,zài,neutral,1
2350,圭,guī,neutral,
2353,地,dì|de,neutral,1
2363,场,chǎng|cháng,simplified,1
2367,圾,jī|jí|jié,neutral,4
2369,址,zhǐ,neutral,4
2371,坂,bǎn,neutral,
2376,均,jūn|yùn,neutral,4
2379,坊,fāng|fáng,neutral,
2382,坍,tān,neutral,
2383,坎,kǎn|kàn,neutral,
2384,坏,huài|pī|péi,neutral,1
2385,坐,zuò,neutral,1
2386,坑,kēng|kàng,neutral,7-9
2392,块,kuài|yué,neutral,1
2395,坚,jiān,simplified,3
2396,坛,tán,neutral,7-9
2398,坝,bà,simplified,7-9
2399,坞,wù,simplified,
2400,坟,fén,simplified,7-9
2401,坠,zhuì,simplified,7-9
2402,坡,pō,neutral,6
2405,坤,kūn,neutral,
2407,坦,tǎn,neutral,5
2409,坨,tuó|yí,neutral,
2411,坪,píng,neutral,7-9
2416,坯,pī|huài,neutral,
2424,坷,kě|kē|jiōng,neutral,
2435,垂,chuí|zhuì,neutral,7-9
2436,垃,lā|la,neutral,4
2437,垄,lǒng,simplified,7-9
2444,型,xíng,neutral,4
2451,垒,lěi,simplified,7-9
2465,垠,yín|kèn,neutral,
2467,垢,gòu,neutral,
2476,垫,diàn,simplified,7-9
2479,垮,kuǎ,neutral,7-9
2499,埂,gěng,neutral,
2500,埃,āi|zhì,neutral,
2508,埋,mái|mán,neutral,6
2511,城,chéng,neutral,3
2517,埔,pǔ|bù,neutral,
2528,域,yù,neutral,5
2529,埠,bù,neutral,
2552,執,zhí,traditional,
2554,培,péi|pǒu|pī,neutral,4
2555,基,jī,neutral,3
2563,堂,táng,neutral,2
2566,堅,jiān,traditional,
2567,堆,duī|zuī,neutral,5
2578,堑,qiàn,simplified,
2582,堕,duò|huī,neutral,7-9
2594,堡,bǎo|bǔ|pù,neutral,7-9
2597,堤,dī|tí|dǐ|shí|wéi,neutral,7-9
2603,堪,kān|chěn,neutral,7-9
2610,報,bào|fù,traditional,
2613,場,chǎng|cháng|shāng|dàng,traditional,
2614,堵,dǔ|zhě|dū,neutral,4
2635,塊,kuài,traditional,
2637,塌,tā|dā,neutral,7-9
2642,塑,sù,neutral,4
2645,塔,tǎ|dā|da,neutral,6
2648,塗,tú|dù,traditional,
2649,塘,táng,neutral,7-9
2655,塞,sāi|sài|sè,neutral,6
2659,塢,wù|wǔ,traditional,
2661,塤,xūn,traditional,
2668,填,tián|tiǎn|chén|zhèn,neutral,4
2678,塵,chén,traditional,
2682,塹,qiàn|jiàn,traditional,
2692,境,jìng,neutral,3
2694,墅,shù|yě,neutral,7-9
2699,墊,diàn,traditional,
2708,墓,mù,neutral,6
2714,墙,qiáng,simplified,2
2717,墜,zhuì,traditional,
2719,增,zēng|zèng|céng,neutral,3
2720,墟,xū,neutral,7-9
2729,墨,mò|mèi,neutral,6
2730,墩,dūn,neutral,
2735,墮,duò|huī|huì,traditional,
2740,墳,fén|fèn,traditional,
2748,墻,qiáng,traditional,
2754,壁,bì,neutral,5
2760,壇,tán|shàn|dàn|tǎn,traditional,
2772,壓,yā|yà,traditional,
2776,壗,jìn,traditional,
2777,壘,lěi|léi|lǜ,traditional,
2783,壞,huài|huì|huái,traditional,
2784,壟,lǒng,traditional,
2789,壤,rǎng,neutral,7-9
2796,士,shì,neutral,4
2799,壮,zhuàng,neutral,6
2800,壯,zhuàng|zhuāng,traditional,
2801,声,shēng|qìng,neutral,2
2804,壳,ké|qiào,neutral,7-9
2807,壶,hú,simplified,6
2810,壹,yī|yīn,neutral,
2811,壺,hú,traditional,
2814,壽,shòu,traditional,
2821,处,chù|chǔ,simplified,2
2824,备,bèi,simplified,1
2830,复,fù,neutral,2
2832,夏,xià|jiǎ,neutral,2
2838,夕,xī|yì,neutral,5
2839,外,wài,neutral,1
2843,多,duō,neutral,1
2845,夜,yè,neutral,2
2848,够,gòu,neutral,2
2849,夠,gòu,traditional,
2851,夢,mèng|méng,traditional,
2854,夥,huǒ,neutral,
2856,大,dà|dài|tài,neutral,1
2858,天,tiān,neutral,1
2859,太,tài|tā,neutral,1
2860,夫,fū|fú,neutral,3
2862,夭,yāo|wò|wāi,neutral,
2863,央,yāng|yīng,neutral,5
2866,失,shī|yì,neutral,3
2869,头,tóu|tou,neutral,2
2872,夷,yí,neutral,7-9
2873,夸,kuā|kuà|kuǎ,neutral,7-9
2874,夹,jiā|gā|jiá,simplified,5
2875,夺,duó,simplified,6
2879,夾,jiā|jiá|xié|xiá|gā,traditional,
2885,奄,yǎn|yān,neutral,
2888,奇,qí|jī|ǎi|yǐ,neutral,3
2889,奈,nài,neutral,5
2890,奉,fèng,neutral,6
2892,奋,fèn|kǎng,simplified,4
2896,奏,zòu|còu,neutral,6
2898,契,qì|xiè|qiè|jié,neutral,7-9
2901,奔,bēn|bèn|fèn,neutral,6
2903,奖,jiǎng,simplified,4
2904,套,tào|tǎo,neutral,2
2907,奚,xī,neutral,
2915,奢,shē,neutral,7-9
2918,奥,ào|yù|yōu,simplified,7-9
2920,奧,ào,traditional,
2923,奪,duó|duì,traditional,
2925,奬,jiǎng,traditional,
2927,奮,fèn,traditional,
2932,女,nǚ|nǜ|rǔ,neutral,1
2933,奴,nú,neutral,7-9
2935,奶,nǎi,neutral,1
2937,奸,jiān|gān,neutral,7-9
2938,她,tā|jiě|chí,neutral,1
2942,好,hǎo|hào,neutral,1
2947,如,rú,neutral,2
2949,妄,wàng|wáng,neutral,7-9
2951,妆,zhuāng,simplified,7-9
2952,妇,fù,simplified,4
2953,妈,mā,simplified,1
2955,妊,rèn|rén,neutral,
2958,妍,yán,neutral,
2963,妒,dù,neutral,7-9
2964,妓,jì|jī,neutral,
2967,妖,yāo|jiǎo,neutral,7-9
2970,妙,miào|miǎo,neutral,6
2974,妝,zhuāng,traditional,
2975,妞,niū|hào,neutral,
2982,妥,tuǒ,neutral,7-9
2985,妨,fáng|fāng,neutral,7-9
2986,妩,wǔ,simplified,
2991,妮,nī|ní,neutral,
2996,妳,nǐ|nǎi,neutral,
3002,妹,mèi,neutral,1
3004,妻,qī|qì,neutral,4
3007,妾,qiè,neutral,
3015,姆,mǔ,neutral,7-9
3019,姊,zǐ,neutral,
3020,始,shǐ,neutral,3
3022,姍,shān|xiān|pān,traditional,
3025,姐,jiě|jù|xù|zū,neutral,1
3026,姑,gū,neutral,3
3028,姓,xìng|shēng,neutral,2
3029,委,wěi|wēi|wèi,neutral,5
3035,姚,yáo|tiào|táo|yào,neutral,
3037,姜,jiāng,neutral,7-9
3046,姥,lǎo|mǔ,neutral,7-9
3047,姦,jiān,traditional,
3049,姨,yí,neutral,4
3068,姻,yīn,neutral,7-9
3072,姿,zī|zì,neutral,7-9
3074,威,wēi,neutral,6
3076,娃,wá|wā|guì,neutral,6
3078,娅,yà,simplified,
3079,娆,ráo|rǎo,simplified,
3080,娇,jiāo,neutral,7-9
3097,娘,niáng,neutral,3
3100,娛,yú,traditional,
3101,娜,nà|nuó,neutral,
3105,娠,shēn,neutral,
3122,娱,yú,neutral,6
3125,娴,xián,simplified,
3127,娶,qǔ|jū|shū,neutral,7-9
3133,娼,chāng,neutral,
3143,婆,pó,neutral,4
3146,婉,wǎn,neutral,7-9
3147,婊,biǎo,neutral,
3163,婚,hūn,neutral,3
3175,婦,fù,traditional,
3179,婪,lán|lǎn,neutral,7-9
3182,婭,yà|yā|yǎ,traditional,
3189,婴,yīng,simplified,7-9
3191,婶,shěn,simplified,
3192,婷,tíng,neutral,
3200,婿,xù,neutral,7-9
3219,媒,méi|mèi,neutral,3
3227,媚,mèi,neutral,7-9
3228,媛,yuàn|yuán,neutral,
3240,媧,wā,traditional,
3252,媳,xí,neutral,7-9
3262,媽,mā,traditional,
3263,媾,gòu,neutral,
3266,嫁,jià,neutral,7-9
3267,嫂,sǎo,neutral,7-9
3274,嫉,jí,neutral,7-9
3277,嫌,xián,neutral,6
3287,嫖,piáo|piào|biāo,neutral,
3306,嫩,nèn,neutral,7-9
3307,嫪,lào|láo,neutral,
3338,嬉,xī|xǐ,neutral,7-9
3341,嬌,jiāo,traditional,
3356,嬛,huán|xuān|qióng|xuán,neutral,
3365,嬤,mā,traditional,
3377,嬰,yīng|yìng,traditional,
3385,嬸,shěn,traditional,
3409,子,zi|zǐ,neutral,1
3410,孑,jié,neutral,
3413,孔,kǒng,neutral,7-9
3414,孕,yùn,neutral,7-9
3416,字,zì,neutral,1
3417,存,cún,neutral,3
3418,孙,sūn,neutral,4
3420,孛,bèi|bó,neutral,
3421,孜,zī,neutral,
3422,孝,xiào,neutral,7-9
3424,孟,mèng,neutral,7-9
3428,季,jì,neutral,4
3429,孤,gū,neutral,6
3431,学,xué,simplified,1
3434,孩,hái,neutral,1
3436,孫,sūn|xùn,traditional,
3441,孰,shú,neutral,
3449,學,xué|huá|jiào,traditional,
3458,宁,níng|nìng|zhù,neutral,4
3460,它,tā|tuó|yí,neutral,2
3462,宅,zhái|chè|dù,neutral,6
3464,宇,yǔ,neutral,6
3465,守,shǒu|shòu,neutral,4
3466,安,ān,neutral,2
3468,宋,sòng,neutral,7-9
3469,完,wán|kuān,neutral,2
3472,宏,hóng,neutral,6
3478,宕,dàng,neutral,
3480,宗,zōng,neutral,6
3481,官,guān,neutral,4
3482,宙,zhòu,neutral,7-9
3483,定,dìng,neutral,2
3484,宛,wǎn|yuān|yǔn|yù,neutral,
3485,宜,yí,neutral,2
3486,宝,bǎo,neutral,4
3487,实,shí,neutral,2
3489,宠,chǒng,simplified,6
3490,审,shěn,simplified,6
3491,客,kè|qià,neutral,1
3492,宣,xuān,neutral,3
3493,室,shì,neutral,2
3499,宪,xiàn|xiòng,simplified,7-9
3500,宫,gōng,simplified,6
3503,宮,gōng,traditional,
3505,宰,zǎi,neutral,7-9
3508,害,hài|hé,neutral,3
3509,宴,yàn,neutral,6
3510,宵,xiāo,neutral,7-9
3511,家,jiā|jia|jià|jie|gū,neutral,1
3514,容,róng|yǒng,neutral,3
3518,宽,kuān,simplified,4
3519,宾,bīn,neutral,5
3520,宿,sù|xiǔ|xiù|qī,neutral,5
3523,寂,jì,neutral,7-9
3525,寄,jì,neutral,4
3527,密,mì,neutral,4
3533,富,fù,neutral,3
3539,寒,hán,neutral,4
3540,寓,yù,neutral,7-9
3550,寝,qǐn,simplified,7-9
3551,寞,mò,neutral,7-9
3552,察,chá|cuì,neutral,3
3554,寡,guǎ,neutral,7-9
3555,寢,qǐn,traditional,
3558,寥,liáo,neutral,7-9
3559,實,shí|zhì,traditional,
3560,寧,níng|nìng,traditional,
3561,寨,zhài|sè|qiān,neutral,7-9
3562,審,shěn|pán,traditional,
3564,寫,xiě|xiè,traditional,
3565,寬,kuān,traditional,
3574,寵,chǒng|lóng,traditional,
3575,寶,bǎo,traditional,
3577,寸,cùn|cǔn,neutral,4
3578,对,duì,neutral,1
3579,寺,sì|shì,neutral,6
3580,寻,xún|xín,simplified,4
3581,导,dǎo,simplified,3
3584,寿,shòu,neutral,5
3586,封,fēng|biǎn,neutral,2
3589,射,shè|yè|yì,neutral,5
3591,将,jiāng|jiàng|qiāng,simplified,3
3592,將,jiāng|jiàng|qiāng|yáng|jiǎng,traditional,
3593,專,zhuān|tuán|shuàn,traditional,
3595,尊,zūn,neutral,5
3596,尋,xún|xín,traditional,
3598,對,duì,traditional,
3599,導,dǎo|dào,traditional,
3600,小,xiǎo,neutral,1
3602,少,shǎo|shào,neutral,1
3605,尔,ěr,neutral,5
3607,尖,jiān,neutral,6
3609,尘,chén,simplified,7-9
3610,尙,shàng,neutral,
3611,尚,shàng|cháng,neutral,4
3614,尝,cháng,neutral,5
3621,尤,yóu,neutral,5
3629,尬,gà,neutral,7-9
3634,就,jiù,neutral,1
3637,尴,gān,simplified,7-9
3640,尷,gān,traditional,
3641,尸,shī,neutral,7-9
3643,尺,chǐ|chě,neutral,4
3645,尼,ní|nǐ,neutral,7-9
3646,尽,jǐn|jìn,neutral,3
3647,尾,wěi|yǐ,neutral,4
3648,尿,niào|suī,neutral,7-9
3649,局,jú,neutral,4
3650,屁,pì,neutral,
3651,层,céng,simplified,2
3653,屄,bī,neutral,
3654,居,jū|jī,neutral,4
3655,屆,jiè,traditional,
3657,屈,qū|jué|què|jú,neutral,7-9
3658,屉,tì,simplified,7-9
3659,届,jiè,neutral,5
3660,屋,wū,neutral,3
3661,屌,diǎo,neutral,
3662,屍,shī|shì,traditional,
3663,屎,shǐ|xī,neutral,
3664,屏,píng|bǐng|bìng|bīng,neutral,6
3666,屑,xiè,neutral,7-9
3670,展,zhǎn,neutral,3
3677,屜,tì,traditional,
3679,属,shǔ|zhǔ,neutral,3
3681,屠,tú,neutral,7-9
3685,層,céng,traditional,
3686,履,lǚ,neutral,7-9
3693,屬,shǔ|zhǔ,traditional,
3696,屯,tún|zhūn,neutral,7-9
3698,山,shān,neutral,1
3712,屿,yǔ,simplified,7-9
3714,岁,suì,neutral,1
3715,岂,qǐ|kǎi,simplified,7-9
3729,岐,qí,neutral,
3733,岔,chà,neutral,7-9
3736,岗,gǎng|gāng,simplified,6
3740,岛,dǎo,simplified,6
3746,岡,gāng,traditional,
3754,岩,yán,neutral,7-9
3764,岳,yuè,neutral,7-9
3769,岸,àn,neutral,5
3802,峙,zhì|shì,neutral,7-9
3810,峡,xiá,simplified,7-9
3822,峭,qiào,neutral,
3825,峰,fēng,neutral,6
3831,島,dǎo,traditional,
3836,峻,jùn,neutral,7-9
3838,峽,xiá,traditional,
3848,崇,chóng,neutral,6
3855,崎,qí|qǐ|yī,neutral,
3861,崔,cuī,neutral,
3863,崖,yá,neutral,7-9
3864,崗,gǎng|gāng,traditional,
3866,崙,lún,traditional,
3868,崛,jué|yù,neutral,7-9
3882,崩,bēng,neutral,7-9
3886,崭,zhǎn,simplified,7-9
3893,崴,wǎi|wēi|wěi,neutral,
3917,嵌,qiàn|hǎn|kàn,neutral,7-9
3973,嶄,zhǎn|chán,traditional,
4029,嶼,yǔ|xù,traditional,
4053,巔,diān,traditional,
4062,川,chuān,neutral,7-9
4063,州,zhōu,neutral,7-9
4066,巡,xún|yán|shùn,neutral,7-9
4067,巢,cháo|chào,neutral,7-9
4070,工,gōng,neutral,1
4071,左,zuǒ,neutral,1
4072,巧,qiǎo,neutral,3
4073,巨,jù|qú,neutral,4
4074,巩,gǒng,simplified,6
4076,巫,wū,neutral,7-9
4079,差,chà|chā|chāi|cī|chài|cuō|jiē,neutral,1
4082,己,jǐ|qǐ,neutral,2
4083,已,yǐ|sì,neutral,2
4084,巳,sì|yǐ,neutral,
4085,巴,bā,neutral,4
4088,巷,xiàng|hàng,neutral,7-9
4095,巾,jīn,neutral,4
4098,币,bì|yìn,simplified,3
4099,市,shì|fú,neutral,2
4100,布,bù,neutral,3
4102,帅,shuài,simplified,4
4103,帆,fān|fán|fàn,neutral,7-9
4105,师,shī,neutral,1
4109,希,xī,neutral,3
4113,帐,zhàng,simplified,7-9
4118,帕,pà|mò,neutral,7-9
4119,帖,tiē|tiě|tiè,neutral,7-9
4121,帘,lián|chén,neutral,5
4123,帚,zhǒu,neutral,
4124,帛,bó,neutral,
4125,帜,zhì,simplified,7-9
4126,帝,dì,neutral,6
4134,帥,shuài,traditional,
4135,带,dài,simplified,2
4136,帧,zhēn|zhèng,simplified,
4140,師,shī,traditional,
4142,席,xí,neutral,4
4143,帮,bāng,neutral,1
4148,帳,zhàng,traditional,
4151,帶,dài,traditional,
4153,常,cháng,neutral,1
4158,帽,mào,neutral,4
4166,幅,fú|bī,neutral,5
4173,幌,huǎng,neutral,
4182,幕,mù|màn,neutral,5
4187,幚,bāng,neutral,
4192,幟,zhì,traditional,
4195,幢,chuáng|zhuàng,neutral,7-9
4196,幣,bì,traditional,
4204,幫,bāng,traditional,
4211,干,gàn|gān|àn,neutral,1
4212,平,píng|pián|bìng|bēng,neutral,2
4213,年,nián|nìng,neutral,1
4215,并,bìng|bīng,neutral,3
4217,幸,xìng|niè,neutral,3
4218,幹,gàn|gān|hán|guǎn,traditional,
4219,幺,yāo|mì,traditional,
4220,幻,huàn,neutral,6
4221,幼,yòu|yào,neutral,4
4222,幽,yōu,neutral,5
4223,幾,jǐ|jī|jì|qí,traditional,
4224,广,guǎng|yǎn|ān,neutral,2
4229,庄,zhuāng|péng,neutral,6
4231,庆,qìng,simplified,3
4232,庇,bì|pí|pǐ,neutral,
4235,床,chuáng,neutral,1
4240,序,xù,neutral,4
4244,库,kù,simplified,5
4245,应,yīng|yìng,neutral,2
4246,底,dǐ|de,neutral,3
4248,店,diàn,neutral,1
4250,庙,miào,neutral,7-9
4251,庚,gēng,neutral,
4253,府,fǔ,neutral,4
4255,庞,páng,simplified,7-9
4256,废,fèi,simplified,6
4263,度,dù|duó|zhái,neutral,2
4264,座,zuò,neutral,2
4268,庫,kù,traditional,
4270,庭,tíng,neutral,2
4280,康,kāng|kàng,neutral,2
4281,庸,yōng|yóng,neutral,7-9
4290,廁,cè|cì|zè|si,traditional,
4291,廂,xiāng,traditional,
4297,廈,shà|xià,traditional,
4298,廉,lián,neutral,7-9
4299,廊,láng,neutral,7-9
4315,廚,chú,traditional,
4320,廟,miào,traditional,
4321,廠,chǎng,traditional,
4323,廢,fèi,traditional,
4324,廣,guǎng|guàng|kuàng|guāng,traditional,
4340,廳,tīng,traditional,
4343,延,yán,neutral,4
4344,廷,tíng,neutral,7-9
4347,建,jiàn,neutral,3
4352,廿,niàn,neutral,
4353,开,kāi,neutral,1
4355,异,yì|yí,simplified,6
4356,弃,qì,neutral,5
4357,弄,nòng|lòng,neutral,2
4361,弈,yì,neutral,7-9
4363,弊,bì,neutral,7-9
4368,式,shì|tè,neutral,3
4372,弓,gōng,neutral,7-9
4374,引,yǐn,neutral,4
4376,弗,fú,neutral,
4377,弘,hóng,neutral,7-9
4384,弟,dì|tì|tuí,neutral,1
4385,张,zhāng,simplified,3
4390,弥,mí,simplified,7-9
4391,弦,xián,neutral,7-9
4392,弧,hú,neutral,7-9
4400,弯,wān,neutral,4
4402,弱,ruò,neutral,4
4406,張,zhāng|zhàng,traditional,
4408,強,qiáng|jiàng|qiǎng,traditional,
4410,弹,dàn|tán,neutral,5
4411,强,qiáng|jiàng|qiǎng,neutral,3
4425,彈,dàn|tán,traditional,
4429,彌,mí|mǐ|ní,traditional,
4431,彎,wān,traditional,
4435,归,guī,neutral,4
4436,当,dāng|dàng,neutral,2
4438,录,lù,simplified,3
4440,彗,huì|suì,neutral,
4442,彙,huì,traditional,
4451,形,xíng,neutral,3
4456,彧,yù,neutral,
4458,彩,cǎi,neutral,3
4461,彬,bīn|bān,neutral,7-9
4462,彭,péng|páng|bāng|pēng,neutral,
4466,影,yǐng,neutral,1
4472,彷,páng|fǎng|fáng,neutral,
4474,役,yì,neutral,7-9
4476,彻,chè,simplified,4
4477,彼,bǐ,neutral,5
4480,彿,fú,neutral,
4481,往,wǎng|wàng,neutral,2
4482,征,zhēng,neutral,4
4485,径,jìng,simplified,6
4486,待,dài|dāi,neutral,3
4489,很,hěn,neutral,1
4492,律,lǜ,neutral,4
4493,後,hòu,traditional,
4497,徐,xú,neutral,7-9
4498,徑,jìng|jīng,traditional,
4499,徒,tú,neutral,6
4504,得,dé|de|děi,neutral,1
4506,徙,xǐ|sī,neutral,
4511,從,cóng|zòng|zōng|cōng|zǒng,traditional,
4514,御,yù|yà,neutral,7-9
4521,徨,huáng,neutral,
4522,復,fù,neutral,
4523,循,xún,neutral,6
4527,微,wēi,neutral,4
4534,徵,zhēng|zhǐ|chéng,neutral,
4536,德,dé,neutral,5
4538,徹,chè,traditional,
4542,徽,huī,neutral,7-9
4548,心,xīn,neutral,2
4550,必,bì,neutral,2
4551,忆,yì,simplified,5
4557,忌,jì,neutral,7-9
4558,忍,rěn|rèn,neutral,5
4561,忐,tǎn|kěng,neutral,
4562,忑,tè|dǎo,neutral,
4563,忒,tè|tuī|tēi,neutral,
4568,志,zhì,neutral,3
4569,忘,wàng|wáng,neutral,1
4570,忙,máng,neutral,1
4577,忠,zhōng,neutral,6
4578,忡,chōng,neutral,
4584,忧,yōu|yòu,simplified,6
4588,快,kuài,neutral,1
4594,忱,chén|dàn,neutral,
4598,念,niàn,neutral,3
4606,忽,hū,neutral,2
4608,忿,fèn,neutral,
4609,怀,huái|fù,neutral,4
4610,态,tài,simplified,2
4623,怎,zěn,neutral,1
4624,怏,yàng|yāng,neutral,
4627,怒,nù,neutral,6
4630,怕,pà|bó,neutral,2
4631,怖,bù,neutral,7-9
4637,怜,lián|líng|lǐng,neutral,5
4638,思,sī|sāi,neutral,2
4641,怠,dài|yí,neutral,7-9
4642,怡,yí,neutral,7-9
4646,急,jí,neutral,2
4648,性,xìng,neutral,3
4649,怨,yuàn|yùn,neutral,5
4651,怪,guài,neutral,3
4656,怯,qiè,neutral,7-9
4668,总,zǒng,simplified,3
4679,恆,héng|gèng,traditional,
4684,恋,liàn,neutral,5
4686,恍,huǎng|guāng,neutral,7-9
4689,恐,kǒng,neutral,3
4691,恒,héng,neutral,7-9
4694,恕,shù,neutral,7-9
4707,恢,huī,neutral,5
4709,恤,xù,neutral,7-9
4710,恥,chǐ,traditional,
4713,恨,hèn,neutral,5
4714,恩,ēn,neutral,6
4718,恭,gōng,neutral,7-9
4720,息,xī,neutral,1
4721,恰,qià,neutral,6
4724,恳,kěn,simplified,7-9
4727,恶,è|ě|wù|wū,simplified,4
4733,恼,nǎo,neutral,7-9
4736,恿,yǒng|tōng,neutral,
4741,悄,qiāo|qiǎo|qiào,neutral,5
4742,悅,yuè,traditional,
4746,悉,xī,neutral,5
4750,悍,hàn,neutral,
4757,悔,huǐ,neutral,5
4759,悖,bèi|běi,neutral,
4763,悚,sǒng,neutral,
4768,悟,wù,neutral,6
4769,悠,yōu,neutral,7-9
4772,患,huàn,neutral,6
4775,悦,yuè,simplified,7-9
4777,您,nín,neutral,1
4781,悬,xuán,simplified,6
4784,悯,mǐn,simplified,
4786,悱,fěi,neutral,
4787,悲,bēi,neutral,5
4789,悴,cuì,neutral,
4791,悶,mèn|mēn,traditional,
4797,悼,dào,neutral,7-9
4806,情,qíng,neutral,2
4811,惊,jīng|liáng,simplified,4
4818,惑,huò,neutral,7-9
4822,惕,tì,neutral,7-9
4825,惘,wǎng,neutral,
4829,惜,xī,neutral,5
4833,惠,huì,neutral,5
4834,惡,è|wù|wū|ě|hū,traditional,
4840,惧,jù,neutral,7-9
4841,惨,cǎn,simplified,6
4842,惩,chéng,neutral,7-9
4844,惫,bèi,simplified,7-9
4845,惬,qiè,simplified,
4846,惭,cán,simplified,7-9
4848,惯,guàn,simplified,2
4849,惰,duò|tuó,neutral,7-9
4850,惱,nǎo,traditional,
4852,想,xiǎng,neutral,1
4858,惹,rě|ruò,neutral,7-9
4866,愁,chóu|qiǎo|jiū,neutral,5
4873,愈,yù,neutral,7-9
4874,愉,yú|tōu|yǔ,neutral,6
4880,意,yì|yī,neutral,2
4891,愚,yú,neutral,7-9
4892,愛,ài,traditional,
4896,感,gǎn|hàn,neutral,2
4900,愣,lèng,neutral,7-9
4901,愤,fèn,simplified,6
4904,愧,kuì,neutral,7-9
4928,愿,yuàn,neutral,2
4937,慈,cí,neutral,7-9
4940,態,tài,traditional,
4941,慌,huāng|huǎng|huang,neutral,5
4943,慎,shèn|zhèn,neutral,7-9
4950,慕,mù,neutral,7-9
4953,慘,cǎn,traditional,
4963,慢,màn|mán,neutral,1
4964,慣,guàn,traditional,
4968,慧,huì,neutral,6
4969,慨,kǎi,neutral,7-9
4972,慫,sǒng,traditional,
4975,慮,lǜ|lǘ,traditional,
4977,慰,wèi,neutral,5
4983,慶,qìng|qīng|qiāng,traditional,
4984,慷,kāng,neutral,7-9
4991,慾,yù,neutral,
4995,憂,yōu,traditional,
5003,憊,bèi,traditional,
5004,憋,biē,neutral,7-9
5007,憎,zēng,neutral,
5009,憐,lián,traditional,
5010,憑,píng,traditional,
5013,憔,qiáo,neutral,
5029,憤,fèn,traditional,
5034,憩,qì,neutral,
5036,憫,mǐn,traditional,
5043,憲,xiàn|xiǎn,traditional,
5047,憶,yì,traditional,
5055,憾,hàn|dàn,neutral,6
5059,懂,dǒng,neutral,2
5064,懇,kěn,traditional,
5065,懈,xiè,neutral,7-9
5066,應,yīng|yìng,traditional,
5067,懊,ào|yù,neutral,
5075,懒,lǎn,simplified,6
5095,懦,nuò,neutral,
5107,懲,chéng,traditional,
5111,懶,lǎn|lài,traditional,
5112,懷,huái,traditional,
5113,懸,xuán,traditional,
5115,懺,chàn,traditional,
5117,懼,jù,traditional,
5121,戀,liàn,traditional,
5129,戈,gē,neutral,7-9
5136,戏,xì|hū,neutral,3
5137,成,chéng,neutral,2
5138,我,wǒ,neutral,1
5139,戒,jiè,neutral,5
5143,或,huò|yù,neutral,2
5145,战,zhàn,neutral,4
5147,戚,qī|cù,neutral,7-9
5148,戛,jiá|gā,neutral,
5163,截,jié,neutral,6
5169,戰,zhàn,traditional,
5171,戲,xì|hū|xī|huī|suō|yī,traditional,
5172,戳,chuō,neutral,7-9
5173,戴,dài,neutral,4
5175,戶,hù,traditional,
5176,户,hù,neutral,4
5184,房,fáng|páng,neutral,1
5185,所,suǒ,neutral,2
5186,扁,biǎn|piān|biān|pián,neutral,6
5192,扇,shàn|shān,neutral,5
5194,扉,fēi,neutral,
5196,手,shǒu,neutral,1
5198,才,cái|zāi,neutral,2
5199,扎,zhā|zā|zhá|zhǎ,neutral,6
5202,扑,pū|pì,neutral,6
5203,扒,bā|pá|bài|bié,neutral,7-9
5204,打,dǎ|dá,neutral,1
5205,扔,rēng|rèng,neutral,5
5209,托,tuō,neutral,5
5212,扛,káng|gāng,neutral,7-9
5220,扣,kòu,neutral,6
5224,执,zhí,neutral,5
5226,扩,kuò,simplified,4
5228,扫,sǎo|sào,simplified,4
5229,扬,yáng,simplified,4
5230,扭,niǔ|chǒu|zhǒu|zhòu,neutral,6
5231,扮,bàn|fěn|fēn|huǒ,neutral,5
5232,扯,chě,neutral,7-9
5233,扰,rǎo|yòu,simplified,5
5239,扶,fú|pú,neutral,5
5242,批,pī|pí,neutral,3
5245,扼,è,neutral,
5247,找,zhǎo|huá,neutral,1
5248,承,chéng|zhěng|zhèng,neutral,4
5249,技,jì|qí,neutral,3
5253,抄,chāo|suō|chào|chǎo,neutral,4
5258,抉,jué,neutral,
5259,把,bǎ|bà|pá,neutral,3
5266,抑,yì,neutral,7-9
5267,抒,shū,neutral,7-9
5268,抓,zhuā,neutral,3
5270,投,tóu|dòu,neutral,4
5271,抖,dǒu,neutral,7-9
5272,抗,kàng|gāng,neutral,6
5273,折,zhé|shé|zhē|tí,neutral,4
5275,抚,fǔ,simplified,7-9
5276,抛,pāo,neutral,7-9
5283,抢,qiǎng|qiāng,simplified,5
5285,护,hù,simplified,2
5286,报,bào,neutral,2
5289,抨,pēng|bēng,neutral,7-9
5292,披,pī,neutral,5
5293,抬,tái|chī,neutral,5
5298,抱,bào|pāo|pǒu,neutral,4
5302,抵,dǐ|zhǐ|qí,neutral,6
5306,抹,mǒ|mā|mò,neutral,7-9
5309,押,yā|xiá|jiǎ,neutral,5
5310,抽,chōu,neutral,4
5315,拂,fú|bì|pì|fèi,neutral,
5317,拄,zhǔ,neutral,7-9
5318,担,dān|dàn|dǎn|jiē,neutral,4
5319,拆,chāi|chè|chì|cā,neutral,5
5320,拇,mǔ,neutral,
5322,拉,lā|lá|lǎ|là|la,neutral,2
5324,拋,pāo,traditional,
5325,拌,bàn|pān,neutral,7-9
5326,拍,pāi|bó,neutral,3
5329,拐,guǎi,neutral,6
5331,拒,jù|jǔ,neutral,5
5332,拓,tuò|tà|zhí,neutral,7-9
5333,拔,bá|bō|bié|fá|bèi,neutral,5
5335,拖,tuō|chǐ,neutral,6
5336,拗,ǎo|ào|niù|yù,neutral,
5337,拘,jū|gōu|jǔ|jú,neutral,7-9
5338,拙,zhuō,neutral,7-9
5339,拚,pàn|biàn|fèn|fān|pīn,neutral,
5340,招,zhāo|qiáo|sháo,neutral,4
5341,拜,bài|bái,neutral,5
5344,拟,nǐ,simplified,7-9
5348,拣,jiǎn,simplified,7-9
5350,拥,yōng,simplified,5
5351,拦,lán,simplified,7-9
5352,拧,níng|nǐng|nìng,simplified,7-9
5353,拨,bō,simplified,6
5354,择,zé|zhái,simplified,4
5357,括,kuò|guā,neutral,4
5358,拭,shì,neutral,
5359,拮,jié|jiá,neutral,
5360,拯,zhěng,neutral,7-9
5362,拱,gǒng|jú,neutral,7-9
5364,拳,quán,neutral,7-9
5365,拴,shuān|quán,neutral,7-9
5368,拷,kǎo,neutral,
5373,拼,pīn|bìng,neutral,5
5374,拽,zhuāi|zhuài|yè,neutral,7-9
5375,拾,shí|shè|jiè,neutral,5
5376,拿,ná,neutral,1
5378,持,chí,neutral,3
5379,挂,guà,neutral,3
5384,指,zhǐ|zhī|zhí,neutral,3
5386,按,àn,neutral,3
5394,挑,tiāo|tiǎo|táo|diào|tiáo|tiao,neutral,4
5399,挖,wā,neutral,6
5403,挚,zhì,simplified,7-9
5406,挝,wō|zhuā,simplified,
5407,挞,tà,simplified,
5408,挟,xié|jiā,neutral,7-9
5409,挠,náo,simplified,7-9
5410,挡,dǎng|dàng,neutral,5
5412,挣,zhēng|zhèng,simplified,5
5413,挤,jǐ,simplified,5
5414,挥,huī,simplified,4
5417,挨,āi|ái,neutral,6
5419,挪,nuó,neutral,7-9
5420,挫,cuò|zuò,neutral,7-9
5424,振,zhèn|zhēn|zhěn,neutral,5
5435,挺,tǐng|tíng,neutral,2
5438,挽,wǎn,neutral,7-9
5439,挾,xié|jiā,traditional,
5443,捂,wǔ|wú,neutral,7-9
5446,捅,tǒng,neutral,7-9
5447,捆,kǔn|hún,neutral,7-9
5450,捉,zhuō,neutral,6
5454,捍,hàn|xiàn|gǎn,neutral,7-9
5456,捏,niē,neutral,7-9
5457,捐,juān|yuán,neutral,6
5462,捕,bǔ,neutral,6
5471,捞,lāo,simplified,7-9
5472,损,sǔn,simplified,5
5474,捡,jiǎn,simplified,6
5475,换,huàn,simplified,2
5476,捣,dǎo,simplified,7-9
5480,捧,pěng|fèng,neutral,7-9
5481,捨,shě,traditional,
5487,据,jù|jū,neutral,3
5490,捱,ái|āi,neutral,
5491,捲,juǎn|quán|juàn,traditional,
5496,捷,jié|qiè|chā,neutral,7-9
5505,掀,xiān|hén,neutral,7-9
5508,掃,sǎo|sào,traditional,
5513,授,shòu,neutral,4
5514,掉,diào|nuó,neutral,2
5517,掌,zhǎng,neutral,5
5520,掏,tāo|táo,neutral,6
5521,掐,qiā,neutral,7-9
5523,排,pái|pǎi|bài,neutral,2
5527,掖,yē|yè,neutral,
5529,掘,jué|kū,neutral,7-9
5530,掙,zhēng,traditional,
5532,掛,guà,traditional,
5537,掠,lüè|lüě,neutral,7-9
5538,採,cǎi,traditional,
5539,探,tàn|xián,neutral,6
5542,接,jiē|xié|shà|chā,neutral,2
5544,控,kòng|kōng|qiāng,neutral,5
5545,推,tuī,neutral,2
5546,掩,yǎn|yàn,neutral,7-9
5547,措,cuò|zé|cì,neutral,4
5553,掰,bāi,neutral,7-9
5560,掷,zhì|zhī,neutral,
5563,掺,càn|chān|shǎn,simplified,7-9
5569,揀,jiǎn,traditional,
5573,揄,yú|chōu|yóu|shū|yáo,neutral,
5578,揉,róu,neutral,7-9
5582,揍,zòu|còu,neutral,7-9
5584,描,miáo|mào,neutral,4
5585,提,tí|dī|chí|shí|dǐ,neutral,2
5587,插,chā|zhǎ,neutral,5
5595,揚,yáng,traditional,
5596,換,huàn,traditional,
5602,握,wò|òu,neutral,3
5604,揣,chuāi|chuǎi|chuài|duǒ|zhuī|tuán,neutral,7-9
5614,揭,jiē|qì|hé,neutral,6
5615,揮,huī|hún,traditional,
5621,援,yuán|huàn,neutral,6
5623,揶,yé,neutral,
5626,揹,bēi,neutral,
5630,揽,lǎn,simplified,7-9
5634,搁,gē|gé,simplified,7-9
5635,搂,lǒu|lōu,simplified,7-9
5638,搅,jiǎo,simplified,7-9
5639,搆,gòu|gōu,neutral,
5646,損,sǔn,traditional,
5648,搏,bó,neutral,7-9
5652,搓,cuō|cuǒ|chāi,neutral,7-9
5653,搔,sāo|sào,neutral,
5655,搖,yáo,traditional,
5656,搗,dǎo,traditional,
5661,搜,sōu|xiāo|sòu|shǎo,neutral,5
5663,搞,gǎo|qiāo|kào,neutral,5
5672,搧,shān,neutral,
5677,搬,bān|sù,neutral,3
5678,搭,dā|tà,neutral,6
5687,搶,qiǎng|qiāng|qiàng|chéng|chēng,traditional,
5691,携,xié,neutral,7-9
5698,摁,èn,neutral,
5701,摄,shè,simplified,5
5703,摆,bǎi,neutral,4
5704,摇,yáo,simplified,4
5707,摊,tān,neutral,7-9
5714,摑,guāi|guó,traditional,
5715,摒,bǐng|bìng,neutral,
5717,摔,shuāi,neutral,5
5721,摘,zhāi,neutral,5
5736,摧,cuī|zuì|cuò,neutral,7-9
5738,摩,mó|mā|mí,neutral,5
5744,摯,zhì,traditional,
5753,摸,mō|mó,neutral,4
5755,摺,zhé|lā|xié,neutral,
5768,撇,piē|piě|biē,neutral,7-9
5769,撈,lāo,traditional,
5777,撐,chēng,traditional,
5778,撑,chēng,neutral,6
5779,撒,sā|sǎ,neutral,7-9
5780,撓,náo|xiāo|rào,traditional,
5782,撕,sī|xī,neutral,7-9
5791,撞,zhuàng,neutral,5
5797,撤,chè,neutral,6
5798,撥,bō|fá,traditional,
5804,撫,fǔ|mó,traditional,
5805,撬,qiào,neutral,7-9
5806,播,bō|bǒ,neutral,3
5809,撰,zhuàn|xuǎn|suàn,neutral,7-9
5811,撲,pū|bǔ,traditional,
5817,撸,lū,simplified,
5820,撻,tà,traditional,
5821,撼,hàn,neutral,7-9
5823,撾,wō|zhuā,traditional,
5824,撿,jiǎn|liàn,traditional,
5825,擀,gǎn,neutral,
5826,擁,yōng,traditional,
5827,擂,léi|lèi|lēi,neutral,
5829,擄,lǔ,traditional,
5830,擅,shàn,neutral,7-9
5832,擇,zé|zhái|yì,traditional,
5835,擊,jī|jì|xí,traditional,
5836,擋,dǎng|dàng,traditional,
5838,操,cāo,neutral,4
5839,擎,qíng,neutral,7-9
5843,擒,qín,neutral,
5845,擔,dān|dàn|shàn,traditional,
5851,據,jù,traditional,
5857,擠,jǐ,traditional,
5861,擤,xǐng,neutral,
5863,擦,cā,neutral,4
5869,擬,nǐ,traditional,
5873,擰,níng|nǐng|nìng,traditional,
5874,擱,gē|gé,traditional,
5875,擲,zhì|zhī,traditional,
5877,擴,kuò|tǎng|guàng,traditional,
5883,擺,bǎi,traditional,
5887,擾,rǎo,traditional,
5889,攀,pān,neutral,7-9
5907,攒,zǎn|cuán,simplified,7-9
5909,攔,lán,traditional,
5917,攜,xié,traditional,
5918,攝,shè|zhé|niè|shà,traditional,
5923,攢,zǎn|cuán|zuān|zàn,traditional,
5931,攪,jiǎo,traditional,
5933,攬,lǎn,traditional,
5936,支,zhī|zhì|qí,neutral,3
5943,收,shōu,neutral,2
5946,改,gǎi,neutral,2
5948,攻,gōng,neutral,6
5951,放,fàng|fǎng|fāng,neutral,1
5952,政,zhèng|zhēng,neutral,4
5958,故,gù,neutral,2
5961,效,xiào,neutral,3
5965,敌,dí|huá,simplified,4
5966,敍,xù,neutral,
5968,敏,mǐn,neutral,5
5970,救,jiù|jiū,neutral,3
5976,敗,bài,traditional,
5977,敘,xù,traditional,
5978,教,jiào|jiāo,neutral,1
5980,敛,liǎn,simplified,7-9
5982,敝,bì,neutral,
5983,敞,chǎng|chèng|zhèng,neutral,7-9
5987,敢,gǎn,neutral,3
5988,散,sàn|sǎn|sān,neutral,3
5991,敦,dūn|duī|tuán|diāo|dùn|dào|zhǔn|tūn|duì|tún,neutral,7-9
5997,敬,jìng,neutral,5
6001,数,shù|shǔ|shuò,neutral,2
6003,敲,qiāo,neutral,5
6005,整,zhěng,neutral,3
6006,敵,dí,traditional,
6008,敷,fū,neutral,7-9
6009,數,shù|shǔ|shuò,traditional,
6020,斃,bì,traditional,
6024,文,wén,neutral,1
6028,斋,zhāi,neutral,
6034,斑,bān,neutral,7-9
6040,斗,dòu|dǒu|zhǔ,neutral,4
6042,料,liào|liáo,neutral,4
6045,斜,xié|xiá|chá|yé,neutral,5
6048,斟,zhēn,neutral,
6053,斤,jīn,neutral,2
6054,斥,chì|chè|zhè,neutral,7-9
6056,斧,fǔ,neutral,7-9
6058,斩,zhǎn,simplified,7-9
6061,斬,zhǎn|zhàn,traditional,
6062,断,duàn,neutral,3
6064,斯,sī|shǐ,neutral,7-9
6065,新,xīn,neutral,1
6072,斷,duàn,traditional,
6074,方,fāng|fáng|fǎng|páng|wǎng|fēng,neutral,1
6077,於,yú|yū|wū,traditional,
6078,施,shī|yì|shǐ,neutral,4
6082,旁,páng|pēng|bēng|bàng,neutral,1
6086,旅,lǚ,neutral,2
6092,旋,xuán|xuàn,neutral,6
6093,旌,jīng,neutral,
6096,族,zú|sǒu|còu|zòu,neutral,3
6104,旗,qí,neutral,6
6113,无,wú|mó,neutral,4
6115,既,jì|xì,neutral,4
6118,日,rì,neutral,1
6119,旦,dàn,neutral,5
6120,旧,jiù,simplified,3
6121,旨,zhǐ,neutral,7-9
6122,早,zǎo,neutral,1
6125,旬,xún|jūn,neutral,7-9
6130,旱,hàn,neutral,7-9
6135,时,shí,neutral,1
6136,旷,kuàng,neutral,7-9
6139,旺,wàng,neutral,6
6147,昂,áng|yàng,neutral,7-9
6151,昆,kūn|hún|kùn,neutral,7-9
6152,昇,shēng,neutral,
6157,昌,chāng|chàng,neutral,6
6159,明,míng|mèng,neutral,1
6160,昏,hūn|hùn,neutral,6
6164,易,yì,neutral,3
6165,昔,xī|cuò,neutral,7-9
6176,星,xīng,neutral,1
6177,映,yìng|yǎng,neutral,4
6182,春,chūn|chǔn,neutral,2
6184,昧,mèi|wěn|mò,neutral,7-9
6185,昨,zuó,neutral,1
6190,昭,zhāo|zhào,neutral,
6192,是,shì|tí,neutral,1
6193,昰,shì|xià,neutral,
6194,昱,yù,neutral,
6198,昵,nì|nǐ|zhì,neutral,
6205,昼,zhòu,neutral,7-9
6207,显,xiǎn,simplified,3
6211,時,shí,traditional,
6212,晃,huǎng|huàng,neutral,7-9
6218,晉,jìn,traditional,
6220,晋,jìn,neutral,7-9
6227,晒,shài,neutral,4
6228,晓,xiǎo,simplified,6
6230,晕,yūn|yùn,simplified,6
6235,晚,wǎn,neutral,1
6245,晤,wù,neutral,7-9
6249,晨,chén,neutral,2
6255,普,pǔ,neutral,2
6256,景,jǐng|yǐng,neutral,3
6257,晰,xī,neutral,7-9
6261,晴,qíng,neutral,2
6263,晶,jīng,neutral,7-9
6267,智,zhì|zhī,neutral,4
6271,晾,liàng,neutral,
6275,暂,zàn,simplified,5
6277,暄,xuān,neutral,
6280,暇,xiá|xià|jiǎ,neutral,
6281,暈,yūn|yùn,traditional,
6282,暉,huī,traditional,
6290,暑,shǔ,neutral,4
6295,暖,nuǎn|xuān,neutral,3
6296,暗,àn,neutral,4
6307,暢,chàng,traditional,
6312,暧,ài|nuǎn,simplified,
6316,暫,zàn,traditional,
6319,暮,mù,neutral,7-9
6322,暱,nì,neutral,
6325,暴,bào|pù|bó,neutral,6
6343,曆,lì,traditional,
6346,曉,xiǎo,traditional,
6359,曖,ài,traditional,
6363,曚,méng,neutral,
6366,曝,pù|bào,neutral,7-9
6381,曬,shài,traditional,
6385,曰,yuē,neutral,7-9
6387,曲,qū|qǔ,neutral,5
6388,曳,yè,neutral,
6389,更,gèng|gēng,neutral,2
6393,書,shū,traditional,
6394,曹,cáo,neutral,7-9
6397,曼,màn,neutral,
6399,曾,céng|zēng,neutral,3
6400,替,tì,neutral,4
6401,最,zuì|cuō,neutral,1
6404,會,huì|kuài|kuò,traditional,
6409,月,yuè|rù,neutral,1
6410,有,yǒu|yòu|wěi,neutral,1
6412,朋,péng,neutral,1
6414,服,fú|fù|bì|bó,neutral,1
6422,朕,zhèn,neutral,
6424,朗,lǎng,neutral,5
6428,望,wàng,neutral,3
6430,朝,cháo|zhāo|zhū,neutral,3
6432,期,qī|jī,neutral,1
6439,朦,méng|mǎng,neutral,7-9
6441,木,mù,neutral,3
6443,未,wèi,neutral,4
6444,末,mò|me,neutral,2
6445,本,běn|bēn,neutral,1
6446,札,zhá|yà,neutral,
6448,术,shù|zhú|shú,neutral,3
6450,朱,zhū|shū,neutral,7-9
6453,朴,pǔ|piáo|pò|pū|pō,neutral,7-9
6454,朵,duǒ,neutral,5
6459,机,jī|wèi,neutral,1
6462,朽,xiǔ,neutral,7-9
6465,杀,shā,simplified,5
6467,杂,zá|duǒ,simplified,3
6468,权,quán,neutral,4
6471,杆,gān|gǎn|gàn,neutral,6
6474,杉,shān|shā,neutral,
6479,李,lǐ,neutral,3
6480,杏,xìng,neutral,
6481,材,cái,neutral,3
6482,村,cūn,neutral,3
6487,杖,zhàng,neutral,7-9
6493,杜,dù|dǔ|tú,neutral,7-9
6496,束,shù,neutral,3
6497,杠,gāng|gàng|gōng,neutral,7-9
6498,条,tiáo,simplified,1
6502,来,lái,simplified,1
6505,杨,yáng,simplified,7-9
6510,杭,háng|kàng|kāng,neutral,7-9
6512,杯,bēi,neutral,1
6513,杰,jié,neutral,6
6514,東,dōng,traditional,
6520,杷,pá|bà,neutral,
6527,松,sōng,neutral,4
6528,板,bǎn,neutral,2
6530,极,jí,neutral,3
6533,构,gòu,neutral,4
6536,枇,pí|bǐ|bì|pī,neutral,
6538,枉,wǎng|kuáng,neutral,7-9
6545,析,xī|sī,neutral,5
6550,枕,zhěn|chén,neutral,7-9
6552,林,lín,neutral,4
6555,枚,méi,neutral,7-9
6557,果,guǒ|luǒ|guàn,neutral,1
6558,枝,zhī|qí,neutral,6
6563,枢,shū,simplified,7-9
6564,枣,zǎo,simplified,7-9
6571,枪,qiāng,simplified,5
6572,枫,fēng,simplified,
6576,枯,kū|gū,neutral,7-9
6582,枵,xiāo,neutral,
6583,架,jià,neutral,3
6584,枷,jiā|jià,neutral,
6597,柄,bǐng,neutral,7-9
6608,柏,bǎi|bó|bò,neutral,7-9
6609,某,mǒu|méi,neutral,3
6612,染,rǎn,neutral,5
6613,柔,róu,neutral,7-9
6619,柚,yòu|yóu|zhóu,neutral,
6621,柜,guì|jǔ,neutral,5
6625,柠,níng|chǔ|zhù,simplified,
6630,查,chá|zhā|chái,neutral,2
6637,柬,jiǎn,neutral,7-9
6640,柯,kē,neutral,
6642,柱,zhù|zhǔ,neutral,6
6644,柳,liǔ,neutral,7-9
6645,柴,chái|cī|zhài|zì,neutral,5
6646,柵,shān|zhà,traditional,
6647,柶,sì,neutral,
6656,柿,shì,neutral,5
6662,栅,zhà|shān|cè,neutral,
6664,标,biāo,neutral,3
6668,栋,dòng,simplified,7-9
6672,栏,lán,simplified,6
6674,树,shù,simplified,1
6679,栖,qī|xī,neutral,7-9
6680,栗,lì|liè,neutral,
6690,校,xiào|jiào|jiǎo|qiāo,neutral,1
6699,株,zhū,neutral,7-9
6712,样,yàng|yáng,simplified,1
6713,核,hé|hú|gāi|kài,neutral,5
6714,根,gēn,neutral,3
6717,格,gé|luò|hè|gē,neutral,3
6718,栽,zāi|zài,neutral,7-9
6723,桂,guì,neutral,7-9
6724,桃,táo|tiāo|zhào,neutral,5
6727,框,kuāng|kuàng|kuáng,neutral,7-9
6729,案,àn,neutral,4
6733,桌,zhuō,neutral,1
6738,桑,sāng,neutral,7-9
6754,桡,ráo,simplified,
6756,档,dàng,simplified,6
6758,桥,qiáo,simplified,3
6759,桦,huà,simplified,
6762,桩,zhuāng,simplified,7-9
6775,桶,tǒng,neutral,7-9
6784,桿,gǎn|hàn,traditional,
6786,梁,liáng,neutral,6
6790,梅,méi,neutral,6
6808,梗,gěng,neutral,
6814,條,tiáo|tiāo,traditional,
6819,梢,shāo|shào|xiāo|sào,neutral,7-9
6823,梦,mèng,neutral,4
6825,梨,lí,neutral,5
6830,梭,suō|xùn,neutral,
6832,梯,tī|tí,neutral,4
6833,械,xiè,neutral,6
6836,梳,shū,neutral,7-9
6838,梵,fàn,neutral,
6849,检,jiǎn,simplified,2
6853,棄,qì,traditional,
6858,棉,mián,neutral,6
6860,棋,qí|jī,neutral,7-9
6862,棍,gùn|hùn|āo|gǔn,neutral,7-9
6867,棒,bàng,neutral,5
6870,棕,zōng,neutral,
6873,棘,jí,neutral,7-9
6875,棚,péng,neutral,7-9
6880,棟,dòng,traditional,
6895,森,sēn,neutral,4
6898,棱,léng|lēng|líng|lèng|chēng,neutral,7-9
6899,棲,qī|xī,traditional,
6902,棵,kē|kuǎn|kě,neutral,4
6918,椅,yǐ|yī,neutral,2
6926,植,zhí,neutral,4
6931,椒,jiāo,neutral,7-9
6958,椭,tuǒ,simplified,
6961,椰,yē,neutral,7-9
7003,楚,chǔ,neutral,2
7007,楞,léng|lèng,neutral,
7009,楠,nán,neutral,
7012,楣,méi|měi,neutral,
7022,業,yè,traditional,
7030,極,jí|jǐ,traditional,
7037,楼,lóu,neutral,1
7043,概,gài|guì|jié,neutral,3
7045,榄,lǎn,simplified,
7049,榈,lǘ,simplified,
7061,榔,láng|lǎng,neutral,
7068,榛,zhēn,neutral,
7069,榜,bǎng|bēng|bàng|páng|péng,neutral,6
7081,榨,zhà,neutral,7-9
7087,榮,róng,traditional,
7093,榴,liú,neutral,
7096,榷,què,neutral,
7100,榻,tà,neutral,
7108,槃,pán,neutral,
7116,構,gòu|jué,traditional,
7117,槌,chuí|zhuì|duī,neutral,
7118,槍,qiāng|chēng|qiǎng,traditional,
7132,槛,kǎn|jiàn,simplified,7-9
7136,槟,bīn|bīng,simplified,
7156,槳,jiǎng|jiāng,traditional,
7166,槽,cáo|zāo,neutral,7-9
7170,樁,zhuāng|chōng,traditional,
7171,樂,lè|yuè|yào|luò|liáo,traditional,
7188,樓,lóu|lǘ,traditional,
7194,標,biāo|biào,traditional,
7202,模,mó|mú,neutral,4
7204,樣,yàng|xiàng,traditional,
7211,横,héng|hèng|guāng|guàng|huáng|huàng,simplified,6
7218,樱,yīng,simplified,
7222,樵,qiáo,neutral,
7226,樹,shù,traditional,
7230,樽,zūn,neutral,
7237,橄,gǎn,neutral,
7240,橇,qiāo,neutral,
7244,橋,qiáo|jiāo|jiào|qiāo|jiǎo,traditional,
7257,橘,jú,neutral,7-9
7258,橙,chéng|dèng|chén,neutral,7-9
7264,機,jī,traditional,
7266,橡,xiàng,neutral,7-9
7267,橢,tuǒ|duǒ,traditional,
7276,橫,héng,traditional,
7282,橱,chú,simplified,7-9
7313,檐,yán|dān,neutral,
7317,檔,dàng|dāng,traditional,
7331,檢,jiǎn,traditional,
7341,檬,méng,neutral,
7344,檯,tái,traditional,
7348,檳,bīn|bīng,traditional,
7353,檸,níng,traditional,
7356,檻,kǎn|jiàn,traditional,
7364,櫃,guì,traditional,
7398,櫥,chú,traditional,
7420,櫻,yīng,traditional,
7429,欄,lán|liàn,traditional,
7435,權,quán|guàn,traditional,
7447,欖,lǎn,traditional,
7457,欠,qiàn,neutral,5
7458,次,cì|zī|cí,neutral,1
7459,欢,huān,neutral,1
7460,欣,xīn,neutral,5
7464,欧,ōu,simplified,7-9
7475,欲,yù,neutral,6
7481,欸,āi|ǎi|ê̄|ế|ê̌|ề|xiè|éi|ěi|èi|ēi,neutral,
7483,欺,qī,neutral,6
7487,款,kuǎn|xīn,neutral,5
7496,歇,xiē|yà,neutral,5
7498,歉,qiàn,neutral,6
7501,歌,gē,neutral,1
7505,歐,ōu|ǒu,traditional,
7522,歡,huān,traditional,
7523,止,zhǐ,neutral,3
7524,正,zhèng|zhēng,neutral,1
7525,此,cǐ,neutral,3
7526,步,bù,neutral,3
7527,武,wǔ,neutral,3
7528,歧,qí,neutral,7-9
7531,歪,wāi|wǎi,neutral,7-9
7539,歲,suì|suò,traditional,
7544,歷,lì,traditional,
7545,歸,guī|kuì|kuí,traditional,
7546,歹,dǎi|è|dāi,neutral,7-9
7548,死,sǐ,neutral,3
7556,殃,yāng,neutral,7-9
7559,殆,dài,neutral,
7563,殊,shū,neutral,4
7564,残,cán,simplified,6
7571,殒,yǔn,simplified,
7575,殖,zhí|shi|shì,neutral,6
7577,殘,cán,traditional,
7598,殭,jiāng,neutral,
7605,殴,ōu,simplified,7-9
7606,段,duàn,neutral,2
7608,殷,yīn|yān|yǐn,neutral,7-9
7611,殺,shā|shài|sà|xiè|shì,traditional,
7613,殼,ké|qiào,traditional,
7616,殿,diàn,neutral,7-9
7617,毀,huǐ,traditional,
7618,毁,huǐ|huì,simplified,6
7622,毅,yì,neutral,7-9
7623,毆,ōu|kōu|qū,traditional,
7628,毋,wú|móu,neutral,
7630,母,mǔ|mú|wǔ|wú,neutral,3
7632,每,měi,neutral,3
7633,毐,ǎi,neutral,
7635,毒,dú|dài,neutral,5
7637,比,bǐ|bì|pí|pǐ,neutral,1
7638,毕,bì,simplified,4
7640,毗,pí,neutral,
7642,毙,bì,simplified,7-9
7644,毛,máo|mào,neutral,1
7660,毫,háo,neutral,4
7664,毯,tǎn,neutral,7-9
7689,氈,zhān,traditional,
7696,氏,shì|zhī|jīng,neutral,7-9
7698,民,mín,neutral,3
7700,氓,máng|méng,neutral,7-9
7701,气,qì|qǐ,neutral,1
7708,氛,fēn,neutral,6
7712,氟,fú,neutral,
7715,氢,qīng,simplified,
7716,氣,qì|xì,traditional,
7720,氧,yǎng,neutral,6
7721,氨,ān,neutral,
7724,氫,qīng,traditional,
7727,氮,dàn,neutral,
7733,水,shuǐ,neutral,1
7737,永,yǒng,neutral,2
7742,氽,tǔn|qiú,neutral,
7743,氾,fàn|fán,neutral,
7745,汀,tīng|tìng|dìng,neutral,
7746,汁,zhī|xié|shí,neutral,3
7747,求,qiú,neutral,2
7751,汆,cuān,neutral,
7752,汇,huì,simplified,4
7754,汉,hàn,simplified,1
7768,汗,hàn|hán|gān,neutral,5
7770,汙,wū|yú|wā|yū,neutral,
7774,汝,rǔ,neutral,
7775,汞,gǒng,neutral,
7776,江,jiāng,neutral,4
7777,池,chí|tuó|chè,neutral,5
7778,污,wū,neutral,5
7781,汤,tāng|shāng,simplified,3
7786,汩,gǔ|yù|hú,neutral,
7787,汪,wāng|wǎng|hóng,neutral,7-9
7793,汰,tài,neutral,7-9
7803,決,jué|quē|xuè,traditional,
7806,汽,qì|gài|yǐ,neutral,1
7812,沃,wò,neutral,7-9
7817,沈,shěn|chén|tán,neutral,
7818,沉,chén,neutral,4
7821,沌,dùn|zhuàn|tún|chún,neutral,
7824,沏,qī|qiè,neutral,7-9
7825,沐,mù,neutral,7-9
7827,沒,méi,traditional,
7831,沖,chōng,traditional,
7834,沙,shā|shà|suō,neutral,3
7836,沛,pèi,neutral,7-9
7840,沟,gōu,simplified,5
7842,没,méi|mò|me,neutral,1
7846,沥,lì,simplified,
7848,沧,cāng,simplified,7-9
7851,沪,hù,neutral,7-9
7852,沫,mò,neutral,7-9
7855,沮,jǔ|jū|jù|jiān|zǔ,neutral,7-9
7860,河,hé,neutral,2
7865,沸,fèi|fú,neutral,7-9
7866,油,yóu|yòu,neutral,2
7868,治,zhì|chí,neutral,4
7869,沼,zhǎo,neutral,7-9
7871,沾,zhān|tiān|diàn|chān,neutral,7-9
7872,沿,yán|yǎn|yàn,neutral,6
7874,況,kuàng,traditional,
7877,泄,xiè|yì,neutral,7-9
7882,泉,quán,neutral,4
7883,泊,pō|bó|pò,neutral,7-9
7885,泌,mì|bì,neutral,7-9
7893,泔,gān|hàn,neutral,
7894,法,fǎ,neutral,2
7900,泛,fàn|fěng|fá,neutral,5
7903,泞,nìng|zhù,simplified,
7906,泡,pào|pāo|páo,neutral,6
7907,波,bō|bēi|bì,neutral,6
7908,泣,qì|lì|sè,neutral,7-9
7910,泥,ní|nì|nǐ|niè|nìng,neutral,6
7913,注,zhù|zhòu,neutral,3
7915,泪,lèi,neutral,4
7920,泯,mǐn|miàn,neutral,
7921,泰,tài,neutral,7-9
7924,泳,yǒng,neutral,3
7932,泻,xiè,simplified,7-9
7933,泼,pō,simplified,5
7934,泽,zé,simplified,7-9
7935,泾,jīng,simplified,
7938,洁,jié|jí,simplified,6
7948,洋,yáng|xiáng|yǎng,neutral,6
7955,洒,sǎ|xǐ|xiǎn|sěn|cuǐ|xùn,neutral,5
7960,洗,xǐ|xiǎn,neutral,1
7964,洛,luò,neutral,
7967,洞,dòng|tóng,neutral,5
7974,津,jīn,neutral,7-9
7978,洩,xiè|yì,neutral,
7979,洪,hóng,neutral,6
7987,洲,zhōu,neutral,7-9
7996,活,huó|guō,neutral,2
7998,洽,qià|hé,neutral,7-9
7999,派,pài|mài|bài|pā,neutral,3
8002,流,liú,neutral,2
8006,浅,qiǎn|jiān,neutral,4
8007,浆,jiāng|jiàng,simplified,7-9
8008,浇,jiāo,simplified,7-9
8011,浊,zhuó,simplified,7-9
8012,测,cè,simplified,4
8015,济,jì|jǐ,simplified,3
8016,浏,liú,simplified,7-9
8018,浑,hún,simplified,7-9
8020,浓,nóng,simplified,4
8026,浙,zhè,neutral,7-9
8029,浜,bāng|bīn,neutral,
8036,浣,huàn,neutral,
8039,浦,pǔ,neutral,7-9
8042,浩,hào|gǎo|gé,neutral,7-9
8043,浪,làng|láng,neutral,3
8047,浮,fú,neutral,6
8053,浴,yù,neutral,7-9
8056,海,hǎi,neutral,2
8057,浸,jìn|qīn,neutral,7-9
8058,浹,jiā|xiá,traditional,
8067,涂,tú|chú|yé,neutral,7-9
8070,涅,niè,neutral,
8073,消,xiāo,neutral,3
8074,涉,shè|dié,neutral,6
8077,涌,yǒng|chōng,neutral,7-9
8079,涎,xián|yàn|diàn,neutral,
8086,涕,tì,neutral,7-9
8092,涛,tāo,neutral,7-9
8096,涟,lián,simplified,
8098,涡,wō|guō,simplified,7-9
8101,涤,dí,simplified,7-9
8103,润,rùn,simplified,5
8104,涧,jiàn,simplified,
8105,涨,zhǎng|zhàng,simplified,5
8106,涩,sè,simplified,
8112,涯,yá,neutral,7-9
8115,液,yè|shì,neutral,6
8118,涵,hán|hàn,neutral,7-9
8121,涸,hé,neutral,
8125,涼,liáng|liàng,traditional,
8129,淀,diàn,neutral,7-9
8133,淄,zī,neutral,
8134,淅,xī,neutral,
8135,淆,xiáo,neutral,7-9
8136,淇,qí,neutral,
8140,淋,lín|lìn,neutral,7-9
8146,淑,shū|chù,neutral,
8147,淒,qī|qiàn,neutral,
8153,淘,táo,neutral,7-9
8155,淚,lèi|lì,traditional,
8159,淞,sōng,neutral,
8162,淡,dàn|yàn|tán,neutral,4
8165,淤,yū,neutral,
8169,淨,jìng|chéng,neutral,
8172,淫,yín|yàn|yáo,neutral,
8175,淮,huái,neutral,7-9
8178,深,shēn,neutral,3
8180,淳,chún|zhūn|zhǔn,neutral,
8182,淵,yuān,traditional,
8184,混,hùn|gǔn|hún|kūn,neutral,6
8186,淹,yān|yǎn,neutral,7-9
8187,淺,qiǎn|jiān|jiàn|cán|zàn,traditional,
8188,添,tiān|tiàn,neutral,6
8198,清,qīng|qìng,neutral,2
8203,渊,yuān,neutral,7-9
8206,渍,zì,simplified,
8207,渎,dú,simplified,
8209,渐,jiàn|jiān,simplified,4
8213,渔,yú,simplified,7-9
8219,渚,zhǔ,neutral,
8220,減,jiǎn,traditional,
8222,渝,yú|yū,neutral,7-9
8225,渠,qú|jù,neutral,6
8226,渡,dù,neutral,6
8228,渣,zhā,neutral,7-9
8229,渤,bó,neutral,
8230,渥,wò|òu|wū,neutral,
8234,温,wēn|yùn,neutral,2
8237,測,cè,traditional,
8240,港,gǎng|hòng,neutral,6
8245,渴,kě|jié|kài|hé,neutral,1
8249,游,yóu|liú,neutral,2
8251,渺,miǎo,neutral,7-9
8255,渾,hún|hùn|gǔn,traditional,
8267,湊,còu,traditional,
8270,湍,tuān|zhuān,neutral,
8279,湖,hú,neutral,2
8281,湘,xiāng,neutral,
8296,湧,yǒng,neutral,
8304,湯,tāng|tàng|shāng|yáng,traditional,
8319,湾,wān,neutral,6
8320,湿,shī,simplified,4
8324,溃,kuì|huì,simplified,7-9
8326,溅,jiàn|jiān,simplified,7-9
8336,溏,táng,neutral,
8337,源,yuán,neutral,4
8343,準,zhǔn|zhuó,traditional,
8349,溜,liū|liù|liú,neutral,7-9
8350,溝,gōu|gǎng|kòu,traditional,
8355,溢,yì,neutral,7-9
8358,溥,pǔ|fū|bù|bó|pò,neutral,
8363,溪,xī|qī,neutral,7-9
8364,溫,wēn,traditional,
8368,溯,sù|shuò,neutral,7-9
8375,溶,róng,neutral,7-9
8379,溺,nì|ruò|niào,neutral,
8381,溼,shī,neutral,
8390,滅,miè,traditional,
8396,滋,zī|cí|xuán,neutral,7-9
8402,滑,huá|gǔ,neutral,5
8405,滔,tāo,neutral,7-9
8406,滕,téng,neutral,
8411,滚,gǔn,neutral,5
8415,滞,zhì,simplified,7-9
8418,满,mǎn,simplified,2
8422,滥,làn,simplified,7-9
8425,滨,bīn,neutral,7-9
8426,滩,tān,neutral,7-9
8435,滲,shèn|sēn|qīn|lín,traditional,
8437,滴,dī,neutral,6
8441,滸,hǔ|xǔ,traditional,
8447,滾,gǔn,traditional,
8448,滿,mǎn|mèn,traditional,
8450,漁,yú,traditional,
8451,漂,piāo|piào|piǎo|biāo,neutral,2
8455,漆,qī|qiè,neutral,7-9
8458,漉,lù,neutral,
8464,漏,lòu|lóu,neutral,5
8469,演,yǎn|yàn,neutral,3
8481,漠,mò,neutral,5
8483,漢,hàn|tān,traditional,
8484,漣,lián|lán,traditional,
8491,漪,yī,neutral,
8492,漫,màn,neutral,5
8498,漱,shù,neutral,
8499,漲,zhǎng|zhàng|zhāng,traditional,
8505,漸,jiàn|jiān|qián|chán,traditional,
8512,漿,jiāng|jiàng,traditional,
8520,潇,xiāo,simplified,7-9
8530,潑,pō|bō,traditional,
8533,潔,jié,traditional,
8540,潛,qián,traditional,
8541,潜,qián,simplified,6
8547,潢,huáng|huàng|guāng,neutral,
8549,潤,rùn,traditional,
8551,潦,lǎo|liáo|lào|láo|liǎo,neutral,7-9
8558,潭,tán|xún|yǐn|dàn,neutral,7-9
8559,潮,cháo,neutral,4
8561,潰,kuì|xiè,traditional,
8571,潺,chán,neutral,
8577,澀,sè,traditional,
8581,澄,chéng|dèng,neutral,7-9
8583,澆,jiāo|ào|nào,traditional,
8585,澈,chè,neutral,
8610,澡,zǎo|cāo,neutral,2
8613,澤,zé|shì|yì|duó,traditional,
8616,澧,lǐ,neutral,
8628,澳,ào|yù,neutral,7-9
8641,激,jī|jiào|jiāo,neutral,4
8644,濃,nóng,traditional,
8659,濒,bīn,simplified,
8662,濕,shī|tà|xí,traditional,
8672,濟,jì|jǐ|qí,traditional,
8674,濡,rú|ruǎn|ér|nuán|nuò,neutral,
8684,濫,làn|jiàn|lǎn|lán,traditional,
8690,濱,bīn,traditional,
8699,濺,jiàn|jiān|zàn,traditional,
8703,濾,lǜ,traditional,
8714,瀉,xiè,traditional,
8720,瀏,liú|liū,traditional,
8722,瀑,pù|bào|bó,neutral,7-9
8726,瀕,bīn,traditional,
8731,瀚,hàn,neutral,
8753,瀰,mí|mǐ|nǐ,traditional,
8781,灌,guàn|huàn,neutral,7-9
8786,灑,sǎ|xiǎn|xǐ|lí|shī,traditional,
8793,灘,tān|hàn|nàn,traditional,
8804,灣,wān,traditional,
8812,火,huǒ|huō,neutral,1
8814,灭,miè,simplified,6
8816,灯,dēng|dīng,neutral,2
8817,灰,huī,neutral,5
8822,灵,líng,simplified,6
8823,灶,zào,neutral,7-9
8825,灸,jiǔ,neutral,7-9
8829,灼,zhuó,neutral,7-9
8830,災,zāi,traditional,
8831,灾,zāi,neutral,5
8842,炉,lú,neutral,6
8843,炊,chuī,neutral,7-9
8847,炎,yán|yàn|tán,neutral,6
8851,炒,chǎo,neutral,6
8854,炕,kàng|hāng,neutral,
8855,炖,dùn|tún,neutral,7-9
8858,炙,zhì,neutral,
8876,炫,xuàn,neutral,7-9
8878,炭,tàn,neutral,7-9
8879,炮,pào|bāo|páo,neutral,6
8889,炸,zhà|zhá,neutral,6
8890,点,diǎn,neutral,1
8891,為,wèi|wéi,traditional,
8893,炼,liàn,simplified,4
8898,烁,shuò,simplified,7-9
8899,烂,làn,simplified,5
8905,烈,liè,neutral,3
8907,烊,yáng|yàng,neutral,
8912,烏,wū|yā|wù,traditional,
8921,烘,hōng,neutral,7-9
8924,烛,zhú|chóng,neutral,7-9
8928,烟,yān|yīn,neutral,3
8933,烤,kǎo,neutral,5
8935,烦,fán,simplified,3
8936,烧,shāo,simplified,4
8938,烩,huì,neutral,
8940,烫,tàng,simplified,7-9
8941,烬,jìn,neutral,
8942,热,rè,neutral,1
8944,烯,xī,neutral,
8954,烹,pēng,neutral,7-9
8970,焉,yān|yí,neutral,
8977,焐,wù,neutral,
8982,焕,huàn,simplified,7-9
8983,焖,mèn,simplified,
8984,焗,jú,neutral,
8987,焚,fén|fèn,neutral,7-9
8994,無,wú|mó,traditional,
8999,焦,jiāo|qiáo,neutral,6
9009,焰,yàn,neutral,7-9
9015,然,rán,neutral,2
9034,煉,liàn|làn,traditional,
9037,煌,huáng,neutral,7-9
9039,煎,jiān|jiàn|jiǎn,neutral,7-9
9050,煙,yān,traditional,
9055,煞,shā|shà,neutral,
9057,煠,zhá|yè,neutral,
9061,煤,méi,neutral,5
9064,照,zhào,neutral,2
9066,煩,fán,traditional,
9071,煮,zhǔ,neutral,6
9075,煲,bāo,neutral,7-9
9081,煸,biān,neutral,
9086,煽,shān,neutral,7-9
9093,熄,xī,neutral,7-9
9099,熊,xióng,neutral,5
9104,熏,xūn|xùn,neutral,7-9
9107,熒,yíng|xíng|jiǒng,traditional,
9114,熙,xī|yí,neutral,7-9
9120,熟,shú|shóu,neutral,2
9129,熨,yùn|yù|wèi,neutral,
9133,熬,áo|āo,neutral,7-9
9138,熱,rè,traditional,
9156,燃,rán,neutral,4
9161,燈,dēng,traditional,
9171,燒,shāo|shào,traditional,
9173,燔,fán|fén,neutral,
9174,燕,yàn|yān,neutral,7-9
9178,燙,tàng|dàng,traditional,
9184,營,yíng|cuō,traditional,
9190,燥,zào|sào,neutral,7-9
9191,燦,càn,traditional,
9198,燭,zhú|kuò,traditional,
9212,燻,xūn,neutral,
9213,燼,jìn,traditional,
9223,爆,bào|bó,neutral,6
9230,爍,shuò|luò|yuè,traditional,
9233,爐,lú,traditional,
9244,爛,làn,traditional,
9259,爪,zhǎo|zhuǎ,neutral,7-9
9261,爬,pá,neutral,2
9262,爭,zhēng|zhèng,traditional,
9266,爱,ài,simplified,1
9267,爲,wèi|wéi,traditional,
9270,爵,jué,neutral,7-9
9271,父,fù|fǔ,neutral,3
9272,爷,yé,simplified,1
9273,爸,bà,neutral,1
9274,爹,diē,neutral,7-9
9275,爺,yé,traditional,
9278,爽,shuǎng|shuāng,neutral,6
9279,爾,ěr|mǐ|nǐ,traditional,
9287,牆,qiáng,traditional,
9288,片,piàn|piān|pàn,neutral,2
9289,版,bǎn,neutral,5
9293,牌,pái,neutral,3
9306,牙,yá|yà,neutral,4
9308,牛,niú,neutral,1
9313,牠,tā|tuó,neutral,
9314,牡,mǔ,neutral,7-9
9315,牢,láo|lào|lóu,neutral,6
9320,牧,mù,neutral,7-9
9322,物,wù,neutral,2
9331,牲,shēng,neutral,6
9334,牵,qiān,simplified,6
9338,特,tè,neutral,2
9339,牺,xī,simplified,6
9342,牽,qiān|qiàn,traditional,
9345,犀,xī,neutral,
9377,犠,xī,neutral,
9379,犢,dú,traditional,
9384,犧,xī|suō,traditional,
9389,犬,quǎn,neutral,7-9
9392,犯,fàn,neutral,6
9399,状,zhuàng,simplified,3
9402,犹,yóu|yòu,neutral,5
9409,狀,zhuàng,traditional,
9411,狂,kuáng|jué,neutral,5
9413,狄,dí|tì,neutral,
9425,狐,hú,neutral,
9432,狗,gǒu,neutral,2
9434,狙,jū,neutral,
9439,狞,níng,simplified,
9441,狠,hěn|yán|kěn|hǎng,neutral,6
9442,狡,jiǎo|xiào,neutral,7-9
9450,狩,shòu,neutral,
9453,独,dú,neutral,4
9454,狭,xiá,simplified,7-9
9455,狮,shī,simplified,7-9
9458,狱,yù,simplified,7-9
9465,狸,lí,neutral,
9466,狹,xiá,traditional,
9469,狼,láng|lǎng|làng|hǎng,neutral,7-9
9487,猎,liè|xī|què,simplified,7-9
9496,猗,yī|yǐ|jì|ē|wēi,neutral,
9498,猙,zhēng,traditional,
9500,猛,měng,neutral,6
9501,猜,cāi,neutral,5
9502,猝,cù,neutral,
9514,猩,xīng,neutral,7-9
9515,猪,zhū,neutral,3
9516,猫,māo|miáo|máo,neutral,2
9517,猬,wèi,neutral,
9519,献,xiàn,neutral,5
9525,猴,hóu,neutral,5
9527,猶,yóu|yáo,traditional,
9535,猾,huá,neutral,7-9
9541,獄,yù,traditional,
9542,獅,shī,traditional,
9551,獎,jiǎng,traditional,
9569,獠,liáo|lǎo,neutral,
9577,獨,dú,traditional,
9585,獰,níng,traditional,
9587,獲,huò,traditional,
9590,獵,liè,traditional,
9593,獸,shòu,traditional,
9596,獻,xiàn|suō|xī,traditional,
9597,獼,mí,traditional,
9599,獾,huān|quán,neutral,
9605,玄,xuán|xuàn,neutral,7-9
9608,率,lǜ|shuài|lüè,neutral,4
9610,玉,yù,neutral,4
9612,王,wáng|wàng|yù,neutral,2
9623,玖,jiǔ,neutral,
9628,玛,mǎ,simplified,
9642,玩,wán,neutral,1
9644,玫,méi,neutral,7-9
9648,环,huán,neutral,3
9649,现,xiàn,simplified,1
9651,玲,líng,neutral,
9660,玻,bō,neutral,5
9665,珀,pò,neutral,
9673,珈,jiā,neutral,
9675,珊,shān,neutral,
9678,珍,zhēn,neutral,5
9697,珠,zhū,neutral,5
9710,班,bān,neutral,1
9727,現,xiàn,traditional,
9732,球,qiú,neutral,1
9734,琅,láng|làng,neutral,
9735,理,lǐ,neutral,2
9738,琉,liú,neutral,
9745,琐,suǒ,simplified,
9763,琢,zuó|zhuó,neutral,7-9
9775,琮,cóng,neutral,
9780,琳,lín,neutral,
9781,琴,qín,neutral,5
9782,琵,pí,neutral,
9783,琶,pá,neutral,
9789,琼,qióng,neutral,
9814,瑕,xiá,neutral,
9819,瑚,hú,neutral,
9821,瑜,yú,neutral,
9823,瑞,ruì,neutral,7-9
9824,瑟,sè,neutral,
9828,瑣,suǒ,traditional,
9835,瑪,mǎ,traditional,
9841,瑰,guī,neutral,7-9
9847,瑶,yáo,simplified,
9860,璃,lí,neutral,5
9868,璋,zhāng,neutral,
9905,環,huán|huàn,traditional,
9931,瓊,qióng|xuán,traditional,
9949,瓜,guā,neutral,4
9955,瓢,piáo,neutral,
9956,瓣,bàn,neutral,7-9
9957,瓤,ráng,neutral,
9959,瓦,wǎ|wà,neutral,7-9
9967,瓮,wèng,neutral,
9975,瓶,píng,neutral,2
9976,瓷,cí,neutral,7-9
9989,甄,zhēn|zhèn|juàn,neutral,
10009,甘,gān|hān,neutral,7-9
10011,甚,shèn|shén,neutral,4
10013,甜,tián,neutral,3
10016,生,shēng,neutral,1
10019,產,chǎn,traditional,
10020,産,chǎn,traditional,
10022,甥,shēng,neutral,
10025,用,yòng,neutral,1
10026,甩,shuǎi,neutral,7-9
10030,甭,béng|qì,neutral,
10033,田,tián,neutral,6
10034,由,yóu|yāo,neutral,2
10035,甲,jiǎ,neutral,5
10036,申,shēn,neutral,4
10038,电,diàn,neutral,1
10040,男,nán,neutral,1
10041,甸,diān|diàn|tián|shèng|yìng,neutral,7-9
10043,町,tīng|tǐng|dīng|zhèng|tiǎn,neutral,
10044,画,huà,neutral,2
10054,畅,chàng,simplified,6
10061,界,jiè,neutral,3
10064,畏,wèi|wēi|wěi,neutral,7-9
10069,畔,pàn,neutral,7-9
10074,留,liú|liù|liǔ,neutral,2
10077,畜,chù|xù,neutral,7-9
10078,畝,mǔ|mǒu,traditional,
10083,畢,bì,traditional,
10086,略,lüè,neutral,6
10087,畦,qí,neutral,
10091,番,fān|pān|fán|bō|pó|pán|pàn|pí,neutral,6
10092,畫,huà,traditional,
10097,異,yì,traditional,
10099,畲,shē,neutral,
10103,當,dāng|dàng|dang,traditional,
10105,畸,jī|qí,neutral,7-9
10112,畿,jī,neutral,
10119,疆,jiāng|jiàng,neutral,7-9
10120,疇,chóu,traditional,
10123,疊,dié,traditional,
10128,疏,shū,neutral,7-9
10130,疑,yí|níng,neutral,4
10136,疗,liáo,simplified,4
10138,疙,gē|yì,neutral,
10139,疚,jiù,neutral,
10144,疟,nüè|yào,simplified,
10149,疤,bā,neutral,
10156,疫,yì,neutral,7-9
10160,疯,fēng,simplified,5
10163,疲,pí,neutral,7-9
10166,疵,cī|zī|zhài|jì,neutral,
10170,疹,zhěn|chèn,neutral,
10173,疼,téng,neutral,2
10175,疾,jí,neutral,6
10182,病,bìng,neutral,1
10184,症,zhèng|zhēng,neutral,6
10187,痊,quán,neutral,
10195,痒,yǎng|yáng,neutral,7-9
10198,痕,hén|gèn,neutral,7-9
10201,痘,dòu,neutral,
10204,痛,tòng,neutral,3
10209,痠,suān,neutral,
10211,痢,lì,neutral,
10217,痨,láo,simplified,
10219,痪,huàn|tuǎn,simplified,7-9
10225,痰,tán,neutral,7-9
10229,痴,chī,neutral,7-9
10240,痿,wěi,neutral,
10241,瘀,yū,neutral,
10252,瘋,fēng,traditional,
10260,瘓,huàn,traditional,
10272,瘟,wēn|wò|yūn,neutral,7-9
10277,瘤,liú,neutral,7-9
10279,瘦,shòu,neutral,5
10280,瘧,nüè|yào,traditional,
10282,瘩,dā|da|dá,neutral,
10283,瘪,biě|biē,simplified,
10284,瘫,tān,simplified,7-9
10303,瘾,yǐn,simplified,7-9
10307,療,liáo|liào|shuò,traditional,
10317,癌,ái|yán,neutral,7-9
10323,癒,yù,neutral,
10327,癖,pǐ,neutral,
10338,癡,chī,neutral,
10339,癢,yǎng,traditional,
10342,癥,zhēng,traditional,
10351,癮,yǐn,traditional,
10354,癱,tān,traditional,
10364,登,dēng|dé,neutral,4
10365,發,fā|bō,traditional,
10366,白,bái|bó,neutral,1
10367,百,bǎi|bó|mò,neutral,1
10371,皂,zào,neutral,7-9
10373,的,de|dī|dí|dì,neutral,1
10375,皆,jiē,neutral,7-9
10376,皇,huáng|wǎng,neutral,6
10377,皈,guī,neutral,
10394,皙,xī,neutral,
10415,皮,pí,neutral,3
10418,皱,zhòu,neutral,7-9
10427,皺,zhòu|zhōu,traditional,
10436,盃,bēi,neutral,
10439,盆,pén,neutral,5
10441,盈,yíng,neutral,7-9
10443,益,yì,neutral,4
10447,盎,àng,neutral,
10448,盏,zhǎn,simplified,7-9
10449,盐,yán,simplified,4
10450,监,jiān|jiàn,simplified,6
10451,盒,hé|ān,neutral,5
10453,盔,kuī,neutral,
10455,盖,gài|gě,neutral,4
10456,盗,dào,simplified,6
10457,盘,pán,simplified,4
10460,盛,shèng|chéng,neutral,6
10461,盜,dào,traditional,
10463,盞,zhǎn,traditional,
10464,盟,méng|mèng|míng,neutral,6
10466,盡,jǐn|jìn,traditional,
10468,監,jiān|jiàn|kàn,traditional,
10469,盤,pán|xuán,traditional,
10472,盧,lú|lǘ|léi,traditional,
10479,目,mù,neutral,2
10480,盯,dīng|chéng,neutral,7-9
10483,盲,máng,neutral,6
10485,直,zhí,neutral,2
10489,相,xiāng|xiàng,neutral,2
10490,盹,dǔn|zhūn,neutral,7-9
10493,盼,pàn|fén,neutral,6
10495,盾,dùn|shǔn|yǔn,neutral,5
10498,省,shěng|xǐng|xiǎn,neutral,2
10506,眉,méi,neutral,7-9
10508,看,kàn|kān,neutral,1
10528,真,zhēn,neutral,1
10529,眠,mián|miǎn|mǐn,neutral,5
10537,眨,zhǎ,neutral,7-9
10544,眯,mī|mí|mǐ|mì,neutral,
10551,眶,kuàng,neutral,
10552,眷,juàn,neutral,
10553,眸,móu,neutral,
10557,眼,yǎn|wěn,neutral,2
10559,眾,zhòng,traditional,
10561,着,zhe|zhāo|zháo|zhuó,neutral,1
10562,睁,zhēng,simplified,7-9
10576,睏,kùn,traditional,
10588,睛,jīng|jǐng,neutral,2
10589,睜,zhēng,traditional,
10591,睞,lài,traditional,
10594,睡,shuì,neutral,1
10596,督,dū,neutral,6
10599,睦,mù,neutral,7-9
10604,睫,jié|shè,neutral,
10605,睬,cǎi,neutral,7-9
10618,睹,dǔ,neutral,7-9
10622,睽,kuí|kuì|jì,neutral,
10624,睿,ruì,neutral,
10629,瞄,miáo,neutral,7-9
10630,瞅,chǒu,neutral,7-9
10637,瞌,kē,neutral,
10639,瞎,xiā,neutral,7-9
10642,瞑,míng|méng|mián,neutral,
10643,瞒,mán,simplified,7-9
10655,瞞,mán|mén|mèn,traditional,
10656,瞟,piǎo|piào|piāo,neutral,
10662,瞥,piē|bì,neutral,
10664,瞧,qiáo,neutral,5
10666,瞩,zhǔ,simplified,7-9
10667,瞪,dèng,neutral,7-9
10669,瞬,shùn,neutral,7-9
10670,瞭,liǎo|liào,neutral,
10673,瞰,kàn,neutral,
10676,瞳,tóng,neutral,
10684,瞻,zhān,neutral,7-9
10712,矗,chù,neutral,
10716,矛,máo,neutral,5
10717,矜,jīn|qín|guān,neutral,
10723,矢,shǐ,neutral,7-9
10724,矣,yǐ|xián,neutral,7-9
10726,知,zhī|zhì,neutral,1
10730,矩,jǔ,neutral,7-9
10732,矫,jiǎo|jiáo,neutral,7-9
10734,短,duǎn,neutral,2
10735,矮,ǎi,neutral,4
10736,矯,jiǎo|jiāo|jiáo,traditional,
10740,石,shí|dàn,neutral,3
10743,矶,jī,simplified,
10752,矿,kuàng,simplified,4
10754,码,mǎ,simplified,4
10755,砂,shā,neutral,7-9
10765,砌,qì|qiè,neutral,7-9
10766,砍,kǎn,neutral,7-9
10771,砒,pī,neutral,
10773,研,yán|yàn|xíng,neutral,4
10775,砖,zhuān,simplified,7-9
10801,砰,pēng|pīng|pèng,neutral,
10805,破,pò,neutral,3
10809,砸,zá,neutral,7-9
10817,础,chǔ,simplified,3
10838,硕,shuò,simplified,5
10860,硫,liú|chù,neutral,
10861,硬,yìng|gěng,neutral,5
10863,确,què,neutral,2
10864,硯,yàn,traditional,
10893,碌,lù|liù|luò,neutral,7-9
10894,碍,ài,neutral,5
10895,碎,suì,neutral,5
10898,碑,bēi,neutral,7-9
10904,碗,wǎn,neutral,2
10912,碟,dié|shé,neutral,7-9
10920,碧,bì,neutral,7-9
10922,碩,shuò,traditional,
10929,碰,pèng,neutral,2
10930,碱,jiǎn|xián,neutral,
10932,碳,tàn,neutral,7-9
10939,確,què,traditional,
10941,碼,mǎ,traditional,
10943,碾,niǎn,neutral,
10946,磁,cí,neutral,7-9
10950,磅,bàng|páng|pāng,neutral,7-9
10956,磋,cuō,neutral,7-9
10961,磐,pán,neutral,
10966,磕,kē|kě,neutral,7-9
10971,磚,zhuān|tuán|tuó,traditional,
10985,磨,mó|mò,neutral,6
10992,磯,jī,traditional,
11003,磺,huáng|kuàng|gǒng,neutral,
11010,礁,jiāo,neutral,7-9
11023,礎,chǔ,traditional,
11034,礙,ài|yí,traditional,
11042,礡,bó,neutral,
11047,礦,kuàng|gǒng,traditional,
11067,示,shì|qí|zhì|shí,neutral,2
11069,礼,lǐ,neutral,2
11071,社,shè,neutral,3
11073,祀,sì,neutral,7-9
11075,祂,tā,neutral,
11079,祆,xiān,neutral,
11081,祈,qí|guǐ,neutral,7-9
11092,祓,fú|fèi,neutral,
11094,祕,mì|bì,neutral,
11095,祖,zǔ|jiē,neutral,6
11102,祝,zhù|zhòu|chù,neutral,3
11103,神,shén|shēn,neutral,3
11104,祟,suì,neutral,
11105,祠,cí|sì,neutral,
11110,祥,xiáng,neutral,6
11113,票,piào|piāo,neutral,1
11118,祭,jì|zhài,neutral,7-9
11120,祯,zhēn,simplified,
11128,祷,dǎo,neutral,7-9
11129,祸,huò,simplified,7-9
11131,祺,qí,neutral,
11136,祿,lù,traditional,
11137,禀,bǐng,neutral,
11138,禁,jìn|jīn,neutral,4
11141,禄,lù,simplified,
11147,禊,xì,neutral,
11150,禍,huò,traditional,
11152,福,fú|fù,neutral,3
11175,禦,yù,traditional,
11183,禮,lǐ,traditional,
11186,禱,dǎo,traditional,
11194,禹,yǔ,neutral,
11196,离,lí|chī,simplified,2
11198,禽,qín,neutral,7-9
11200,禿,tū,traditional,
11201,秀,xiù,neutral,4
11202,私,sī,neutral,5
11204,秃,tū,neutral,7-9
11210,秉,bǐng,neutral,7-9
11212,秋,qiū,neutral,2
11214,种,zhǒng|chóng|zhòng,neutral,3
11218,科,kē|kè,neutral,2
11219,秒,miǎo,neutral,5
11225,秘,mì|bì|bié,neutral,4
11232,租,zū|jū,neutral,2
11237,秤,chèng|chēng|píng,neutral,7-9
11239,秦,qín,neutral,7-9
11242,秩,zhì,neutral,7-9
11248,积,jī|zhǐ,simplified,3
11249,称,chēng|chèn|chèng,neutral,2
11260,移,yí|chǐ|yì,neutral,4
11262,秽,huì,simplified,7-9
11265,稀,xī,neutral,7-9
11270,稅,shuì,traditional,
11273,稈,gǎn,traditional,
11276,程,chéng,neutral,3
11278,稍,shāo|shào,neutral,5
11279,税,shuì|tuō|tuì|tuàn,simplified,6
11285,稔,rěn,neutral,
11291,稚,zhì,neutral,7-9
11293,稜,léng|lèng|líng,neutral,
11297,稠,chóu|tiáo|diào,neutral,7-9
11300,稣,sū,simplified,
11311,種,zhǒng|chóng|zhòng,traditional,
11314,稱,chēng|chèn|chèng,traditional,
11316,稳,wěn,neutral,4
11324,稻,dào,neutral,7-9
11325,稼,jià,neutral,7-9
11326,稽,jī|qǐ,neutral,7-9
11328,稿,gǎo,neutral,6
11329,穀,gǔ,traditional,
11335,穆,mù,neutral,7-9
11341,穌,sū,traditional,
11342,積,jī,traditional,
11343,穎,yǐng,traditional,
11352,穗,suì,neutral,
11370,穩,wěn,traditional,
11372,穫,huò|hù,traditional,
11381,穴,xué|jué,neutral,7-9
11383,究,jiū|jiù,neutral,4
11384,穷,qióng,neutral,4
11386,穹,qióng|qiōng|kōng,neutral,
11387,空,kōng|kòng|kǒng,neutral,2
11392,穿,chuān|chuàn|yuān,neutral,1
11394,突,tū,neutral,3
11396,窃,qiè,neutral,7-9
11397,窄,zhǎi,neutral,7-9
11401,窈,yǎo|yào,neutral,
11406,窍,qiào,simplified,7-9
11414,窕,tiǎo|tiāo,neutral,
11416,窗,chuāng|cōng,neutral,4
11417,窘,jiǒng,neutral,7-9
11421,窜,cuàn,simplified,7-9
11422,窝,wō,simplified,7-9
11424,窟,kū,neutral,7-9
11430,窥,kuī,simplified,7-9
11434,窩,wō,traditional,
11439,窮,qióng,traditional,
11456,窿,lóng,neutral,7-9
11462,竅,qiào,traditional,
11464,竇,dòu|dú,traditional,
11467,竊,qiè,traditional,
11468,立,lì|wèi,neutral,3
11479,竖,shù,simplified,7-9
11482,站,zhàn|zhān,neutral,1
11486,竝,bìng,neutral,
11487,竞,jìng,simplified,5
11488,竟,jìng,neutral,4
11489,章,zhāng|zhàng,neutral,3
11494,童,tóng|zhōng,neutral,4
11502,竭,jié,neutral,7-9
11504,端,duān,neutral,6
11511,競,jìng,traditional,
11514,竹,zhú,neutral,5
11515,竺,zhú|dǔ,neutral,
11520,竿,gān|gàn|gǎn,neutral,7-9
11524,笃,dǔ,simplified,
11527,笆,bā,neutral,
11529,笈,jí,neutral,
11532,笋,sǔn,neutral,
11538,笑,xiào,neutral,1
11541,笔,bǐ,neutral,2
11546,笙,shēng,neutral,
11548,笛,dí,neutral,7-9
11553,笠,lì,neutral,
11557,笤,tiáo|shào,neutral,
11559,符,fú,neutral,4
11561,笨,bèn,neutral,4
11565,第,dì,neutral,1
11581,笼,lóng|lǒng,simplified,7-9
11591,筆,bǐ,traditional,
11594,等,děng,neutral,1
11596,筋,jīn|qián,neutral,7-9
11598,筍,sǔn|yún|xùn,traditional,
11602,筑,zhù|zhú,neutral,5
11603,筒,tǒng|dòng|tóng,neutral,7-9
11605,答,dá|dā,neutral,1
11607,策,cè,neutral,6
11614,筝,zhēng,simplified,7-9
11634,筱,xiǎo,neutral,
11638,筵,yán,neutral,
11640,筷,kuài,neutral,2
11642,筹,chóu,simplified,7-9
11647,签,qiān,simplified,5
11649,简,jiǎn,simplified,3
11656,箇,gè,neutral,
11664,箏,zhēng,traditional,
11672,算,suàn,neutral,2
11682,管,guǎn,neutral,3
11692,箫,xiāo,simplified,
11694,箭,jiàn,neutral,6
11698,箱,xiāng,neutral,3
11713,節,jié|jiē,traditional,
11717,範,fàn,traditional,
11719,篆,zhuàn,neutral,
11720,篇,piān,neutral,2
11722,築,zhù|zhú,traditional,
11742,篝,gōu,neutral,
11745,篠,xiǎo,neutral,
11746,篡,cuàn,neutral,
11749,篤,dǔ,traditional,
11754,篩,shāi|shī,traditional,
11759,篮,lán,simplified,2
11762,篱,lí,neutral,
11768,篷,péng,neutral,7-9
11789,簌,sù,neutral,
11790,簍,lǒu|lǚ|jù,traditional,
11810,簡,jiǎn,traditional,
11816,簧,huáng,neutral,
11833,簸,bǒ|bò,neutral,
11838,簽,qiān,traditional,
11839,簾,lián,traditional,
11840,簿,bù|bó,neutral,
11844,籃,lán,traditional,
11853,籌,chóu|táo,traditional,
11854,籍,jí|jiè,neutral,5
11857,籐,téng,neutral,
11873,籠,lóng|lǒng,traditional,
11877,籤,qiān,traditional,
11885,籬,lí,traditional,
11891,籲,yù,traditional,
11892,米,mǐ,neutral,1
11900,类,lèi,simplified,3
11902,籽,zǐ,neutral,
11914,粉,fěn,neutral,6
11923,粒,lì,neutral,7-9
11928,粗,cū,neutral,4
11929,粘,zhān|nián,neutral,7-9
11941,粤,yuè,simplified,7-9
11942,粥,zhōu|yù,neutral,6
11944,粧,zhuāng,neutral,
11947,粪,fèn,simplified,7-9
11951,粮,liáng,neutral,4
11962,粹,cuì|suì,neutral,7-9
11966,粽,zòng,neutral,7-9
11967,精,jīng|qíng|jìng,neutral,3
11974,糅,róu,neutral,
11979,糊,hú|hū|hù,neutral,5
11990,糕,gāo,neutral,5
11991,糖,táng,neutral,3
11992,糗,qiǔ,neutral,
11994,糙,cāo,neutral,7-9
12000,糟,zāo,neutral,5
12008,糧,liáng,traditional,
12013,糬,shǔ,neutral,
12028,系,xì|jì,neutral,1
12031,糾,jiū|jiǎo,traditional,
12033,紀,jì|jǐ,traditional,
12037,約,yuē|yāo|yào|dì,traditional,
12038,紅,hóng|gōng|jiàng,traditional,
12042,紉,rèn,traditional,
12044,紋,wén|wèn,traditional,
12046,納,nà,traditional,
12049,紐,niǔ,traditional,
12052,紓,shū,traditional,
12053,純,chún|zhǔn|tún|quán|zī|zhūn,traditional,
12058,紙,zhǐ,traditional,
12059,級,jí,traditional,
12060,紛,fēn,traditional,
12065,素,sù,neutral,6
12066,紡,fǎng|bǎng|fàng,traditional,
12067,索,suǒ,neutral,5
12072,紧,jǐn,simplified,3
12076,紫,zǐ,neutral,5
12079,紮,zā|zhā,neutral,
12080,累,lèi|léi|lěi|lǜ|liè,neutral,1
12081,細,xì,traditional,
12084,紳,shēn,traditional,
12090,紹,shào|chāo,traditional,
12099,終,zhōng,traditional,
12101,組,zǔ|qū,traditional,
12103,絆,bàn,traditional,
12113,結,jié|jì|jiē,traditional,
12118,絕,jué,traditional,
12127,絞,jiǎo|xiáo|jiào,traditional,
12130,絡,luò|lào,traditional,
12131,絢,xuàn|xún,traditional,
12135,給,gěi|jǐ|xiá,traditional,
12137,絨,róng,traditional,
12143,絮,xù|chù|nǜ|nà,neutral,7-9
12146,統,tǒng,traditional,
12147,絲,sī,traditional,
12151,絶,jué,traditional,
12162,綁,bǎng,traditional,
12180,經,jīng|jìng,traditional,
12189,綜,zōng|zèng|zòng,traditional,
12193,綠,lǜ,traditional,
12195,綢,chóu|tāo|diào,traditional,
12204,綫,xiàn,traditional,
12206,維,wéi|yí,traditional,
12210,綱,gāng,traditional,
12211,網,wǎng,traditional,
12220,綻,zhàn,traditional,
12222,綽,chuò|chāo,traditional,
12223,綾,líng,traditional,
12224,綿,mián,traditional,
12235,緊,jǐn,traditional,
12243,緒,xù,traditional,
12251,線,xiàn,traditional,
12254,緝,jī|qì|qī|jí,traditional,
12260,緣,yuán|yuàn,traditional,
12265,編,biān|biǎn|biàn,traditional,
12266,緩,huǎn,traditional,
12269,緬,miǎn,traditional,
12272,緯,wěi,traditional,
12277,練,liàn,traditional,
12284,緻,zhì,traditional,
12290,縁,yuán,neutral,
12297,縈,yíng,traditional,
12316,縛,fù,traditional,
12324,縣,xiàn|xuán,traditional,
12332,縫,fèng|féng,traditional,
12335,縮,suō|sù,traditional,
12338,縱,zòng|cóng|zǒng,traditional,
12344,縷,lǚ,traditional,
12350,總,zǒng|zōng|cōng,traditional,
12351,績,jī,traditional,
12354,繁,fán|pó|pán,neutral,5
12356,繃,běng|bēng|bèng,traditional,
12359,繆,móu|jiū|miù|mù|miào|liáo|liǎo|liào|lù,traditional,
12373,織,zhī|zhì,traditional,
12383,繞,rào|rǎo,traditional,
12386,繡,xiù,traditional,
12394,繩,shéng|yìng|mǐn|shèng,traditional,
12395,繪,huì|guì,traditional,
12396,繫,xì|jì,traditional,
12404,繳,jiǎo|zhuó|jiào|hé,traditional,
12413,繼,jì,traditional,
12414,繽,bīn,traditional,
12429,續,xù,traditional,
12432,纏,chán,traditional,
12437,纔,cái|shān,traditional,
12439,纖,xiān|jiān,traditional,
12449,纠,jiū,simplified,6
12451,红,hóng|gōng,simplified,2
12455,约,yuē|yāo,simplified,3
12456,级,jí,simplified,2
12459,纪,jì|jǐ,simplified,3
12460,纫,rèn,simplified,
12464,纯,chún,simplified,4
12466,纱,shā,simplified,7-9
12468,纳,nà,simplified,6
12470,纵,zòng,simplified,6
12472,纷,fēn,simplified,4
12473,纸,zhǐ,simplified,2
12474,纹,wén|wèn,simplified,7-9
12475,纺,fǎng,simplified,7-9
12478,纽,niǔ,simplified,7-9
12480,线,xiàn,simplified,3
12484,练,liàn,simplified,2
12485,组,zǔ,simplified,2
12486,绅,shēn,simplified,7-9
12487,细,xì,simplified,4
12488,织,zhī,simplified,5
12489,终,zhōng,simplified,3
12490,绉,zhòu,simplified,
12491,绊,bàn,simplified,
12494,绍,shào,simplified,1
12495,绎,yì,simplified,7-9
12496,经,jīng|jìng,simplified,2
12498,绑,bǎng,simplified,7-9
12499,绒,róng,simplified,5
12500,结,jié|jiē,simplified,2
12502,绕,rào|rǎo,simplified,5
12505,绘,huì,simplified,6
12506,给,gěi|jǐ,simplified,1
12507,绚,xuàn,simplified,
12509,络,luò|lào,simplified,4
12510,绝,jué,simplified,3
12511,绞,jiǎo,simplified,7-9
12512,统,tǒng,simplified,4
12515,绢,juàn,simplified,
12516,绣,xiù,simplified,7-9
12520,继,jì,simplified,3
12522,绩,jì|jī,simplified,2
12523,绪,xù,simplified,6
12526,续,xù,simplified,3
12529,绰,chuò|chāo,simplified,7-9
12532,绳,shéng,simplified,7-9
12533,维,wéi,simplified,4
12534,绵,mián,simplified,7-9
12536,绷,bēng|běng|bèng,simplified,7-9
12537,绸,chóu,simplified,7-9
12541,综,zōng|zèng,simplified,4
12544,绿,lǜ|lù,simplified,2
12545,缀,zhuì,simplified,7-9
12550,缅,miǎn,simplified,7-9
12551,缆,lǎn,simplified,7-9
12552,缇,tí,simplified,
12554,缉,jī|qī,simplified,7-9
12564,缓,huǎn,simplified,4
12567,编,biān,simplified,4
12569,缘,yuán,simplified,6
12573,缜,zhěn,simplified,
12574,缝,fèng|féng,simplified,7-9
12577,缠,chán,simplified,7-9
12586,缩,suō|sù,simplified,4
12587,缪,móu|miào|miù,simplified,
12590,缭,liáo,simplified,
12597,缴,jiǎo|zhuó,simplified,7-9
12601,缸,gāng,neutral,7-9
12603,缺,quē|kuǐ,neutral,3
12613,罄,qìng,neutral,
12625,罐,guàn,neutral,7-9
12626,网,wǎng,neutral,1
12629,罔,wǎng|wáng,neutral,
12630,罕,hǎn|hàn,neutral,7-9
12632,罗,luó|luō,neutral,7-9
12635,罚,fá,simplified,5
12643,罢,bà|ba,neutral,6
12650,罩,zhào,neutral,7-9
12651,罪,zuì,neutral,6
12655,置,zhì,neutral,4
12657,罰,fá,traditional,
12659,署,shǔ,neutral,7-9
12662,罵,mà,traditional,
12664,罷,bà|pí|pì|bǐ|ba|bǎi,traditional,
12678,羅,luó|luō|luo,traditional,
12681,羈,jī,traditional,
12683,羊,yáng,neutral,3
12687,美,měi,neutral,3
12693,羔,gāo,neutral,
12703,羞,xiū,neutral,7-9
12706,羡,xiàn|yán|yí,neutral,7-9
12709,群,qún,neutral,3
12713,羨,xiàn,neutral,
12714,義,yì|yí|xī,traditional,
12734,羽,yǔ|hù,neutral,5
12738,翁,wēng|wěng,neutral,7-9
12742,翅,chì,neutral,7-9
12755,習,xí,traditional,
12757,翔,xiáng,neutral,7-9
12761,翘,qiào|qiáo,simplified,7-9
12769,翠,cuì,neutral,7-9
12770,翡,fěi,neutral,
12785,翰,hàn,neutral,
12794,翹,qiào|qiáo,traditional,
12796,翻,fān,neutral,4
12797,翼,yì,neutral,7-9
12801,耀,yào,neutral,6
12802,老,lǎo,neutral,1
12804,考,kǎo,neutral,1
12805,耄,mào,neutral,
12806,者,zhě,neutral,2
12812,耋,dié,neutral,
12813,而,ér|néng,neutral,2
12814,耍,shuǎ,neutral,7-9
12817,耐,nài|néng,neutral,5
12822,耕,gēng,neutral,7-9
12824,耗,hào|máo|mào,neutral,6
12825,耘,yún,neutral,
12852,耳,ěr|réng,neutral,4
12855,耶,yé|yē|xié,neutral,
12860,耻,chǐ,neutral,7-9
12862,耽,dān,neutral,7-9
12871,聆,líng,neutral,
12875,聊,liáo|liú,neutral,4
12876,聋,lóng,simplified,7-9
12877,职,zhí,neutral,3
12885,联,lián,neutral,3
12887,聖,shèng,traditional,
12889,聘,pìn|pìng,neutral,6
12891,聚,jù,neutral,4
12895,聞,wén|wèn,traditional,
12907,聪,cōng,simplified,5
12912,聯,lián,traditional,
12913,聰,cōng,traditional,
12915,聲,shēng,traditional,
12916,聳,sǒng,traditional,
12920,職,zhí|tè,traditional,
12926,聽,tīng,traditional,
12927,聾,lóng,traditional,
12932,肃,sù,simplified,5
12934,肅,sù,traditional,
12935,肆,sì|tì,neutral,7-9
12936,肇,zhào,neutral,7-9
12938,肉,ròu|rù,neutral,1
12940,肋,lē|lèi|lè|jīn,neutral,
12941,肌,jī|jì,neutral,5
12944,肏,cào,neutral,
12951,肖,xiào|xiāo,neutral,7-9
12953,肘,zhǒu,neutral,
12955,肚,dù|dǔ,neutral,4
12956,肛,gāng,neutral,
12958,肝,gān,neutral,6
12961,肠,cháng,simplified,5
12962,股,gǔ,neutral,6
12963,肢,zhī|shì,neutral,7-9
12965,肤,fū,simplified,5
12966,肥,féi|bǐ,neutral,4
12970,肩,jiān|xián,neutral,5
12971,肪,fáng,neutral,7-9
12972,肫,zhūn|chún|tún|zhuō,neutral,
12975,肮,āng|háng|gāng,neutral,
12976,肯,kěn,neutral,5
12979,育,yù|zhòu|yō,neutral,2
12981,肴,yáo,neutral,
12987,肺,fèi|pèi,neutral,6
12992,肿,zhǒng,simplified,6
12993,胀,zhàng,simplified,7-9
12994,胁,xié,simplified,6
12996,胃,wèi,neutral,5
12999,胆,dǎn|tán|tǎn|dá,neutral,5
13005,背,bèi|bēi,neutral,2
13007,胎,tāi,neutral,7-9
13015,胖,pàng|pán|pàn,neutral,3
13019,胚,pēi,neutral,7-9
13021,胜,shèng|xīng|qìng|shēng,neutral,3
13023,胞,bāo|páo|pào,neutral,6
13026,胡,hú,neutral,5
13041,胰,yí,neutral,
13044,胳,gē|gé|gā,neutral,7-9
13047,胶,jiāo|xiáo,simplified,5
13049,胸,xiōng,neutral,4
13054,能,néng|tái|nái|nài|xióng,neutral,1
13059,脂,zhī|zhǐ,neutral,7-9
13062,脅,xié|xiàn|xī,traditional,
13063,脆,cuì,neutral,5
13065,脈,mài|mò,traditional,
13066,脉,mài|mò,neutral,7-9
13067,脊,jí|jǐ,neutral,7-9
13072,脏,zàng|zāng,simplified,2
13073,脐,qí,simplified,
13074,脑,nǎo,simplified,1
13076,脓,nóng,simplified,
13079,脖,bó|bō,neutral,7-9
13083,脚,jiǎo|jué,neutral,2
13100,脫,tuō,traditional,
13104,脯,pú|fǔ,neutral,
13106,脱,tuō|tuì,simplified,4
13113,脸,liǎn,simplified,2
13114,脹,zhàng|cháng,traditional,
13119,脾,pí|pái|bì|pì,neutral,5
13127,腆,tiǎn,neutral,
13131,腊,là|xī,neutral,7-9
13132,腋,yè,neutral,
13133,腌,yān|ā|āng,neutral,
13135,腎,shèn,traditional,
13137,腐,fǔ,neutral,4
13138,腑,fǔ,neutral,
13141,腔,qiāng|kòng,neutral,7-9
13142,腕,wàn,neutral,7-9
13158,腥,xīng,neutral,7-9
13159,腦,nǎo|nào,traditional,
13164,腫,zhǒng,traditional,
13167,腮,sāi,neutral,
13169,腰,yāo,neutral,4
13172,腳,jiǎo|jué,traditional,
13177,腸,cháng,traditional,
13178,腹,fù,neutral,7-9
13179,腺,xiàn,neutral,7-9
13180,腻,nì,simplified,7-9
13183,腾,téng,simplified,7-9
13184,腿,tuǐ,neutral,2
13185,膀,bǎng|pāng|páng|bàng|pǎng,neutral,7-9
13195,膊,bó|pò|liè,neutral,7-9
13200,膏,gāo|gào,neutral,7-9
13211,膚,fū|lú,traditional,
13213,膜,mó,neutral,6
13214,膝,xī,neutral,7-9
13216,膟,lǜ,neutral,
13217,膠,jiāo|jiǎo|háo|nǎo,traditional,
13225,膨,péng|pèng,neutral,7-9
13226,膩,nì,traditional,
13236,膳,shàn,neutral,7-9
13243,膺,yīng,neutral,
13246,膽,dǎn,traditional,
13247,膾,kuài,traditional,
13248,膿,nóng,traditional,
13249,臀,tún,neutral,
13251,臂,bì|bei,neutral,7-9
13255,臆,yì|yǐ,neutral,
13258,臉,liǎn,traditional,
13259,臊,sāo|sào,neutral,7-9
13262,臍,qí,traditional,
13273,臘,là|liè,traditional,
13280,臟,zàng,traditional,
13284,臣,chén,neutral,7-9
13286,臥,wò,neutral,
13289,臨,lín|lìn,traditional,
13291,自,zì,neutral,2
13294,臭,chòu|xiù,neutral,5
13300,至,zhì|dié,neutral,3
13301,致,zhì|zhuì,neutral,4
13307,臺,tái,traditional,
13318,舅,jiù,neutral,7-9
13319,舆,yú,simplified,7-9
13320,與,yǔ|yú|yù,traditional,
13321,興,xìng|xīng|xìn,traditional,
13322,舉,jǔ,traditional,
13323,舊,jiù,traditional,
13325,舌,shé|guā,neutral,6
13326,舍,shě|shè|shì,neutral,5
13329,舐,shì,neutral,
13331,舒,shū|yù,neutral,2
13333,舔,tiǎn|tān,neutral,7-9
13335,舖,pù,neutral,
13340,舛,chuǎn,neutral,
13343,舞,wǔ,neutral,3
13344,舟,zhōu,neutral,7-9
13355,航,háng,neutral,4
13357,般,bān|pán|bǎn|bō,neutral,2
13361,舰,jiàn,simplified,6
13362,舱,cāng,simplified,7-9
13366,舵,duò,neutral,7-9
13368,舷,xián,neutral,
13370,船,chuán,neutral,2
13371,舺,xiá,neutral,
13384,艇,tǐng,neutral,7-9
13401,艘,sōu,neutral,7-9
13402,艙,cāng,traditional,
13424,良,liáng|liǎng,neutral,4
13425,艰,jiān,simplified,5
13426,艱,jiān,traditional,
13427,色,sè|shǎi,neutral,2
13428,艳,yàn,neutral,5
13432,艷,yàn,traditional,
13435,艺,yì,simplified,3
13439,艾,ài|yì,neutral,7-9
13443,节,jié|jiē,simplified,2
13452,芋,yù|yú|xū|yǔ,neutral,
13459,芒,máng|huāng|huǎng|wáng,neutral,7-9
13466,芙,fú,neutral,
13470,芝,zhī,neutral,7-9
13478,芥,jiè|gài,neutral,
13479,芦,lú|lǔ|hù,neutral,7-9
13485,芬,fēn,neutral,7-9
13486,芭,bā|pā,neutral,7-9
13488,芯,xīn|xìn,neutral,7-9
13490,花,huā,neutral,1
13492,芳,fāng,neutral,7-9
13498,芹,qín,neutral,
13502,芽,yá,neutral,7-9
13518,苍,cāng,simplified,7-9
13520,苏,sū,neutral,6
13522,苑,yuàn|yuān|yù|yùn,neutral,
13525,苔,tái|tāi,neutral,
13528,苗,miáo,neutral,7-9
13532,苛,kē|hē,neutral,7-9
13535,苞,bāo|páo|biāo,neutral,
13540,苣,jù|qǔ,neutral,
13542,若,ruò|ré|rè|rě,neutral,6
13543,苦,kǔ|gǔ|hù,neutral,3
13554,英,yīng|yāng,neutral,2
13562,苹,píng|pēng,neutral,3
13571,茂,mào,neutral,7-9
13572,范,fàn,neutral,3
13573,茄,jiā|qié,neutral,6
13574,茅,máo,neutral,7-9
13578,茉,mò,neutral,
13583,茎,jīng,simplified,7-9
13590,茕,qióng,simplified,
13609,茨,cí,neutral,
13612,茫,máng|huǎng,neutral,7-9
13613,茬,chá|chí,neutral,
13614,茭,jiāo|xiào|qiào,neutral,
13618,茱,zhū,neutral,
13619,茲,zī|cí,traditional,
13622,茵,yīn,neutral,
13623,茶,chá,neutral,1
13626,茹,rú,neutral,
13633,荀,xún,neutral,
13636,荃,quán|chuò,neutral,
13642,草,cǎo|zào,neutral,2
13649,荐,jiàn,neutral,7-9
13651,荒,huāng|huǎng|kāng|huáng,neutral,7-9
13653,荔,lì,neutral,
13659,荚,jiá,simplified,
13665,荠,jì|qí,simplified,
13666,荡,dàng,simplified,7-9
13668,荣,róng,neutral,5
13669,荤,hūn|xūn,simplified,
13672,荧,yíng,simplified,7-9
13676,荫,yīn|yìn,simplified,7-9
13680,药,yào,simplified,2
13688,荷,hé|hè|hē,neutral,7-9
13693,荼,tú|chá|yé|shū,neutral,
13706,莉,lì|lí|chí,neutral,
13707,莊,zhuāng,traditional,
13711,莎,shā|suō|suī,neutral,
13716,莓,méi,neutral,
13719,莖,jīng|yīng,traditional,
13727,莞,guǎn|wǎn|guān,neutral,
13729,莠,yǒu|xiù,neutral,
13740,莫,mò|mù,neutral,7-9
13746,莱,lái,simplified,
13747,莲,lián,simplified,7-9
13749,莴,wō,simplified,
13752,获,huò,simplified,4
13755,莺,yīng,simplified,
13758,莽,mǎng|máng,neutral,7-9
13768,菇,gū,neutral,7-9
13771,菊,jú,neutral,7-9
13773,菌,jūn|jùn,neutral,6
13789,菜,cài,neutral,1
13793,菠,bō,neutral,
13802,菩,pú|bèi|bó,neutral,7-9
13808,華,huá|huā|huà|kuā,traditional,
13810,菱,líng,neutral,
13811,菲,fēi|fěi|fèi,neutral,
13817,菸,yān|yū|yù,neutral,
13828,萃,cuì,neutral,
13829,萄,táo,neutral,5
13835,萊,lái,traditional,
13837,萌,méng|míng,neutral,7-9
13839,萎,wēi|wěi|wèi,neutral,7-9
13854,萝,luó,neutral,7-9
13862,营,yíng,simplified,3
13864,萧,xiāo,simplified,7-9
13865,萨,sà,simplified,7-9
13869,萬,wàn,traditional,
13878,萵,wō,traditional,
13886,落,luò|là|lào|luō,neutral,3
13898,葉,yè|shè,traditional,
13912,著,zhù|zhuó|chú|zhāo|zháo|zhe,neutral,4
13916,葛,gé|gě,neutral,
13922,葡,pú|bèi,neutral,5
13924,董,dǒng|zhǒng,neutral,7-9
13932,葫,hú,neutral,
13933,葬,zàng,neutral,7-9
13938,葱,cōng|chuāng,neutral,7-9
13942,葵,kuí,neutral,
13947,葺,qì,neutral,
13955,蒂,dì,neutral,7-9
13969,蒐,sōu|huì,neutral,
13978,蒙,méng|mēng|měng,neutral,6
13981,蒜,suàn,neutral,7-9
13984,蒟,jǔ,neutral,
14003,蒲,pú|bó,neutral,
14009,蒸,zhēng,neutral,7-9
14012,蒻,ruò,neutral,
14013,蒼,cāng|cǎng,traditional,
14021,蓄,xù,neutral,7-9
14026,蓉,róng,neutral,
14028,蓋,gài|gě,traditional,
14046,蓝,lán|la,simplified,2
14061,蓬,péng|pèng,neutral,7-9
14063,蓮,lián|liǎn,traditional,
14098,蔑,miè,neutral,7-9
14100,蔓,màn|mán|wàn,neutral,7-9
14101,蔔,bó|bo,traditional,
14104,蔗,zhè,neutral,
14107,蔚,wèi|yù,neutral,
14118,蔥,cōng,traditional,
14125,蔬,shū|shǔ,neutral,5
14126,蔭,yīn|yìn,traditional,
14136,蔷,qiáng,simplified,
14141,蔼,ǎi,simplified,7-9
14142,蔽,bì|biē|piē,neutral,7-9
14148,蕃,fān|bō|fán|pí,neutral,
14153,蕈,xùn|tán,neutral,
14154,蕉,jiāo|qiáo|qiāo,neutral,3
14155,蕊,ruǐ|juǎn,neutral,
14186,蕩,dàng|tāng|tàng,traditional,
14190,蕭,xiāo,traditional,
14207,蕾,lěi,neutral,7-9
14213,薄,báo|bó|bò|bù,neutral,4
14216,薇,wēi,neutral,
14219,薊,jì,traditional,
14226,薑,jiāng,traditional,
14236,薛,xuē,neutral,
14247,薦,jiàn,traditional,
14250,薩,sà,traditional,
14251,薪,xīn,neutral,6
14256,薯,shǔ,neutral,6
14257,薰,xūn,neutral,
14282,藉,jí|jiè,neutral,
14286,藍,lán|la,traditional,
14288,藏,cáng|zàng|zāng,neutral,6
14292,藓,xiǎn,simplified,
14294,藕,ǒu,neutral,
14302,藝,yì,traditional,
14309,藤,téng,neutral,7-9
14310,藥,yào|shuò|lüè,traditional,
14314,藩,fān|fán,neutral,
14330,藹,ǎi,traditional,
14343,蘆,lú|lǔ,traditional,
14344,蘇,sū,traditional,
14347,蘊,yùn,traditional,
14348,蘋,píng|pín,traditional,
14354,蘑,mó,neutral,7-9
14382,蘭,lán,traditional,
14393,蘸,zhàn,neutral,7-9
14400,蘿,luó,traditional,
14415,虎,hǔ|hù,neutral,5
14416,虏,lǔ,simplified,7-9
14417,虐,nüè,neutral,7-9
14418,虑,lǜ|bì,simplified,4
14421,虔,qián,neutral,7-9
14422,處,chù|chǔ|jù,traditional,
14427,虚,xū,simplified,5
14428,虛,xū,traditional,
14431,虞,yú,neutral,
14432,號,hào|háo,traditional,
14440,虧,kuī,traditional,
14444,虫,chóng|huǐ,neutral,4
14450,虱,shī,neutral,
14458,虹,hóng|jiàng|hòng|gòng,neutral,7-9
14461,虼,gè,neutral,
14462,虽,suī,simplified,2
14463,虾,xiā|há,neutral,7-9
14465,蚀,shí,simplified,7-9
14466,蚁,yǐ,neutral,
14467,蚂,mǎ|mà|mā,simplified,
14475,蚊,wén,neutral,7-9
14484,蚓,yǐn,neutral,
14486,蚕,cán|tiǎn,neutral,
14494,蚝,háo|cì,neutral,
14500,蚣,gōng|zhōng,neutral,
14501,蚤,zǎo|zhǎo,neutral,
14512,蚯,qiū,neutral,
14514,蚱,zhà,neutral,
14529,蛀,zhù,neutral,
14536,蛇,shé|yí|tuó|chí,neutral,5
14540,蛋,dàn,neutral,1
14543,蛎,lì,simplified,
14554,蛙,wā|jué,neutral,7-9
14556,蛛,zhū,neutral,
14565,蛤,há|gé|hā|é,neutral,
14575,蛮,mán,neutral,7-9
14577,蛰,zhé,neutral,
14580,蛳,sī,simplified,
14586,蛹,yǒng,neutral,
14591,蛾,é|yǐ,neutral,
14593,蜀,shǔ,neutral,7-9
14595,蜂,fēng,neutral,7-9
14600,蜇,zhē|zhé,neutral,
14601,蜈,wú,neutral,
14602,蜉,fú,neutral,
14603,蜊,lí,neutral,
14606,蜍,chú|yú,neutral,
14611,蜒,yán|yàn|dàn,neutral,
14612,蜓,tíng|diàn,neutral,
14616,蜗,wō,simplified,
14617,蜘,zhī,neutral,
14619,蜚,fēi|fěi|pèi|bèi,neutral,
14621,蜜,mì,neutral,7-9
14626,蜡,là|qù|zhà|jí,neutral,7-9
14627,蜢,měng|mèng,neutral,
14628,蜣,qiāng,neutral,
14630,蜥,xī,neutral,
14645,蜴,yì|xí,neutral,
14652,蜻,qīng|jīng,neutral,
14656,蜿,wān|wǎn,neutral,
14664,蝇,yíng,simplified,7-9
14671,蝎,xiē|hé,neutral,
14678,蝕,shí|lì|lóng,traditional,
14680,蝗,huáng,neutral,
14682,蝙,biān|pián,neutral,
14688,蝟,wèi,traditional,
14689,蝠,fú,neutral,
14692,蝣,yóu,neutral,
14695,蝦,xiā|há|jiǎ,traditional,
14697,蝨,shī,neutral,
14709,蝴,hú,neutral,
14711,蝶,dié|tiē,neutral,
14713,蝸,wō|luó|guǒ,traditional,
14723,螂,láng,neutral,
14724,螃,páng|bǎng,neutral,
14734,融,róng,neutral,6
14751,螞,mǎ|mā|mà,traditional,
14755,螢,yíng,traditional,
14764,螫,shì|zhē,neutral,
14779,螺,luó,neutral,7-9
14785,蟀,shuài,neutral,
14796,蟋,xī,neutral,
14802,蟑,zhāng,neutral,
14803,蟒,mǎng|měng,neutral,
14835,蟲,chóng|zhòng|tóng,traditional,
14842,蟹,xiè,neutral,
14844,蟻,yǐ|jǐ,traditional,
14847,蟾,chán,neutral,
14854,蠅,yíng,traditional,
14870,蠕,rú,neutral,
14880,蠟,là,traditional,
14883,蠢,chǔn,neutral,7-9
14884,蠣,lì,traditional,
14906,蠹,dù,neutral,
14908,蠻,mán,traditional,
14913,血,xuè|xiě,neutral,3
14918,衅,xìn,neutral,7-9
14919,衆,zhòng|zhōng,traditional,
14925,行,xíng|háng|héng|xìng|hàng,neutral,1
14926,衍,yǎn|yán,neutral,7-9
14932,術,shù,traditional,
14933,衔,xián,simplified,7-9
14934,衕,tòng|tóng|dòng,traditional,
14936,街,jiē,neutral,2
14939,衚,hú,traditional,
14940,衛,wèi,traditional,
14942,衝,chōng|chǒng|chòng,traditional,
14943,衞,wèi,neutral,
14946,衡,héng,neutral,6
14947,衢,qú,neutral,
14948,衣,yī|yì,neutral,1
14950,补,bǔ,neutral,3
14953,表,biǎo,neutral,2
14956,衫,shān,neutral,3
14957,衬,chèn,simplified,3
14961,衰,shuāi|suō|cuī,neutral,7-9
14968,衷,zhōng|zhòng,neutral,7-9
14976,衿,jīn|qìn,neutral,
14978,袁,yuán,neutral,7-9
14979,袂,mèi|yì,neutral,
14988,袋,dài,neutral,4
14990,袍,páo|bào,neutral,7-9
14995,袒,tǎn|zhàn,neutral,
14999,袖,xiù,neutral,6
15005,袜,wà|mò,neutral,4
15013,袤,mào|móu,neutral,
15020,被,bèi|bì|pī|pì,neutral,3
15022,袭,xí,simplified,7-9
15026,袱,fú,neutral,7-9
15042,裁,cái,neutral,5
15043,裂,liè|liě,neutral,6
15046,装,zhuāng,simplified,2
15047,裆,dāng,simplified,
15056,裏,lǐ,traditional,
15061,裔,yì,neutral,7-9
15062,裕,yù,neutral,7-9
15066,裙,qún,neutral,3
15069,補,bǔ,traditional,
15070,裝,zhuāng,traditional,
15074,裡,lǐ,neutral,
15077,裤,kù,simplified,3
15092,裳,shang|cháng,neutral,
15093,裴,péi|féi,neutral,
15097,裸,luǒ,neutral,7-9
15098,裹,guǒ,neutral,4
15102,製,zhì,traditional,
15112,複,fù|fú,traditional,
15114,褉,xiè,neutral,
15116,褋,dié,neutral,
15118,褍,duān|tuān,neutral,
15121,褐,hè,neutral,
15123,褒,bāo,neutral,
15138,褡,dā,neutral,
15147,褪,tuì|tùn,neutral,
15149,褬,sǎng,neutral,
15155,褲,kù,traditional,
15159,褶,zhě|dié|xí,neutral,
15164,褻,xiè,traditional,
15173,襄,xiāng,neutral,
15181,襌,dān,traditional,
15191,襖,ǎo,traditional,
15200,襟,jīn,neutral,
15201,襠,dāng,traditional,
15207,襦,rú,neutral,
15211,襪,wà,traditional,
15216,襯,chèn,traditional,
15219,襲,xí,traditional,
15232,西,xī,neutral,1
15234,要,yào|yāo|yǎo,neutral,1
15239,覆,fù,neutral,7-9
15244,見,jiàn|xiàn,traditional,
15248,規,guī|guì|xù,traditional,
15252,覓,mì,traditional,
15255,視,shì,traditional,
15259,覚,jué,neutral,
15274,覩,dǔ,traditional,
15275,親,qīn|qìng,traditional,
15288,覷,qù,traditional,
15291,覺,jué|jiào,traditional,
15294,覽,lǎn|làn,traditional,
15297,觀,guān|guàn,traditional,
15298,见,jiàn|xiàn,simplified,1
15299,观,guān|guàn,simplified,2
15301,规,guī,simplified,3
15302,觅,mì,simplified,7-9
15303,视,shì,simplified,1
15305,览,lǎn,simplified,5
15306,觉,jué|jiào,simplified,1
15307,觊,jì,simplified,
15311,觎,yú,simplified,
15314,觑,qù|qū,simplified,
15315,角,jiǎo|jué|lù|gǔ,neutral,2
15332,解,jiě|jiè|xiè,neutral,3
15335,触,chù,simplified,5
15353,觸,chù,traditional,
15361,言,yán|yàn|yín,neutral,2
15363,訂,dìng,traditional,
15369,計,jì,traditional,
15371,訊,xùn,traditional,
15375,討,tǎo,traditional,
15380,訓,xùn,traditional,
15382,訕,shàn,traditional,
15384,託,tuō,traditional,
15385,記,jì,traditional,
15390,訝,yà,traditional,
15392,訟,sòng,traditional,
15396,訣,jué,traditional,
15403,訪,fǎng,traditional,
15406,設,shè,traditional,
15410,許,xǔ|hǔ,traditional,
15413,訴,sù,traditional,
15415,訶,hē,traditional,
15419,診,zhěn,traditional,
15420,註,zhù,traditional,
15421,証,zhèng,neutral,
15441,詐,zhà,traditional,
15446,評,píng,traditional,
15455,詞,cí,traditional,
15459,詢,xún,traditional,
15463,試,shì,traditional,
15466,詩,shī,traditional,
15470,詭,guǐ,traditional,
15471,詮,quán,traditional,
15474,話,huà,traditional,
15475,該,gāi,traditional,
15476,詳,xiáng|yáng,traditional,
15482,詹,zhān|dàn,neutral,
15485,詼,huī,traditional,
15494,誅,zhū,traditional,
15496,誇,kuā|qù,traditional,
15498,誉,yù,neutral,6
15501,誌,zhì,traditional,
15502,認,rèn,traditional,
15507,誒,éi|xī|yì|ê̄|ế|ê̌|ěi|ề|èi|ēi,traditional,
15508,誓,shì,neutral,7-9
15510,誕,dàn,traditional,
15513,誘,yòu,traditional,
15519,語,yǔ|yù,traditional,
15521,誠,chéng,traditional,
15522,誡,jiè,traditional,
15524,誣,wū,traditional,
15525,誤,wù,traditional,
15531,說,shuō,traditional,
15533,説,shuō|shuì|yuè|tuō,traditional,
15537,誰,shuí|shéi,traditional,
15539,課,kè,traditional,
15549,誼,yì,traditional,
15552,調,diào|tiáo|zhōu,traditional,
15560,談,tán,traditional,
15564,請,qǐng|qìng|qíng,traditional,
15571,諒,liàng|liáng,traditional,
15575,論,lùn|lún,traditional,
15581,諜,dié|xiè,traditional,
15592,諧,xié,traditional,
15596,諫,jiàn|làn,traditional,
15599,諮,zī,traditional,
15602,諱,huì,traditional,
15608,諷,fěng|fèng,traditional,
15609,諸,zhū|chú,traditional,
15611,諺,yàn,traditional,
15615,諾,nuò,traditional,
15617,謀,móu,traditional,
15619,謂,wèi,traditional,
15627,謊,huǎng,traditional,
15631,謎,mí,traditional,
15642,謙,qiān|zhàn,traditional,
15644,講,jiǎng,traditional,
15646,謝,xiè,traditional,
15649,謠,yáo,traditional,
15657,謨,mó,traditional,
15661,謬,miù,traditional,
15674,謹,jǐn,traditional,
15690,證,zhèng,traditional,
15705,識,shí|shì|zhì,traditional,
15707,譚,tán,traditional,
15709,譜,pǔ,traditional,
15719,警,jǐng,neutral,3
15725,譬,pì,neutral,7-9
15728,譯,yì,traditional,
15729,議,yì,traditional,
15733,譴,qiǎn,traditional,
15736,護,hù,traditional,
15742,譽,yù,traditional,
15745,讀,dú|dòu,traditional,
15755,變,biàn,traditional,
15764,讓,ràng,traditional,
15771,讚,zàn,traditional,
15775,讞,yàn,traditional,
15778,计,jì,simplified,2
15779,订,dìng,simplified,3
15781,认,rèn,simplified,1
15784,讧,hòng,simplified,
15785,讨,tǎo,simplified,2
15786,让,ràng,simplified,2
15787,讪,shàn,simplified,
15790,训,xùn,simplified,3
15791,议,yì,simplified,3
15792,讯,xùn,simplified,6
15793,记,jì,simplified,1
15795,讲,jiǎng,simplified,2
15796,讳,huì,simplified,7-9
15799,讶,yà,simplified,7-9
15801,许,xǔ|hǔ,simplified,2
15803,论,lùn|lún,simplified,2
15805,讼,sòng,simplified,7-9
15806,讽,fěng|fèng,simplified,7-9
15807,设,shè,simplified,3
15808,访,fǎng,simplified,3
15809,诀,jué,simplified,7-9
15810,证,zhèng,simplified,3
15813,评,píng,simplified,3
15814,诅,zǔ,simplified,
15815,识,shí|shì|zhì,simplified,1
15817,诈,zhà,simplified,7-9
15818,诉,sù,simplified,1
15819,诊,zhěn,simplified,5
15820,诋,dǐ,simplified,
15822,词,cí,simplified,2
15826,译,yì,simplified,4
15830,试,shì,simplified,1
15832,诗,shī,simplified,4
15835,诚,chéng,simplified,4
15838,话,huà,simplified,1
15839,诞,dàn,simplified,6
15842,诡,guǐ,simplified,
15843,询,xún,simplified,5
15844,诣,yì,simplified,
15846,该,gāi,simplified,2
15847,详,xiáng,simplified,5
15852,诫,jiè,simplified,7-9
15853,诬,wū,simplified,
15854,语,yǔ|yù,simplified,1
15856,误,wù,simplified,3
15858,诱,yòu,simplified,7-9
15859,诲,huì,simplified,
15861,说,shuō|shuì|yuè,simplified,1
15862,诵,sòng,simplified,7-9
15863,诶,éi,simplified,
15864,请,qǐng,simplified,1
15865,诸,zhū,simplified,6
15867,诺,nuò,simplified,6
15868,读,dú|dòu,simplified,1
15870,诽,fěi,simplified,7-9
15871,课,kè,simplified,1
15873,谀,yú,simplified,
15874,谁,shuí|shéi,simplified,1
15876,调,diào|tiáo,simplified,3
15878,谅,liàng,simplified,6
15881,谈,tán,simplified,3
15883,谊,yì,simplified,5
15884,谋,móu,simplified,6
15886,谍,dié,simplified,7-9
15887,谎,huǎng,simplified,7-9
15889,谐,xié,simplified,6
15892,谓,wèi,simplified,4
15899,谚,yàn,simplified,
15900,谛,dì,simplified,
15901,谜,mí|mèi,simplified,7-9
15904,谟,mó,simplified,
15907,谢,xiè,simplified,1
15908,谣,yáo,simplified,7-9
15909,谤,bàng,simplified,7-9
15911,谦,qiān,simplified,6
15912,谧,mì,simplified,
15913,谨,jǐn,simplified,7-9
15914,谩,mán|màn,simplified,
15917,谬,miù,simplified,7-9
15922,谱,pǔ,simplified,7-9
15925,谴,qiǎn,simplified,7-9
15928,谷,gǔ|lù|yù,neutral,6
15938,豁,huō|huò|huá,neutral,7-9
15943,豆,dòu,neutral,4
15944,豇,jiāng,neutral,
15945,豈,qǐ|kǎi,traditional,
15949,豌,wān,neutral,
15951,豎,shù,traditional,
15953,豐,fēng,traditional,
15957,豔,yàn,neutral,
15963,豚,tún|dūn|dùn,neutral,
15970,象,xiàng,neutral,3
15979,豪,háo,neutral,5
15980,豫,yù|xiè|shū,neutral,5
15981,豬,zhū,traditional,
15994,豹,bào,neutral,7-9
15995,豺,chái,neutral,
16003,貂,diāo,neutral,
16010,貉,háo|hé|mò|mà,neutral,
16013,貌,mào|mò,neutral,5
16020,貓,māo|máo,traditional,
16030,貝,bèi,traditional,
16031,貞,zhēn|zhēng,traditional,
16033,負,fù,traditional,
16034,財,cái,traditional,
16035,貢,gòng,traditional,
16040,貧,pín,traditional,
16041,貨,huò,traditional,
16042,販,fàn,traditional,
16043,貪,tān,traditional,
16044,貫,guàn|wān,traditional,
16045,責,zé|zhài,traditional,
16046,貭,zhì,neutral,
16053,貴,guì,traditional,
16055,貶,biǎn|fá,traditional,
16056,買,mǎi,traditional,
16057,貸,dài|tè,traditional,
16060,費,fèi|fú|bì,traditional,
16061,貼,tiē,traditional,
16064,貿,mào,traditional,
16065,賀,hè,traditional,
16067,賂,lù,traditional,
16069,賄,huì,traditional,
16072,資,zī|zì,traditional,
16073,賈,jiǎ|gǔ|jià,traditional,
16075,賊,zéi,traditional,
16083,賒,shē|shā,traditional,
16084,賓,bīn,traditional,
16093,賜,cì,traditional,
16095,賞,shǎng,traditional,
16097,賠,péi,traditional,
16099,賢,xián|xiàn,traditional,
16100,賣,mài,traditional,
16101,賤,jiàn,traditional,
16103,賦,fù,traditional,
16107,質,zhì,traditional,
16109,賬,zhàng,traditional,
16110,賭,dǔ,traditional,
16117,賴,lài,traditional,
16123,賺,zhuàn|zuàn,traditional,
16125,購,gòu,traditional,
16126,賽,sài,traditional,
16137,贈,zèng,traditional,
16139,贊,zàn,traditional,
16144,贏,yíng,traditional,
16148,贓,zāng,traditional,
16151,贖,shú|shù,traditional,
16158,贝,bèi,simplified,4
16159,贞,zhēn,simplified,7-9
16160,负,fù,simplified,3
16162,贡,gòng,simplified,6
16163,财,cái,simplified,4
16164,责,zé,simplified,3
16165,贤,xián,simplified,7-9
16166,败,bài,simplified,4
16167,账,zhàng,simplified,6
16168,货,huò,simplified,4
16169,质,zhì,simplified,4
16170,贩,fàn,simplified,7-9
16171,贪,tān,simplified,7-9
16172,贫,pín,simplified,6
16173,贬,biǎn,simplified,7-9
16174,购,gòu,simplified,4
16176,贯,guàn,simplified,6
16178,贱,jiàn,simplified,7-9
16181,贴,tiē,simplified,4
16182,贵,guì,simplified,1
16184,贷,dài,simplified,5
16185,贸,mào,simplified,5
16186,费,fèi,simplified,3
16187,贺,hè,simplified,5
16188,贻,yí,simplified,
16189,贼,zéi,simplified,7-9
16191,贾,jiǎ|gǔ,simplified,7-9
16192,贿,huì,simplified,7-9
16195,赂,lù,simplified,7-9
16197,资,zī,simplified,3
16203,赊,shē,simplified,
16204,赋,fù,simplified,7-9
16205,赌,dǔ,simplified,6
16207,赎,shú,simplified,7-9
16208,赏,shǎng,simplified,4
16209,赐,cì,simplified,7-9
16213,赔,péi,simplified,5
16215,赖,lài,simplified,6
16217,赘,zhuì,simplified,
16219,赚,zhuàn|zuàn,simplified,6
16220,赛,sài,simplified,3
16222,赝,yàn,simplified,
16223,赞,zàn,simplified,4
16225,赠,zèng,simplified,5
16226,赡,shàn,simplified,7-9
16227,赢,yíng,simplified,3
16229,赤,chì,neutral,7-9
16236,赫,hè|shì,neutral,7-9
16241,走,zǒu,neutral,1
16245,赴,fù,neutral,7-9
16247,赶,gǎn|qián,neutral,3
16248,起,qǐ,neutral,1
16258,趁,chèn|zhēn|chén|niǎn|zhěn,neutral,7-9
16262,超,chāo|chǎo|chào|tiào,neutral,2
16267,越,yuè|huó,neutral,2
16268,趋,qū,neutral,4
16278,趕,gǎn,traditional,
16282,趙,zhào|diào,traditional,
16288,趟,tàng|zhēng|zhèng|chéng|tāng,neutral,6
16292,趣,qù|cù|qū|cǒu|zōu,neutral,4
16297,趨,qū|cù|qù|cǒu,traditional,
16308,足,zú|jù,neutral,3
16309,趴,pā,neutral,7-9
16319,趾,zhǐ,neutral,
16324,跃,yuè,simplified,6
16327,跆,tái,neutral,
16333,跌,diē|dié|tú,neutral,6
16338,跑,pǎo|páo|bó,neutral,1
16348,跛,bǒ|bì|pō,neutral,
16350,距,jù,neutral,4
16352,跟,gēn,neutral,1
16354,跡,jī,traditional,
16357,跤,jiāo|qiāo,neutral,7-9
16361,跨,kuà|kù|kuā|kuǎ,neutral,6
16363,跪,guì,neutral,6
16368,路,lù|luò,neutral,1
16372,跳,tiào|diào|táo,neutral,3
16374,践,jiàn,simplified,6
16400,踏,tà|tā,neutral,6
16401,踐,jiàn,traditional,
16414,踝,huái,neutral,
16419,踢,tī|dié,neutral,6
16426,踩,cǎi|kuí,neutral,6
16427,踪,zōng,neutral,7-9
16428,踫,pèng|pán,neutral,
16431,踮,diǎn,neutral,
16438,踵,zhǒng|zhòng,neutral,
16453,蹄,tí|dì,neutral,
16457,蹈,dǎo,neutral,6
16460,蹋,tà,neutral,
16466,蹑,niè,simplified,
16480,蹟,jī,neutral,
16485,蹤,zōng,traditional,
16487,蹦,bèng,neutral,7-9
16490,蹩,bié,neutral,
16494,蹭,cèng|céng,neutral,7-9
16499,蹲,dūn|zún|cún|zūn|cǔn|cuán|qǔn,neutral,6
16514,躁,zào,neutral,7-9
16526,躍,yuè|tì,traditional,
16556,身,shēn|juān,neutral,1
16557,躬,gōng,neutral,7-9
16560,躯,qū,neutral,7-9
16563,躲,duǒ,neutral,5
16571,躺,tǎng|tàng,neutral,4
16577,軀,qū,traditional,
16587,車,chē|jū,traditional,
16589,軌,guǐ,traditional,
16590,軍,jūn,traditional,
16608,軟,ruǎn,traditional,
16633,軸,zhóu|zhú|zhòu,traditional,
16644,較,jiào|jué|xiào,traditional,
16650,載,zài|zǎi|dài|zāi|zī,traditional,
16659,輒,zhé,traditional,
16662,輕,qīng|qìng,traditional,
16668,輛,liàng,traditional,
16670,輝,huī,traditional,
16672,輟,chuò,traditional,
16682,輩,bèi,traditional,
16683,輪,lún,traditional,
16688,輯,jí,traditional,
16697,輸,shū|shù,traditional,
16703,輾,zhǎn|niǎn,traditional,
16704,輿,yú|yù,traditional,
16709,轄,xiá|hé,traditional,
16714,轉,zhuǎn|zhuàn|zhuǎi,traditional,
16736,轟,hōng,traditional,
16743,车,chē|jū,simplified,1
16744,轧,yà|zhá|gá,simplified,
16745,轨,guǐ,simplified,6
16749,转,zhuǎn|zhuàn|zhuǎi,simplified,3
16751,轮,lún,simplified,4
16752,软,ruǎn,simplified,5
16753,轰,hōng,simplified,7-9
16764,轻,qīng,simplified,2
16766,载,zài|zǎi,simplified,4
16768,轿,jiào,simplified,7-9
16772,较,jiào,simplified,3
16773,辄,zhé,simplified,
16774,辅,fǔ,simplified,5
16775,辆,liàng,simplified,2
16777,辈,bèi,simplified,5
16778,辉,huī,simplified,6
16782,辍,chuò,simplified,
16786,辑,jí,simplified,5
16788,输,shū,simplified,3
16790,辕,yuán,simplified,
16791,辖,xiá,simplified,7-9
16792,辗,niǎn|zhǎn,simplified,
16793,辘,lù,simplified,
16794,辙,zhé,simplified,7-9
16796,辛,xīn,neutral,5
16797,辜,gū,neutral,7-9
16799,辞,cí,neutral,5
16800,辟,pì|bì|mǐ|pī,neutral,7-9
16804,辣,là,neutral,4
16807,辦,bàn,traditional,
16809,辨,biàn|biǎn|bàn|piàn,neutral,7-9
16810,辩,biàn,simplified,4
16812,辫,biàn,simplified,7-9
16814,辭,cí,traditional,
16815,辮,biàn,traditional,
16816,辯,biàn|pián|biǎn|bàn,traditional,
16817,辰,chén,neutral,7-9
16818,辱,rǔ,neutral,7-9
16819,農,nóng,traditional,
16826,边,biān|bian,neutral,1
16830,辽,liáo,simplified,7-9
16831,达,dá|tì|tà,simplified,3
16834,迁,qiān,neutral,6
16837,迄,qì,neutral,7-9
16838,迅,xùn,neutral,4
16840,过,guò|guō,neutral,1
16841,迈,mài,simplified,7-9
16847,迎,yíng|yìng,neutral,2
16849,运,yùn|yǔn,simplified,2
16850,近,jìn,neutral,2
16853,返,fǎn,neutral,5
16857,还,hái|huán|fú,neutral,1
16858,这,zhè|zhèi,neutral,1
16860,进,jìn,simplified,1
16861,远,yuǎn,neutral,1
16862,违,wéi,simplified,5
16863,连,lián,simplified,3
16864,迟,chí,simplified,4
16871,迦,jiā|xiè,neutral,
16875,迪,dí,neutral,7-9
16876,迫,pò|pǎi,neutral,4
16878,迭,dié|yì|dá,neutral,7-9
16881,述,shù,neutral,4
16885,迴,huí,traditional,
16888,迷,mí|mì,neutral,3
16890,迹,jì|jī,neutral,7-9
16891,迺,nǎi,neutral,
16894,追,zhuī|duī|tuī,neutral,3
16897,退,tuì,neutral,3
16898,送,sòng,neutral,1
16899,适,shì|kuò,neutral,2
16900,逃,táo,neutral,5
16903,逆,nì,neutral,7-9
16906,选,xuǎn,neutral,2
16907,逊,xùn,neutral,7-9
16910,逍,xiāo,neutral,
16912,透,tòu|shū,neutral,4
16913,逐,zhú|dí|zhòu|tún,neutral,4
16914,逑,qiú,neutral,
16915,递,dì,neutral,4
16917,途,tú,neutral,4
16918,逕,jìng,traditional,
16920,逗,dòu|zhù|tóu|qí,neutral,7-9
16922,這,zhè|yàn|zhèi,traditional,
16923,通,tōng|tòng,neutral,2
16924,逛,guàng|kuáng,neutral,4
16926,逝,shì,neutral,7-9
16928,速,sù,neutral,3
16929,造,zào|cào|cāo,neutral,3
16931,逢,féng|péng|páng,neutral,7-9
16932,連,lián|liǎn|liàn|làn,traditional,
16943,逮,dǎi|dài|dì,neutral,7-9
16946,週,zhōu,neutral,
16947,進,jìn,traditional,
16953,逸,yì,neutral,7-9
16956,逻,luó,neutral,5
16957,逼,bī,neutral,6
16963,遂,suì|suí,neutral,7-9
16966,遅,chí,neutral,
16968,遇,yù|yóng|ǒu,neutral,4
16971,遊,yóu,neutral,
16972,運,yùn,traditional,
16974,遍,biàn,neutral,2
16975,過,guò|guō|guo|huò,traditional,
16976,遏,è,neutral,7-9
16978,遑,huáng,neutral,
16980,道,dào|dǎo,neutral,1
16981,達,dá|tà,traditional,
16982,違,wéi|huí,traditional,
16984,遗,yí|wèi,simplified,4
16986,遙,yáo,traditional,
16988,遛,liú|liù,neutral,7-9
16989,遜,xùn,traditional,
16991,遞,dì|shì|dài,traditional,
16993,遠,yuǎn|yuàn,traditional,
16996,遣,qiǎn|qiàn,neutral,7-9
16998,遥,yáo,simplified,7-9
17002,適,shì|dí|tì|zhé,traditional,
17006,遭,zāo,neutral,6
17007,遮,zhē,neutral,7-9
17011,遲,chí|zhì,traditional,
17014,遵,zūn,neutral,5
17016,遷,qiān,traditional,
17017,選,xuǎn|xuàn|suàn|shuā,traditional,
17019,遺,yí|wèi|suí,traditional,
17021,遼,liáo,traditional,
17022,遽,jù|qú,neutral,
17024,避,bì,neutral,4
17025,邀,yāo,neutral,5
17026,邁,mài,traditional,
17029,還,hái|huán|xuán,traditional,
17035,邊,biān|bian,traditional,
17040,邏,luó|luò,traditional,
17044,邓,dèng|shān,simplified,7-9
17060,那,nà|nā|nuó|nuò|nèi|nǎ|něi|né|nǎi|nè,neutral,1
17063,邦,bāng,neutral,7-9
17067,邪,xié|yá|yé|xú|shé,neutral,7-9
17071,邮,yóu,simplified,3
17074,邱,qiū,neutral,
17078,邵,shào,neutral,
17081,邸,dǐ,neutral,
17084,邻,lín,simplified,5
17090,郁,yù,neutral,7-9
17099,郊,jiāo,neutral,5
17103,郎,láng|làng,neutral,4
17106,郑,zhèng,neutral,7-9
17129,部,bù|pǒu,neutral,2
17134,郭,guō|guó,neutral,7-9
17142,郵,yóu|chuí,traditional,
17150,都,dōu|dū,neutral,1
17157,鄄,juàn,neutral,
17162,鄉,xiāng|xiǎng|xiàng,traditional,
17178,鄙,bǐ,neutral,7-9
17192,鄧,dèng,traditional,
17201,鄰,lín|lìn,traditional,
17227,酊,dīng|dǐng,neutral,
17229,酌,zhuó,neutral,7-9
17230,配,pèi,neutral,3
17235,酒,jiǔ,neutral,2
17240,酗,xù,neutral,7-9
17246,酝,yùn,simplified,7-9
17252,酣,hān|hàn,neutral,7-9
17254,酥,sū,neutral,7-9
17258,酩,mǐng,neutral,
17259,酪,lào|luò|lù,neutral,
17261,酬,chóu,neutral,7-9
17264,酯,zhǐ,neutral,
17266,酱,jiàng,simplified,6
17270,酵,jiào,neutral,7-9
17272,酷,kù,neutral,6
17273,酸,suān,neutral,4
17280,酿,niàng|niáng,simplified,7-9
17288,醇,chún,neutral,7-9
17290,醉,zuì,neutral,5
17292,醋,cù|zuò,neutral,6
17299,醒,xǐng|chéng|jīng,neutral,4
17309,醜,chǒu,traditional,
17311,醞,yùn,traditional,
17324,醫,yī|yǐ,traditional,
17325,醬,jiàng,traditional,
17339,醺,xūn,neutral,
17345,釀,niàng|niáng,traditional,
17346,釁,xìn,traditional,
17352,采,cǎi|cài,neutral,3
17355,释,shì,simplified,4
17356,釋,shì|yì,traditional,
17357,里,lǐ|li,neutral,1
17358,重,zhòng|chóng|tóng,neutral,1
17359,野,yě|shù,neutral,6
17360,量,liàng|liáng,neutral,2
17362,金,jīn|jìn,neutral,3
17369,釘,dīng|dìng|líng,traditional,
17373,釜,fǔ,neutral,
17374,針,zhēn,traditional,
17380,釣,diào,traditional,
17383,釦,kòu,traditional,
17384,釧,chuàn|chuān,traditional,
17422,鈍,dùn,traditional,
17429,鈔,chāo|chǎo,traditional,
17430,鈕,niǔ|chǒu,traditional,
17461,鈴,líng,traditional,
17470,鈽,bū,traditional,
17477,鉄,zhí|tiě,neutral,
17478,鉅,jù,traditional,
17500,鉛,qiān|yán,traditional,
17509,鉤,gōu|gòu|qú,traditional,
17525,鉴,jiàn,simplified,6
17537,銀,yín,traditional,
17542,銅,tóng,traditional,
17559,銖,zhū,traditional,
17581,銬,kào,traditional,
17588,銳,ruì,traditional,
17592,銷,xiāo,traditional,
17594,銹,xiù|yòu,traditional,
17613,鋌,dìng|tǐng,traditional,
17619,鋒,fēng,traditional,
17643,鋪,pù|pū,traditional,
17657,鋸,jù|jū,traditional,
17661,鋼,gāng|gàng,traditional,
17669,錄,lù,traditional,
17689,錘,chuí,traditional,
17690,錙,zī,traditional,
17699,錢,qián|jiǎn,traditional,
17703,錦,jǐn,traditional,
17705,錨,máo,traditional,
17708,錫,xī|tì,traditional,
17712,錯,cuò|cù|xī,traditional,
17719,錶,biǎo,traditional,
17739,鍊,liàn|jiàn,traditional,
17740,鍋,guō|guǒ,traditional,
17756,鍛,duàn,traditional,
17782,鍵,jiàn,traditional,
17791,鍾,zhōng,traditional,
17803,鎊,bàng|pāng,traditional,
17815,鎖,suǒ,traditional,
17839,鎮,zhèn|zhēn|tián,traditional,
17865,鏈,liàn|lián,traditional,
17880,鏗,kēng,traditional,
17881,鏘,qiāng,traditional,
17888,鏟,chǎn,traditional,
17890,鏡,jìng,traditional,
17891,鏢,biāo,traditional,
17918,鏽,xiù,traditional,
17945,鐘,zhōng,traditional,
17972,鐳,léi,traditional,
17974,鐵,tiě|dié,traditional,
17989,鑄,zhù,traditional,
18002,鑑,jiàn,traditional,
18003,鑒,jiàn,traditional,
18033,鑰,yào|yuè,traditional,
18035,鑲,xiāng|ráng,traditional,
18045,鑼,luó,traditional,
18046,鑽,zuān|zuàn,traditional,
18057,针,zhēn,simplified,4
18058,钉,dīng|dìng,simplified,7-9
18068,钓,diào,simplified,7-9
18078,钝,dùn,simplified,
18079,钞,chāo,simplified,7-9
18080,钟,zhōng,simplified,2
18083,钢,gāng|gàng,simplified,5
18086,钥,yào|yuè,simplified,7-9
18087,钦,qīn,simplified,7-9
18095,钮,niǔ,simplified,
18098,钱,qián,simplified,1
18100,钳,qián,simplified,7-9
18108,钻,zuān|zuàn,simplified,6
18114,铁,tiě,simplified,2
18115,铂,bó,simplified,
18116,铃,líng,simplified,5
18118,铅,qiān|yán,simplified,6
18129,铐,kào,simplified,
18141,铜,tóng,simplified,6
18142,铝,lǚ,simplified,7-9
18149,铤,dìng|tǐng,simplified,
18158,铭,míng,simplified,7-9
18163,铲,chǎn,simplified,7-9
18167,银,yín,simplified,2
18169,铸,zhù,simplified,7-9
18171,铺,pù|pū,simplified,6
18175,链,liàn,simplified,7-9
18177,销,xiāo,simplified,4
18178,锁,suǒ,simplified,5
18180,锃,zèng,simplified,
18181,锄,chú,simplified,
18182,锅,guō,simplified,5
18185,锈,xiù,simplified,7-9
18188,锋,fēng,simplified,6
18193,锐,ruì,simplified,7-9
18198,锕,ā,simplified,
18202,错,cuò,simplified,1
18211,锢,gù,simplified,
18213,锤,chuí,simplified,7-9
18215,锦,jǐn,simplified,7-9
18223,键,jiàn,simplified,5
18224,锯,jù|jū,simplified,7-9
18236,锻,duàn,simplified,4
18241,镀,dù,simplified,
18243,镂,lòu,simplified,
18248,镇,zhèn,simplified,6
18251,镊,niè,simplified,
18258,镑,bàng,simplified,7-9
18263,镖,biāo,simplified,
18269,镜,jìng,simplified,4
18276,镣,liào,simplified,
18289,镰,lián,simplified,
18295,镶,xiāng,simplified,7-9
18296,長,zhǎng|cháng|zhàng,traditional,
18304,长,zhǎng|cháng,simplified,2
18305,門,mén,traditional,
18308,閃,shǎn,traditional,
18314,閉,bì,traditional,
18316,開,kāi|qiān,traditional,
18322,閑,xián,traditional,
18323,閒,xián|jiàn|jiān|jiǎn,traditional,
18324,間,jiān|jiàn|jiǎn,traditional,
18340,閣,gé,traditional,
18341,閤,gé|gē,traditional,
18345,閨,guī,traditional,
18354,閱,yuè,traditional,
18375,闆,bǎn|pǎn,traditional,
18379,闊,kuò,traditional,
18381,闌,lán|làn,traditional,
18389,闔,hé,traditional,
18391,闖,chuǎng|chèn,traditional,
18397,關,guān|wān|wǎn,traditional,
18403,闢,pì|pī,traditional,
18409,门,mén,simplified,1
18410,闩,shuān,simplified,
18411,闪,shǎn,simplified,4
18414,闭,bì,simplified,4
18415,问,wèn,simplified,1
18416,闯,chuǎng,simplified,5
18419,闲,xián,simplified,5
18421,间,jiān|jiàn,simplified,1
18424,闷,mèn|mēn,simplified,7-9
18425,闸,zhá,simplified,7-9
18426,闹,nào,simplified,4
18427,闺,guī,simplified,7-9
18428,闻,wén,simplified,2
18433,阀,fá,simplified,7-9
18434,阁,gé,simplified,7-9
18435,阂,hé,simplified,7-9
18438,阅,yuè,simplified,4
18449,阐,chǎn,simplified,7-9
18453,阔,kuò,simplified,6
18458,阙,quē|què,simplified,
18464,队,duì,simplified,2
18475,阪,bǎn,traditional,
18482,阱,jǐng,neutral,7-9
18483,防,fáng,neutral,3
18484,阳,yáng,simplified,2
18485,阴,yīn,simplified,2
18486,阵,zhèn,simplified,4
18487,阶,jiē,simplified,4
18492,阻,zǔ|zhù,neutral,4
18496,阿,ā|ē|ě|ǎ|à|a,neutral,4
18497,陀,tuó|duò,neutral,
18501,附,fù|bù|fū,neutral,4
18502,际,jì,neutral,2
18503,陆,lù|liù,simplified,4
18504,陇,lǒng,simplified,
18505,陈,chén,simplified,7-9
18508,陋,lòu,neutral,7-9
18509,陌,mò,neutral,7-9
18510,降,jiàng|xiáng|xiàng,neutral,4
18513,限,xiàn|wěn,neutral,4
18518,陕,shǎn,simplified,
18528,陟,zhì|dé,neutral,
18530,陡,dǒu,neutral,7-9
18531,院,yuàn,neutral,1
18532,陣,zhèn,traditional,
18533,除,chú|zhù|shū,neutral,3
18537,陨,yǔn,simplified,7-9
18538,险,xiǎn,simplified,3
18539,陪,péi,neutral,5
18545,陰,yīn|yìn|ān,traditional,
18548,陳,chén|zhèn,traditional,
18550,陵,líng,neutral,7-9
18551,陶,táo|yáo|dào,neutral,7-9
18552,陷,xiàn,neutral,6
18553,陸,lù|liù,traditional,
18558,陽,yáng,traditional,
18566,隅,yú,neutral,
18567,隆,lóng|lōng,neutral,7-9
18571,隊,duì|zhuì|suì,traditional,
18572,隋,suí|duò|tuǒ|tuō,neutral,
18574,隍,huáng,neutral,
18575,階,jiē,traditional,
18576,随,suí,neutral,2
18577,隐,yǐn,neutral,6
18581,隔,gé|rǒng|jī,neutral,4
18585,隘,ài|è,neutral,7-9
18586,隙,xì,neutral,7-9
18588,際,jì,traditional,
18589,障,zhàng|zhāng,neutral,6
18600,隧,suì|zhuì,neutral,7-9
18601,隨,suí,traditional,
18603,險,xiǎn|jiǎn|yán,traditional,
18610,隱,yǐn|yìn,traditional,
18615,隶,lì|dài|yì|dì,neutral,7-9
18617,隸,lì,traditional,
18620,隻,zhī|huò,traditional,
18623,难,nán|nàn,neutral,1
18625,雀,què|qiāo|qiǎo,neutral,7-9
18629,雄,xióng,neutral,5
18630,雅,yǎ|yā|yá,neutral,7-9
18631,集,jí,neutral,3
18632,雇,gù|hù,neutral,7-9
18637,雌,cí,neutral,
18639,雎,jū,neutral,
18640,雏,chú,simplified,
18646,雕,diāo,neutral,7-9
18647,雖,suī,traditional,
18650,雙,shuāng,traditional,
18653,雜,zá,traditional,
18655,雞,jī,traditional,
18659,離,lí|lì|lǐ|chī|gǔ,traditional,
18660,難,nán|nàn|nuó,traditional,
18665,雨,yǔ|yù,neutral,1
18667,雪,xuě,neutral,2
18672,雯,wén,neutral,
18675,雲,yún,traditional,
18676,雳,lì,simplified,
18679,零,líng|lián,neutral,1
18680,雷,léi|lèi,neutral,4
18682,雹,báo,neutral,
18684,電,diàn,traditional,
18687,雾,wù,simplified,7-9
18689,需,xū|nuò|rú|ruǎn,neutral,3
18695,霆,tíng,neutral,
18696,震,zhèn|shēn,neutral,5
18698,霉,méi,neutral,7-9
18702,霍,huò|hè|suǒ,neutral,7-9
18704,霏,fēi,neutral,
18711,霖,lín,neutral,
18717,霜,shuāng,neutral,7-9
18719,霞,xiá,neutral,7-9
18728,霧,wù|méng,traditional,
18734,霭,ǎi,simplified,
18739,露,lù|lòu,neutral,6
18745,霸,bà|pò,neutral,7-9
18746,霹,pī,neutral,
18751,霾,mái|lí,neutral,
18755,靂,lì,traditional,
18761,靈,líng,traditional,
18771,青,qīng|jīng,neutral,2
18772,靓,jìng|liàng,simplified,
18778,静,jìng,neutral,2
18781,靜,jìng,traditional,
18783,非,fēi|fěi,neutral,1
18785,靠,kào,neutral,2
18786,靡,mí|mǐ|má,neutral,
18787,面,miàn,neutral,1
18791,靦,tiǎn|miǎn,traditional,
18794,革,gé|jí,neutral,5
18805,靴,xuē,neutral,7-9
18813,靼,dá,neutral,
18828,鞋,xié|wā,neutral,2
18830,鞍,ān,neutral,
18832,鞏,gǒng,traditional,
18834,鞑,dá,simplified,
18849,鞠,jū|qū|qiōng,neutral,7-9
18862,鞭,biān,neutral,7-9
18892,韋,wéi|huí,traditional,
18893,韌,rèn,traditional,
18900,韓,hán,traditional,
18919,韦,wéi,simplified,
18920,韧,rèn,simplified,7-9
18922,韩,hán,simplified,7-9
18926,韭,jiǔ,neutral,
18932,音,yīn,neutral,2
18934,韵,yùn,neutral,7-9
18940,韻,yùn,traditional,
18944,響,xiǎng,traditional,
18946,頁,yè|xié,traditional,
18947,頂,dǐng,traditional,
18950,項,xiàng,traditional,
18951,順,shùn,traditional,
18953,須,xū,traditional,
18957,頌,sòng|róng,traditional,
18961,預,yù,traditional,
18962,頑,wán|kūn,traditional,
18963,頒,bān|fén,traditional,
18964,頓,dùn|dú,traditional,
18968,頗,pō|pǒ|pò|pí,traditional,
18969,領,lǐng,traditional,
18989,頬,jiá,neutral,
18990,頭,tóu|tou,traditional,
18993,頰,jiá,traditional,
19001,頸,jǐng|gěng,traditional,
19004,頻,pín|bīn,traditional,
19015,顆,kē|kě|kuǎn,traditional,
19021,題,tí|dì,traditional,
19022,額,é,traditional,
19024,顏,yán,traditional,
19029,顔,yán|yá,traditional,
19033,願,yuàn|yuǎn,traditional,
19034,顙,sǎng,traditional,
19036,顛,diān,traditional,
19039,類,lèi,traditional,
19048,顧,gù,traditional,
19052,顫,chàn|zhàn|shān,traditional,
19056,顯,xiǎn|xiàn,traditional,
19062,页,yè,simplified,1
19063,顶,dǐng,simplified,4
19066,项,xiàng,simplified,4
19067,顺,shùn,simplified,2
19068,须,xū,simplified,2
19070,顽,wán,simplified,6
19071,顾,gù,simplified,2
19072,顿,dùn|dú,simplified,3
19074,颁,bān,simplified,7-9
19077,预,yù,simplified,3
19079,领,lǐng,simplified,3
19080,颇,pǒ|pō,simplified,7-9
19081,颈,jǐng|gěng,simplified,7-9
19083,颊,jiá,simplified,7-9
19090,频,pín,simplified,5
19095,颖,yǐng,simplified,7-9
19096,颗,kē,simplified,5
19097,题,tí,simplified,2
19099,颚,è,simplified,
19101,颜,yán,simplified,2
19102,额,é,simplified,6
19105,颠,diān,simplified,7-9
19109,颤,chàn|zhàn,simplified,7-9
19113,風,fēng|fèng|fěng,traditional,
19122,颱,tái,traditional,
19124,颳,guā|jǐ,traditional,
19141,飄,piāo,traditional,
19143,飆,biāo,traditional,
19151,风,fēng,neutral,1
19161,飘,piāo,simplified,7-9
19164,飛,fēi,traditional,
19167,飞,fēi,simplified,1
19168,食,shí|sì|yì,neutral,2
19171,飢,jī,traditional,
19179,飪,rèn,traditional,
19184,飯,fàn,traditional,
19187,飲,yǐn|yìn,traditional,
19198,飽,bǎo,traditional,
19199,飾,shì|chì,traditional,
19204,餃,jiǎo|jiào,traditional,
19206,餅,bǐng,traditional,
19211,養,yǎng|yàng,traditional,
19213,餌,ěr,traditional,
19217,餐,cān|sūn,neutral,2
19219,餒,něi,traditional,
19220,餓,è,traditional,
19225,餘,yú|yé,traditional,
19227,餚,yáo,traditional,
19234,餡,xiàn|kàn,traditional,
19241,館,guǎn,traditional,
19254,餵,wèi,traditional,
19270,饅,mán,traditional,
19282,饑,jī|qí,traditional,
19283,饒,ráo,traditional,
19295,饞,chán,traditional,
19302,饥,jī,simplified,7-9
19305,饨,tún,simplified,
19307,饪,rèn,simplified,
19310,饭,fàn,simplified,1
19311,饮,yǐn|yìn,simplified,5
19313,饰,shì,simplified,5
19314,饱,bǎo,simplified,2
19319,饶,ráo,simplified,7-9
19323,饺,jiǎo,simplified,2
19325,饼,bǐng,simplified,5
19328,饿,è,simplified,1
19330,馁,něi,simplified,7-9
19333,馄,hún,simplified,
19334,馅,xiàn,simplified,7-9
19335,馆,guǎn,simplified,1
19337,馈,kuì,simplified,7-9
19339,馊,sōu,simplified,
19340,馋,chán,simplified,7-9
19342,馍,mó,simplified,
19347,馒,mán,simplified,6
19348,馓,sǎn,simplified,
19350,馕,náng|nǎng,simplified,
19351,首,shǒu,neutral,3
19354,香,xiāng,neutral,3
19369,馨,xīn,neutral,7-9
19373,馬,mǎ,traditional,
19380,馳,chí,traditional,
19381,馴,xún,traditional,
19394,駁,bó,traditional,
19409,駐,zhù,traditional,
19411,駒,jū|jù,traditional,
19414,駕,jià|jiā,traditional,
19420,駛,shǐ,traditional,
19422,駝,tuó,traditional,
19424,駟,sì,traditional,
19426,駡,mà,traditional,
19438,駭,hài,traditional,
19442,駱,luò|jià,traditional,
19456,駿,jùn,traditional,
19471,騎,qí|jì,traditional,
19479,騖,wù,traditional,
19482,騙,piàn,traditional,
19505,騰,téng,traditional,
19512,騷,sāo|sǎo|xiāo,traditional,
19519,騾,luó,traditional,
19526,驅,qū,traditional,
19542,驕,jiāo|xiāo|jū|qiáo,traditional,
19544,驗,yàn,traditional,
19547,驚,jīng,traditional,
19555,驢,lǘ,traditional,
19565,马,mǎ,simplified,1
19567,驮,tuó|duò,simplified,7-9
19568,驯,xùn|xún,simplified,7-9
19569,驰,chí,simplified,7-9
19570,驱,qū,simplified,7-9
19572,驳,bó,simplified,7-9
19573,驴,lǘ,simplified,
19575,驶,shǐ,simplified,5
19576,驷,sì,simplified,
19578,驹,jū,simplified,
19580,驻,zhù,simplified,6
19581,驼,tuó,simplified,
19583,驾,jià,simplified,5
19584,驿,yì,simplified,
19587,骂,mà,simplified,5
19589,骄,jiāo,simplified,6
19591,骆,luò,simplified,
19597,验,yàn,simplified,3
19602,骑,qí,simplified,2
19608,骗,piàn,simplified,5
19611,骚,sāo,simplified,7-9
19618,骡,luó,simplified,
19621,骤,zhòu,simplified,7-9
19625,骨,gǔ|gū|gú,neutral,4
19632,骯,āng|kǎng,traditional,
19633,骰,tóu|gǔ,neutral,
19641,骸,hái|gāi,neutral,
19645,骼,gé,neutral,
19667,髒,zāng|zǎng,traditional,
19668,髓,suǐ,neutral,7-9
19669,體,tǐ|tī,traditional,
19671,髖,kuān,traditional,
19673,高,gāo|gào,neutral,1
19687,髦,máo,neutral,7-9
19691,髪,fà|fǎ,neutral,
19695,髮,fà|fǎ,traditional,
19719,鬆,sōng|sòng|sóng,traditional,
19726,鬍,hú,traditional,
19739,鬚,xū,traditional,
19744,鬟,huán,neutral,
19747,鬢,bìn,traditional,
19750,鬥,dòu,traditional,
19752,鬧,nào,traditional,
19755,鬪,dòu,neutral,
19762,鬱,yù,traditional,
19773,鬼,guǐ,neutral,5
19778,魁,kuí|kuǐ|kuài,neutral,7-9
19779,魂,hún,neutral,7-9
19781,魄,pò|bó|tuò,neutral,7-9
19782,魅,mèi,neutral,7-9
19792,魏,wèi|wéi|wēi,neutral,7-9
19797,魔,mó,neutral,7-9
19803,魚,yú,traditional,
19824,魯,lǔ|lǚ,traditional,
19832,魷,yóu,traditional,
19858,鮑,bào|bāo|pāo,traditional,
19883,鮪,wěi,traditional,
19886,鮭,guī|xié|huà|wā|kuí,traditional,
19887,鮮,xiān|xiǎn|xiàn,traditional,
19915,鯊,shā,traditional,
19945,鯨,jīng|qíng,traditional,
20006,鰥,guān|guàn|kūn|gǔn,traditional,
20053,鱔,shàn,traditional,
20088,鱷,è,traditional,
20089,鱸,lú,traditional,
20093,鱼,yú,simplified,2
20096,鱿,yóu,simplified,
20098,鲁,lǔ,simplified,7-9
20105,鲈,lú,simplified,
20108,鲋,fù,simplified,
20110,鲍,bào,simplified,
20114,鲑,guī|xié,simplified,
20125,鲜,xiān|xiǎn,simplified,4
20128,鲟,xún,simplified,
20129,鲠,gěng,simplified,
20133,鲤,lǐ,simplified,
20142,鲭,qīng|zhēng,simplified,
20146,鲱,fēi,simplified,
20152,鲷,diāo,simplified,
20153,鲸,jīng,simplified,
20165,鳄,è,simplified,7-9
20182,鳕,xuě,simplified,
20183,鳖,biē,simplified,
20190,鳝,shàn,simplified,
20192,鳟,zūn,simplified,
20198,鳥,niǎo|diǎo|dǎo|què,traditional,
20212,鳳,fèng,traditional,
20213,鳴,míng,traditional,
20234,鴉,yā|yǎ,traditional,
20246,鴕,tuó,traditional,
20265,鴨,yā,traditional,
20284,鴻,hóng|hòng,traditional,
20288,鴿,gē,traditional,
20306,鵑,juān,traditional,
20318,鵝,é,traditional,
20322,鵡,wǔ,traditional,
20405,鶴,hè,traditional,
20440,鷗,ōu,traditional,
20474,鷹,yīng,traditional,
20507,鸚,yīng,traditional,
20512,鸟,niǎo|diǎo,simplified,2
20513,鸠,jiū,simplified,
20514,鸡,jī,simplified,1
20516,鸣,míng,simplified,7-9
20519,鸦,yā,simplified,7-9
20524,鸫,dōng,simplified,
20526,鸭,yā,simplified,5
20527,鸮,xiāo,simplified,
20534,鸵,tuó,simplified,
20542,鸽,gē,simplified,7-9
20544,鸿,hóng,simplified,
20550,鹅,é,simplified,7-9
20569,鹘,gǔ|hú,simplified,
20573,鹜,wù,simplified,
20581,鹤,hè,simplified,7-9
20590,鹭,lù,simplified,
20593,鹰,yīng,simplified,7-9
20596,鹳,guàn,simplified,
20602,鹹,xián|jiǎn,traditional,
20605,鹼,jiǎn,traditional,
20606,鹽,yán|yàn,traditional,
20608,鹿,lù|lǘ,neutral,7-9
20632,麗,lì|lí|lǐ|sī,traditional,
20638,麝,shè,neutral,
20640,麟,lín,neutral,
20646,麥,mài,traditional,
20647,麦,mài,neutral,6
20662,麵,miàn,traditional,
20668,麻,má|mā,neutral,3
20669,麼,me,traditional,
20670,麽,mó|má|ma|me,traditional,
20676,黃,huáng,traditional,
20677,黄,huáng,neutral,2
20687,黎,lí,neutral,7-9
20688,黏,nián,neutral,7-9
20690,黑,hēi,neutral,2
20691,黒,hēi,neutral,
20697,默,mò,neutral,4
20700,黛,dài,neutral,
20703,點,diǎn|zhān|duò,traditional,
20713,黨,dǎng|tǎng|chèng,traditional,
20735,黾,mǐn|miǎn|měng,neutral,
20751,鼎,dǐng|zhēn,neutral,7-9
20756,鼓,gǔ,neutral,5
20769,鼠,shǔ,neutral,5
20781,鼬,yòu,neutral,
20796,鼻,bí,neutral,5
20799,鼾,hān,neutral,
20811,齊,qí|jī|jì|zī|zhāi|jiǎn,traditional,
20817,齐,qí|jì,simplified,3
20819,齒,chǐ,traditional,
20834,齡,líng,traditional,
20836,齣,chū|chǐ,traditional,
20839,齦,kěn|qiǎn|yín|kǔn,traditional,
20864,齿,chǐ,simplified,7-9
20869,龄,líng,simplified,5
20870,龅,bāo,simplified,
20873,龈,kěn|yín,simplified,
20878,龍,lóng|máng,traditional,
20881,龐,páng|lóng,traditional,
20890,龙,lóng,simplified,3
20893,龜,guī|qiū|jūn,traditional,
20896,龟,guī|jūn|qiū,neutral,7-9
20993,𣬠,jī,neutral,
20994,𣬶,ba,neutral,
20995,䚹,pǐ,neutral,
20996,𧚅,lǎng,neutral,
20997,䫔,qì|qiè|yà|kuí,neutral,
