id,char,codepoint,pinyins_tone3,pinyins_display,gloss_en,examples
1,一,U+4E00,yi1|yi2|yi4,yī|yí|yì,one,一一|一一對應|一一对应
2,丁,U+4E01,ding1|zheng1,dīng|zhēng,surname Ding,一丁不識|一丁不识|一丁點
3,丂,U+4E02,kao3|qiao3|yu2,kǎo|qiǎo|yú,"""breath"" or ""sigh"" component in Chinese characters",
4,七,U+4E03,qi1|qi2,qī|qí,seven,七七事變|七七事变|七七八八
5,丄,U+4E04,shang4,shàng,old variant of 上[shang4],
6,丅,U+4E05,xia4,xià,old variant of 下[xia4],
7,丆,U+4E06,han3,hǎn,"one of the characters used in kwukyel (phonetic ""myeon""), an ancient Korean writing system",
8,万,U+4E07,wan4|mo4,wàn|mò,used in 万俟[Mo4 qi2],一夫当关，万夫莫开|一本万利|万俟
9,丈,U+4E08,zhang4,zhàng,"measure of length, ten Chinese feet (3.3 m)",一落千丈|丈二和尚，摸不著頭腦|丈二和尚，摸不着头脑
10,三,U+4E09,san1,sān,surname San,21三體綜合症|21三体综合症|一倡三歎
11,上,U+4E0A,shang4|shang3,shàng|shǎng,used in 上聲|上声[shang3 sheng1],一哭二鬧三上吊|一哭二闹三上吊|一擁而上
12,下,U+4E0B,xia4,xià,down,一下|一下兒|一下儿
13,丌,U+4E0C,ji1|qi2,jī|qí,surname Ji,
14,不,U+4E0D,bu4|fou3|fou1|fu1|bu2,bù|fǒu|fōu|fū|bú,no; not so,一丁不識|一丁不识|一不做，二不休
15,与,U+4E0E,yu3|yu4|yu2,yǔ|yù|yú,variant of 歟|欤[yu2],事与愿违|交与|信息与通讯技术
16,丏,U+4E0F,mian3,miǎn,hidden from view,
17,丐,U+4E10,gai4,gài,to beg for alms,丐幫|丐帮|丐版
18,丑,U+4E11,chou3,chǒu,surname Chou,丁丑|丑時|丑时
19,丒,U+4E12,chou3,chǒu,variant of 醜|丑[chou3],
20,专,U+4E13,zhuan1,zhuān,"for a particular person, occasion, purpose",一党专制|不敢自专|中央专制集权
21,且,U+4E14,qie3|ju1|cu2,qiě|jū|cú,and,且不說|且不说|且休
22,丕,U+4E15,pi1,pī,grand,丕變|丕变|曹丕
23,世,U+4E16,shi4,shì,surname Shi,一世|一生一世|三世
24,丗,U+4E17,shi4,shì,old variant of 世[shi4],
25,丘,U+4E18,qiu1,qiū,surname Qiu,一丘之貉|下丘腦|下丘脑
26,丙,U+4E19,bing3|bing4,bǐng|bìng,third of the ten Heavenly Stems 十天干[shi2 tian1 gan1],丙三醇|丙二醇|丙午
27,业,U+4E1A,ye4,yè,surname Ye,七大工业国集团|三无企业|三资企业
28,丛,U+4E1B,cong2,cóng,cluster,人丛|丛冢|丛书
29,东,U+4E1C,dong1,dōng,surname Dong,一东一西|三十年河东，三十年河西|上海浦东发展银行
30,丝,U+4E1D,si1,sī,silk,一丝一毫|一丝不挂|一丝不苟
31,丞,U+4E1E,cheng2|sheng4|zheng1|zheng3,chéng|shèng|zhēng|zhěng,deputy,丞相|楊丞琳|杨丞琳
32,丟,U+4E1F,diu1,diū,to lose,一丟丟|丟三落四|丟下
33,丠,U+4E20,qiu1,qiū,old variant of 丘[qiu1],
34,両,U+4E21,liang3,liǎng,Japanese variant of 兩|两[liang3],
35,丢,U+4E22,diu1,diū,to lose,一丢丢|丢三落四|丢下
36,丣,U+4E23,you3,yǒu,old variant of 酉[you3],
37,两,U+4E24,liang3,liǎng,two,一个头两个大|一刀两断|一分钱两分货
38,严,U+4E25,yan2,yán,surname Yan,嘴不严|嘴严|严了眼儿
39,並,U+4E26,bing4|ban4|bang4,bìng|bàn|bàng,and,一並|三江並流|並不
40,丧,U+4E27,sang4|sang1,sàng|sāng,mourning,凶丧|出丧|哭丧
41,丨,U+4E28,gun3,gǔn,radical in Chinese characters (Kangxi radical 2),
42,丩,U+4E29,jiu1,jiū,old variant of 糾|纠[jiu1],
43,个,U+4E2A,ge4|ge3|gan4,gè|gě|gàn,used in 自個兒|自个儿[zi4 ge3 r5],一个|一个中国政策|一个人
44,丫,U+4E2B,ya1,yā,fork,丫子|丫巴兒|丫巴儿
45,丬,U+4E2C,qiang2,qiáng,"""piece of wood"" radical in Chinese characters (Kangxi radical 90), mirror image of 片[pian4]",
46,中,U+4E2D,zhong1|zhong4,zhōng|zhòng,(bound form) China; Chinese,一中一台|一中原則|一中原则
47,丮,U+4E2E,ji3,jǐ,to catch,
48,丯,U+4E2F,jie4,jiè,,
49,丰,U+4E30,feng1,fēng,luxuriant,丰姿|丰采|五谷丰登
50,丱,U+4E31,guan4|kuang4,guàn|kuàng,two tufts of hair,
51,串,U+4E32,chuan4|guan4|quan4,chuàn|guàn|quàn,to string together,一連串|一连串|串串
52,丳,U+4E33,chan3|chuan4,chǎn|chuàn,skewer,
53,临,U+4E34,lin2,lín,to face,事到临头|五福临门|亚临界
54,丵,U+4E35,zhuo2,zhuó,thick grass,
55,丶,U+4E36,zhu3,zhǔ,"""dot"" radical in Chinese characters (Kangxi radical 3), aka 點|点[dian3]",
56,丷,U+4E37,ba1,bā,"""eight"" component in Chinese characters",
57,丸,U+4E38,wan2,wán,ball,丸劑|丸剂|丸子
58,丹,U+4E39,dan1,dān,red,不丹|丹佛|丹參
59,为,U+4E3A,wei4|wei2,wèi|wéi,as (in the capacity of),一之为甚|一分为二|一吐为快
60,主,U+4E3B,zhu3|zhu4,zhǔ|zhù,owner,UP主|一家之主|三民主義
61,丼,U+4E3C,jing3|dan3,jǐng|dǎn,"(Tw) bowl of steamed rice with other food on top (loanword from Japanese ""donburi"")",親子丼|亲子丼
62,丽,U+4E3D,li4|li2,lì|lí,Korea,亮丽|伊丽莎白|佳丽
63,举,U+4E3E,ju3,jǔ,variant of 舉|举[ju3],一举|一举一动|一举两得
64,丿,U+4E3F,pie3|yi4,piě|yì,"radical in Chinese characters (Kangxi radical 4), aka 撇[pie3]",
65,乀,U+4E40,fu2,fú,stretch,
66,乁,U+4E41,yi2|ji2,yí|jí,,
67,乂,U+4E42,yi4|ai4,yì|ài,to regulate,
68,乃,U+4E43,nai3|ai3,nǎi|ǎi,to be,乃堆拉|乃堆拉山口|乃是
69,乄,U+4E44,wu3,wǔ,,
70,久,U+4E45,jiu3,jiǔ,(of a period of time) long,N久|不久|不久前
71,乆,U+4E46,jiu3,jiǔ,old variant of 久[jiu3],
72,乇,U+4E47,tuo1|zhe2,tuō|zhé,old variant of 托[tuo1],
73,么,U+4E48,me|yao1|mo2|ma,me|yāo|mó|ma,surname Yao,不怎么|不怎么样|么並矢
74,义,U+4E49,yi4,yì,surname Yi,三侠五义|三国演义|三民主义
75,乊,U+4E4A,yi1,yī,"one of the characters used in kwukyel (phonetic ""ho""), an ancient Korean writing system",
76,之,U+4E4B,zhi1|zhu1|zhi4,zhī|zhū|zhì,"(possessive particle, literary equivalent of 的[de5])",一丘之貉|一之為甚|一之为甚
77,乌,U+4E4C,wu1|wu4,wū|wù,"abbr. for country names that begin with 烏|乌[wu1]: Ukraine 烏克蘭|乌克兰[Wu1 ke4 lan2], Uzbekistan 烏茲別克斯坦|乌兹别克斯坦[Wu1 zi1 bie2 ke4 si1 tan3] etc",三足乌|三足金乌|丢乌纱帽
78,乍,U+4E4D,zha4|zuo4,zhà|zuò,at first,一驚一乍|一惊一乍|乍得
79,乎,U+4E4E,hu1,hū,(classical particle similar to 於|于[yu2]) in,不亦樂乎|不亦乐乎|不在乎
80,乏,U+4E4F,fa2,fá,short of,不乏|不虞匱乏|不虞匮乏
81,乐,U+4E50,le4|yue4,lè|yuè,surname Le,上海音乐学院|不亦乐乎|中国游艺机游乐园协会
82,乑,U+4E51,yin2|pan1|zhong4,yín|pān|zhòng,to stand side by side,
83,乒,U+4E52,ping1,pīng,(onom.) ping,乒乓|乒乓球|乒乓球拍
84,乓,U+4E53,pang1,pāng,(onom.) bang,乒乓|乒乓球|乒乓球拍
85,乔,U+4E54,qiao2,qiáo,surname Qiao,杰弗里·乔叟|南乔治亚岛和南桑威奇|史蒂夫·乔布斯
86,乕,U+4E55,hu3,hǔ,old variant of 虎[hu3],
87,乖,U+4E56,guai1,guāi,"(of a child) obedient, well-behaved",上一次當，學一次乖|上一次当，学一次乖|乖乖
88,乗,U+4E57,cheng2,chéng,Japanese variant of 乘[cheng2],
89,乘,U+4E58,cheng2|sheng4,chéng|shèng,surname Cheng,上乘|乘人不備|乘人不备
90,乙,U+4E59,yi3|yi4|jue2,yǐ|yì|jué,second of the ten Heavenly Stems 十天干[shi2 tian1 gan1],乙丑|乙二醇|乙亥
91,乚,U+4E5A,yin3,yǐn,,
92,乛,U+4E5B,ya,ya,variant of 乙[zhe2],
93,乜,U+4E5C,mie1|nie4,miē|niè,surname Nie,乜嘢|乜斜
94,九,U+4E5D,jiu3|jiu1,jiǔ|jiū,nine,一二九運動|一二九运动|一言九鼎
95,乞,U+4E5E,qi3|qi4,qǐ|qì,to beg,乞丐|乞人|乞伏
96,也,U+4E5F,ye3|yi2,yě|yí,surname Ye,不提也罷|不提也罢|之乎者也
97,习,U+4E60,xi2,xí,surname Xi,修习|传习|反习
98,乡,U+4E61,xiang1,xiāng,country or countryside,七美乡|三地门乡|三星乡
99,乢,U+4E62,gai4,gài,ancient variant of 蓋|盖[gai4],
100,乣,U+4E63,jiu3,jiǔ,old variant of 糺[jiu3],
101,乤,U+4E64,xia4,xià,"first character in place name 乤浦 ""Halpho"" (Korean gugja)",
102,乥,U+4E65,hu4,hù,"one of the characters used in kwukyel (phonetic ""hol""), an ancient Korean writing system",
103,书,U+4E66,shu1,shū,abbr. for 書經|书经[Shu1 jing1],K书|三联书店|上书
104,乧,U+4E67,dou3,dǒu,"archaic Korean hanja pronounced dul, phonetic 斗 du plus 乙 ul",
105,乨,U+4E68,shi3,shǐ,old variant of 始[shi3],
106,乩,U+4E69,ji1,jī,to divine,乩童|扶乩|童乩
107,乪,U+4E6A,nang2,náng,a bend in a river (Cantonese),
108,乫,U+4E6B,jia1,jiā,"phonetic ""gal"" used in place names (Korean gugja)",
109,乬,U+4E6C,ju4,jù,,
110,乭,U+4E6D,shi2,shí,rock,
111,乮,U+4E6E,mao3,mǎo,,
112,乯,U+4E6F,hu1,hū,,
113,买,U+4E70,mai3,mǎi,to buy,一寸光阴一寸金，寸金难买寸光阴|一锤子买卖|代拿买特
114,乱,U+4E71,luan4,luàn,in confusion or disorder,一团乱糟|丁卯胡乱|三藩之乱
115,乲,U+4E72,zi1,zī,,
116,乳,U+4E73,ru3,rǔ,(bound form) breast,下乳|乳交|乳光
117,乴,U+4E74,xue2,xué,to grasp,
118,乵,U+4E75,yan3,yǎn,,
119,乶,U+4E76,fu3,fǔ,"(phonetic ""pol"", used in Korean place names)",乶下
120,乷,U+4E77,sha1,shā,"phonetic ""sal"" (Korean gugja)",
121,乸,U+4E78,na3,nǎ,feminine suffix (Cantonese),
122,乹,U+4E79,gan1,gān,old variant of 乾[qian2],
123,乺,U+4E7A,suo3,suǒ,"phonetic ""sol"" used in place names (Korean gugja)",
124,乻,U+4E7B,yu2,yú,,
125,乼,U+4E7C,cui,cui,rope (Korean gugja),
126,乽,U+4E7D,zhe3,zhě,,
127,乾,U+4E7E,qian2|gan1,qián|gān,old variant of 乾[qian2],一乾二淨|不乾不淨|不乾不淨，吃了沒病
128,乿,U+4E7F,zhi4|luan4,zhì|luàn,old variant of 亂|乱[luan4],
129,亀,U+4E80,gui1,guī,old variant of 龜|龟[gui1],
130,亁,U+4E81,gan1,gān,variant of 乾[qian2],
131,亂,U+4E82,luan4,luàn,in confusion or disorder,一團亂糟|丁卯胡亂|三藩之亂
132,亃,U+4E83,lin3|lin4,lǐn|lìn,"mythical animal, said to have yellow body and white tail",
133,亄,U+4E84,yi4,yì,covetous; greedy; stingy,
134,亅,U+4E85,jue2,jué,"""vertical stroke with hook"" radical in Chinese characters (Kangxi radical 6), aka 豎鉤|竖钩[shu4 gou1]",
135,了,U+4E86,le|liao3|liao4,le|liǎo|liào,(completed action marker),一了百了|一目了然|一笑了之
136,亇,U+4E87,ma,ma,variant of 個|个[ge4],
137,予,U+4E88,yu3|yu2|zhu4,yǔ|yú|zhù,(archaic) I,不予理會|不予理会|不予置評
138,争,U+4E89,zheng1,zhēng,to strive for,丁卯战争|不正当竞争|不争
139,亊,U+4E8A,shi4,shì,variant of 事[shi4],
140,事,U+4E8B,shi4|zi4,shì|zì,matter,一事無成|一事无成|一二八事變
141,二,U+4E8C,er4,èr,two,一不做，二不休|一乾二淨|一干二净
142,亍,U+4E8D,chu4,chù,to step with the right foot (used in 彳亍[chi4 chu4]),彳亍
143,于,U+4E8E,yu2|wei2|yu1|xu1,yú|wéi|yū|xū,surname Yu,一年之计在于春|一日之计在于晨|不下于
144,亏,U+4E8F,kui1|yu2,kuī|yú,to lose (money); to have a deficit,不做亏心事，不怕鬼敲门|不听老人言，吃亏在眼前|功亏一篑
145,亐,U+4E90,yu2,yú,old variant of 于[yu2],
146,云,U+4E91,yun2,yún,(classical) to say,三叶星云|不知所云|九霄云外
147,互,U+4E92,hu4,hù,mutual,互不侵犯|互不相欠|互不相讓
148,亓,U+4E93,qi2,qí,surname Qi,
149,五,U+4E94,wu3,wǔ,five,一五一十|一推六二五|一退六二五
150,井,U+4E95,jing3|jing4,jǐng|jìng,"Jing, one of the 28 constellations of Chinese astronomy",一年被蛇咬，十年怕井繩|一年被蛇咬，十年怕井绳|一朝被蛇咬，十年怕井繩
151,亖,U+4E96,si4,sì,old variant of 四[si4],
152,亗,U+4E97,sui4,suì,,
153,亘,U+4E98,gen4|xuan1|geng4,gèn|xuān|gèng,extending all the way across,亘古|亘古不变|亘古未有
154,亙,U+4E99,gen4|geng4,gèn|gèng,extending all the way across,亙古|亙古不變|亙古未有
155,亚,U+4E9A,ya4,yà,Asia,三亚|三亚市|不亚
156,些,U+4E9B,xie1|suo4|suo1,xiē|suò|suō,"classifier indicating a small amount or small number greater than 1: some, a few, several",一些|些微|些許
157,亜,U+4E9C,ya4,yà,Japanese variant of 亞|亚,
158,亝,U+4E9D,qi2|zhai1,qí|zhāi,old variant of 齊|齐[qi2],
159,亞,U+4E9E,ya4|ya1|e4,yà|yā|è,Asia,三亞|三亞市|不亞
160,亟,U+4E9F,ji2|qi4,jí|qì,(literary) urgently; anxiously; earnestly,亟待|亟需
161,亠,U+4EA0,tou2,tóu,"""lid"" radical in Chinese characters (Kangxi radical 8)",
162,亡,U+4EA1,wang2|wu2,wáng|wú,to die,亡佚|亡八|亡兵紀念日
163,亢,U+4EA2,kang4|gang1|geng1,kàng|gāng|gēng,surname Kang,不亢不卑|不卑不亢|亢奮
164,亣,U+4EA3,da4,dà,,
165,交,U+4EA4,jiao1,jiāo,to hand over; to deliver; to pay (money); to turn over,一手交錢，一手交貨|一手交钱，一手交货|一面之交
166,亥,U+4EA5,hai4|jie1,hài|jiē,"12th earthly branch: 9-11 p.m., 10th solar month (7th November-6th December), year of the Boar",丁亥|乙亥|亥時
167,亦,U+4EA6,yi4,yì,also,不亦|不亦樂乎|不亦乐乎
168,产,U+4EA7,chan3,chǎn,to give birth,三无产品|不事生产|不动产
169,亨,U+4EA8,heng1|xiang3|peng1,hēng|xiǎng|pēng,prosperous,亨丁頓舞蹈症|亨丁顿舞蹈症|亨利
170,亩,U+4EA9,mu3,mǔ,old variant of 畝|亩[mu3],一亩三分地|公亩|地亩
171,亪,U+4EAA,ye,ye,"one of the characters used in kwukyel (phonetic ""ye""), an ancient Korean writing system",
172,享,U+4EAB,xiang3,xiǎng,to enjoy,享受|享名|享國
173,京,U+4EAC,jing1,jīng,surname Jing,中俄北京條約|中俄北京条约|京九鐵路
174,亭,U+4EAD,ting2,tíng,pavilion,亭亭玉立|亭午|亭子
175,亮,U+4EAE,liang4|liang2,liàng|liáng,bright; light,一時瑜亮|一时瑜亮|三個臭皮匠，勝過一個諸葛亮
176,亯,U+4EAF,xiang3,xiǎng,old variant of 享[xiang3],
177,亰,U+4EB0,jing1,jīng,,
178,亱,U+4EB1,ye4,yè,variant of 夜[ye4],
179,亲,U+4EB2,qin1|qing4,qīn|qìng,parent,一亲芳泽|三亲六故|串亲访友
180,亳,U+4EB3,bo2,bó,name of district in Anhui,亳州|亳州市
181,亴,U+4EB4,you4,yòu,,
182,亵,U+4EB5,xie4,xiè,obscene,淫亵|淫词亵语|猥亵
183,亶,U+4EB6,dan3|dan4|chan2|zhan1,dǎn|dàn|chán|zhān,surname Dan,
184,亷,U+4EB7,lian2,lián,old variant of 廉[lian2],
185,亸,U+4EB8,duo3,duǒ,hang down,
186,亹,U+4EB9,wei3|men2,wěi|mén,mountain pass,亹亹|亹亹不倦
187,人,U+4EBA,ren2,rén,person; people,K人|e人|i人
188,亻,U+4EBB,ren2,rén,"""person"" radical in Chinese characters (Kangxi radical 9)",
189,亼,U+4EBC,ji2,jí,variant of 集[ji2],
190,亽,U+4EBD,ji2,jí,old variant of 亼[ji2],
191,亾,U+4EBE,wang2,wáng,old variant of 亡[wang2],
192,亿,U+4EBF,yi4,yì,100 million,以亿计|亿万|亿万富翁
193,什,U+4EC0,shen2|shi2,shén|shí,what,什一奉獻|什一奉献|什剎海
194,仁,U+4EC1,ren2,rén,humane,一視同仁|一视同仁|不仁
195,仂,U+4EC2,le4|li4,lè|lì,surplus,仂語|仂语
196,仃,U+4EC3,ding1|ding3,dīng|dǐng,used in 伶仃[ling2 ding1],伶仃|孤苦伶仃|瘦伶仃
197,仄,U+4EC4,ze4,zè,to tilt,仄徑|仄径|仄聲
198,仅,U+4EC5,jin3|fu4|nu2|jin4,jǐn|fù|nú|jìn,barely,不仅|不仅仅|不仅如此
199,仆,U+4EC6,pu1|pu2,pū|pú,to fall forward,主仆|仆街|仆人
200,仇,U+4EC7,chou2|qiu2|ju1,chóu|qiú|jū,surname Qiu,一箭之仇|三仇|世仇
201,仈,U+4EC8,ba1,bā,surname Ba,
202,仉,U+4EC9,zhang3,zhǎng,surname Zhang,
203,今,U+4ECA,jin1,jīn,now,也有今天|事到今日|事到如今
204,介,U+4ECB,jie4|ge4,jiè|gè,to introduce,一介不取|中介|中介所
205,仌,U+4ECC,bing1,bīng,old variant of 冰[bing1],
206,仍,U+4ECD,reng2,réng,still; yet,仍然|仍舊|仍旧
207,从,U+4ECE,cong2|zong4,cóng|zòng,variant of 從|从[cong2],一部二十四史，不知从何说起|三从四德|主从
208,仏,U+4ECF,fo2,fó,Japanese variant of 佛,
209,仐,U+4ED0,san3,sǎn,,
210,仑,U+4ED1,lun2,lún,to arrange,二仑|二仑乡|克仑特罗
211,仒,U+4ED2,bing1,bīng,"one of the characters used in kwukyel (phonetic ""eo"" or ""sya""), an ancient Korean writing system",
212,仓,U+4ED3,cang1,cāng,barn,侏儒仓鼠|仓位|仓促
213,仔,U+4ED4,zai3|zi3|zi1,zǎi|zǐ|zī,variant of 崽[zai3],E仔|K仔|三七仔
214,仕,U+4ED5,shi4,shì,to serve as an official,仕女|仕宦|仕途
215,他,U+4ED6,ta1|tuo2,tā|tuó,"(third-person singular) (since the early 20th century, usu. male) he; him; his",K他命|他人|他他米
216,仗,U+4ED7,zhang4,zhàng,weaponry,仗勢|仗势|仗勢欺人
217,付,U+4ED8,fu4,fù,surname Fu,一次總付|一次总付|交付
218,仙,U+4ED9,xian1|xian3,xiān|xiǎn,immortal,中華仙鶲|中华仙鹟|仙丹
219,仚,U+4EDA,xian1,xiān,old variant of 仙[xian1],
220,仛,U+4EDB,tuo1|duo2|cha4|zhe2,tuō|duó|chà|zhé,,
221,仜,U+4EDC,hong2,hóng,,
222,仝,U+4EDD,tong2,tóng,variant of 同[tong2] (used as a surname and in given names),
223,仞,U+4EDE,ren4,rèn,"unit of length used in ancient times, equal to 7 or 8 Chinese feet 尺[chi3]",壁立千仞
224,仟,U+4EDF,qian1,qiān,thousand (banker's anti-fraud numeral),
225,仠,U+4EE0,gan3|han4,gǎn|hàn,,
226,仡,U+4EE1,ge1|yi4|wu4,gē|yì|wù,"used in 仡佬族[Ge1 lao3 zu2], Gelao or Klau ethnic group of Guizhou",仡佬族|務川仡佬族苗族自治縣|务川仡佬族苗族自治县
227,仢,U+4EE2,bo2,bó,,
228,代,U+4EE3,dai4,dài,to be a substitute for; to act on behalf of; to replace; to substitute,一代|一代不如一代|七十年代
229,令,U+4EE4,ling4|ling2|ling3|lian2,lìng|líng|lǐng|lián,used in 脊令[ji2 ling2],一個將軍一個令|一个将军一个令|三令五申
230,以,U+4EE5,yi3|si4,yǐ|sì,old variant of 以[yi3],一以貫之|一以贯之|一則以喜，一則以憂
231,仦,U+4EE6,chao4,chào,,
232,仧,U+4EE7,chang2,cháng,,
233,仨,U+4EE8,sa1,sā,three (colloquial equivalent of 三個|三个),
234,仩,U+4EE9,chang2,cháng,,
235,仪,U+4EEA,yi2,yí,apparatus,下线仪式|候风地动仪|仪仗
236,仫,U+4EEB,mu4,mù,"used in 仫佬族[Mu4 lao3 zu2], Mulao ethnic group of Guangxi",仫佬|仫佬族|羅城仫佬族自治縣
237,们,U+4EEC,men|men2,men|mén,"plural marker for pronouns, and nouns referring to individuals",亚们|人们|他们
238,仭,U+4EED,ren4,rèn,,
239,仮,U+4EEE,fan3,fǎn,Japanese variant of 假[jia3],
240,仯,U+4EEF,chao4|miao3,chào|miǎo,,
241,仰,U+4EF0,yang3|ang2,yǎng|áng,surname Yang,久仰|久仰大名|人仰馬翻
242,仱,U+4EF1,qian2|jing1,qián|jīng,,
243,仲,U+4EF2,zhong4,zhòng,surname Zhong,不分伯仲|仲介|仲夏
244,仳,U+4EF3,pi3|pi2|bi4,pǐ|pí|bì,to part,
245,仴,U+4EF4,wo4,wò,,
246,仵,U+4EF5,wu3,wǔ,surname Wu,仵作|仵工
247,件,U+4EF6,jian4|mou2,jiàn|móu,item,三件套式西裝|三件套式西装|中間件
248,价,U+4EF7,jia4|jie|jie4,jià|jie|jiè,(literary) messenger; servant,一价|一口价|三价
249,仸,U+4EF8,yao3|fo2,yǎo|fó,,
250,仹,U+4EF9,feng1,fēng,,
251,仺,U+4EFA,cang1,cāng,,
252,任,U+4EFB,ren4|ren2|lin4,rèn|rén|lìn,surname Ren,上任|下任|不信任動議
253,仼,U+4EFC,wang2,wáng,,
254,份,U+4EFD,fen4|bin1,fèn|bīn,"classifier for gifts, newspaper, magazine, papers, reports, contracts etc",一式二份|一月份|七月份
255,仾,U+4EFE,di1,dī,,
256,仿,U+4EFF,fang3|pang2,fǎng|páng,to imitate,仿似|仿佛|仿傚
257,伀,U+4F00,zhong1,zhōng,restless,
258,企,U+4F01,qi3,qǐ,(bound form) to stand on tiptoe and look; to anticipate; to look forward to,三無企業|三无企业|三資企業
259,伂,U+4F02,pei4,pèi,,
260,伃,U+4F03,yu2|yu3|xu4,yú|yǔ|xù,,
261,伄,U+4F04,diao4,diào,used in 伄儅[diao4 dang1],伄儅
262,伅,U+4F05,dun4,dùn,,
263,伆,U+4F06,wu4,wù,,
264,伇,U+4F07,yi4,yì,old variant of 役[yi4],
265,伈,U+4F08,xin3|lin3,xǐn|lǐn,nervous,
266,伉,U+4F09,kang4|gang1|kang3,kàng|gāng|kǎng,spouse,伉儷|伉俪|伉儷情深
267,伊,U+4F0A,yi1,yī,surname Yi,中俄伊犁條約|中俄伊犁条约|中國伊斯蘭教協會
268,伋,U+4F0B,ji2|fan2,jí|fán,unreal,
269,伌,U+4F0C,ai4,ài,,
270,伍,U+4F0D,wu3,wǔ,surname Wu,伍奢|伍子胥|伍家崗
271,伎,U+4F0E,ji4|zhi4|qi2|qi4,jì|zhì|qí|qì,artistry,伎倆|伎俩|故伎
272,伏,U+4F0F,fu2|fu4,fú|fù,surname Fu,三伏|三伏天|中伏
273,伐,U+4F10,fa2,fá,to cut down,伐木|伐木場|伐木场
274,休,U+4F11,xiu1|xu4,xiū|xù,surname Xiu,一不做，二不休|一醉方休|不休
275,伒,U+4F12,jin4|yin2,jìn|yín,,
276,伓,U+4F13,pi1,pī,,
277,伔,U+4F14,dan3,dǎn,,
278,伕,U+4F15,fu1,fū,variant of 夫[fu1],馬伕
279,伖,U+4F16,tang3,tǎng,,
280,众,U+4F17,zhong4|yin2,zhòng|yín,"abbr. for 眾議院|众议院[Zhong4 yi4 yuan4], House of Representatives",一览众山小|不孚众望|不负众望
281,优,U+4F18,you1|you2,yōu|yóu,excellent,占优势|优伶|优先
282,伙,U+4F19,huo3|huo,huǒ|huo,meals (abbr. for 伙食[huo3 shi2]),伙伴|伙同|伙夫
283,会,U+4F1A,hui4|kuai4,huì|kuài,can; to have the skill; to know how to,一力降十会|一学就会|一时半会
284,伛,U+4F1B,yu3,yǔ,hunchbacked,
285,伜,U+4F1C,cui4,cuì,variant of 倅[cui4],
286,伝,U+4F1D,yun2,yún,Japanese variant of 傳|传,
287,伞,U+4F1E,san3,sǎn,umbrella,低空跳伞|保护伞|伞下
288,伟,U+4F1F,wei3,wěi,big,伟人|伟力|伟哥
289,传,U+4F20,chuan2|zhuan4,chuán|zhuàn,to pass on,一传十，十传百|上传|上海文广新闻传媒集团
290,伡,U+4F21,che1,chē,,
291,伢,U+4F22,ya2,yá,(dialect) child,伢子|伢崽
292,伣,U+4F23,qian4,qiàn,(old) like,
293,伤,U+4F24,shang1,shāng,to injure,不伤脾胃|丘脑损伤|中伤
294,伥,U+4F25,chang1,chāng,(bound form) ghost of sb devoured by a tiger who helps the tiger devour others,伥鬼|为虎作伥
295,伦,U+4F26,lun2,lún,human relationship,不伦|不伦不类|不列颠哥伦比亚
296,伧,U+4F27,cang1|chen,cāng|chen,low fellow,寒伧
297,伨,U+4F28,xun4,xùn,,
298,伩,U+4F29,xin4,xìn,variant of 信[xin4] (originally meant as part of the second round of simplified Chinese characters),
299,伪,U+4F2A,wei3,wěi,false,假冒伪劣|伪代码|伪劣
300,伫,U+4F2B,zhu4,zhù,to stand for a long time,伫列|伫立
301,伬,U+4F2C,ze,ze,,
302,伭,U+4F2D,xian2,xián,surname Xian,
303,伮,U+4F2E,nu3,nǔ,,
304,伯,U+4F2F,bo2|bai3|mo4|ba4,bó|bǎi|mò|bà,variant of 霸[ba4],不分伯仲|世伯|亞伯
305,估,U+4F30,gu1|gu4,gū|gù,to estimate,不可估量|估值|估價
306,伱,U+4F31,ni3,nǐ,old variant of 你[ni3],
307,伲,U+4F32,ni4|ni2|ni3,nì|ní|nǐ,variant of 你[ni3],
308,伳,U+4F33,xie4,xiè,,
309,伴,U+4F34,ban4|pan4,bàn|pàn,partner; companion; comrade; associate,伙伴|伴侶|伴侣
310,伵,U+4F35,xu4,xù,,
311,伶,U+4F36,ling2,líng,(old) actor; actress,伶人|伶仃|伶俐
312,伷,U+4F37,zhou4,zhòu,,
313,伸,U+4F38,shen1,shēn,to stretch,伸冤|伸出|伸卡球
314,伹,U+4F39,qu1|zu4,qū|zù,clumsy and dumb,
315,伺,U+4F3A,ci4|si4,cì|sì,used in 伺候[ci4 hou5],伺候|伺服|伺服器
316,伻,U+4F3B,beng1,bēng,to cause,
317,似,U+4F3C,shi4|si4,shì|sì,used in 似的[shi4 de5],仿似|似乎|似地
318,伽,U+4F3D,ga1|jia1|qie2,gā|jiā|qié,used in the transliteration of Greek letters,伽倻|伽倻琴|伽利略
319,伾,U+4F3E,pi1,pī,multitudinous,王伾
320,伿,U+4F3F,yi4,yì,,
321,佀,U+4F40,si4,sì,old variant of 似[si4],
322,佁,U+4F41,yi3|ai3|si4|chi4,yǐ|ǎi|sì|chì,,
323,佂,U+4F42,zheng1,zhēng,,
324,佃,U+4F43,dian4|tian2,diàn|tián,to rent farmland from a landlord,佃戶|佃户|佃農
325,佄,U+4F44,han1|gan4,hān|gàn,,
326,佅,U+4F45,mai4,mài,,
327,但,U+4F46,dan4|tan3|yan4,dàn|tǎn|yàn,but; yet; however; still,不但|不求有功，但求無過|不求有功，但求无过
328,佇,U+4F47,zhu4,zhù,to stand for a long time,佇列|佇立
329,佈,U+4F48,bu4,bù,variant of 布[bu4],佈伍|佈告|佈告欄
330,佉,U+4F49,qu1|qia1,qū|qiā,surname Qu,佉盧文|佉卢文|豆佉
331,佊,U+4F4A,bi3,bǐ,,
332,佋,U+4F4B,zhao1|shao2|shao4,zhāo|sháo|shào,,
333,佌,U+4F4C,ci3,cǐ,petty,
334,位,U+4F4D,wei4|li4,wèi|lì,position,C位|一步到位|三位一體
335,低,U+4F4E,di1,dī,low,一見高低|一见高低|不識高低
336,住,U+4F4F,zhu4,zhù,to live,不住|不管白貓黑貓，捉住老鼠就是好貓|不管白猫黑猫，捉住老鼠就是好猫
337,佐,U+4F50,zuo3,zuǒ,to assist,佐世保|佐丹奴|佐佐木
338,佑,U+4F51,you4,yòu,(bound form) to bless; to protect,佑護|佑护|保佑
339,佒,U+4F52,yang3|yang1,yǎng|yāng,,
340,体,U+4F53,ti3|ti1|ben4|cui4,tǐ|tī|bèn|cuì,used in 體己|体己[ti1 ji5],21三体综合症|一体|一体两面
341,佔,U+4F54,zhan4|chan1|dian1,zhàn|chān|diān,variant of 占[zhan4],佔上風|佔下風|佔中
342,何,U+4F55,he2|he4,hé|hè,surname He,一部二十四史，不知從何說起|一部二十四史，不知从何说起|不知何故
343,佖,U+4F56,bi4,bì,,
344,佗,U+4F57,tuo2|tuo1|tuo4|yi2,tuó|tuō|tuò|yí,carry on the back,華佗|华佗|華佗再世
345,佘,U+4F58,she2,shé,surname She,
346,余,U+4F59,yu2|tu2|xu2|yu4,yú|tú|xú|yù,surname Yu,一览无余|七政四余|不遗余力
347,佚,U+4F5A,yi4|die2,yì|dié,surname Yi,亡佚|佚名|散佚
348,佛,U+4F5B,fu2|fo2|bo2|bi4,fú|fó|bó|bì,Buddha; Buddhism (abbr. for 佛陀[Fo2 tuo2]),不看僧面看佛面|不空成就佛|丹佛
349,作,U+4F5C,zuo4|zuo1|zuo2,zuò|zuō|zuó,(bound form) worker,一鼓作氣|一鼓作气|上海合作組織
350,佝,U+4F5D,gou1|kou4|ju1,gōu|kòu|jū,used in 佝僂|佝偻[gou1 lou2],佝僂|佝偻|佝僂病
351,佞,U+4F5E,ning4,nìng,to flatter,不佞|奸佞|讒佞
352,佟,U+4F5F,tong2,tóng,surname Tong,佟佳江
353,你,U+4F60,ni3,nǐ,"you (informal, as opposed to courteous 您[nin2])",人家牽驢你拔橛|人家牵驴你拔橛|什麼風把你吹來的
354,佡,U+4F61,xian1,xiān,"variant of 仙, immortal",
355,佢,U+4F62,qu2,qú,"(Cantonese) he, she, it",
356,佣,U+4F63,yong1|yong4,yōng|yòng,commission (for middleman),佣金|佣錢|佣钱
357,佤,U+4F64,wa3,wǎ,"Wa, Kawa or Va ethnic group of Myanmar, south China and southeast Asia",佤族|佧佤族|孟連傣族拉祜族佤族自治縣
358,佥,U+4F65,qian1,qiān,all,
359,佦,U+4F66,shi,shi,,
360,佧,U+4F67,ka3,kǎ,ancient name for an ethnic group in China,佧佤族
361,佨,U+4F68,bao1,bāo,,
362,佩,U+4F69,pei4,pèi,to respect,令人欽佩|令人钦佩|佩劍
363,佪,U+4F6A,hui2|huai2,huí|huái,irresolute,俳佪
364,佫,U+4F6B,he4|ge2,hè|gé,surname He,
365,佬,U+4F6C,lao3|liao2,lǎo|liáo,male,仡佬族|仫佬|仫佬族
366,佭,U+4F6D,xiang2,xiáng,,
367,佮,U+4F6E,ge2|e2,gé|é,,
368,佯,U+4F6F,yang2,yáng,to feign,佯狂|佯裝|佯装
369,佰,U+4F70,bai3|mo4,bǎi|mò,hundred (banker's anti-fraud numeral),八佰伴
370,佱,U+4F71,fa3,fǎ,old variant of 法[fa3],
371,佲,U+4F72,ming3,mǐng,,
372,佳,U+4F73,jia1,jiā,surname Jia,上佳|不佳|亂世佳人
373,佴,U+4F74,er4|nai4,èr|nài,assistant,
374,併,U+4F75,bing4,bìng,to combine,一併|中西合併|交併
375,佶,U+4F76,ji2,jí,difficult to pronounce,
376,佷,U+4F77,hen3|heng2,hěn|héng,to act contrary to,
377,佸,U+4F78,huo2,huó,meet,
378,佹,U+4F79,gui3|gui1,guǐ|guī,(literary) perverse; unreasonable,
379,佺,U+4F7A,quan2,quán,immortal,
380,佻,U+4F7B,tiao1|tiao2|tiao4|diao3|yao2|dao4|zhao4,tiāo|tiáo|tiào|diǎo|yáo|dào|zhào,frivolous,輕佻|轻佻
381,佼,U+4F7C,jiao3|jiao1|xiao2,jiǎo|jiāo|xiáo,handsome,佼佼者
382,佽,U+4F7D,ci4,cì,surname Ci,
383,佾,U+4F7E,yi4,yì,row of dancers at sacrifices,
384,使,U+4F7F,shi3,shǐ,to make,不首先使用|主使|任賢使能
385,侀,U+4F80,xing2,xíng,shape,
386,侁,U+4F81,shen1,shēn,large crowd,
387,侂,U+4F82,tuo1,tuō,(literary) to entrust (variant of 託|托[tuo1]),
388,侃,U+4F83,kan3,kǎn,upright and honest,侃侃|侃侃而談|侃侃而谈
389,侄,U+4F84,zhi2,zhí,variant of 姪|侄[zhi2],堂侄|侄儿|侄女
390,侅,U+4F85,gai1|hai4,gāi|hài,to give,
391,來,U+4F86,lai2|lai4,lái|lài,to come,一來|一來二去|一直以來
392,侇,U+4F87,yi2,yí,(literary) class; category,
393,侈,U+4F88,chi3,chǐ,extravagant,侈糜|侈談|侈谈
394,侉,U+4F89,kua3|hua2|e4|wu2,kuǎ|huá|è|wú,foreign accent,侉子
395,侊,U+4F8A,guang1,guāng,,
396,例,U+4F8B,li4|lie4,lì|liè,example,下不為例|下不为例|事例
397,侌,U+4F8C,yin1,yīn,old variant of 陰|阴[yin1],
398,侍,U+4F8D,shi4,shì,to serve,伏侍|侍候|侍奉
399,侎,U+4F8E,mi3,mǐ,,
400,侏,U+4F8F,zhu1|zhou1,zhū|zhōu,dwarf,侏儒|侏儒倉鼠|侏儒仓鼠
401,侐,U+4F90,xu4,xù,still,
402,侑,U+4F91,you4,yòu,(literary) to urge sb (to eat or drink),
403,侒,U+4F92,an1|an3,ān|ǎn,,
404,侓,U+4F93,lu4,lù,,
405,侔,U+4F94,mou2|mao2,móu|máo,similar,
406,侕,U+4F95,er2,ér,,
407,侖,U+4F96,lun2|lun4,lún|lùn,to arrange,克侖特羅|加侖|北侖
408,侗,U+4F97,dong4|tong1|tong2|tong3,dòng|tōng|tóng|tǒng,Dong ethnic group (aka Kam people),三江侗族自治縣|三江侗族自治县|侗人
409,侘,U+4F98,cha4,chà,boast,
410,侙,U+4F99,chi1,chī,,
411,侚,U+4F9A,xun4|xun2,xùn|xún,(literary) quick,
412,供,U+4F9B,gong1|gong4,gōng|gòng,to provide; to supply,上供|串供|供不應求
413,侜,U+4F9C,zhou1,zhōu,to conceal,
414,依,U+4F9D,yi1|yi3,yī|yǐ,to depend on,三歸依|三归依|不依
415,侞,U+4F9E,ru2,rú,,
416,侟,U+4F9F,cun2|jian4,cún|jiàn,,
417,侠,U+4FA0,xia2,xiá,knight-errant,三侠五义|任侠|侠士
418,価,U+4FA1,si4,sì,Japanese variant of 價|价,
419,侢,U+4FA2,dai4,dài,old variant of 戴[dai4],
420,侣,U+4FA3,lv3,lǚ,companion,伴侣|伴侣号|僧侣
421,侤,U+4FA4,ta,ta,,
422,侥,U+4FA5,jiao3|yao2,jiǎo|yáo,by mere luck,侥幸|侥幸心理|僬侥
423,侦,U+4FA6,zhen1,zhēn,to scout,侦察|侦察兵|侦察员
424,侧,U+4FA7,ce4|ze4|zhai1,cè|zè|zhāi,the side,一侧化|二侧|侧刀旁
425,侨,U+4FA8,qiao2,qiáo,emigrant,侨务|侨务委员会|侨居
426,侩,U+4FA9,kuai4,kuài,broker,市侩|牙侩
427,侪,U+4FAA,chai2,chái,a class,同侪|同侪团体|同侪压力
428,侫,U+4FAB,ning4,nìng,,
429,侬,U+4FAC,nong2,nóng,you (Wu dialect),卡侬|吴侬娇语|吴侬软语
430,侭,U+4FAD,jin3,jǐn,,
431,侮,U+4FAE,wu3,wǔ,to insult,侮弄|侮慢|侮罵
432,侯,U+4FAF,hou2|hou4,hóu|hòu,surname Hou,侯景之亂|侯景之乱|侯爵
433,侰,U+4FB0,jiong3,jiǒng,,
434,侱,U+4FB1,cheng3|ting3,chěng|tǐng,,
435,侲,U+4FB2,zhen4|zhen1|chen1,zhèn|zhēn|chēn,,
436,侳,U+4FB3,zuo4,zuò,,
437,侴,U+4FB4,chou3,chǒu,surname Chou,
438,侵,U+4FB5,qin1|qin3,qīn|qǐn,to invade,不可侵犯|不可侵犯權|不可侵犯权
439,侶,U+4FB6,lv3,lǚ,companion,伴侶|伴侶號|僧侶
440,侷,U+4FB7,ju2,jú,narrow,侷促|侷限
441,侸,U+4FB8,shu4|dou1,shù|dōu,,
442,侹,U+4FB9,ting3,tǐng,(literary) level and straight,
443,侺,U+4FBA,shen4,shèn,,
444,侻,U+4FBB,tui4|tuo1,tuì|tuō,,
445,侼,U+4FBC,bo2,bó,,
446,侽,U+4FBD,nan2,nán,old variant of 男[nan2],
447,侾,U+4FBE,xiao1,xiāo,,
448,便,U+4FBF,bian4|pian2|bian1,biàn|pián|biān,plain,不便|不便險|不便险
449,俀,U+4FC0,tui3,tuǐ,,
450,俁,U+4FC1,yu3,yǔ,big,水俁市|水俁病
451,係,U+4FC2,xi4,xì,to connect,三角關係|不正當關係|中俄關係
452,促,U+4FC3,cu4|chuo4,cù|chuò,(bound form) of short duration; hasty; rapid,中國國際貿易促進委員會|中国国际贸易促进委员会|中國民主促進會
453,俄,U+4FC4,e2,é,Russia,中俄|中俄伊犁條約|中俄伊犁条约
454,俅,U+4FC5,qiu2,qiú,ornamental cap,
455,俆,U+4FC6,xu2|shu1,xú|shū,,
456,俇,U+4FC7,guang4,guàng,,
457,俈,U+4FC8,ku4,kù,,
458,俉,U+4FC9,wu3|wu2,wǔ|wú,used in 逢俉[feng2 wu2],逢俉
459,俊,U+4FCA,jun4|shun4|dun1,jùn|shùn|dūn,old variant of 俊[jun4],俊俏|俊傑|俊杰
460,俋,U+4FCB,yi4,yì,,
461,俌,U+4FCC,fu3,fǔ,,
462,俍,U+4FCD,liang2|lang3,liáng|lǎng,(literary) to be good at; to be expert in,
463,俎,U+4FCE,zu3,zǔ,a stand for food at sacrifice,人為刀俎，我為魚肉|人为刀俎，我为鱼肉|刀俎
464,俏,U+4FCF,qiao4|xiao4|xiao1,qiào|xiào|xiāo,good-looking,俊俏|俏皮|俏皮話
465,俐,U+4FD0,li4,lì,used in 伶俐[ling2 li4],伶俐|伶牙俐齒|伶牙俐齿
466,俑,U+4FD1,yong3,yǒng,wooden figures buried with the dead,俑坑|兵馬俑|兵马俑
467,俒,U+4FD2,hun4,hùn,,
468,俓,U+4FD3,jing4|ying2,jìng|yíng,(literary) to pass through,
469,俔,U+4FD4,qian4|xian4,qiàn|xiàn,(old) like,
470,俕,U+4FD5,san4,sàn,,
471,俖,U+4FD6,pei3,pěi,,
472,俗,U+4FD7,su2,sú,custom,不俗|不落俗套|世俗
473,俘,U+4FD8,fu2,fú,to take prisoner,中子俘獲|中子俘获|俘獲
474,俙,U+4FD9,xi1,xī,,
475,俚,U+4FDA,li3|li4,lǐ|lì,old name for the 黎[Li2] ethnic group,俚語|俚语|俚諺
476,俛,U+4FDB,fu3|mian3,fǔ|miǎn,to exhort,
477,俜,U+4FDC,ping1,pīng,used in 伶俜[ling2 ping1],伶俜
478,保,U+4FDD,bao3,bǎo,Bulgaria (abbr. for 保加利亞|保加利亚[Bao3 jia1 li4 ya4]),一類保護動物|一类保护动物|不列顛保衛戰
479,俞,U+4FDE,yu2|shu4,yú|shù,surname Yu,俞天白|俞文豹|俞正聲
480,俟,U+4FDF,qi2|si4,qí|sì,used in 万俟[Mo4 qi2],万俟|俟候|俟機
481,俠,U+4FE0,xia2,xiá,knight-errant,三俠五義|任俠|俠士
482,信,U+4FE1,xin4|shen1,xìn|shēn,letter,不信任動議|不信任动议|不信任投票
483,俢,U+4FE2,xiu1,xiū,,
484,俣,U+4FE3,yu3,yǔ,big,水俣市|水俣病
485,俤,U+4FE4,di4,dì,variant of 弟[di4],
486,俥,U+4FE5,che1|ju1,chē|jū,,
487,俦,U+4FE6,chou2,chóu,comrades,
488,俧,U+4FE7,zhi4,zhì,,
489,俨,U+4FE8,yan3,yǎn,majestic,俨如|俨然
490,俩,U+4FE9,lia3|liang3,liǎ|liǎng,two (colloquial equivalent of 兩個|两个),伎俩|俩钱|俩钱儿
491,俪,U+4FEA,li4,lì,husband and wife,伉俪|伉俪情深|俪影
492,俫,U+4FEB,lai2,lái,,
493,俬,U+4FEC,si1,sī,,
494,俭,U+4FED,jian3,jiǎn,(bound form) frugal; thrifty,俭以养廉|俭学|俭朴
495,修,U+4FEE,xiu1,xiū,surname Xiu,下修|不修邊幅|不修边幅
496,俯,U+4FEF,fu3,fǔ,variant of 俯[fu3],俯仰|俯仰之間|俯仰之间
497,俰,U+4FF0,huo4,huò,,
498,俱,U+4FF1,ju4|ju1,jù|jū,(literary) all; both; entirely; without exception,一應俱全|一应俱全|五味俱全
499,俲,U+4FF2,xiao4,xiào,variant of 傚|效[xiao4],
500,俳,U+4FF3,pai2,pái,not serious,俳佪|俳句
501,俴,U+4FF4,jian4,jiàn,short,
502,俵,U+4FF5,biao4,biào,(literary) to distribute,
503,俶,U+4FF6,chu4|shu1|ti4,chù|shū|tì,to begin,
504,俷,U+4FF7,fei4,fèi,(literary) to violate (a moral code),
505,俸,U+4FF8,feng4|beng3,fèng|běng,(bound form) salary; stipend,乾俸|干俸|俸恤
506,俹,U+4FF9,ya4|ya1,yà|yā,,
507,俺,U+4FFA,an3|yan4,ǎn|yàn,I (northern dialects),
508,俻,U+4FFB,bei4,bèi,variant of 備|备[bei4],
509,俼,U+4FFC,yu4,yù,,
510,俽,U+4FFD,xin1,xīn,,
511,俾,U+4FFE,bi3|bi4|bei1|pi4,bǐ|bì|bēi|pì,to cause,俾使|俾倪|俾利
512,俿,U+4FFF,hu3|chi2,hǔ|chí,,
513,倀,U+5000,chang1|cheng2|zheng4,chāng|chéng|zhèng,(bound form) ghost of sb devoured by a tiger who helps the tiger devour others,倀鬼|為虎作倀
514,倁,U+5001,zhi1,zhī,,
515,倂,U+5002,bing4,bìng,variant of 併|并[bing4],
516,倃,U+5003,jiu4,jiù,to malign,
517,倄,U+5004,yao2,yáo,,
518,倅,U+5005,cui4|zu2,cuì|zú,auxiliary,
519,倆,U+5006,lia3|liang3,liǎ|liǎng,two (colloquial equivalent of 兩個|两个),伎倆|倆錢|倆錢兒
520,倇,U+5007,wan3,wǎn,,
521,倈,U+5008,lai2|lai4|lie1,lái|lài|liē,,
522,倉,U+5009,cang1|chuang4,cāng|chuàng,barn,侏儒倉鼠|倉位|倉促
523,倊,U+500A,zong4,zòng,,
524,個,U+500B,ge4|ge3,gè|gě,used in 自個兒|自个儿[zi4 ge3 r5],一個|一個中國政策|一個人
525,倌,U+500C,guan1,guān,keeper of domestic animals,堂倌|新郎倌|看倌
526,倍,U+500D,bei4|pei2,bèi|péi,"(two, three etc) -fold",三倍|事倍功半|事半功倍
527,倎,U+500E,tian3,tiǎn,,
528,倏,U+500F,shu1,shū,sudden,倏地|倏忽|倏然
529,倐,U+5010,shu1,shū,variant of 倏[shu1],
530,們,U+5011,men|men4|men2,men|mèn|mén,"plural marker for pronouns, and nouns referring to individuals",亞們|人們|他們
531,倒,U+5012,dao4|dao3,dào|dǎo,to fall; to collapse; to lie horizontally,一邊倒|一边倒|一面倒
532,倓,U+5013,tan2|dan4|tan4,tán|dàn|tàn,quiet,
533,倔,U+5014,jue2|jue4,jué|juè,used in 倔強|倔强[jue2 jiang4],倔強|倔强|倔頭
534,倕,U+5015,chui2|zhui4,chuí|zhuì,,
535,倖,U+5016,xing4,xìng,trusted,倖免|倖存|倖存者
536,倗,U+5017,peng2|peng3|ping2,péng|pěng|píng,,
537,倘,U+5018,tang3|chang2,tǎng|cháng,used in 倘佯[chang2 yang2],倘佯|倘如|倘或
538,候,U+5019,hou4,hòu,to wait,不到火候不揭鍋|不到火候不揭锅|中國餐館症候群
539,倚,U+501A,yi3|ji1|yi1,yǐ|jī|yī,to lean on,不偏不倚|倚仗|倚天屠龍記
540,倛,U+501B,qi1|qi2|qi4,qī|qí|qì,,
541,倜,U+501C,ti4|diao4|zhou1,tì|diào|zhōu,energetic,倜儻|倜傥|風流倜儻
542,倝,U+501D,gan4,gàn,dawn (archaic),
543,倞,U+501E,jing4|liang4,jìng|liàng,strong,
544,借,U+501F,jie4,jiè,to borrow,借一步|借代|借以
545,倠,U+5020,sui1,suī,,
546,倡,U+5021,chang4|chang1,chàng|chāng,to initiate,一倡三歎|一倡三叹|倡始
547,倢,U+5022,jie2|qie4,jié|qiè,handsome,
548,倣,U+5023,fang3,fǎng,variant of 仿[fang3],
549,値,U+5024,zhi2,zhí,variant of 值[zhi2],
550,倥,U+5025,kong1|kong3,kōng|kǒng,ignorant,倥侗|倥傯|倥偬
551,倦,U+5026,juan4,juàn,tired; weary; fatigued,不倦|不知疲倦|亹亹不倦
552,倧,U+5027,zong1,zōng,,
553,倨,U+5028,ju4,jù,(literary) haughty; arrogant,倨傲|前倨後恭|前倨后恭
554,倩,U+5029,qian4|qing4,qiàn|qìng,pretty,倩影|倩碧|倩裝
555,倪,U+502A,ni2|ni4|nie4,ní|nì|niè,surname Ni,一窺端倪|一窥端倪|不可端倪
556,倫,U+502B,lun2,lún,human relationship,不倫|不倫不類|不列顛哥倫比亞
557,倬,U+502C,zhuo1,zhuō,noticeable,
558,倭,U+502D,wo1|wei1|wo3,wō|wēi|wǒ,dwarf,倭人|倭寇|倭瓜
559,倮,U+502E,luo3,luǒ,variant of 裸[luo3],
560,倯,U+502F,song1,sōng,,
561,倰,U+5030,leng4|ling2,lèng|líng,,
562,倱,U+5031,hun4,hùn,,
563,倲,U+5032,dong1|dong4,dōng|dòng,,
564,倳,U+5033,zi4,zì,,
565,倴,U+5034,ben4|ben1,bèn|bēn,,
566,倵,U+5035,wu3,wǔ,(used in given names),
567,倶,U+5036,ju4,jù,variant of 俱[ju4],
568,倷,U+5037,nai3,nǎi,you (dialect),
569,倸,U+5038,cai3,cǎi,variant of 睬[cai3],
570,倹,U+5039,jian3,jiǎn,Japanese variant of 儉|俭[jian3],
571,债,U+503A,zhai4,zhài,debt,三角债|中短债|了债
572,倻,U+503B,ye1,yē,"used to represent phonetic ""ya"" in Korean names",伽倻|伽倻琴
573,值,U+503C,zhi2,zhí,value,CP值|一文不值|一錢不值
574,倽,U+503D,sha4,shà,old variant of 啥[sha2],
575,倾,U+503E,qing1,qīng,to overturn,一见倾心|不良倾向|倾佩
576,倿,U+503F,ning4,nìng,,
577,偀,U+5040,ying1,yīng,,
578,偁,U+5041,cheng1,chēng,variant of 稱|称[cheng1],王禹偁|范公偁
579,偂,U+5042,qian2,qián,,
580,偃,U+5043,yan3,yǎn,surname Yan,偃師|偃师|偃師區
581,偄,U+5044,ruan3|ru2,ruǎn|rú,,
582,偅,U+5045,zhong4|chong1|tong2,zhòng|chōng|tóng,,
583,偆,U+5046,chun3,chǔn,,
584,假,U+5047,jia3|jia4|jie|xia4|xia2|ge2,jiǎ|jià|jie|xià|xiá|gé,used in 假掰[gei1 bai1],不假思索|久假不歸|久假不归
585,偈,U+5048,ji4|jie2|qi4,jì|jié|qì,Buddhist hymn,
586,偉,U+5049,wei3,wěi,big,偉人|偉力|偉哥
587,偊,U+504A,yu3,yǔ,,
588,偋,U+504B,bing4|bing3,bìng|bǐng,,
589,偌,U+504C,ruo4|re4,ruò|rè,so,偌大
590,偍,U+504D,ti2,tí,,
591,偎,U+504E,wei1,wēi,to cuddle,依偎|偎傍
592,偏,U+504F,pian1,piān,to lean,不偏不倚|不偏斜|以偏概全
593,偐,U+5050,yan4,yàn,,
594,偑,U+5051,feng1,fēng,,
595,偒,U+5052,tang3|dang4,tǎng|dàng,,
596,偓,U+5053,wo4,wò,constrained,
597,偔,U+5054,e4,è,,
598,偕,U+5055,xie2|jie1,xié|jiē,in company with,偕同|偕老|白頭偕老
599,偖,U+5056,che3,chě,,
600,偗,U+5057,sheng3,shěng,,
601,偘,U+5058,kan3,kǎn,old variant of 侃[kan3],
602,偙,U+5059,di4,dì,,
603,做,U+505A,zuo4,zuò,to make; to produce,一不做，二不休|不做聲|不做声
604,偛,U+505B,cha1,chā,,
605,停,U+505C,ting2,tíng,to stop,不停|停下|停下來
606,偝,U+505D,bei4,bèi,to disobey,
607,偞,U+505E,xie4|ye4|zha2,xiè|yè|zhá,,
608,偟,U+505F,huang2,huáng,(literary) free time; leisure,
609,偠,U+5060,yao3,yǎo,,
610,偡,U+5061,zhan4,zhàn,(literary) orderly,
611,偢,U+5062,chou3|qiao4|zou1,chǒu|qiào|zōu,to stare at,
612,偣,U+5063,yan1,yān,,
613,偤,U+5064,you2,yóu,,
614,健,U+5065,jian4,jiàn,healthy,亞健康|亚健康|保健
615,偦,U+5066,xu3|xu1,xǔ|xū,,
616,偧,U+5067,zha1,zhā,,
617,偨,U+5068,ci1,cī,uneven,
618,偩,U+5069,fu4,fù,to rely on,
619,偪,U+506A,bi1|fu4,bī|fù,variant of 逼[bi1],
620,偫,U+506B,zhi4,zhì,to wait for,
621,偬,U+506C,zong3|cong1,zǒng|cōng,busy,倥偬|戎事倥偬
622,偭,U+506D,mian3,miǎn,to transgress,
623,偮,U+506E,ji2,jí,,
624,偯,U+506F,yi3,yǐ,to sob,
625,偰,U+5070,xie4,xiè,contract (variant of 契[qi4]),
626,偱,U+5071,xun2,xún,to tell,
627,偲,U+5072,cai1|si1|si3,cāi|sī|sǐ,(literary) learned; erudite,偲偲
628,偳,U+5073,duan1,duān,,
629,側,U+5074,ce4|ze4|zhai1,cè|zè|zhāi,the side,一側化|二側|側刀旁
630,偵,U+5075,zhen1|zheng1,zhēn|zhēng,to scout,偵察|偵察兵|偵察員
631,偶,U+5076,ou3,ǒu,accidental,人偶|人偶戲|人偶戏
632,偷,U+5077,tou1,tōu,to steal,不偷不搶|不偷不抢|不怕賊偷就怕賊惦記
633,偸,U+5078,tou1,tōu,variant of 偷[tou1],
634,偹,U+5079,bei4,bèi,,
635,偺,U+507A,za2|zan2|zan,zá|zán|zan,variant of 咱[zan2],
636,偻,U+507B,lou2|lv3,lóu|lǚ,hunchback,佝偻|佝偻病|偻㑩
637,偼,U+507C,jie2,jié,,
638,偽,U+507D,wei3|wei2|e2|gui4,wěi|wéi|é|guì,false,假冒偽劣|偽代碼|偽劣
639,偾,U+507E,fen4,fèn,to instigate,血脉偾张
640,偿,U+507F,chang2,cháng,to repay,代偿|偿付|偿债
641,傀,U+5080,gui1|kui3|kuai4,guī|kuǐ|kuài,grand,傀儡|傀儡戲|傀儡戏
642,傁,U+5081,sou3,sǒu,,
643,傂,U+5082,zhi4|si1,zhì|sī,,
644,傃,U+5083,su4,sù,,
645,傄,U+5084,xia1,xiā,,
646,傅,U+5085,fu4|fu1,fù|fū,surname Fu,傅作義|傅作义|傅會
647,傆,U+5086,yuan4|yuan2,yuàn|yuán,,
648,傇,U+5087,rong3,rǒng,,
649,傈,U+5088,li4,lì,used in 傈僳[Li4 su4],傈僳|傈僳族|怒江傈僳族自治州
650,傉,U+5089,nu4,nù,,
651,傊,U+508A,yun4,yùn,,
652,傋,U+508B,jiang3|gou4,jiǎng|gòu,,
653,傌,U+508C,ma4|ma3,mà|mǎ,(Chinese chess) horse; knight (on the red side),
654,傍,U+508D,bang4|pang2|beng1|peng2,bàng|páng|bēng|péng,near,依傍|依山傍水|偎傍
655,傎,U+508E,dian1,diān,inversion,
656,傏,U+508F,tang2,táng,,
657,傐,U+5090,hao4,hào,,
658,傑,U+5091,jie2,jié,(bound form) hero,人傑|人傑地靈|伯傑
659,傒,U+5092,xi1|xi4,xī|xì,(old) native of Jiangxi 江西[Jiang1 xi1],
660,傓,U+5093,shan4,shàn,old variant of 煽[shan1],
661,傔,U+5094,qian4|jian1,qiàn|jiān,servant,
662,傕,U+5095,jue2|que4,jué|què,surname Jue,
663,傖,U+5096,cang1|cheng2|chen,cāng|chéng|chen,low fellow,寒傖
664,傗,U+5097,chu4,chù,,
665,傘,U+5098,san3,sǎn,umbrella,低空跳傘|保護傘|傘下
666,備,U+5099,bei4,bèi,(bound form) to prepare; to equip,不備|乘人不備|以備不測
667,傚,U+509A,xiao4,xiào,to imitate (variant of 效[xiao4]),上行下傚|仿傚|傚仿
668,傛,U+509B,yong3|rong2,yǒng|róng,,
669,傜,U+509C,yao2,yáo,Yao tribe,
670,傝,U+509D,tan4|ta4,tàn|tà,,
671,傞,U+509E,suo1,suō,uneven,
672,傟,U+509F,yang3,yǎng,,
673,傠,U+50A0,fa2,fá,,
674,傡,U+50A1,bing4,bìng,,
675,傢,U+50A2,jia1|xiang4,jiā|xiàng,used in 傢伙|家伙[jia1 huo5] and 傢俱|家俱[jia1 ju4],傢伙|傢俱|傢具
676,傣,U+50A3,dai3,dǎi,Dai (ethnic group),元江哈尼族彝族傣族自治縣|元江哈尼族彝族傣族自治县|孟連傣族拉祜族佤族自治縣
677,傤,U+50A4,zai4,zài,load,
678,傥,U+50A5,tang3,tǎng,if,倜傥|风流倜傥
679,傦,U+50A6,gu3,gǔ,,
680,傧,U+50A7,bin1,bīn,best man,傧相|女傧相|男傧相
681,储,U+50A8,chu3,chǔ,surname Chu,仓储|个人储蓄|储值
682,傩,U+50A9,nuo2,nuó,to exorcise demons,傩戏|傩神
683,傪,U+50AA,can1|san3|can4|ca1|sen1,cān|sǎn|càn|cā|sēn,,
684,傫,U+50AB,lei3,lěi,,
685,催,U+50AC,cui1,cuī,to urge,三催四請|三催四请|催乳
686,傭,U+50AD,yong1|chong1|yong4,yōng|chōng|yòng,to hire,傭人|傭兵|傭婢
687,傮,U+50AE,zao1|cao2,zāo|cáo,"finish, to go around",
688,傯,U+50AF,zong3,zǒng,busy,倥傯|戎事倥傯
689,傰,U+50B0,beng1|peng2,bēng|péng,,
690,傱,U+50B1,song3|shuang3,sǒng|shuǎng,,
691,傲,U+50B2,ao4|ao2,ào|áo,proud,倨傲|傲人|傲嬌
692,傳,U+50B3,chuan2|zhuan4,chuán|zhuàn,to pass on,一傳十，十傳百|上傳|上海文廣新聞傳媒集團
693,傴,U+50B4,yu3,yǔ,hunchbacked,
694,債,U+50B5,zhai4,zhài,debt,三角債|中短債|了債
695,傶,U+50B6,zu2|qi1,zú|qī,,
696,傷,U+50B7,shang1,shāng,to injure,不傷脾胃|丘腦損傷|中傷
697,傸,U+50B8,chuang3,chuǎng,,
698,傹,U+50B9,jing4,jìng,,
699,傺,U+50BA,chi4,chì,to detain,
700,傻,U+50BB,sha3,shǎ,foolish,傻B|傻X|傻不愣登
701,傼,U+50BC,han4,hàn,,
702,傽,U+50BD,zhang1,zhāng,,
703,傾,U+50BE,qing1|qing3,qīng|qǐng,to overturn,一見傾心|不良傾向|傾佩
704,傿,U+50BF,yan4|yan1|yin4,yàn|yān|yìn,name of an immortal,
705,僀,U+50C0,di4,dì,,
706,僁,U+50C1,xie4|su4,xiè|sù,,
707,僂,U+50C2,lou2|liu3|lv3,lóu|liǔ|lǚ,hunchback,佝僂|佝僂病|僂儸
708,僃,U+50C3,bei4,bèi,old variant of 備|备[bei4],
709,僄,U+50C4,piao4|biao1,piào|biāo,light,
710,僅,U+50C5,jin3|jin4,jǐn|jìn,barely,不僅|不僅僅|不僅如此
711,僆,U+50C6,lian4|lian2,liàn|lián,,
712,僇,U+50C7,lu4|liao2,lù|liáo,to despise,
713,僈,U+50C8,man2|man4,mán|màn,,
714,僉,U+50C9,qian1,qiān,all,
715,僊,U+50CA,xian1,xiān,variant of 仙[xian1],
716,僋,U+50CB,tan4|lan4|tan3,tàn|làn|tǎn,,
717,僌,U+50CC,ying2,yíng,,
718,働,U+50CD,dong4,dòng,(Japanese kokuji) labor; work,
719,僎,U+50CE,zhuan4|zun1,zhuàn|zūn,collect,
720,像,U+50CF,xiang4,xiàng,to resemble,不像樣|不像样|不像話
721,僐,U+50D0,shan4,shàn,,
722,僑,U+50D1,qiao2|jiao3,qiáo|jiǎo,emigrant,僑務|僑務委員會|僑居
723,僒,U+50D2,jiong3,jiǒng,,
724,僓,U+50D3,tui3|tui2,tuǐ|tuí,,
725,僔,U+50D4,zun3|cuan2,zǔn|cuán,to congregate,
726,僕,U+50D5,pu2|pu1|bu2,pú|pū|bú,servant,主僕|僕人|僕役
727,僖,U+50D6,xi1,xī,surname Xi,唐僖宗
728,僗,U+50D7,lao2|lao4,láo|lào,,
729,僘,U+50D8,chang3,chǎng,,
730,僙,U+50D9,guang1,guāng,,
731,僚,U+50DA,liao2|liao3|lao3,liáo|liǎo|lǎo,surname Liao,僚機|僚机|同僚
732,僛,U+50DB,qi1,qī,,
733,僜,U+50DC,cheng1|deng4|deng1|teng2,chēng|dèng|dēng|téng,Deng ethnic minority of Tibet,
734,僝,U+50DD,chan2|zhuan4,chán|zhuàn,to revile; to abuse,
735,僞,U+50DE,wei3,wěi,variant of 偽|伪[wei3],
736,僟,U+50DF,ji1,jī,,
737,僠,U+50E0,bo1,bō,,
738,僡,U+50E1,hui4,huì,,
739,僢,U+50E2,chuan3|chun3,chuǎn|chǔn,,
740,僣,U+50E3,tie3|jian4,tiě|jiàn,to overstep one's authority,
741,僤,U+50E4,dan4|chan2|chan3|shan4|da2,dàn|chán|chǎn|shàn|dá,great,
742,僥,U+50E5,jiao3|yao2|jiao1,jiǎo|yáo|jiāo,by mere luck,僥倖|僥倖心理|僬僥
743,僦,U+50E6,jiu4,jiù,(literary) to rent; to hire; to lease,
744,僧,U+50E7,seng1|ceng2,sēng|céng,(bound form) Buddhist monk (abbr. for 僧伽[seng1 qie2]),不看僧面看佛面|佛法僧目|僧人
745,僨,U+50E8,fen4,fèn,to instigate,血脈僨張
746,僩,U+50E9,xian4,xiàn,courageous,
747,僪,U+50EA,ju2|yu4,jú|yù,,
748,僫,U+50EB,e4,è,,
749,僬,U+50EC,jiao1|jiao4|jiao3,jiāo|jiào|jiǎo,used in 僬僥|僬侥[jiao1 yao2],僬僥|僬侥|僬僬
750,僭,U+50ED,jian4|zen4,jiàn|zèn,(bound form) to overstep one's authority,僭主|僭主政治|僭稱
751,僮,U+50EE,tong2|zhuang4|chong4,tóng|zhuàng|chòng,"old variant of 壯|壮, Zhuang ethnic group of Guangxi",僮僕|僮仆|僮族
752,僯,U+50EF,lin4|lin3,lìn|lǐn,ashamed,
753,僰,U+50F0,bo2,bó,name of an ethnic group,
754,僱,U+50F1,gu4,gù,variant of 雇[gu4],僱主|僱傭|僱兇
755,僲,U+50F2,xian1,xiān,,
756,僳,U+50F3,su4,sù,Lisu ethnic group of Yunnan,傈僳|傈僳族|怒江傈僳族自治州
757,僴,U+50F4,xian4,xiàn,old variant of 僩[xian4],
758,僵,U+50F5,jiang1,jiāng,rigid,僵住|僵住症|僵化
759,僶,U+50F6,min3,mǐn,,
760,僷,U+50F7,ye4,yè,,
761,僸,U+50F8,jin4,jìn,,
762,價,U+50F9,jia4|qia3|jie,jià|qiǎ|jie,price,一價|一口價|三價
763,僺,U+50FA,qiao4,qiào,,
764,僻,U+50FB,pi4,pì,(bound form) remote,乖僻|偏僻|僻地
765,僼,U+50FC,feng1,fēng,,
766,僽,U+50FD,zhou4|zhou1,zhòu|zhōu,,
767,僾,U+50FE,ai4,ài,indistinct,
768,僿,U+50FF,sai4,sài,"small, minute",
769,儀,U+5100,yi2,yí,apparatus,下線儀式|候風地動儀|儀仗
770,儁,U+5101,jun4,jùn,variant of 俊[jun4],朱儁|溥儁
771,儂,U+5102,nong2,nóng,you (Wu dialect),卡儂|吳儂嬌語|吳儂軟語
772,儃,U+5103,chan2|shan4|tan3|dan4|zhan3,chán|shàn|tǎn|dàn|zhǎn,indecisive,
773,億,U+5104,yi4|yi1,yì|yī,100 million,以億計|億萬|億萬富翁
774,儅,U+5105,dang4|dang1,dàng|dāng,stop,伄儅
775,儆,U+5106,jing3,jǐng,to warn,以儆效尤|儆戒|懲一儆百
776,儇,U+5107,xuan1|xuan2,xuān|xuán,(literary) ingenious,李儇
777,儈,U+5108,kuai4,kuài,broker,市儈|牙儈
778,儉,U+5109,jian3,jiǎn,(bound form) frugal; thrifty,儉以養廉|儉學|儉樸
779,儊,U+510A,chu4,chù,rough and rugged,
780,儋,U+510B,dan1|dan4|shan4,dān|dàn|shàn,carry,儋州|儋州市|儋縣
781,儌,U+510C,jiao3|jiao1,jiǎo|jiāo,by mere luck,
782,儍,U+510D,sha3,shǎ,variant of 傻[sha3],
783,儎,U+510E,zai4,zài,load,
784,儏,U+510F,can4,càn,,
785,儐,U+5110,bin1|bin4,bīn|bìn,best man,儐相|女儐相|男儐相
786,儑,U+5111,an2|an4,án|àn,,
787,儒,U+5112,ru2,rú,scholar,侏儒|侏儒倉鼠|侏儒仓鼠
788,儓,U+5113,tai2|tai4,tái|tài,servant,
789,儔,U+5114,chou2|dao4,chóu|dào,comrades,
790,儕,U+5115,chai2,chái,a class,同儕|同儕團體|同儕壓力
791,儖,U+5116,lan2,lán,,
792,儗,U+5117,ni3|yi2|yi4|ai4,nǐ|yí|yì|ài,doubtful,
793,儘,U+5118,jin3|jin4,jǐn|jìn,to the greatest extent,儘先|儘可能|儘快
794,儙,U+5119,qian4,qiàn,,
795,儚,U+511A,meng2,méng,,
796,儛,U+511B,wu3,wǔ,,
797,儜,U+511C,ning2,níng,weak,
798,儝,U+511D,qiong2,qióng,,
799,儞,U+511E,ni3,nǐ,old variant of 你[ni3],
800,償,U+511F,chang2,cháng,to repay,代償|償付|償債
801,儠,U+5120,lie4|la4,liè|là,,
802,儡,U+5121,lei3|lei2|lei4,lěi|léi|lèi,used in 傀儡[kui3 lei3],傀儡|傀儡戲|傀儡戏
803,儢,U+5122,lv3,lǚ,,
804,儣,U+5123,kuang3,kuǎng,,
805,儤,U+5124,bao4,bào,on night duty,
806,儥,U+5125,yu4|di2|du2,yù|dí|dú,,
807,儦,U+5126,biao1,biāo,walking to and fro,
808,儧,U+5127,zan3,zǎn,,
809,儨,U+5128,zhi4,zhì,,
810,儩,U+5129,si4,sì,the end,
811,優,U+512A,you1,yōu,excellent,佔優勢|優伶|優先
812,儫,U+512B,hao2,háo,,
813,儬,U+512C,qing4,qìng,,
814,儭,U+512D,chen4|qin4|qin1,chèn|qìn|qīn,to assist,
815,儮,U+512E,li4,lì,,
816,儯,U+512F,teng2,téng,,
817,儰,U+5130,wei3,wěi,,
818,儱,U+5131,long3|long4|long2,lǒng|lòng|lóng,rude,
819,儲,U+5132,chu3|chu2,chǔ|chú,surname Chu,倉儲|個人儲蓄|儲值
820,儳,U+5133,chan2|chan4,chán|chàn,irregular,
821,儴,U+5134,rang2|xiang1,ráng|xiāng,,
822,儵,U+5135,shu1|tiao2,shū|tiáo,variant of 倏[shu1],
823,儶,U+5136,hui4|xie2,huì|xié,,
824,儷,U+5137,li4|li2,lì|lí,husband and wife,伉儷|伉儷情深|儷影
825,儸,U+5138,luo2,luó,smart,僂儸
826,儹,U+5139,zan3,zǎn,"to accumulate, to hoard, to store up",
827,儺,U+513A,nuo2,nuó,to exorcise demons,儺戲|儺神
828,儻,U+513B,tang3|tang4|chang3,tǎng|tàng|chǎng,if,倜儻|風流倜儻
829,儼,U+513C,yan3,yǎn,majestic,儼如|儼然
830,儽,U+513D,lei2|lei3|luo3,léi|lěi|luǒ,lazy,
831,儾,U+513E,nang4,nàng,,
832,儿,U+513F,er2|er|ren2,ér|er|rén,child,A圈儿|一下儿|一个劲儿
833,兀,U+5140,wu4|wu1,wù|wū,surname Wu,兀凳|兀立|兀自
834,允,U+5141,yun3|yuan2,yǔn|yuán,just,允准|允宜|允文允武
835,兂,U+5142,zan1,zān,,
836,元,U+5143,yuan2,yuán,surname Yuan,一元|一元化|一元復始
837,兄,U+5144,xiong1|kuang4,xiōng|kuàng,elder brother,仁兄|令兄|兄妹
838,充,U+5145,chong1,chōng,sufficient; full,假充|充任|充作
839,兆,U+5146,zhao4,zhào,surname Zhao,不祥之兆|京兆|兆周
840,兇,U+5147,xiong1,xiōng,terrible,僱兇|兇刀|兇器
841,先,U+5148,xian1,xiān,beforehand; first; earlier,一馬當先|一马当先|不首先使用
842,光,U+5149,guang1|guang4,guāng|guàng,light; ray (CL:道[dao4]),X光|一寸光陰一寸金|一寸光阴一寸金
843,兊,U+514A,dui4,duì,,
844,克,U+514B,ke4,kè,"abbr. for 克羅地亞|克罗地亚[Ke4 luo2 di4 ya4], Croatia",丁克|上夸克|下夸克
845,兌,U+514C,dui4,duì,surname Dui,兌付|兌換|兌換率
846,免,U+514D,mian3|wen4|wan3,miǎn|wèn|wǎn,to excuse sb,不免|不免一死|不可避免
847,兎,U+514E,tu4,tù,variant of 兔[tu4],
848,兏,U+514F,chang2,cháng,,
849,児,U+5150,er2,ér,Japanese variant of 兒|儿[er2],
850,兑,U+5151,dui4|rui4|duo2,duì|ruì|duó,surname Dui,兑付|兑换|兑换率
851,兒,U+5152,er2|ni2,ér|ní,child,A圈兒|一下兒|一個勁兒
852,兓,U+5153,jin1|zan4,jīn|zàn,,
853,兔,U+5154,tu4|tu2|chan1,tù|tú|chān,variant of 兔[tu4],不見兔子不撒鷹|不见兔子不撒鹰|兔唇
854,兕,U+5155,si4,sì,"animal cited in ancient texts, resembling a buffalo (some say rhinoceros or female rhinoceros)",兕觥
855,兖,U+5156,yan3,yǎn,used in 兗州|兖州[Yan3 zhou1] (the name of a place in Shandong),兖州|兖州区
856,兗,U+5157,yan3,yǎn,used in 兗州|兖州[Yan3 zhou1] (the name of a place in Shandong),兗州|兗州區
857,兘,U+5158,shi3,shǐ,old variant of 始[shi3],
858,兙,U+5159,兙,兙,decagram (old) (single-character equivalent of 十克[shi2 ke4]),
859,党,U+515A,dang3,dǎng,surname Dang,一党|一党专制|三K党
860,兛,U+515B,qian1,qiān,kilogram (old) (single-character equivalent of 千克[qian1 ke4]),
861,兜,U+515C,dou1,dōu,pocket,兜兒|兜儿|兜兜
862,兝,U+515D,fen1,fēn,decigram (old) (single-character equivalent of 分克[fen1 ke4]),
863,兞,U+515E,mao2,máo,milligram (old) (single-character equivalent of 毫克[hao2 ke4]),
864,兟,U+515F,shen1,shēn,to advance,
865,兠,U+5160,dou1,dōu,old variant of 兜[dou1],
866,兡,U+5161,兡,兡,hectogram (old) (single-character equivalent of 百克[bai3 ke4]),
867,兢,U+5162,jing1,jīng,to be fearful,兢兢業業|兢兢业业|凌兢
868,兣,U+5163,li3,lǐ,centigram (old) (single-character equivalent of 釐克|厘克[li2 ke4]),
869,兤,U+5164,huang3,huǎng,,
870,入,U+5165,ru4,rù,to enter; to go into,一擁而入|一拥而入|一擊入洞
871,兦,U+5166,wang2,wáng,,
872,內,U+5167,nei4,nèi,inside,U凸內褲|丁內酯|之內
873,全,U+5168,quan2,quán,surname Quan,一應俱全|一应俱全|七項全能
874,兩,U+5169,liang3|liang4,liǎng|liàng,two,一個頭兩個大|一刀兩斷|一分錢兩分貨
875,兪,U+516A,yu2|yu4|shu4|shu1|zhu1,yú|yù|shù|shū|zhū,variant of 俞[yu2],
876,八,U+516B,ba1|ba2,bā|bá,eight,一二八事變|一二八事变|七七八八
877,公,U+516C,gong1,gōng,public,三公消費|三公消费|三公經費
878,六,U+516D,liu4|lu4,liù|lù,six,一推六二五|一退六二五|七情六欲
879,兮,U+516E,xi1,xī,(particle in old Chinese similar to 啊),兮兮|可憐兮兮|可怜兮兮
880,兯,U+516F,han,han,,
881,兰,U+5170,lan2,lán,surname Lan,三色紫罗兰|中国伊斯兰教协会|亚特兰大
882,共,U+5171,gong4|gong1|gong3|hong2,gòng|gōng|gǒng|hóng,common,一共|不共戴天|中共
883,兲,U+5172,tian1,tiān,variant of 天[tian1],兲朝
884,关,U+5173,guan1,guān,surname Guan,一夫当关，万夫莫开|一语双关|七星关
885,兴,U+5174,xing1|xing4,xīng|xìng,surname Xing,不兴|中兴|中兴新村
886,兵,U+5175,bing1,bīng,soldiers,上等兵|亡兵紀念日|亡兵纪念日
887,其,U+5176,qi2|ji1|ji4,qí|jī|jì,his,三緘其口|三缄其口|上下其手
888,具,U+5177,ju4,jù,tool,交通工具|假面具|傢具
889,典,U+5178,dian3|tian3,diǎn|tiǎn,canon,事典|佛典|儀典
890,兹,U+5179,zi1|ci2,zī|cí,used in 龜茲|龟兹[Qiu1 ci2],伯利兹|杰佛兹|利兹
891,兺,U+517A,fen1,fēn,,
892,养,U+517B,yang3,yǎng,to raise (animals),以债养债|以药养医|休养
893,兼,U+517C,jian1,jiān,double,不兼容性|內外兼修|内外兼修
894,兽,U+517D,shou4,shòu,beast,一逞兽欲|人面兽心|作鸟兽散
895,兾,U+517E,ji4,jì,,
896,兿,U+517F,yi4,yì,,
897,冀,U+5180,ji4,jì,short name for Hebei 河北[He2 bei3],京津冀|冀州|冀州區
898,冁,U+5181,chan3,chǎn,smilingly,
899,冂,U+5182,jiong1|jiong3,jiōng|jiǒng,"radical in Chinese characters (Kangxi radical 13), occurring in 用[yong4], 同[tong2], 網|网[wang3] etc, referred to as 同字框[tong2 zi4 kuang4]",
900,冃,U+5183,mao4,mào,old variant of 帽[mao4],
901,冄,U+5184,ran3,rǎn,variant of 冉[ran3],
902,内,U+5185,nei4|na4|rui4,nèi|nà|ruì,inside,U凸内裤|丁内酯|之内
903,円,U+5186,yuan2,yuán,yen (Japanese currency),
904,冇,U+5187,mao3,mǎo,to not have (Cantonese) (Mandarin equivalent: 沒有|没有[mei2 you3]),
905,冈,U+5188,gang1,gāng,ridge,井冈山|井冈山市|佛冈
906,冉,U+5189,ran3|nan2|dan1,rǎn|nán|dān,variant of 冉[ran3],冉冉|冉冉上升
907,冊,U+518A,ce4,cè,book,冊亨|冊亨縣|冊子
908,冋,U+518B,jiong1|jiong3,jiōng|jiǒng,old variant of 坰[jiong1],
909,册,U+518C,ce4|zha4,cè|zhà,book,册亨|册亨县|册子
910,再,U+518D,zai4,zài,again; once more; re-,一再|一改再改|一犯再犯
911,冎,U+518E,gua3,guǎ,,
912,冏,U+518F,jiong3|jiong1,jiǒng|jiōng,"velvetleaf (Abutilon avicennae), plant of the jute family",冏卿|冏寺|冏徹
913,冐,U+5190,mao4,mào,old variant of 冒[mao4],
914,冑,U+5191,zhou4,zhòu,variant of 胄[zhou4],甲冑
915,冒,U+5192,mao4|mo4,mào|mò,old variant of 冒[mao4],不揣冒昧|仿冒|仿冒品
916,冓,U+5193,gou4|gou1,gòu|gōu,inner rooms of palace,
917,冔,U+5194,xu3,xǔ,cap of Yin dynasty,
918,冕,U+5195,mian3,miǎn,crown in the form of a horizontal board with hanging decorations,冕冠|冕寧|冕宁
919,冖,U+5196,mi4,mì,"""cover"" radical in Chinese characters (Kangxi radical 14), occurring in 軍|军[jun1], 冠[guan1] etc, known as 禿寶蓋|秃宝盖[tu1 bao3 gai4] or 平寶蓋|平宝盖[ping2 bao3 gai4]",
920,冗,U+5197,rong3,rǒng,extraneous,冗位|冗兵|冗冗
921,冘,U+5198,yin2|you2,yín|yóu,to go forward,冘疑|冘豫
922,写,U+5199,xie3|xie4,xiě|xiè,to write,不区分大小写|乱写|人物描写
923,冚,U+519A,kan3,kǎn,,
924,军,U+519B,jun1,jūn,(bound form) army,一个将军一个令|三军|三军用命
925,农,U+519C,nong2,nóng,surname Nong,三农|三农问题|上农
926,冝,U+519D,yi2,yí,,
927,冞,U+519E,mi2,mí,deep,
928,冟,U+519F,shi4,shì,,
929,冠,U+51A0,guan1|guan4,guān|guàn,surname Guan,2019冠狀病毒病|2019冠状病毒病|不定冠詞
930,冡,U+51A1,meng2,méng,old variant of 蒙[meng2],
931,冢,U+51A2,zhong3,zhǒng,mound,叢冢|丛冢|冢中枯骨
932,冣,U+51A3,ju4,jù,old variant of 聚[ju4],
933,冤,U+51A4,yuan1,yuān,injustice,不是冤家不聚頭|不是冤家不聚头|不白之冤
934,冥,U+51A5,ming2|mian2|mian4,míng|mián|miàn,old variant of 冥[ming2],冥冥之中|冥合|冥婚
935,冦,U+51A6,kou4,kòu,,
936,冧,U+51A7,lin2,lín,(Cantonese) to topple,
937,冨,U+51A8,fu4,fù,,
938,冩,U+51A9,xie3,xiě,,
939,冪,U+51AA,mi4,mì,(math.) power; exponent,三次冪|乘冪|冪等
940,冫,U+51AB,bing1,bīng,"""ice"" radical in Chinese characters (Kangxi radical 15), occurring in 冰[bing1], 次[ci4] etc, known as 兩點水|两点水[liang3 dian3 shui3]",
941,冬,U+51AC,dong1,dōng,winter,丁冬|亞冬會|亚冬会
942,冭,U+51AD,tai4,tài,,
943,冮,U+51AE,gang1,gāng,surname Gang,
944,冯,U+51AF,feng2|ping2,féng|píng,surname Feng,暴虎冯河|冯内果|冯友兰
945,冰,U+51B0,bing1|ning2,bīng|níng,ice,乾冰|干冰|冰上運動
946,冱,U+51B1,hu4,hù,congealed,
947,冲,U+51B2,chong1|chong4,chōng|chòng,(of water) to dash against,俯冲|倪嗣冲|光冲量
948,决,U+51B3,jue2,jué,to decide,一决雌雄|下定决心|下决心
949,冴,U+51B4,hu4,hù,,
950,况,U+51B5,kuang4,kuàng,moreover,何况|健康状况|境况
951,冶,U+51B6,ye3,yě,to smelt,冶天|冶容|冶煉
952,冷,U+51B7,leng3|ling2|ling3,lěng|líng|lǐng,surname Leng,冰冷|冰炭不言，冷熱自明|冰炭不言，冷热自明
953,冸,U+51B8,pan4,pàn,,
954,冹,U+51B9,fu2,fú,,
955,冺,U+51BA,min3,mǐn,variant of 泯[min3],
956,冻,U+51BB,dong4,dòng,to freeze,不冻港|不冻港口|冰冻
957,冼,U+51BC,xian3|sheng3,xiǎn|shěng,surname Xian,冼星海
958,冽,U+51BD,lie4,liè,cold and raw,冷冽|凜冽|凛冽
959,冾,U+51BE,qia4,qià,,
960,冿,U+51BF,jian1,jiān,,
961,净,U+51C0,jing4|cheng1,jìng|chēng,variant of 淨|净[jing4],一干二净|不干不净|不干不净，吃了没病
962,凁,U+51C1,sou1,sōu,,
963,凂,U+51C2,mei3,měi,,
964,凃,U+51C3,tu2,tú,old variant of 涂[tu2],
965,凄,U+51C4,qi1,qī,intense cold,凄梗|悲凄|凄哀
966,凅,U+51C5,gu4,gù,dried up,
967,准,U+51C6,zhun3,zhǔn,to allow,一准|不准|不准許
968,凇,U+51C7,song1,sōng,icicle,雨凇|霧凇|雾凇
969,凈,U+51C8,jing4,jìng,variant of 淨|净[jing4],凈心修身|凈身|凈身出戶
970,凉,U+51C9,liang2|liang4,liáng|liàng,"the five Liang of the Sixteen Kingdoms, namely: Former Liang 前涼|前凉 (314-376), Later Liang 後涼|后凉 (386-403), Northern Liang 北涼|北凉 (398-439), Southern Liang 南涼|南凉[Nan2 Liang2] (397-414), Western Liang 西涼|西凉 (400-421)",世态炎凉|乘凉|五凉
971,凊,U+51CA,qing4,qìng,(literary) cold; cool; chilly,
972,凋,U+51CB,diao1,diāo,withered,凋敝|凋落|凋謝
973,凌,U+51CC,ling2|ling4,líng|lìng,surname Ling,以強凌弱|以强凌弱|傲雪凌霜
974,凍,U+51CD,dong4,dòng,to freeze,不凍港|不凍港口|冰凍
975,凎,U+51CE,gan4,gàn,,
976,减,U+51CF,jian3,jiǎn,to lower,不减当年|偷工减料|光纤衰减
977,凐,U+51D0,yin1,yīn,,
978,凑,U+51D1,cou4,còu,"to gather together, pool or collect",七拼八凑|不凑巧|拼凑
979,凒,U+51D2,ai2,ái,,
980,凓,U+51D3,li4,lì,cold,
981,凔,U+51D4,chuang4|cang1,chuàng|cāng,cold,
982,凕,U+51D5,ming3,mǐng,,
983,凖,U+51D6,zhun3,zhǔn,,
984,凗,U+51D7,cui1,cuī,,
985,凘,U+51D8,si1,sī,,
986,凙,U+51D9,duo2,duó,,
987,凚,U+51DA,jin4,jìn,,
988,凛,U+51DB,lin3,lǐn,cold,凛冽|凛遵|大义凛然
989,凜,U+51DC,lin3,lǐn,cold,凜冽|凜遵|大義凜然
990,凝,U+51DD,ning2,níng,to congeal,冰凝器|凝冰|凝固
991,凞,U+51DE,xi1,xī,bright,
992,凟,U+51DF,du2,dú,variant of 瀆|渎[du2],
993,几,U+51E0,ji3|ji1,jǐ|jī,small table,一蹴可几|不拉几|不知凡几
994,凡,U+51E1,fan2,fán,ordinary,下凡|不凡|不同凡響
995,凢,U+51E2,fan2,fán,variant of 凡[fan2],
996,凣,U+51E3,fan2,fán,,
997,凤,U+51E4,feng4,fèng,surname Feng,丹凤|丹凤眼|丹凤县
998,凥,U+51E5,ju1,jū,old variant of 居[ju1],
999,処,U+51E6,chu3|chu4,chǔ|chù,old variant of 處|处[chu3],
1000,凧,U+51E7,zheng1,zhēng,,
1001,凨,U+51E8,feng1,fēng,,
1002,凩,U+51E9,mu4,mù,,
1003,凪,U+51EA,zhi3,zhǐ,,
1004,凫,U+51EB,fu2,fú,mallard,棉凫|凫水|凫翁
1005,凬,U+51EC,feng1,fēng,,
1006,凭,U+51ED,ping2,píng,variant of 憑|凭[ping2],任凭|任凭风浪起，稳坐钓鱼台|口说无凭
1007,凮,U+51EE,feng1,fēng,old variant of 風|风[feng1],
1008,凯,U+51EF,kai3,kǎi,surname Kai,凯利|凯夫拉|凯子
1009,凰,U+51F0,huang2,huáng,used in 鳳凰|凤凰[feng4 huang2],鳳凰|凤凰|鳳凰古城
1010,凱,U+51F1,kai3,kǎi,surname Kai,凱利|凱夫拉|凱子
1011,凲,U+51F2,gan1,gān,,
1012,凳,U+51F3,deng4,dèng,bench,三角凳|兀凳|凳子
1013,凴,U+51F4,ping2,píng,variant of 憑|凭[ping2],
1014,凵,U+51F5,qian3|kan3,qiǎn|kǎn,receptacle,
1015,凶,U+51F6,xiong1,xiōng,terrible,雇凶|元凶|凶刀
1016,凷,U+51F7,kuai4,kuài,,
1017,凸,U+51F8,tu1,tū,to stick out; protruding; convex; male (connector etc),U凸內褲|U凸内裤|凸凸
1018,凹,U+51F9,ao1|wa1,āo|wā,concave; depressed; sunken; indented; female (connector etc),中央凹|凹入|凹凸
1019,出,U+51FA,chu1,chū,to go out; to come out,一言既出，駟馬難追|一言既出，驷马难追|一鼻孔出氣
1020,击,U+51FB,ji1,jī,to hit,一击入洞|不堪一击|中间人攻击
1021,凼,U+51FC,dang4,dàng,pool,凼子|凼肥|水凼
1022,函,U+51FD,han2,hán,envelope,一次函數|一次函数|三角函數
1023,凾,U+51FE,han2,hán,,
1024,凿,U+51FF,zao2|zuo4,záo|zuò,(bound form) chisel,圆凿方枘|妄生穿凿|方枘圆凿
1025,刀,U+5200,dao1|diao1,dāo|diāo,surname Dao,一刀兩斷|一刀两断|一刀切
1026,刁,U+5201,diao1,diāo,surname Diao,刁婦|刁妇|刁悍
1027,刂,U+5202,dao1,dāo,"Kangxi radical 18 (刀[dao1]) as a vertical side element, referred to as 立刀旁[li4 dao1 pang2] or 側刀旁|侧刀旁[ce4 dao1 pang2]",
1028,刃,U+5203,ren4,rèn,edge of blade,兩面刃|两面刃|兵不血刃
1029,刄,U+5204,ren4,rèn,,
1030,刅,U+5205,chuang1,chuāng,,
1031,分,U+5206,fen1|fen4|fen2,fēn|fèn|fén,to divide; to separate,一分一毫|一分為二|一分为二
1032,切,U+5207,qie4|qie1|qi4,qiè|qiē|qì,to cut; to slice; to carve,一刀切|一切|一切向錢看
1033,刈,U+5208,yi4,yì,mow,刈包|刈羽|柏崎刈羽
1034,刉,U+5209,ji1,jī,,
1035,刊,U+520A,kan1,kān,to print,不刊之論|不刊之论|亞洲周刊
1036,刋,U+520B,qian4,qiàn,,
1037,刌,U+520C,cun3,cǔn,(literary) to cut off; to sever,
1038,刍,U+520D,chu2,chú,to mow or cut grass,反刍|反刍动物|反裘负刍
1039,刎,U+520E,wen3,wěn,cut across (throat),自刎
1040,刏,U+520F,ji1,jī,,
1041,刐,U+5210,dan3,dǎn,,
1042,刑,U+5211,xing2,xíng,surname Xing,上刑|五刑|刑事
1043,划,U+5212,hua4|hua2|guo4|guo3|huai,huà|huá|guò|guǒ|huai,to row,下划线|不划算|人类基因组计划
1044,刓,U+5213,wan2,wán,to trim,
1045,刔,U+5214,jue2,jué,,
1046,刕,U+5215,li2,lí,,
1047,刖,U+5216,yue4,yuè,to amputate one or both feet (punishment in imperial China) (one of the five mutilating punishments 五刑[wu3 xing2]),
1048,列,U+5217,lie4|li4,liè|lì,to arrange,一系列|下列|不列顛
1049,刘,U+5218,liu2,liú,surname Liu,刘伯温|刘备|刘光第
1050,则,U+5219,ze2,zé,(literary) (conjunction used to express contrast with a previous clause) but; then,一中原则|一则|一则以喜，一则以忧
1051,刚,U+521A,gang1,gāng,hard,丈二金刚摸不着头脑|以柔克刚|刚一
1052,创,U+521B,chuang4|chuang1,chuàng|chuāng,variant of 創|创[chuang4],主创|初创|初创公司
1053,刜,U+521C,fu2,fú,to chop,
1054,初,U+521D,chu1,chū,at first,人之初，性本善|元末明初|凌濛初
1055,刞,U+521E,qu4,qù,old variant of 耝[qu4],
1056,刟,U+521F,diao1,diāo,,
1057,删,U+5220,shan1,shān,to delete,侵删|删剪|删去
1058,刡,U+5221,min3,mǐn,to scrape; to pare,
1059,刢,U+5222,ling2,líng,,
1060,刣,U+5223,zhong1,zhōng,,
1061,判,U+5224,pan4,pàn,(bound form) to differentiate; to distinguish,主裁判|五鬼鬧判|五鬼闹判
1062,別,U+5225,bie2,bié,surname Bie,不加區別|不辭而別|中央人民政府駐香港特別行政區聯絡辦公室
1063,刦,U+5226,jie2,jié,variant of 劫[jie2],
1064,刧,U+5227,jie2,jié,variant of 劫[jie2],
1065,刨,U+5228,pao2|bao4,páo|bào,carpenter's plane,刨冰|刨刀|刨子
1066,利,U+5229,li4,lì,surname Li,一本萬利|一本万利|三得利
1067,刪,U+522A,shan1,shān,to delete,侵刪|刪剪|刪去
1068,别,U+522B,bie2|bie4,bié|biè,surname Bie,不加区别|不辞而别|中央人民政府驻香港特别行政区联络办公室
1069,刬,U+522C,chan3|chan4,chǎn|chàn,variant of 鏟|铲[chan3],
1070,刭,U+522D,jing3,jǐng,cut the throat,
1071,刮,U+522E,gua1,guā,to scrape,刮傷|刮伤|刮刀
1072,刯,U+522F,geng1,gēng,,
1073,到,U+5230,dao4,dào,to reach; to arrive,一天到晚|一年到頭|一年到头
1074,刱,U+5231,chuang4,chuàng,variant of 創|创[chuang1],
1075,刲,U+5232,kui1,kuī,cut open and clean,
1076,刳,U+5233,ku1|kou1,kū|kōu,to cut open,
1077,刴,U+5234,duo4,duò,variant of 剁[duo4],
1078,刵,U+5235,er4,èr,cutting off the ears as punishment,
1079,制,U+5236,zhi4,zhì,system,AA制|AB制|JK制服
1080,刷,U+5237,shua1|shua4,shuā|shuà,a brush,兩把刷子|两把刷子|凸版印刷
1081,券,U+5238,quan4|xuan4,quàn|xuàn,"bond (esp. document split in two, with each party holding one half)",上海證券交易所|上海证券交易所|上海證券交易所綜合股價指數
1082,刹,U+5239,sha1|cha4,shā|chà,"Buddhist monastery, temple or shrine (abbr. for 剎多羅|刹多罗[cha4 duo1 luo2], Sanskrit ""ksetra"")",一刹那|什刹海|刹不住
1083,刺,U+523A,ci4|ci1|qi4,cì|cī|qì,(onom.) whoosh,倒刺|共刺激|刀片刺網
1084,刻,U+523B,ke4|kei1,kè|kēi,quarter (hour),一刻千金|一時半刻|一时半刻
1085,刼,U+523C,jie2,jié,variant of 劫[jie2],
1086,刽,U+523D,gui4,guì,to amputate,刽子手
1087,刾,U+523E,ci4,cì,old variant of 刺[ci4],
1088,刿,U+523F,gui4,guì,cut,
1089,剀,U+5240,kai3,kǎi,used in 剴切|剀切[kai3 qie4],剀切
1090,剁,U+5241,duo4,duò,to chop up (meat etc),剁手節|剁手节|剁手黨
1091,剂,U+5242,ji4,jì,(bound form) a compound made by mixing ingredients (esp. a medicinal or chemical product),中和剂|丸剂|乳剂
1092,剃,U+5243,ti4,tì,to shave,剃光頭|剃光头|剃刀
1093,剄,U+5244,jing3,jǐng,cut the throat,
1094,剅,U+5245,lou2|dou1,lóu|dōu,(dialect) an opening at the bottom of a dike for letting water in or out,
1095,剆,U+5246,luo3,luǒ,,
1096,則,U+5247,ze2,zé,(literary) (conjunction used to express contrast with a previous clause) but; then,一中原則|一則|一則以喜，一則以憂
1097,剈,U+5248,yuan1,yuān,,
1098,剉,U+5249,cuo4,cuò,(literary) to fracture (a bone),剉冰|剉屍
1099,削,U+524A,xue1|xiao1|qiao4|shao4,xuē|xiāo|qiào|shào,to peel with a knife,下旋削球|刀削麵|刀削面
1100,剋,U+524B,ke4|kei1,kè|kēi,"Ke (c. 2000 BC), seventh of the legendary Flame Emperors, 炎帝[Yan2 di4] descended from Shennong 神農|神农[Shen2 nong2] Farmer God",剋扣|剋星|剋架
1101,剌,U+524C,la2|la4,lá|là,"variant of 拉[la2] (Note: 剌 was the character used prior to simplification and remains the standard in Taiwan, while in mainland China, 拉 has replaced 剌)",大剌剌|札馬剌丁|札马剌丁
1102,前,U+524D,qian2|jian3,qián|jiǎn,front,一往無前|一往无前|一往直前
1103,剎,U+524E,sha1,shā,"Buddhist monastery, temple or shrine (abbr. for 剎多羅|刹多罗[cha4 duo1 luo2], Sanskrit ""ksetra"")",一剎那|什剎海|剎不住
1104,剏,U+524F,chuang4,chuàng,variant of 創|创[chuang4],
1105,剐,U+5250,gua3,guǎ,cut off the flesh as punishment,千刀万剐|舍得一身剐，敢把皇帝拉下马
1106,剑,U+5251,jian4,jiàn,double-edged sword,上方宝剑|佩剑|刀光剑影
1107,剒,U+5252,cuo4,cuò,to cut,
1108,剓,U+5253,li2,lí,,
1109,剔,U+5254,ti1|ti4,tī|tì,to scrape the meat from bones,剔牙|剔透|剔除
1110,剕,U+5255,fei4,fèi,amputation of limbs as corporal punishment,
1111,剖,U+5256,pou1|po3,pōu|pǒ,to cut open,人體解剖|人体解剖|人體解剖學
1112,剗,U+5257,chan3|chan4,chǎn|chàn,variant of 鏟|铲[chan3],
1113,剘,U+5258,qi2,qí,,
1114,剙,U+5259,chuang4,chuàng,variant of 創|创[chuang4],
1115,剚,U+525A,zi4,zì,erect,
1116,剛,U+525B,gang1,gāng,hard,丈二金剛摸不著頭腦|以柔克剛|剛一
1117,剜,U+525C,wan1,wān,to scoop out,
1118,剝,U+525D,bo1,bō,to peel,刻剝|剝削|剝削者
1119,剞,U+525E,ji1,jī,used in 剞劂[ji1 jue2],剞劂
1120,剟,U+525F,duo1|chi4,duō|chì,to prick,
1121,剠,U+5260,qing2|lve4,qíng|lüè,,
1122,剡,U+5261,shan4|yan3,shàn|yǎn,river in Zhejiang,
1123,剢,U+5262,du1|zhuo2,dū|zhuó,,
1124,剣,U+5263,jian4,jiàn,Japanese variant of 劍|剑,
1125,剤,U+5264,ji4,jì,Japanese variant of 劑|剂,
1126,剥,U+5265,bo1|bao1|pu1,bō|bāo|pū,to peel,刻剥|剥削|剥削者
1127,剦,U+5266,yan1,yān,,
1128,剧,U+5267,ju4,jù,"theatrical work (play, opera, TV series etc)",IP剧|上星剧|上海大剧院
1129,剨,U+5268,huo1|huo4,huō|huò,,
1130,剩,U+5269,sheng4,shèng,to remain,中國剩餘定理|中国剩余定理|剩下
1131,剪,U+526A,jian3,jiǎn,surname Jian,修剪|刪剪|删剪
1132,剫,U+526B,duo2|du4,duó|dù,,
1133,剬,U+526C,duan1|tuan2|zhi4,duān|tuán|zhì,,
1134,剭,U+526D,wu1,wū,,
1135,剮,U+526E,gua3,guǎ,cut off the flesh as punishment,千刀萬剮|捨得一身剮，敢把皇帝拉下馬
1136,副,U+526F,fu4|pi4,fù|pì,secondary,二副|全副|全副武裝
1137,剰,U+5270,sheng4,shèng,Japanese variant of 剩[sheng4],
1138,剱,U+5271,jian4,jiàn,,
1139,割,U+5272,ge1,gē,to cut,不可分割|交割|任人宰割
1140,剳,U+5273,da2|zha2,dá|zhá,hook,
1141,剴,U+5274,kai3|ai1,kǎi|āi,used in 剴切|剀切[kai3 qie4],剴切
1142,創,U+5275,chuang4|chuang1|qiang1,chuàng|chuāng|qiāng,(bound form) a wound; to wound,主創|初創|初創公司
1143,剶,U+5276,chuan1,chuān,,
1144,剷,U+5277,chan3,chǎn,to scrape the ground with a spade (to make it level or to remove weeds); to shovel,剷平|剷除
1145,剸,U+5278,tuan2|zhuan1|zhuan4,tuán|zhuān|zhuàn,slash,
1146,剹,U+5279,lu4|jiu1,lù|jiū,to peel with a knife,
1147,剺,U+527A,li2,lí,mark,
1148,剻,U+527B,peng3,pěng,,
1149,剼,U+527C,shan1,shān,,
1150,剽,U+527D,piao1|piao4|piao2|biao3|biao1,piāo|piào|piáo|biǎo|biāo,to rob,剽悍|剽竊|剽窃
1151,剾,U+527E,kou1,kōu,,
1152,剿,U+527F,jiao3|chao1,jiǎo|chāo,to plagiarize,剿匪|剿滅|剿灭
1153,劀,U+5280,gua1,guā,(archaic) to scrape away decayed flesh or pus,
1154,劁,U+5281,qiao1|qiao2,qiāo|qiáo,to neuter livestock,
1155,劂,U+5282,jue2,jué,used in 剞劂[ji1 jue2],剞劂
1156,劃,U+5283,hua4|hua2|huai,huà|huá|huai,to cut,下劃線|人類基因組計劃|企劃
1157,劄,U+5284,zha1|zha2,zhā|zhá,to prick with a needle,書劄|目劄
1158,劅,U+5285,zhuo2,zhuó,,
1159,劆,U+5286,lian2,lián,,
1160,劇,U+5287,ju4,jù,"theatrical work (play, opera, TV series etc)",IP劇|上星劇|上海大劇院
1161,劈,U+5288,pi1|pi3,pī|pǐ,to hack,劈叉|劈哩啪啦|劈啪
1162,劉,U+5289,liu2,liú,surname Liu,劉伯溫|劉備|劉光第
1163,劊,U+528A,gui4,guì,to amputate,劊子手
1164,劋,U+528B,jiao3|chao1,jiǎo|chāo,,
1165,劌,U+528C,gui4,guì,cut,
1166,劍,U+528D,jian4,jiàn,double-edged sword,上方寶劍|佩劍|刀光劍影
1167,劎,U+528E,jian4,jiàn,,
1168,劏,U+528F,tang1,tāng,,
1169,劐,U+5290,huo1|huo4|hua2,huō|huò|huá,(coll.) to slit with a knife,劐弄
1170,劑,U+5291,ji4,jì,(bound form) a compound made by mixing ingredients (esp. a medicinal or chemical product),中和劑|丸劑|乳劑
1171,劒,U+5292,jian4,jiàn,variant of 劍|剑[jian4],
1172,劓,U+5293,yi4,yì,cut off the nose,
1173,劔,U+5294,jian4,jiàn,,
1174,劕,U+5295,zhi4,zhì,,
1175,劖,U+5296,chan2,chán,bore,
1176,劗,U+5297,jian3|zuan1,jiǎn|zuān,,
1177,劘,U+5298,mo2|mi2,mó|mí,whittle,
1178,劙,U+5299,li2,lí,"a divide, to partition",
1179,劚,U+529A,zhu2,zhú,,
1180,力,U+529B,li4,lì,surname Li,一力降十會|一力降十会|不力
1181,劜,U+529C,ya4,yà,,
1182,劝,U+529D,quan4,quàn,to advise,劝勉|劝动|劝化
1183,办,U+529E,ban4,bàn,"to take care of (a matter); to deal with (a task, procedure etc); to organize (an event)",一手包办|中共中央办公厅|中央人民政府驻香港特别行政区联络办公室
1184,功,U+529F,gong1,gōng,meritorious deed or service,一舉成功|一举成功|下功夫
1185,加,U+52A0,jia1,jiā,Canada (abbr. for 加拿大[Jia1 na2 da4]),丁加奴|不加|不加修飾
1186,务,U+52A1,wu4,wù,affair,一条龙服务|不务正业|不急之务
1187,劢,U+52A2,mai4,mài,put forth effort,
1188,劣,U+52A3,lie4,liè,inferior,低劣|假冒偽劣|假冒伪劣
1189,劤,U+52A4,jin4,jìn,,
1190,劥,U+52A5,keng1,kēng,,
1191,劦,U+52A6,xie2|lie4,xié|liè,unending exertion,
1192,劧,U+52A7,zhi3,zhǐ,,
1193,动,U+52A8,dong4,dòng,(of sth) to move,一二九运动|一动不动|一无所动
1194,助,U+52A9,zhu4|chu2,zhù|chú,to help,互助|個人數字助理|个人数字助理
1195,努,U+52AA,nu3,nǔ,to exert,亞努科維奇|亚努科维奇|加大努力
1196,劫,U+52AB,jie2,jié,variant of 劫[jie2],乘火打劫|劫匪|劫囚
1197,劬,U+52AC,qu2,qú,labor,
1198,劭,U+52AD,shao4,shào,surname Shao,年高德劭|柯劭忞
1199,劮,U+52AE,yi4,yì,old variant of 逸[yi4],
1200,劯,U+52AF,zhu1,zhū,,
1201,劰,U+52B0,mo4,mò,,
1202,励,U+52B1,li4,lì,surname Li,勉励|励志|励志哥
1203,劲,U+52B2,jin4|jing4,jìn|jìng,strength,Q劲|一个劲|一个劲儿
1204,劳,U+52B3,lao2,láo,(bound form) to toil; labor,一劳永逸|不劳而获|不辞劳苦
1205,労,U+52B4,lao2,láo,Japanese variant of 勞|劳,
1206,劵,U+52B5,juan4,juàn,variant of 券[quan4],
1207,劶,U+52B6,kou3,kǒu,,
1208,劷,U+52B7,yang2,yáng,,
1209,劸,U+52B8,wa1,wā,,
1210,効,U+52B9,xiao4,xiào,variant of 效[xiao4],
1211,劺,U+52BA,mou2,móu,,
1212,劻,U+52BB,kuang1,kuāng,zealous,
1213,劼,U+52BC,jie2,jié,careful,李劼人
1214,劽,U+52BD,lie4,liè,,
1215,劾,U+52BE,he2|kai4,hé|kài,to impeach,參劾|参劾|彈劾
1216,势,U+52BF,shi4,shì,power,上升趋势|上扬趋势|乘势
1217,勀,U+52C0,ke4,kè,,
1218,勁,U+52C1,jin4|jing4,jìn|jìng,strength,Q勁|一個勁|一個勁兒
1219,勂,U+52C2,gao4,gào,,
1220,勃,U+52C3,bo2,bó,flourishing,克格勃|勃列日涅夫|勃利
1221,勄,U+52C4,min3,mǐn,old variant of 敏[min3],
1222,勅,U+52C5,chi4,chì,variant of 敕[chi4],
1223,勆,U+52C6,lang2,láng,,
1224,勇,U+52C7,yong3,yǒng,brave,勇力|勇士|勇往前進
1225,勈,U+52C8,yong3,yǒng,old variant of 勇[yong3],
1226,勉,U+52C9,mian3,miǎn,to exhort,互勉|勉力|勉力而為
1227,勊,U+52CA,ke4,kè,,
1228,勋,U+52CB,xun1,xūn,medal,元勋|光禄勋|功勋
1229,勌,U+52CC,juan4|juan1,juàn|juān,old variant of 倦[juan4],
1230,勍,U+52CD,qing2,qíng,violent,
1231,勎,U+52CE,lu4,lù,,
1232,勏,U+52CF,bu4,bù,,
1233,勐,U+52D0,meng3,měng,meng (old administrative division in Dai areas of Yunnan),勐海|勐海縣|勐海县
1234,勑,U+52D1,chi4|lai4,chì|lài,variant of 敕[chi4],
1235,勒,U+52D2,lei1|le4|lei,lēi|lè|lei,(literary) bridle; halter; headstall,伏爾加格勒|伏尔加格勒|俄勒岡
1236,勓,U+52D3,kai4,kài,,
1237,勔,U+52D4,mian3,miǎn,variant of 勉[mian3],
1238,動,U+52D5,dong4,dòng,(of sth) to move,一二九運動|一動不動|一無所動
1239,勖,U+52D6,xu4|mao4,xù|mào,exhort,
1240,勗,U+52D7,xu4,xù,exhort,
1241,勘,U+52D8,kan1,kān,to investigate,勘定|勘察|勘察加
1242,務,U+52D9,wu4|wu3|wu2|mao2|mao4,wù|wǔ|wú|máo|mào,affair,一條龍服務|不務正業|不急之務
1243,勚,U+52DA,yi4,yì,(literary) toilsome,
1244,勛,U+52DB,xun1,xūn,medal,元勛|功勛|勛業
1245,勜,U+52DC,weng3|yang3,wěng|yǎng,,
1246,勝,U+52DD,sheng4,shèng,victory,三個臭皮匠，勝過一個諸葛亮|三連勝|不分勝敗
1247,勞,U+52DE,lao2|lao4|liao2,láo|lào|liáo,(bound form) to toil; labor,一勞永逸|不勞而獲|不辭勞苦
1248,募,U+52DF,mu4|bo2,mù|bó,to canvass for contributions; to collect; to raise; to recruit; to enlist,公募|募化|募捐
1249,勠,U+52E0,lu4,lù,(bound form) to join (forces),勠力
1250,勡,U+52E1,piao4,piào,,
1251,勢,U+52E2,shi4,shì,power,上升趨勢|上揚趨勢|乘勢
1252,勣,U+52E3,ji1,jī,merit; accomplishment (variant of 績|绩[ji4]),
1253,勤,U+52E4,qin2|qi2,qín|qí,diligent; industrious; hardworking,值勤|克勤克儉|克勤克俭
1254,勥,U+52E5,jiang4|qiang3|jiang3,jiàng|qiǎng|jiǎng,,
1255,勦,U+52E6,chao1|jiao3|chao2,chāo|jiǎo|cháo,variant of 剿[chao1],征勦
1256,勧,U+52E7,quan4,quàn,Japanese variant of 勸|劝,
1257,勨,U+52E8,xiang4,xiàng,,
1258,勩,U+52E9,yi4,yì,(literary) toilsome,
1259,勪,U+52EA,jue2,jué,,
1260,勫,U+52EB,fan1,fān,,
1261,勬,U+52EC,juan1,juān,,
1262,勭,U+52ED,tong2|dong4,tóng|dòng,,
1263,勮,U+52EE,ju4,jù,,
1264,勯,U+52EF,dan1,dān,exhausted,
1265,勰,U+52F0,xie2,xié,harmonious,賈思勰|贾思勰
1266,勱,U+52F1,mai4,mài,put forth effort,
1267,勲,U+52F2,xun1,xūn,variant of 勛|勋[xun1],
1268,勳,U+52F3,xun1,xūn,variant of 勛|勋[xun1],元勳|光祿勳|勳爵
1269,勴,U+52F4,lv4,lǜ,,
1270,勵,U+52F5,li4,lì,surname Li,勉勵|勵志|勵志哥
1271,勶,U+52F6,che4,chè,,
1272,勷,U+52F7,rang2|xiang1,ráng|xiāng,haste,
1273,勸,U+52F8,quan4,quàn,to advise,勸勉|勸動|勸化
1274,勹,U+52F9,bao1,bāo,old variant of 包[bao1],
1275,勺,U+52FA,shao2|shuo4|zhuo2|di4,sháo|shuò|zhuó|dì,spoon,一馬勺壞一鍋|一马勺坏一锅|公勺
1276,勻,U+52FB,yun2,yún,even,勻實|勻整|勻淨
1277,勼,U+52FC,jiu1,jiū,,
1278,勽,U+52FD,bao4,bào,,
1279,勾,U+52FE,gou1|gou4,gōu|gòu,surname Gou,一筆勾銷|一笔勾销|勾三搭四
1280,勿,U+52FF,wu4|mo4,wù|mò,do not,切勿|勿cue|勿忘國恥
1281,匀,U+5300,yun2|jun1|yun4,yún|jūn|yùn,even,匀实|匀整|匀净
1282,匁,U+5301,wen2,wén,(Japanese kokuji) momme (Japanese unit of weight equal to 3.75 grams),
1283,匂,U+5302,xiong1,xiōng,,
1284,匃,U+5303,gai4,gài,variant of 丐[gai4],
1285,匄,U+5304,gai4,gài,variant of 丐[gai4],
1286,包,U+5305,bao1|pao2|fu2,bāo|páo|fú,surname Bao,一手包辦|一手包办|三包
1287,匆,U+5306,cong1,cōng,hurried,匆促|匆匆|匆卒
1288,匇,U+5307,yi4,yì,,
1289,匈,U+5308,xiong1,xiōng,Hungary,匈奴|匈牙利|匈牙利語
1290,匉,U+5309,peng1,pēng,noise of waters,
1291,匊,U+530A,ju1,jū,variant of 掬[ju1],
1292,匋,U+530B,tao2|yao2,táo|yáo,pottery,
1293,匌,U+530C,ge2,gé,,
1294,匍,U+530D,pu2,pú,used in 匍匐[pu2 fu2],匍伏|匍匐|匍匐前進
1295,匎,U+530E,e4,è,,
1296,匏,U+530F,pao2,páo,bottle gourd,
1297,匐,U+5310,fu2,fú,used in 匍匐[pu2 fu2],匍匐|匍匐前進|匍匐前进
1298,匑,U+5311,gong1,gōng,to bow,
1299,匒,U+5312,da2,dá,,
1300,匓,U+5313,jiu4,jiù,,
1301,匔,U+5314,gong1,gōng,old variant of 匑[gong1],
1302,匕,U+5315,bi3|pin4,bǐ|pìn,dagger,匕首|圖窮匕見|图穷匕见
1303,化,U+5316,hua4|hua1|huo4,huà|huā|huò,variant of 花[hua1],一側化|一侧化|一元化
1304,北,U+5317,bei3|bei4,běi|bèi,north,一個天南，一個地北|一个天南，一个地北|三北
1305,匘,U+5318,nao3,nǎo,old variant of 腦|脑[nao3],
1306,匙,U+5319,shi|chi2,shi|chí,spoon,一匙|一把鑰匙開一把鎖|一把钥匙开一把锁
1307,匚,U+531A,fang1|fang4,fāng|fàng,"""right open box"" radical (Kangxi radical 22), occurring in 区, 医, 匹 etc",
1308,匛,U+531B,jiu4,jiù,,
1309,匜,U+531C,yi2,yí,washbasin with a tubular handle,
1310,匝,U+531D,za1,zā,(literary) to encircle; to go around; to surround,匝加利亞|匝加利亚|匝月
1311,匞,U+531E,jiang4,jiàng,old variant of 匠[jiang4],
1312,匟,U+531F,kang4,kàng,old variant of 炕[kang4],
1313,匠,U+5320,jiang4,jiàng,craftsman,三個臭皮匠，勝過一個諸葛亮|三个臭皮匠，胜过一个诸葛亮|三個臭皮匠，合成一個諸葛亮
1314,匡,U+5321,kuang1|wang1,kuāng|wāng,surname Kuang,倪匡|匡扶社稷|匡正
1315,匢,U+5322,hu1,hū,,
1316,匣,U+5323,xia2,xiá,box,匣子|匣槍|匣枪
1317,匤,U+5324,qu1,qū,,
1318,匥,U+5325,fan2,fán,,
1319,匦,U+5326,gui3,guǐ,small box,投票匦
1320,匧,U+5327,qie4,qiè,old variant of 篋|箧[qie4],
1321,匨,U+5328,zang1|cang2,zāng|cáng,,
1322,匩,U+5329,kuang1,kuāng,,
1323,匪,U+532A,fei3|fei1|fen1,fěi|fēi|fēn,bandit,交情匪淺|交情匪浅|共匪
1324,匫,U+532B,hu1,hū,,
1325,匬,U+532C,yu3,yǔ,,
1326,匭,U+532D,gui3,guǐ,small box,投票匭
1327,匮,U+532E,kui4|gui4,kuì|guì,surname Kui,不匮|不虞匮乏|勤则不匮
1328,匯,U+532F,hui4,huì,to remit,中央匯金|交匯|交匯處
1329,匰,U+5330,dan1,dān,,
1330,匱,U+5331,gui4|kui4,guì|kuì,surname Kui,不匱|不虞匱乏|勤則不匱
1331,匲,U+5332,lian2,lián,variant of 奩|奁[lian2],
1332,匳,U+5333,lian2,lián,variant of 奩|奁[lian2],
1333,匴,U+5334,suan3,suǎn,bamboo utensil used for washing rice in ancient times,
1334,匵,U+5335,du2,dú,old variant of 櫝|椟[du2],
1335,匶,U+5336,jiu4,jiù,old variant of 柩[jiu4],
1336,匷,U+5337,jue2,jué,,
1337,匸,U+5338,xi4,xì,"""cover"" or ""conceal"" radical in Chinese characters (Kangxi radical 23) (distinguished from 匚[fang1])",
1338,匹,U+5339,pi3,pǐ,(bound form) matching; comparable to,匹偶|匹克|匹克球
1339,区,U+533A,qu1|ou1,qū|ōu,surname Ou,11区|七堵区|七星区
1340,医,U+533B,yi1|yi4,yī|yì,medical,中西医|中西医结合|中医
1341,匼,U+533C,ke1|e1|an3,kē|ē|ǎn,,
1342,匽,U+533D,yan3|yan4,yǎn|yàn,"to hide, to secrete, to repress",
1343,匾,U+533E,bian3,biǎn,horizontal rectangular inscribed tablet hung over a door or on a wall,匾額|匾额|橫匾
1344,匿,U+533F,ni4|te4,nì|tè,to hide,匿名|匿報|匿报
1345,區,U+5340,qu1|ou1|gou1|qiu1|kou4,qū|ōu|gōu|qiū|kòu,surname Ou,11區|七堵區|七星區
1346,十,U+5341,shi2,shí,ten,一五一十|一傳十，十傳百|一传十，十传百
1347,卂,U+5342,xun4,xùn,(archaic) to fly rapidly,
1348,千,U+5343,qian1,qiān,thousand,一刻千金|一千零一夜|一失足成千古恨
1349,卄,U+5344,nian4,niàn,"twenty, twentieth",
1350,卅,U+5345,sa4,sà,thirty,五卅|五卅運動|五卅运动
1351,卆,U+5346,zu2,zú,"variant of 卒[zu2], soldier",
1352,升,U+5347,sheng1,shēng,to ascend; to rise,一人得道，雞犬升天|一人得道，鸡犬升天|上升
1353,午,U+5348,wu3,wǔ,"7th earthly branch: 11 a.m.-1 p.m., noon, 5th solar month (6th June-6th July), year of the Horse",上午|下午|下午好
1354,卉,U+5349,hui4,huì,plants,奇花異卉|奇花异卉|奇葩異卉
1355,半,U+534A,ban4|pan4,bàn|pàn,half,一個半|一个半|一半
1356,卋,U+534B,shi4,shì,old variant of 世[shi4],
1357,卌,U+534C,xi4,xì,forty,
1358,卍,U+534D,wan4,wàn,"swastika, a sacred and auspicious symbol in Hinduism, Buddhism, and Jainism",
1359,华,U+534E,hua2|hua4|hua1,huá|huà|huā,abbr. for China,上海振华港口机械|中华|中华人民共和国
1360,协,U+534F,xie2,xié,to cooperate,不协调|不妥协|中俄边界协议
1361,卐,U+5350,wan4,wàn,"swastika, a sacred and auspicious symbol in Hinduism, Buddhism, and Jainism, later adopted by Nazi Germany",
1362,卑,U+5351,bei1|bi3|bi4|pi2|ban1,bēi|bǐ|bì|pí|bān,low,不亢不卑|不卑不亢|卑下
1363,卒,U+5352,zu2|cu4|cui4,zú|cù|cuì,variant of 卒[zu2],倉卒|仓卒|兵卒
1364,卓,U+5353,zhuo2|zhuo1,zhuó|zhuō,surname Zhuo,卓乎不群|卓別林|卓别林
1365,協,U+5354,xie2,xié,to cooperate,不協調|不妥協|中俄邊界協議
1366,单,U+5355,dan1|chan2|shan4,dān|chán|shàn,surname Shan,上下文菜单|下单|下订单
1367,卖,U+5356,mai4,mài,to sell,一锤子买卖|以老卖老|倒买倒卖
1368,南,U+5357,nan2|na1,nán|nā,surname Nan,一個天南，一個地北|一个天南，一个地北|不撞南牆不回頭
1369,単,U+5358,dan1,dān,Japanese variant of 單|单,
1370,卙,U+5359,ji2|chi4,jí|chì,,
1371,博,U+535A,bo2,bó,(bound form) abundant; plentiful; extensive; wide,三位博士|世博|世博會
1372,卛,U+535B,shuai4,shuài,old variant of 率[lu:4],
1373,卜,U+535C,bo|bu3|pu1,bo|bǔ|pū,surname Bu,一个萝卜一个坑|前途未卜|卜卜米
1374,卝,U+535D,kuang4|guan4,kuàng|guàn,two bunches of hair on a child,
1375,卞,U+535E,bian4|pan2,biàn|pán,surname Bian,
1376,卟,U+535F,bu3|ji1,bǔ|jī,used in the transliteration of the names of organic compounds porphyrin 卟啉[bu3 lin2] and porphin 卟吩[bu3 fen1],卟吩|卟啉
1377,占,U+5360,zhan4|zhan1|tie1,zhàn|zhān|tiē,variant of 占[zhan4],占上风|占下风|占中
1378,卡,U+5361,ka3|qia3,kǎ|qiǎ,to stop,TF卡|一卡通|丙酸氟替卡松
1379,卢,U+5362,lu2,lú,surname Lu,佉卢文|图瓦卢|图卢斯
1380,卣,U+5363,you3,yǒu,wine container,
1381,卤,U+5364,lu3|xi1,lǔ|xī,to stew in soy sauce and spices,光卤石|拟卤素|斥卤
1382,卥,U+5365,xi1,xī,,
1383,卦,U+5366,gua4,guà,divinatory diagram,八卦|八卦山|八卦拳
1384,卧,U+5367,wo4,wò,to lie,仰卧|仰卧式|仰卧起坐
1385,卨,U+5368,xie4,xiè,used in old names,
1386,卩,U+5369,jie2,jié,"""seal"" radical in Chinese characters (Kangxi radical 26)",
1387,卪,U+536A,jie2,jié,old variant of 節|节[jie2],
1388,卫,U+536B,wei4,wèi,surname Wei,不列颠保卫战|世界卫生大会|世界卫生组织
1389,卬,U+536C,ang2|yang3,áng|yǎng,surname Ang,
1390,卭,U+536D,qiong2,qióng,,
1391,卮,U+536E,zhi1,zhī,goblet,
1392,卯,U+536F,mao3,mǎo,mortise (slot cut into wood to receive a tenon),丁卯|丁卯戰爭|丁卯战争
1393,印,U+5370,yin4|yi4,yìn|yì,surname Yin,3D打印|一步一個腳印|一步一个脚印
1394,危,U+5371,wei1,wēi,surname Wei,乘人之危|事危累卵|信用危機
1395,卲,U+5372,shao4,shào,surname Shao,
1396,即,U+5373,ji2,jí,namely,一拍即合|一觸即潰|一触即溃
1397,却,U+5374,que4,què,old variant of 卻|却[que4],了却|了却此生|冷却
1398,卵,U+5375,luan3|kun1,luǎn|kūn,egg; ovum; spawn,事危累卵|以卵擊石|以卵击石
1399,卶,U+5376,chi3,chǐ,,
1400,卷,U+5377,juan3|juan4|quan2|quan1|gun3|jun4,juǎn|juàn|quán|quān|gǔn|jùn,to roll up,中卷|交卷|并卷机
1401,卸,U+5378,xie4,xiè,to unload,交卸|倒戈卸甲|傾卸
1402,卹,U+5379,xu4|su1,xù|sū,anxiety,撫卹|賙卹
1403,卺,U+537A,jin3,jǐn,nuptial wine cup,合卺|卺饮|连卺
1404,卻,U+537B,que4|jiao3|xi4,què|jiǎo|xì,but,了卻|了卻此生|冷卻
1405,卼,U+537C,wu4,wù,uncomfortable,
1406,卽,U+537D,ji2,jí,variant of 即[ji2],
1407,卾,U+537E,e4,è,,
1408,卿,U+537F,qing1,qīng,high ranking official (old),九卿|公卿|冏卿
1409,厀,U+5380,xi1,xī,old variant of 膝[xi1],
1410,厁,U+5381,san1,sān,,
1411,厂,U+5382,chang3|han3|yan2|an1,chǎng|hǎn|yán|ān,"""cliff"" radical in Chinese characters (Kangxi radical 27), occurring in 原, 历, 压 etc",修理厂|修造厂|兵工厂
1412,厃,U+5383,wei3|yan2,wěi|yán,,
1413,厄,U+5384,e4|e3,è|ě,distressed,卡爾斯魯厄|卡尔斯鲁厄|厄什塔
1414,厅,U+5385,ting1,tīng,(reception) hall,一房一厅|中共中央办公厅|中厅
1415,历,U+5386,li4,lì,old variant of 曆|历[li4],亚历山大|亚历山大·杜布切克|亚历山大大帝
1416,厇,U+5387,zhe2|zhai2,zhé|zhái,,
1417,厈,U+5388,han3|an4,hǎn|àn,,
1418,厉,U+5389,li4,lì,surname Li,不明觉厉|再接再厉|冷厉
1419,厊,U+538A,ya3,yǎ,,
1420,压,U+538B,ya1|ya4,yā|yà,to press,中压管|以权压法|以言代法，以权压法
1421,厌,U+538C,yan4,yàn,(bound form) to loathe; to be fed up with,不厌|不厌其烦|人憎狗厌
1422,厍,U+538D,she4,shè,surname She,
1423,厎,U+538E,di3|zhi3,dǐ|zhǐ,whetstone,
1424,厏,U+538F,zha3|zhai3,zhǎ|zhǎi,,
1425,厐,U+5390,pang2,páng,"variant of 龐|庞[pang2], huge",
1426,厑,U+5391,ya2,yá,,
1427,厒,U+5392,qie4,qiè,,
1428,厓,U+5393,ya2|ai2,yá|ái,old form of 崖 (cliff) and 涯 (bank),
1429,厔,U+5394,zhi4|shi1,zhì|shī,river bent,
1430,厕,U+5395,ce4|si,cè|si,variant of 廁|厕[ce4],上厕所|公厕|坐厕
1431,厖,U+5396,pang2|mang2,páng|máng,huge,
1432,厗,U+5397,ti2,tí,"old stone or mineral, possibly related to antimony Sb 銻|锑[ti1]",厗奚
1433,厘,U+5398,li2|chan2,lí|chán,variant of 釐|厘[li2],公厘|厘金|失之毫厘，謬以千里
1434,厙,U+5399,she4,shè,surname She,
1435,厚,U+539A,hou4,hòu,thick,不知天高地厚|仁厚|何厚鏵
1436,厛,U+539B,ting1,tīng,,
1437,厜,U+539C,zui1,zuī,a mountain peak,
1438,厝,U+539D,cuo4|ji2,cuò|jí,to lay in place,厝火積薪|厝火积薪|積薪厝火
1439,厞,U+539E,fei4,fèi,to hide,
1440,原,U+539F,yuan2,yuán,surname Yuan,一中原則|一中原则|一般原則
1441,厠,U+53A0,ce4,cè,variant of 廁|厕[ce4],
1442,厡,U+53A1,yuan2,yuán,,
1443,厢,U+53A2,xiang1,xiāng,box (in theater),一壁厢|一厢情愿|三厢
1444,厣,U+53A3,yan3,yǎn,operculum (Latin: little lid),
1445,厤,U+53A4,li4,lì,old variant of 曆|历[li4],
1446,厥,U+53A5,jue2,jué,to faint,厥功至偉|厥功至伟|大放厥詞
1447,厦,U+53A6,sha4|xia4,shà|xià,"abbr. for Xiamen or Amoy 廈門|厦门[Xia4 men2], Fujian",世贸大厦|五角大厦|偏厦
1448,厧,U+53A7,dian1,diān,,
1449,厨,U+53A8,chu2,chú,old variant of 廚|厨[chu2],下厨|主厨|君子远庖厨
1450,厩,U+53A9,jiu4,jiù,stable,马厩
1451,厪,U+53AA,jin3,jǐn,hut,
1452,厫,U+53AB,ao2,áo,,
1453,厬,U+53AC,gui3,guǐ,,
1454,厭,U+53AD,yan4|ya1|yan3|yan1|yi4,yàn|yā|yǎn|yān|yì,(bound form) to loathe; to be fed up with,不厭|不厭其煩|人憎狗厭
1455,厮,U+53AE,si1,sī,variant of 廝|厮[si1],小厮|厮守|厮打
1456,厯,U+53AF,li4,lì,,
1457,厰,U+53B0,chang3,chǎng,variant of 廠|厂[chang3],
1458,厱,U+53B1,lan2|qian1,lán|qiān,,
1459,厲,U+53B2,li4|lai4,lì|lài,surname Li,不明覺厲|再接再厲|冷厲
1460,厳,U+53B3,yan2,yán,Japanese variant of 嚴|严,
1461,厴,U+53B4,yan3,yǎn,operculum (Latin: little lid),
1462,厵,U+53B5,yuan2,yuán,,
1463,厶,U+53B6,si1|mou3,sī|mǒu,old variant of 某[mou3],
1464,厷,U+53B7,gong1|hong2,gōng|hóng,old variant of 肱[gong1],
1465,厸,U+53B8,lin2|min,lín|min,,
1466,厹,U+53B9,rou2|qiu2,róu|qiú,spear,
1467,厺,U+53BA,qu4,qù,old variant of 去[qu4],
1468,去,U+53BB,qu4|qu1,qù|qū,to go,一來二去|一来二去|一去不回
1469,厼,U+53BC,er3,ěr,"one of the characters used in kwukyel (phonetic ""keum""), an ancient Korean writing system",
1470,厽,U+53BD,lei3,lěi,,
1471,厾,U+53BE,du1|du3,dū|dǔ,to tap lightly,點厾|点厾
1472,县,U+53BF,xian4,xiàn,county,三原县|三台县|三江侗族自治县
1473,叀,U+53C0,zhuan1|hui4,zhuān|huì,,
1474,叁,U+53C1,san1,sān,variant of 參|叁[san1],
1475,参,U+53C2,can1|cen1|shen1,cān|cēn|shēn,variant of 參|参[can1],丹参|人参|传参
1476,參,U+53C3,can1|shen1|san1|cen1|can4|san3,cān|shēn|sān|cēn|càn|sǎn,three (banker's anti-fraud numeral),丹參|人參|傳參
1477,叄,U+53C4,can1,cān,variant of 參|叁[san1],
1478,叅,U+53C5,can1,cān,old variant of 參|参[can1],
1479,叆,U+53C6,ai4,ài,misty,叆叇|叆叆
1480,叇,U+53C7,dai4,dài,see 靉靆|叆叇[ai4 dai4],叆叇
1481,又,U+53C8,you4,yòu,(once) again,一次又一次|一波未平，一波又起|一遍又一遍
1482,叉,U+53C9,cha1|cha2|cha3|cha4,chā|chá|chǎ|chà,fork,三叉戟|三叉神經|三叉神经
1483,及,U+53CA,ji2,jí,and,不及|不及格|不及物動詞
1484,友,U+53CB,you3,yǒu,friend,G友|三朋四友|不怕神一樣的對手，就怕豬一樣的隊友
1485,双,U+53CC,shuang1,shuāng,variant of 雙|双[shuang1],一箭双雕|一语双关|又双叒叕
1486,反,U+53CD,fan3|fan4,fǎn|fàn,contrary,一反常態|一反常态|一反往常
1487,収,U+53CE,shou1,shōu,variant of 收[shou1],
1488,叏,U+53CF,guai4,guài,,
1489,叐,U+53D0,ba2,bá,,
1490,发,U+53D1,fa1|fa4,fā|fà,to send out,一发不可收拾|一发而不可收|一触即发
1491,叒,U+53D2,ruo4,ruò,old variant of 若[ruo4],又雙叒叕|又双叒叕
1492,叓,U+53D3,shi4|li4,shì|lì,,
1493,叔,U+53D4,shu1,shū,uncle,伯仲叔季|伯叔|伯叔祖母
1494,叕,U+53D5,zhuo2|yi3|li4|jue2,zhuó|yǐ|lì|jué,to join together,又雙叒叕|又双叒叕
1495,取,U+53D6,qu3|qu1,qǔ|qū,to take,一介不取|以貌取人|借取
1496,受,U+53D7,shou4|dao4,shòu|dào,to receive,上當受騙|上当受骗|不受歡迎
1497,变,U+53D8,bian4,biàn,to change,一二八事变|一成不变|七七事变
1498,叙,U+53D9,xu4,xù,variant of 敘|叙[xu4],以叙|倒叙|埃叙
1499,叚,U+53DA,jia3|xia2,jiǎ|xiá,variant of 假[jia3],
1500,叛,U+53DB,pan4,pàn,to betray,三藩叛亂|三藩叛乱|反叛
1501,叜,U+53DC,sou3,sǒu,,
1502,叝,U+53DD,ji2,jí,,
1503,叞,U+53DE,wei4,wèi,,
1504,叟,U+53DF,sou3|sou1|xiao1,sǒu|sōu|xiāo,old gentleman,傑弗里·喬叟|杰弗里·乔叟|北叟失馬
1505,叠,U+53E0,die2,dié,variant of 疊|叠[die2],三叠纪|二叠纪|动词重叠
1506,叡,U+53E1,rui4,ruì,variant of 睿[rui4],
1507,叢,U+53E2,cong2,cóng,cluster,人叢|叢冢|叢書
1508,口,U+53E3,kou3,kǒu,mouth,一口|一口價|一口价
1509,古,U+53E4,gu3|gu4|ku1,gǔ|gù|kū,surname Gu,一古腦兒|一古脑儿|一失足成千古恨
1510,句,U+53E5,ju4|gou1|gou4|qu2,jù|gōu|gòu|qú,variant of 勾[gou1],一句|一句話|一句话
1511,另,U+53E6,ling4,lìng,other,另一|另一半|另一方面
1512,叧,U+53E7,gua3,guǎ,,
1513,叨,U+53E8,dao1|dao2|tao1,dāo|dáo|tāo,garrulous,勞勞叨叨|劳劳叨叨|叨叨
1514,叩,U+53E9,kou4,kòu,to knock,三跪九叩|叩問|叩问
1515,只,U+53EA,zhi3|zhi1,zhǐ|zhī,variant of 隻|只[zhi1],三只手|不只|不怕不識貨，只怕貨比貨
1516,叫,U+53EB,jiao4,jiào,to shout,亂叫|乱叫|刮刮叫
1517,召,U+53EC,zhao4|shao4,zhào|shào,surname Shao,南召|南召縣|南召县
1518,叭,U+53ED,ba1|pa1|ba,bā|pā|ba,denote a sound or sharp noise (gunfire etc),伸縮喇叭|伸缩喇叭|低音喇叭
1519,叮,U+53EE,ding1,dīng,"to sting or bite (of mosquito, bee etc)",千叮萬囑|千叮万嘱|半瓶水響叮噹
1520,可,U+53EF,ke3|ke4|ge1,kě|kè|gē,(prefix) can; may; able to; -able,一發不可收拾|一发不可收拾|一發而不可收
1521,台,U+53F0,tai2|tai1|yi2|si4,tái|tāi|yí|sì,Taiwan (abbr.),T台|T型台|一中一台
1522,叱,U+53F1,chi4|hua4|e2,chì|huà|é,to scold,叱吒|叱呵|叱咄
1523,史,U+53F2,shi3,shǐ,surname Shi,一部二十四史，不知從何說起|一部二十四史，不知从何说起|三國史記
1524,右,U+53F3,you4,yòu,(bound form) right; right-hand side,不為左右袒|不为左右袒|反右
1525,叴,U+53F4,qiu2,qiú,,
1526,叵,U+53F5,po3,pǒ,not,叵測|叵测|居心叵測
1527,叶,U+53F6,ye4|xie2,yè|xié,to be in harmony,一叶知秋|一叶障目|七叶树
1528,号,U+53F7,hao4|hao2|xiao1,hào|háo|xiāo,roar,一号|一号木杆|一号电池
1529,司,U+53F8,si1|ci2|si4,sī|cí|sì,surname Si,三法司|上司|上市公司
1530,叹,U+53F9,tan4|yi3|you4,tàn|yǐ|yòu,to sigh,一倡三叹|一唱三叹|付之一叹
1531,叺,U+53FA,chi3,chǐ,,
1532,叻,U+53FB,le4|li4,lè|lì,(used in place names),叻沙|吡叻
1533,叼,U+53FC,diao1,diāo,to hold with one's mouth (as a smoker with a cigarette or a dog with a bone),叼盤|叼盘|胡叼盤
1534,叽,U+53FD,ji1|jiao4,jī|jiào,grumble,不拉叽|咔叽|哔叽
1535,叾,U+53FE,liao3,liǎo,,
1536,叿,U+53FF,hong1|hong2,hōng|hóng,,
1537,吀,U+5400,mie1,miē,,
1538,吁,U+5401,xu1|yu1|yu4,xū|yū|yù,sh,吁吁|呼吁|喘吁吁
1539,吂,U+5402,mang2|mang4,máng|màng,,
1540,吃,U+5403,chi1|qi1,chī|qī,to eat; to consume,一口吃不成胖子|一口吃個胖子|一口吃个胖子
1541,各,U+5404,ge4|ge3,gè|gě,each,世界各地|人各有所好|全國各地
1542,吅,U+5405,xuan1|song4,xuān|sòng,variant of 訟|讼[song4],
1543,吆,U+5406,yao1,yāo,to shout,吆五喝六|吆呼|吆喊
1544,吇,U+5407,zi3|ji2,zǐ|jí,,
1545,合,U+5408,he2|ge3,hé|gě,100 ml,21三體綜合症|21三体综合症|一拍即合
1546,吉,U+5409,ji2,jí,surname Ji,不吉|不吉利|丘吉爾
1547,吊,U+540A,diao4,diào,to suspend,一哭二鬧三上吊|一哭二闹三上吊|上吊
1548,吋,U+540B,cun4|dou4|ying1,cùn|dòu|yīng,inch (English),
1549,同,U+540C,tong2|tong4,tóng|tòng,like,一同|一掬同情之淚|一掬同情之泪
1550,名,U+540D,ming2|ming4,míng|mìng,name,一文不名|不可名狀|不可名状
1551,后,U+540E,hou4,hòu,surname Hou,95后|三思而后行|不孝有三，无后为大
1552,吏,U+540F,li4,lì,minor government official or functionary (old),假吏|吏治|吏胥
1553,吐,U+5410,tu3|tu4,tǔ|tù,to spit,一吐為快|一吐为快|上吐下瀉
1554,向,U+5411,xiang4,xiàng,surname Xiang,一切向錢看|一切向钱看|一向
1555,吒,U+5412,zha1|zha4,zhā|zhà,"used for the sound ""zha"" in the names of certain legendary figures (e.g. 哪吒[Ne2 zha1])",叱吒|哪吒|木吒
1556,吓,U+5413,xia4|he4|ha4,xià|hè|hà,to scare,吓一跳|吓人|吓倒
1557,吔,U+5414,ye3|ye1,yě|yē,"onomat. for surprise, amazement and sigh",
1558,吕,U+5415,lv3,lǚ,surname Lü,吕不韦|吕嘉民|吕宋岛
1559,吖,U+5416,ya1|a1,yā|ā,(used in transliterating chemical names),吖丁啶|吖啶|吖嗪
1560,吗,U+5417,ma|ma2|ma3,ma|má|mǎ,(coll.) what?,不是吗|不香吗|吗哪
1561,吘,U+5418,ou3,ǒu,,
1562,吙,U+5419,huo1,huō,,
1563,吚,U+541A,yi1|xi1,yī|xī,variant of 咿[yi1],
1564,君,U+541B,jun1,jūn,monarch,世襲君主國|世袭君主国|仁人君子
1565,吜,U+541C,chou3,chǒu,(onom.),
1566,吝,U+541D,lin4,lìn,(bound form) stingy,不吝|不吝珠玉|不吝賜教
1567,吞,U+541E,tun1|tian1,tūn|tiān,to swallow,人心不足蛇吞象|併吞|并吞
1568,吟,U+541F,yin2|yin3|jin4,yín|yǐn|jìn,to chant; to recite,低吟|吟哦|吟唱
1569,吠,U+5420,fei4,fèi,to bark,吠叫|吠陀|梨俱吠陀
1570,吡,U+5421,bi3|bi4|pi3,bǐ|bì|pǐ,used as phonetic bi- or pi-,乙酰胺吡咯烷酮|吡叻|吡咯
1571,吢,U+5422,qin4,qìn,,
1572,吣,U+5423,qin4,qìn,to vomit (of dogs and cats),混吣|胡吣
1573,吤,U+5424,jie4|ge4|xie4,jiè|gè|xiè,,
1574,吥,U+5425,bu4|pou1,bù|pōu,used for transcription in 嗊吥|唝吥[Gong4 bu4],嗊吥|唝吥
1575,否,U+5426,fou3|pi3,fǒu|pǐ,to negate,不置可否|可否|否則
1576,吧,U+5427,ba|ba1|pa1,ba|bā|pā,"bar (loanword) (serving drinks, or providing Internet access etc)",你看著辦吧|你看着办吧|吧主
1577,吨,U+5428,dun1|tun2|tun3,dūn|tún|tǔn,ton (loanword),公吨|千吨|呫吨
1578,吩,U+5429,fen1|pen4,fēn|pèn,used in 吩咐[fen1 fu5],卟吩|吩咐|吩嗪
1579,吪,U+542A,e2|hua1,é|huā,move,
1580,含,U+542B,han2|han4,hán|hàn,to keep in the mouth,不含糊|內含|内含
1581,听,U+542C,ting1|yin3|yi2,tīng|yǐn|yí,smile (archaic),不听命|不听老人言，吃亏在眼前|且听下回分解
1582,吭,U+542D,keng1|hang2|hang4,kēng|háng|hàng,throat,一聲不吭|一声不吭|吭吭
1583,吮,U+542E,shun3,shǔn,to suck,吮吸|吸吮|舔吮
1584,启,U+542F,qi3,qǐ,variant of 啟|启[qi3],不愤不启|冷启动|哀启
1585,吰,U+5430,hong2,hóng,clang,
1586,吱,U+5431,zhi1|zi1|qi4,zhī|zī|qì,(onom.) creaking or groaning,吱吱嘎嘎|吱吱聲|吱吱声
1587,吲,U+5432,yin3|shen3,yǐn|shěn,used in 吲哚[yin3 duo3],吲哚|吲唑
1588,吳,U+5433,wu2|yu2,wú|yú,surname Wu,吳三桂|吳下阿蒙|吳中
1589,吴,U+5434,wu2|tun1,wú|tūn,surname Wu,吴三桂|吴下阿蒙|吴中
1590,吵,U+5435,chao3|chao1|miao3|chao4,chǎo|chāo|miǎo|chào,to quarrel,又吵又鬧|又吵又闹|吵吵
1591,吶,U+5436,na4,nà,battle cry,吶喊|嗩吶|搖旗吶喊
1592,吷,U+5437,xue4|chuo4|jue2,xuè|chuò|jué,,
1593,吸,U+5438,xi1,xī,to breathe,上呼吸道感染|中東呼吸綜合徵|中东呼吸综合征
1594,吹,U+5439,chui1|chui4,chuī|chuì,to blow,不費吹灰之力|不费吹灰之力|人工吹氣
1595,吺,U+543A,dou1|ru2,dōu|rú,,
1596,吻,U+543B,wen3,wěn,kiss,口吻|吻別|吻别
1597,吼,U+543C,hou3,hǒu,to roar,吼叫|吼聲|吼声
1598,吽,U+543D,hong1|ou1|hou3,hōng|ōu|hǒu,sound of a Buddhist incantation,吽呀|吽牙|唵嘛呢叭咪吽
1599,吾,U+543E,wu2|yu2|ya2,wú|yú|yá,surname Wu,世界維吾爾代表大會|世界维吾尔代表大会|伊吾
1600,吿,U+543F,gao4,gào,variant of 告[gao4],
1601,呀,U+5440,ya|ya1|xia1,ya|yā|xiā,ah (used to express surprise),吱呀|吽呀|呀呀學語
1602,呁,U+5441,jun4,jùn,,
1603,呂,U+5442,lv3,lǚ,surname Lü,呂不韋|呂嘉民|呂宋島
1604,呃,U+5443,e4|e|ai4,è|e|ài,(exclamation),呃逆|打呃
1605,呄,U+5444,ge2,gé,,
1606,呅,U+5445,mei2|wen3,méi|wěn,,
1607,呆,U+5446,dai1|bao3|ai2,dāi|bǎo|ái,foolish; stupid,呆住|呆傻|呆子
1608,呇,U+5447,qi3|men4,qǐ|mèn,star,
1609,呈,U+5448,cheng2|kuang2|cheng3,chéng|kuáng|chěng,to present to a superior,保呈|呈交|呈報
1610,呉,U+5449,wu2,wú,Japanese variant of 吳|吴[Wu2],
1611,告,U+544A,gao4|ju1|gu4,gào|jū|gù,(bound form) to say; to tell,不可告人|乞哀告憐|乞哀告怜
1612,呋,U+544B,fu1,fū,"used in transliteration, e.g. 呋喃[fu1 nan2], furan or 呋喃西林[fu1 nan2 xi1 lin2], furacilinum",呋喃|呋喃西林
1613,呌,U+544C,jiao4,jiào,variant of 叫[jiao4],
1614,呍,U+544D,hong1,hōng,,
1615,呎,U+544E,chi3|ying1,chǐ|yīng,foot (unit of length equal to 0.3048 m),
1616,呏,U+544F,sheng1,shēng,gallon,
1617,呐,U+5450,na4|ne4|na|nuo4|ne,nà|nè|na|nuò|ne,battle cry,呐喊|唢呐|摇旗呐喊
1618,呑,U+5451,tun1,tūn,variant of 吞[tun1],
1619,呒,U+5452,wu3|m2,wǔ|ḿ,perplexed,呒啥|呒没|呒虾米
1620,呓,U+5453,yi4,yì,to talk in one's sleep,呓语|梦呓|撒呓挣
1621,呔,U+5454,dai1|tai3,dāi|tǎi,(interjection) hey!,褒呔
1622,呕,U+5455,ou3|ou1|ou4,ǒu|ōu|òu,vomit,干呕|作呕|呕出物
1623,呖,U+5456,li4,lì,sound of splitting,
1624,呗,U+5457,bei|bai4,bei|bài,"(bound form) to chant (from Sanskrit ""pāṭhaka"")",梵呗|花呗
1625,员,U+5458,yuan2|yun4|yun2,yuán|yùn|yún,(bound form) person engaged in a certain field of activity,一员|三无人员|下议院议员
1626,呙,U+5459,guo1,guō,surname Guo,
1627,呚,U+545A,wen,wen,,
1628,呛,U+545B,qiang1|qiang4,qiāng|qiàng,to choke (because of swallowing the wrong way),咳呛|呛到|呛咕
1629,呜,U+545C,wu1,wū,(onom.) for humming or whimpering,一命呜呼|呜呼|呜呼哀哉
1630,呝,U+545D,e4,è,old variant of 呃[e4],
1631,呞,U+545E,shi1,shī,,
1632,呟,U+545F,juan3,juǎn,,
1633,呠,U+5460,pen3,pěn,to spurt,
1634,呡,U+5461,wen3|min3,wěn|mǐn,the corners of the mouth,
1635,呢,U+5462,ne|ni2|ni3|ni1,ne|ní|nǐ|nī,"particle indicating that a previously asked question is to be applied to the preceding word (""What about ...?"", ""And ...?"")",制服呢|呢呢|呢呢癡癡
1636,呣,U+5463,m2|m4|mou2,ḿ|m̀|móu,interjection expressing a question,
1637,呤,U+5464,ling4|ling2,lìng|líng,used in 呤呤[ling2 ling2],呤呤|嘌呤|腺嘌呤
1638,呥,U+5465,ran2,rán,,
1639,呦,U+5466,you1,yōu,Oh! (exclamation of dismay etc),呦呦|哎呦
1640,呧,U+5467,di3,dǐ,vex,
1641,周,U+5468,zhou1,zhōu,surname Zhou,一周|上周|下周
1642,呩,U+5469,shi4,shì,,
1643,呪,U+546A,zhou4,zhòu,variant of 咒[zhou4],
1644,呫,U+546B,tie4|che4,tiè|chè,used in 呫嚅[che4 ru2],呫呫|呫嗶|呫哔
1645,呬,U+546C,xi4|chi4,xì|chì,to rest,
1646,呭,U+546D,yi4,yì,,
1647,呮,U+546E,qi4|zhi1,qì|zhī,,
1648,呯,U+546F,ping2,píng,"(onom.) bang! (gong, gun firing etc)",
1649,呰,U+5470,zi3|ci1|ji1|xi4,zǐ|cī|jī|xì,to slander,
1650,呱,U+5471,gu1|gua1|gua3,gū|guā|guǎ,used in 呱呱[gu1 gu1],呱呱|呱呱叫|呱呱墜地
1651,呲,U+5472,ci1|ci2|zi1,cī|cí|zī,(coll.) to scold,呲牙咧嘴|挨呲兒|挨呲儿
1652,味,U+5473,wei4|mei4,wèi|mèi,taste,一味|三味線|三味线
1653,呴,U+5474,xu3|hou3|hou1|gou4|gou1|gu1,xǔ|hǒu|hōu|gòu|gōu|gū,breathe on,
1654,呵,U+5475,he1|ha1|a1|a|ke1|huo1|a2|a3|a4,hē|hā|ā|a|kē|huō|á|ǎ|à,variant of 啊[a1],一氣呵成|一气呵成|叱呵
1655,呶,U+5476,nao2|na2|nu3,náo|ná|nǔ,clamor,呶呶|呶呶不休
1656,呷,U+5477,ga1|xia1|xia2|jia3,gā|xiā|xiá|jiǎ,to sip; to drink,呷呷
1657,呸,U+5478,pei1,pēi,pah!,
1658,呹,U+5479,yi4|chi4,yì|chì,,
1659,呺,U+547A,xiao1|hao2,xiāo|háo,voice of anger,
1660,呻,U+547B,shen1,shēn,(literary) to recite; to chant; to intone,呻吟|無病呻吟|无病呻吟
1661,呼,U+547C,hu1|xiao1|xu1|he4|xia4,hū|xiāo|xū|hè|xià,to call,一呼百應|一呼百应|一呼百諾
1662,命,U+547D,ming4,mìng,life,K他命|一命嗚呼|一命呜呼
1663,呾,U+547E,da2|ya4|ta3|dan4,dá|yà|tǎ|dàn,,
1664,呿,U+547F,qu4|ka1,qù|kā,to yawn,
1665,咀,U+5480,ju3|zui3,jǔ|zuǐ,to chew,含商咀徵|含宮咀徵|含宫咀徵
1666,咁,U+5481,gan4|han2|xian2,gàn|hán|xián,so (Cantonese),
1667,咂,U+5482,za1,zā,to sip,咂嘴|咂摸|咂舌
1668,咃,U+5483,tuo1,tuō,,
1669,咄,U+5484,duo1,duō,"(old)(interjection expressing disapproval, commiseration etc) tut!",叱咄|咄咄|咄咄怪事
1670,咅,U+5485,pou3,pǒu,pooh,
1671,咆,U+5486,pao2,páo,to roar,咆哮|咆哮如雷
1672,咇,U+5487,bie2|bi4,bié|bì,fragrant,
1673,咈,U+5488,fu2,fú,oppose,
1674,咉,U+5489,yang1|yang3,yāng|yǎng,,
1675,咊,U+548A,he2,hé,old variant of 和[he2],
1676,咋,U+548B,za3|ze2|zha1|zha4,zǎ|zé|zhā|zhà,dialectal equivalent of 怎麼|怎么[zen3 me5],不咋地|不咋的|咋呼
1677,和,U+548C,he2|he4|hu2|huo2|huo4|huo,hé|hè|hú|huó|huò|huo,old variant of 和[he2],一唱一和|一團和氣|一团和气
1678,咍,U+548D,hai1|tai1,hāi|tāi,(interj.),
1679,咎,U+548E,jiu4|gao1,jiù|gāo,fault,不咎既往|任咎|動輒得咎
1680,咏,U+548F,yong3,yǒng,to sing,吟咏|歌咏|袁咏仪
1681,咐,U+5490,fu4|fu2,fù|fú,used in 吩咐[fen1 fu5] and 囑咐|嘱咐[zhu3 fu5],吩咐|囑咐|嘱咐
1682,咑,U+5491,da1,dā,da! (sound used to move animals along),窩咑|窝咑
1683,咒,U+5492,zhou4,zhòu,variant of 咒[zhou4],咒文|咒罵|咒骂
1684,咓,U+5493,wa3,wǎ,,
1685,咔,U+5494,ka1|ka3|nong4,kā|kǎ|nòng,"(used as phonetic ""ka"")",咔唑|咔啦|咔嗒
1686,咕,U+5495,gu1|gu,gū|gu,"(onom.) for the sound of a bird, an empty stomach etc",亂咕攘|乱咕攘|咕咕叫
1687,咖,U+5496,ka1|ga1|jia1,kā|gā|jiā,used in 咖喱[ga1 li2],A咖|冰咖啡|冷萃咖啡
1688,咗,U+5497,zuo,zuo,Cantonese particle equivalent to 了[le5] or 過|过[guo4],
1689,咘,U+5498,bu4,bù,,
1690,咙,U+5499,long2,lóng,used in 喉嚨|喉咙[hou2 long2],喉咙
1691,咚,U+549A,dong1,dōng,(onom.) boom (of a drum),叮咚|咕咚|咚咚
1692,咛,U+549B,ning2,níng,to enjoin,叮咛
1693,咜,U+549C,ta,ta,,
1694,咝,U+549D,si1,sī,(onom.) to hiss,咝咝声
1695,咞,U+549E,xian4|xian2,xiàn|xián,,
1696,咟,U+549F,huo4,huò,,
1697,咠,U+54A0,qi4,qì,to whisper,
1698,咡,U+54A1,er4|er2,èr|ér,space between mouth and ears,
1699,咢,U+54A2,e4,è,beat a drum,
1700,咣,U+54A3,guang1|gong1,guāng|gōng,(onom.) bang,咣當|咣当
1701,咤,U+54A4,zha4,zhà,used in 叱咤[chi4 zha4],叱咤|叱咤風雲|叱咤风云
1702,咥,U+54A5,xi4|xi1|die2|zhi4,xì|xī|dié|zhì,gnaw,
1703,咦,U+54A6,yi2|xi1,yí|xī,expression of surprise,
1704,咧,U+54A7,lie3|lie1|lie4|lie2|lie,liě|liē|liè|lié|lie,used in 咧咧[lie1 lie1],呲牙咧嘴|咧咧|咧嘴
1705,咨,U+54A8,zi1,zī,variant of 諮|咨[zi1],同侪咨商|咨嗟|咨文
1706,咩,U+54A9,mie1|mie,miē|mie,the bleating of sheep,
1707,咪,U+54AA,mi1|mi3|mie1|mai3,mī|mǐ|miē|mǎi,sound for calling a cat,咪咪|咪唑|咪嘴
1708,咫,U+54AB,zhi3,zhǐ,8 in. length unit of Zhou dynasty,咫尺|咫尺天涯|近在咫尺
1709,咬,U+54AC,yao3|jiao1|yao1|jiao3,yǎo|jiāo|yāo|jiǎo,to bite,一口咬定|一年被蛇咬，十年怕井繩|一年被蛇咬，十年怕井绳
1710,咭,U+54AD,ji1|xi1|qia4,jī|xī|qià,variant of 嘰|叽[ji1],咭咭呱呱
1711,咮,U+54AE,zhou4|zhu4|zhu1|ru2,zhòu|zhù|zhū|rú,beak of bird,
1712,咯,U+54AF,ge1|ka3|lo|luo4|ka1,gē|kǎ|lo|luò|kā,(phonetic),乙酰胺吡咯烷酮|吡咯|咯吱
1713,咰,U+54B0,shu4|xun2,shù|xún,,
1714,咱,U+54B1,zan2|za2|za3|zan,zán|zá|zǎ|zan,variant of 咱[zan2],咱倆|咱俩|咱們
1715,咲,U+54B2,xiao4,xiào,old variant of 笑[xiao4],
1716,咳,U+54B3,ke2|hai1|hai2|gai1,ké|hāi|hái|gāi,sound of sighing,乾咳|干咳|北京咳
1717,咴,U+54B4,hui1|hai2,huī|hái,neigh,
1718,咵,U+54B5,kua3,kuǎ,,
1719,咶,U+54B6,huai4|shi4|guo1|gua1|hua4,huài|shì|guō|guā|huà,,
1720,咷,U+54B7,tao2|tiao4,táo|tiào,wail,號咷|号咷
1721,咸,U+54B8,xian2|jian3|jian1,xián|jiǎn|jiān,surname Xian,咸安|咸安區|咸安区
1722,咹,U+54B9,e4|an4|n2,è|àn|ń,eh?,
1723,咺,U+54BA,xuan3|xuan1,xuǎn|xuān,glorious,
1724,咻,U+54BB,xiu1|xu3|xiao1|xu4,xiū|xǔ|xiāo|xù,call out,呼咻|嘿咻|氣咻咻
1725,咼,U+54BC,guo1|wai1|he2|wo3|wo1|gua3,guō|wāi|hé|wǒ|wō|guǎ,surname Guo,
1726,咽,U+54BD,yan4|yan1|ye4|yuan1,yàn|yān|yè|yuān,throat; pharynx,前咽|吞咽|吞咽困难
1727,咾,U+54BE,lao3,lǎo,a noise,咕咾肉
1728,咿,U+54BF,yi1,yī,variant of 咿[yi1],咿呀學語|咿呀学语
1729,哀,U+54C0,ai1,āi,"Ai (c. 2000 BC), sixth of legendary Flame Emperors 炎帝[Yan2 di4] descended from Shennong 神農|神农[Shen2 nong2] Farmer God, also known as Li 釐|厘[Li2]",乞哀告憐|乞哀告怜|可哀
1730,品,U+54C1,pin3,pǐn,(bound form) article; commodity; product; goods,一品|一品紅|一品红
1731,哂,U+54C2,shen3,shěn,(literary) to smile,哂笑|哂納|哂纳
1732,哃,U+54C3,tong2,tóng,(literary) to talk nonsense,
1733,哄,U+54C4,hong3|hong1|hong4,hǒng|hōng|hòng,roar of laughter (onom.),一哄而散|一哄而起|亂哄哄
1734,哅,U+54C5,xiong1|hong1,xiōng|hōng,,
1735,哆,U+54C6,duo1|chi3|zha4|chi4|duo4|die3,duō|chǐ|zhà|chì|duò|diě,used in 哆嗦[duo1 suo5],哆啦A夢|哆啦A梦|哆嗦
1736,哇,U+54C7,wa|wa1|gui1|hua2|wa2,wa|wā|guī|huá|wá,Wow!,中爪哇|卡哇伊|卡哇依
1737,哈,U+54C8,ha1|ha3|ha4|he1|he2|ta4|sha4,hā|hǎ|hà|hē|hé|tà|shà,"abbr. for 哈薩克斯坦|哈萨克斯坦[Ha1 sa4 ke4 si1 tan3], Kazakhstan",二哈|亞哈|亚哈
1738,哉,U+54C9,zai1,zāi,(exclamatory or interrogative particle),優哉遊哉|优哉游哉|善哉
1739,哊,U+54CA,you4,yòu,,
1740,哋,U+54CB,die4|di4,diè|dì,(Cant.) plural for pronouns,
1741,哌,U+54CC,pai4|gu1,pài|gū,used in transliteration,哌啶|哌嗪|哌替啶
1742,响,U+54CD,xiang3,xiǎng,echo,一个巴掌拍不响|一炮打响|一瓶子不响，半瓶子晃荡
1743,哎,U+54CE,ai1,āi,hey!,哎呀|哎呦|哎唷
1744,哏,U+54CF,gen2|hen3|n4,gén|hěn|ǹ,funny,抓哏|捧哏|逗哏
1745,哐,U+54D0,kuang1|qiang1,kuāng|qiāng,(onom.) crash; bang; clang,哐哐啷啷|哐啷
1746,哑,U+54D1,ya3|ya1,yǎ|yā,(onom.) sound of cawing,吃哑巴亏|哑光|哑剧
1747,哒,U+54D2,da2|da1,dá|dā,(phonetic),咔哒声|啪哒|喀哒
1748,哓,U+54D3,xiao1,xiāo,a cry of alarm,
1749,哔,U+54D4,bi4,bì,(phonetic),呫哔|哔哩哔哩|哔哔啪啪
1750,哕,U+54D5,hui4|yue3,huì|yuě,used in 噦噦|哕哕[hui4 hui4],干哕|哕哕
1751,哖,U+54D6,nian2,nián,,
1752,哗,U+54D7,hua1|hua2,huā|huá,(onom.) bang,唏哩哗啦|唏里哗啦|喧哗
1753,哘,U+54D8,xing,xing,,
1754,哙,U+54D9,kuai4,kuài,surname Kuai,
1755,哚,U+54DA,duo3,duǒ,used in 吲哚[yin3 duo3],吲哚
1756,哛,U+54DB,fen1,fēn,,
1757,哜,U+54DC,ji4,jì,sip,
1758,哝,U+54DD,nong2,nóng,(bound form) to mutter; to mumble,咕哝|嘟嘟哝哝|嘟哝
1759,哞,U+54DE,mou1,mōu,moo (sound made by cow),
1760,哟,U+54DF,yo1|yo,yō|yo,Oh! (interjection indicating slight surprise),哎哟|啊哟
1761,哠,U+54E0,hao4,hào,,
1762,員,U+54E1,yuan2|yun2|yun4,yuán|yún|yùn,(bound form) person engaged in a certain field of activity,一員|三無人員|下議院議員
1763,哢,U+54E2,long4,lòng,to sing or chirp (of birds),
1764,哣,U+54E3,pou3,pǒu,,
1765,哤,U+54E4,mang2,máng,jargon,
1766,哥,U+54E5,ge1,gē,elder brother,一哥|不列顛哥倫比亞|不列颠哥伦比亚
1767,哦,U+54E6,o2|e2|o4,ó|é|ò,to chant,吟哦|哦豁|哦買嘎
1768,哧,U+54E7,chi1|xia4|he4,chī|xià|hè,(onom.) giggling,吭哧|呼哧|呼哧呼哧
1769,哨,U+54E8,shao4|sao1|xiao1|xiao4|sao4,shào|sāo|xiāo|xiào|sào,a whistle,前哨|前哨戰|前哨战
1770,哩,U+54E9,li1|li|li4|li3|mai2|ying1,lī|li|lì|lǐ|mái|yīng,mile,劈哩啪啦|加哩|咖哩
1771,哪,U+54EA,na3|na|ne2|nuo2|nai3|na4|nie4|nei3,nǎ|na|né|nuó|nǎi|nà|niè|něi,how,也好不到哪裡去|也好不到哪里去|哪一個
1772,哫,U+54EB,zu2,zú,to cajole,
1773,哬,U+54EC,he2,hé,,
1774,哭,U+54ED,ku1,kū,to cry; to weep,一哭二鬧三上吊|一哭二闹三上吊|同聲一哭
1775,哮,U+54EE,xiao1|xiao4|xue1,xiāo|xiào|xuē,pant,咆哮|咆哮如雷|哮喘
1776,哯,U+54EF,xian4,xiàn,,
1777,哰,U+54F0,lao2,láo,used in 㘓哰|𪢌哰[lan2 lao2],㘓哰|𪢌哰
1778,哱,U+54F1,bo1|po4|bei4|ba1|bo2,bō|pò|bèi|bā|bó,used in 呼哱哱[hu1 bo1 bo1],呼哱哱
1779,哲,U+54F2,zhe2,zhé,wise,先哲|哲人|哲人其萎
1780,哳,U+54F3,zha1,zhā,used in 嘲哳[zhao1 zha1] and 啁哳[zhao1 zha1],啁哳|嘲哳
1781,哴,U+54F4,liang4|lang2,liàng|láng,,
1782,哵,U+54F5,ba1,bā,,
1783,哶,U+54F6,mie1,miē,old variant of 咩[mie1],
1784,哷,U+54F7,lie4|lv4,liè|lǜ,,
1785,哸,U+54F8,sui1,suī,,
1786,哹,U+54F9,fu2,fú,,
1787,哺,U+54FA,bu3|bu1|fu3,bǔ|bū|fǔ,to feed,乳哺|反哺|哺乳
1788,哻,U+54FB,han1,hān,,
1789,哼,U+54FC,heng1|hng,hēng|hng,to groan,哼兒哈兒|哼儿哈儿|哼哧
1790,哽,U+54FD,geng3|ying3|ying4|ng2|n2,gěng|yǐng|yìng|ńg|ń,to choke with emotion,哽咽|哽喉|哽噎
1791,哾,U+54FE,shuo1|yue4,shuō|yuè,,
1792,哿,U+54FF,ge3,gě,excellent,
1793,唀,U+5500,you4,yòu,,
1794,唁,U+5501,yan4,yàn,to extend condolences,吊唁|唁信|唁函
1795,唂,U+5502,gu1,gū,(onom.) bird call,
1796,唃,U+5503,gu3,gǔ,old variant of 唂[gu1],
1797,唄,U+5504,bei|bai4,bei|bài,"(bound form) to chant (from Sanskrit ""pāṭhaka"")",梵唄|花唄
1798,唅,U+5505,han2,hán,(literary) to put in the mouth,羹藜唅糗
1799,唆,U+5506,suo1|shua4,suō|shuà,(bound form) to incite; to instigate,囉唆|啰唆|挑唆
1800,唇,U+5507,chun2|zhen1|zhen4,chún|zhēn|zhèn,lip,上唇|下唇|兔唇
1801,唈,U+5508,yi4,yì,palpitation,
1802,唉,U+5509,ai1|ai4|ai3,āi|ài|ǎi,"interjection or grunt of agreement or recognition (e.g. yes, it's me!)",唉唉|唉姐|唉聲嘆氣
1803,唊,U+550A,jia2|qian3,jiá|qiǎn,(old) to talk recklessly,
1804,唋,U+550B,tu1,tū,,
1805,唌,U+550C,xian2|yan2|dan4,xián|yán|dàn,,
1806,唍,U+550D,wan3,wǎn,,
1807,唎,U+550E,li4,lì,(final particle),
1808,唏,U+550F,xi1|xie4,xī|xiè,sound of sobbing,唏哩嘩啦|唏哩哗啦|唏噓
1809,唐,U+5510,tang2,táng,Tang dynasty (618–907),初唐四傑|初唐四杰|南唐
1810,唑,U+5511,zuo4|shi4,zuò|shì,azole (chemistry),丙環唑|丙环唑|克霉唑
1811,唒,U+5512,qiu2,qiú,,
1812,唓,U+5513,che1,chē,,
1813,唔,U+5514,wu2|wu4|ng2|m2|n2,wú|wù|ńg|ḿ|ń,oh (expression of agreement or surprise),唔好睇
1814,唕,U+5515,zao4,zào,variant of 唣[zao4],
1815,唖,U+5516,ya3,yǎ,,
1816,唗,U+5517,dou1,dōu,,
1817,唘,U+5518,qi3,qǐ,variant of 啟|启[qi3],
1818,唙,U+5519,di2,dí,,
1819,唚,U+551A,qin4|qin1,qìn|qīn,to vomit (of dogs and cats),混唚|胡唚
1820,唛,U+551B,ma4|mai4,mà|mài,mark (loanword),唛头
1821,唜,U+551C,mo4,mò,,
1822,唝,U+551D,gong4|hong3,gòng|hǒng,used for transcription in 嗊吥|唝吥[Gong4 bu4],唝吥
1823,唞,U+551E,dou3,dǒu,to take a rest (Cantonese),
1824,唟,U+551F,qu4,qù,,
1825,唠,U+5520,lao2|lao4,láo|lào,used in 嘮叨|唠叨[lao2 dao5],叨唠|唠叨|唠嗑
1826,唡,U+5521,liang3|ying1,liǎng|yīng,ounce (British imperial system) (old),
1827,唢,U+5522,suo3,suǒ,used in 嗩吶|唢呐[suo3 na4],唢呐
1828,唣,U+5523,zao4,zào,variant of 唣[zao4],囉唣|啰唣|羅唣
1829,唤,U+5524,huan4,huàn,to call,使唤|传唤|叫唤
1830,唥,U+5525,lang,lang,,
1831,唦,U+5526,sha1,shā,,
1832,唧,U+5527,ji1|jie2,jī|jié,(onom.) to pump (water),吧唧|吧唧吧唧|咕唧
1833,唨,U+5528,zu3,zǔ,,
1834,唩,U+5529,wo1|wei3,wō|wěi,,
1835,唪,U+552A,feng3|beng3,fěng|běng,recite,
1836,唫,U+552B,jin4|yin2,jìn|yín,old variant of 吟[yin2],
1837,唬,U+552C,hu3|xiao1|guo2|xia4|hao2,hǔ|xiāo|guó|xià|háo,a tiger's roar,唬人|唬弄|唬爛
1838,唭,U+552D,qi4,qì,,
1839,售,U+552E,shou4|shu2,shòu|shú,(bound form) to sell; to retail,交售|兜售|出售
1840,唯,U+552F,wei2|wei3,wéi|wěi,only,任人唯親|任人唯亲|任人唯賢
1841,唰,U+5530,shua1,shuā,(onom.) swishing,
1842,唱,U+5531,chang4,chàng,to sing,一唱一和|一唱三嘆|一唱三叹
1843,唲,U+5532,er2|wa1,ér|wā,forced laughter,
1844,唳,U+5533,li4,lì,cry of a crane or wild goose,風聲鶴唳|风声鹤唳
1845,唴,U+5534,qiang4,qiàng,,
1846,唵,U+5535,an3|ng|n,ǎn|ng|n,(interjection) oh!,唵嘛呢叭咪吽
1847,唶,U+5536,ze2|jie4,zé|jiè,sigh,
1848,唷,U+5537,yo1|yu4,yō|yù,(interjection expressing surprise) Oh!,哎唷
1849,唸,U+5538,nian4|dian4,niàn|diàn,"variant of 念[nian4], to read aloud",唸唸有詞
1850,唹,U+5539,yu1,yū,to smile at,
1851,唺,U+553A,tian3,tiǎn,,
1852,唻,U+553B,lai4|lai2,lài|lái,"(dialect) modal particle similar to 呢[ne5], 啦[la5] or 來著|来着[lai2 zhe5]",
1853,唼,U+553C,sha4|qie4,shà|qiè,to speak evil,
1854,唽,U+553D,xi1,xī,,
1855,唾,U+553E,tuo4,tuò,saliva,唾手可得|唾棄|唾弃
1856,唿,U+553F,hu1,hū,to whistle (with fingers in one's mouth),唿哨|唿喇|唿喇喇
1857,啀,U+5540,ai2,ái,to growl (of dog),
1858,啁,U+5541,zhao1|zhou1|dao1|tiao2|diao4,zhāo|zhōu|dāo|tiáo|diào,used in 啁哳[zhao1 zha1],啁哳|啁啾
1859,啂,U+5542,nou3,nǒu,,
1860,啃,U+5543,ken3,kěn,to gnaw,啃書|啃书|啃老
1861,啄,U+5544,zhuo2|zhou4,zhuó|zhòu,to peck,三趾啄木鳥|三趾啄木鸟|剝啄
1862,啅,U+5545,zhuo2|zhao4,zhuó|zhào,chirp,
1863,商,U+5546,shang1,shāng,Shang Dynasty (c. 1600–1046 BC),中國人民政治協商會議|中国人民政治协商会议|中國商用飛機
1864,啇,U+5547,di4|shi4|zhai1,dì|shì|zhāi,,
1865,啈,U+5548,heng1|heng4|e4|za2,hēng|hèng|è|zá,,
1866,啉,U+5549,lin2|lan2|len4,lín|lán|lèn,used in the transliteration of the names of organic compounds such as porphyrin 卟啉[bu3 lin2] and quinoline 喹啉[kui2 lin2],卟啉|喹啉|嗎啉
1867,啊,U+554A,a|a1|a2|a3|a4|e4,a|ā|á|ǎ|à|è,interjection of surprise,啊呀|啊喲|啊哟
1868,啋,U+554B,cai3|cai1|xiao1,cǎi|cāi|xiāo,,
1869,啌,U+554C,xiang1|qiang1,xiāng|qiāng,,
1870,啍,U+554D,tun1|zhun1|xiang1|tui1|dui3,tūn|zhūn|xiāng|tuī|duǐ,move slowly,
1871,啎,U+554E,wu3,wǔ,"obstinate, disobedient, intractable",
1872,問,U+554F,wen4,wèn,to ask; to inquire,一問三不知|三農問題|三體問題
1873,啐,U+5550,cui4|zu2|za2|e4|chuai4,cuì|zú|zá|è|chuài,to spit,
1874,啑,U+5551,sha4|za1|jie2|die2|ti4,shà|zā|jié|dié|tì,old variant of 喋[die2],
1875,啒,U+5552,gu3,gǔ,,
1876,啓,U+5553,qi3,qǐ,variant of 啟|启[qi3],
1877,啔,U+5554,qi3,qǐ,,
1878,啕,U+5555,tao2,táo,(bound form) to wail,嚎啕|嚎啕大哭|號啕
1879,啖,U+5556,dan4,dàn,to eat,大啖一番
1880,啗,U+5557,dan4,dàn,variant of 啖[dan4],
1881,啘,U+5558,ye4|wa1,yè|wā,,
1882,啙,U+5559,zi3|ci1,zǐ|cī,,
1883,啚,U+555A,bi3|tu2,bǐ|tú,,
1884,啛,U+555B,cui4,cuì,,
1885,啜,U+555C,chuai4|chuo4|zhuo2,chuài|chuò|zhuó,(literary) to drink,啜泣|啜飲|啜饮
1886,啝,U+555D,he2,hé,,
1887,啞,U+555E,ya3|e4|ya1,yǎ|è|yā,(onom.) sound of cawing,吃啞巴虧|啞光|啞劇
1888,啟,U+555F,qi3,qǐ,"Qi son of Yu the Great 禹[Yu3], reported founder of the Xia Dynasty 夏朝[Xia4 Chao2] (c. 2070-c. 1600 BC)",不憤不啟|冷啟動|哀啟
1889,啠,U+5560,zhe2,zhé,,
1890,啡,U+5561,fei1|pei4|pai2|pei1|bai4,fēi|pèi|pái|pēi|bài,(used in loanwords for its phonetic value),內啡素|内啡素|內啡肽
1891,啢,U+5562,liang3|ying1,liǎng|yīng,ounce (British imperial system) (old),
1892,啣,U+5563,xian2,xián,variant of 銜|衔[xian2],
1893,啤,U+5564,pi2,pí,beer,啤酒|啤酒廠|啤酒厂
1894,啥,U+5565,sha2|sha4,shá|shà,dialectal equivalent of 什麼|什么[shen2 me5],啥子|嘸啥|呒啥
1895,啦,U+5566,la|la1,la|lā,"(onom.) sound of singing, cheering etc",劈哩啪啦|劈里啪啦|卡啦
1896,啧,U+5567,ze2,zé,(interj. of admiration or of disgust),人言啧啧|啧啧|啧啧称奇
1897,啨,U+5568,ying1|qing2,yīng|qíng,,
1898,啩,U+5569,gua4,guà,,
1899,啪,U+556A,pa1,pā,(onom.) bang,劈哩啪啦|劈啪|劈里啪啦
1900,啫,U+556B,zhe3,zhě,used in 啫哩[zhe3 li1],啫哩|啫喱
1901,啬,U+556C,se4,sè,stingy,吝啬|吝啬鬼
1902,啭,U+556D,zhuan4,zhuàn,to sing (of birds or insects),啼啭
1903,啮,U+556E,nie4,niè,to gnaw,咬啮|啮合|啮齿动物
1904,啯,U+556F,guo1,guō,sound of swallowing,
1905,啰,U+5570,luo1|luo2|luo,luō|luó|luo,used in 囉唆|啰唆[luo1 suo5] and 囉嗦|啰嗦[luo1 suo5],哆啰美远|哆啰美远族|哈啰
1906,啱,U+5571,yan2,yán,correct,
1907,啲,U+5572,di1,dī,some,
1908,啳,U+5573,quan2|jue2,quán|jué,,
1909,啴,U+5574,chan3|tan1,chǎn|tān,used in 嘽嘽|啴啴[chan3 chan3] and 嘽緩|啴缓[chan3 huan3],啴啴|啴缓
1910,啵,U+5575,bo1|bo,bō|bo,(onom.) to bubble,啵啵|嘚啵|打啵
1911,啶,U+5576,ding4,dìng,idine (chemistry),吖丁啶|吖啶|吡啶
1912,啷,U+5577,lang1,lāng,used in 啷當|啷当[lang1 dang1],丁零噹啷|丁零当啷|哐哐啷啷
1913,啸,U+5578,xiao4,xiào,(of people) to whistle,呼啸|呼啸而过|啸叫
1914,啹,U+5579,ju2,jú,,
1915,啺,U+557A,tang2,táng,old variant of 唐[tang2],
1916,啻,U+557B,chi4|di4,chì|dì,"only (classical, usually follows negative or question words)",不啻|不啻天淵|不啻天渊
1917,啼,U+557C,ti2,tí,(bound form) to cry; to weep loudly,哭哭啼啼|啼哭|啼囀
1918,啽,U+557D,an2|an1,án|ān,to speak (Cantonese),
1919,啾,U+557E,jiu1,jiū,(onom.) wailing of child,哈啾|唧啾|啁啾
1920,啿,U+557F,dan4,dàn,,
1921,喀,U+5580,ka1|ke4|ke,kā|kè|ke,(onom.) sound of coughing or vomiting,亞喀巴|亚喀巴|喀什
1922,喁,U+5581,yong2|yu2,yóng|yú,(literary) (of a fish) to stick its mouth out of the water,喁喁
1923,喂,U+5582,wei4,wèi,hello (when answering the phone),投喂|母乳喂养|良心喂狗
1924,喃,U+5583,nan2|nan3,nán|nǎn,mumble in repetition,吡喃|呋喃|呋喃西林
1925,善,U+5584,shan4,shàn,good (virtuous),上善若水|不善|不完善
1926,喅,U+5585,yu4,yù,,
1927,喆,U+5586,zhe2,zhé,variant of 哲[zhe2] (used as a surname and in given names),陶喆
1928,喇,U+5587,la3|la2|la1|la,lǎ|lá|lā|la,"(onom.) sound of wind, rain etc",伸縮喇叭|伸缩喇叭|低音喇叭
1929,喈,U+5588,jie1|xie4,jiē|xiè,harmonious (of music),
1930,喉,U+5589,hou2,hóu,throat,咽喉|哽喉|喉咽
1931,喊,U+558A,han3|kan4|jian1,hǎn|kàn|jiān,to yell,人喊馬嘶|人喊马嘶|叫喊
1932,喋,U+558B,die2|zha2|qie4,dié|zhá|qiè,old variant of 喋[die2],喋喋|喋喋不休|喋血
1933,喌,U+558C,zhou1,zhōu,syllable,
1934,喍,U+558D,chai2,chái,,
1935,喎,U+558E,wai1,wāi,awry (mouth),
1936,喏,U+558F,nuo4|re3,nuò|rě,(indicating agreement) yes,唱喏
1937,喐,U+5590,yu4,yù,,
1938,喑,U+5591,yin1|yin3|yin4,yīn|yǐn|yìn,mute,喑啞|喑哑|萬馬齊喑
1939,喒,U+5592,za2|zan3|zan2|za4|zan,zá|zǎn|zán|zà|zan,variant of 咱[zan2],
1940,喓,U+5593,yao1,yāo,grasshopper chirp,
1941,喔,U+5594,o1|wo1|wu1|o|o4,ō|wō|wū|o|ò,"(interjection) oh; I see (used to indicate realization, understanding)",
1942,喕,U+5595,mian3,miǎn,,
1943,喖,U+5596,hu2,hú,,
1944,喗,U+5597,yun3,yǔn,,
1945,喘,U+5598,chuan3,chuǎn,to gasp,哮喘|哮喘病|喘不過
1946,喙,U+5599,hui4|zhou4,huì|zhòu,beak,置喙
1947,喚,U+559A,huan4,huàn,to call,使喚|傳喚|叫喚
1948,喛,U+559B,huan4|yuan2|xuan3|he2,huàn|yuán|xuǎn|hé,,
1949,喜,U+559C,xi3|xi1|chi4,xǐ|xī|chì,to be fond of,一則以喜，一則以憂|一则以喜，一则以忧|七喜
1950,喝,U+559D,he1|he4|ye4|kai4,hē|hè|yè|kài,to drink,三個和尚沒水喝|三个和尚没水喝|叱喝
1951,喞,U+559E,ji1,jī,,
1952,喟,U+559F,kui4|huai4,kuì|huài,to sigh,感喟
1953,喠,U+55A0,zhong3|chong3,zhǒng|chǒng,,
1954,喡,U+55A1,wei2|wei4,wéi|wèi,,
1955,喢,U+55A2,sha4|che4,shà|chè,,
1956,喣,U+55A3,xu3,xǔ,to breathe upon,
1957,喤,U+55A4,huang2,huáng,sobbing,
1958,喥,U+55A5,duo2|zha4,duó|zhà,used in location words (Cantonese),
1959,喦,U+55A6,nie4|yi4,niè|yì,talkative,
1960,喧,U+55A7,xuan1|xuan3,xuān|xuǎn,clamor,喧嘩|喧哗|喧嘩與騷動
1961,喨,U+55A8,liang4,liàng,clear,嘹喨
1962,喩,U+55A9,yu4,yù,Japanese variant of 喻,
1963,喪,U+55AA,sang4|sang1,sàng|sāng,mourning,凶喪|出喪|哭喪
1964,喫,U+55AB,chi1|kai4,chī|kài,variant of 吃[chi1],
1965,喬,U+55AC,qiao2|jiao3,qiáo|jiǎo,surname Qiao,傑弗里·喬叟|南喬治亞島和南桑威奇|史蒂夫·喬布斯
1966,喭,U+55AD,yan4|yan3,yàn|yǎn,condole with,
1967,單,U+55AE,dan1|dan3|chan2|shan4|chan3|dan4|zhan4|tan2,dān|dǎn|chán|shàn|chǎn|dàn|zhàn|tán,surname Shan,上下文菜單|下單|下訂單
1968,喯,U+55AF,pen4|ben1,pèn|bēn,,
1969,喰,U+55B0,can1|sun1|qi1,cān|sūn|qī,old variant of 餐[can1],
1970,喱,U+55B1,li2,lí,"grain (unit of weight, approx. 0.065 grams)",咖喱|咖喱粉|啫喱
1971,喲,U+55B2,yo1|yo,yō|yo,Oh! (interjection indicating slight surprise),哎喲|啊喲
1972,喳,U+55B3,zha1|cha1|zha,zhā|chā|zha,used in 喳喳[cha1 cha1] and 喳喳[cha1 cha5],唧唧喳喳|喳喳|嘁嘁喳喳
1973,喴,U+55B4,wei1,wēi,,
1974,喵,U+55B5,miao1,miāo,(onom.) meow,他喵的|喵星人|喵的
1975,営,U+55B6,ying2,yíng,Japanese variant of 營|营,
1976,喷,U+55B7,pen1|pen4,pēn|pèn,to spout; to spurt; to spray; to puff,井喷|古根罕喷气推进研究中心|含血喷人
1977,喸,U+55B8,bu3,bǔ,,
1978,喹,U+55B9,kui2,kuí,used in 喹啉[kui2 lin2],喹啉|喹諾酮|喹诺酮
1979,喺,U+55BA,xi2,xí,"to be at, in or on (Cantonese)",
1980,喻,U+55BB,yu4|yu2,yù|yú,surname Yu,不可理喻|不可言喻|不言而喻
1981,喼,U+55BC,jie1,jiē,box (dialect),喼汁
1982,喽,U+55BD,lou2|lou,lóu|lou,(bound form) subordinates in a gang of bandits,出喽子|哈喽|喽喽
1983,喾,U+55BE,ku4,kù,"one of the five legendary emperors, also called 高辛氏[Gao1 xin1 shi4]",帝喾
1984,喿,U+55BF,zao4|qiao1,zào|qiāo,chirping of birds,
1985,嗀,U+55C0,hu4,hù,to vomit,
1986,嗁,U+55C1,ti2,tí,variant of 啼[ti2],
1987,嗂,U+55C2,yao2,yáo,,
1988,嗃,U+55C3,he4|xiao1|xiao4|hu4,hè|xiāo|xiào|hù,scold with severity,
1989,嗄,U+55C4,a2|sha4|a|xia4,á|shà|a|xià,variant of 啊[a2],
1990,嗅,U+55C5,xiu4,xiù,to smell,嗅探|嗅探犬|嗅球
1991,嗆,U+55C6,qiang1|qiang4|cheng2,qiāng|qiàng|chéng,to choke (because of swallowing the wrong way),咳嗆|嗆到|嗆咕
1992,嗇,U+55C7,se4,sè,stingy,吝嗇|吝嗇鬼
1993,嗈,U+55C8,yong1,yōng,to choke,
1994,嗉,U+55C9,su4,sù,the crop of a bird,嗉囊|嗉子
1995,嗊,U+55CA,hong3|gong3|gong4,hǒng|gǒng|gòng,used for transcription in 嗊吥|唝吥[Gong4 bu4],嗊吥
1996,嗋,U+55CB,xie2,xié,,
1997,嗌,U+55CC,ai4|yi4|wo4,ài|yì|wò,(literary) to choke; to have a blockage in the throat,
1998,嗍,U+55CD,suo1|shuo4,suō|shuò,to suck,
1999,嗎,U+55CE,ma|ma4|ma2|ma3,ma|mà|má|mǎ,(coll.) what?,不是嗎|不香嗎|嗎哪
2000,嗏,U+55CF,cha1,chā,,
2001,嗐,U+55D0,hai4,hài,exclamation of regret,
2002,嗑,U+55D1,ke1|ke4|he2|xia2,kē|kè|hé|xiá,to crack (seeds) between one's teeth,嗑CP|嗑藥|嗑药
2003,嗒,U+55D2,da1|ta4|da,dā|tà|da,"(onom.) used in words that describe machine gunfire, the ticking of a clock or the clatter of horse hooves etc",吧嗒|咔嗒|嗒喪
2004,嗓,U+55D3,sang3,sǎng,throat,倒嗓|假嗓|假嗓子
2005,嗔,U+55D4,chen1|tian2,chēn|tián,to be angry at,嗔喝|嗔怒|嗔怨
2006,嗕,U+55D5,ru4,rù,ancient tribe of northern China,
2007,嗖,U+55D6,sou1|su4|sou4,sōu|sù|sòu,(onom.) whooshing,嗖嗖|麻嗖嗖
2008,嗗,U+55D7,wa1|gu1,wā|gū,,
2009,嗘,U+55D8,ji1,jī,,
2010,嗙,U+55D9,pang3|beng1|bang4,pǎng|bēng|bàng,(dialect) to boast,
2011,嗚,U+55DA,wu1|wu4,wū|wù,(onom.) for humming or whimpering,一命嗚呼|嗚呼|嗚呼哀哉
2012,嗛,U+55DB,qian3|xian2|qian4|qian1|qie4,qiǎn|xián|qiàn|qiān|qiè,pouch,
2013,嗜,U+55DC,shi4,shì,addicted to,嗜好|嗜慾|嗜欲
2014,嗝,U+55DD,ge2,gé,hiccup,嗝兒屁|嗝儿屁|嗝屁
2015,嗞,U+55DE,zi1,zī,"(onom.) sizzle, hiss, slurp etc",嗞啦
2016,嗟,U+55DF,jie1|jie4|jue1,jiē|jiè|juē,sigh,咨嗟
2017,嗠,U+55E0,lao4,lào,,
2018,嗡,U+55E1,weng1|weng3,wēng|wěng,(onom.) buzz,嗡嗡|嗡嗡叫|嗡嗡彈
2019,嗢,U+55E2,wa4,wà,,
2020,嗣,U+55E3,si4,sì,succession (to a title),倪嗣沖|倪嗣冲|嗣位
2021,嗤,U+55E4,chi1,chī,laugh at,嗤之以鼻|嗤笑|嗤鼻
2022,嗥,U+55E5,hao2,háo,to howl (like a wolf),嗥叫|狼嗥|鬼哭狼嗥
2023,嗦,U+55E6,suo|suo1,suo|suō,to suck,哆嗦|嗦粉|囉嗦
2024,嗧,U+55E7,嗧,嗧,,
2025,嗨,U+55E8,hai1|hei1,hāi|hēi,oh alas,嗨藥|嗨药|自嗨
2026,嗩,U+55E9,suo3,suǒ,used in 嗩吶|唢呐[suo3 na4],嗩吶
2027,嗪,U+55EA,qin2,qín,"used in phonetic transcription -xine, -zine or -chin",吖嗪|吡嗪|吩嗪
2028,嗫,U+55EB,nie4,niè,move the mouth as in speaking,呫嗫|嗫呫|嗫嚅
2029,嗬,U+55EC,he1,hē,(interjection expressing surprise) oh!,
2030,嗭,U+55ED,zhi2,zhí,,
2031,嗮,U+55EE,sai4,sài,,
2032,嗯,U+55EF,n2|ng2|ng3|ng4|n3|n4,ń|ńg|ňg|ǹg|ň|ǹ,(a groaning sound),嗯哼
2033,嗰,U+55F0,ge3,gě,that (Cantonese),
2034,嗱,U+55F1,na2,ná,,
2035,嗲,U+55F2,die1|dia3,diē|diǎ,coy,
2036,嗳,U+55F3,ai1|ai3|ai4,āi|ǎi|ài,to belch,嗳气|嗳气吞酸|嗳气呕逆
2037,嗴,U+55F4,qiang1,qiāng,,
2038,嗵,U+55F5,tong1,tōng,(onom.) thump,嗵嗵鼓
2039,嗶,U+55F6,bi4,bì,(phonetic),呫嗶|嗶哩嗶哩|嗶嗶啪啪
2040,嗷,U+55F7,ao2,áo,loud clamor,嗷嗷待哺
2041,嗸,U+55F8,ao2,áo,,
2042,嗹,U+55F9,lian2,lián,chattering,
2043,嗺,U+55FA,zui1|sui1|zui3,zuī|suī|zuǐ,,
2044,嗻,U+55FB,zhe1|zhe4|zhu4|zhe,zhē|zhè|zhù|zhe,(old) aye aye!,
2045,嗼,U+55FC,mo4,mò,,
2046,嗽,U+55FD,sou4|shuo4|shu4,sòu|shuò|shù,(bound form) to cough,咳嗽
2047,嗾,U+55FE,sou3,sǒu,to urge on,
2048,嗿,U+55FF,tan3,tǎn,sound of many people eating,
2049,嘀,U+5600,di2|zhe2|di1,dí|zhé|dī,"(onom.) sound of dripping water, a ticking clock etc",嘀咕|嘀嗒|犯嘀咕
2050,嘁,U+5601,qi1|zu2|za1,qī|zú|zā,whispering sound,嘁嘁喳喳
2051,嘂,U+5602,jiao4,jiào,old variant of 叫[jiao4],
2052,嘃,U+5603,chong1,chōng,,
2053,嘄,U+5604,jiao1|jiao4|dao3,jiāo|jiào|dǎo,,
2054,嘅,U+5605,kai3|kai4|ge2,kǎi|kài|gé,possessive particle (Cantonese),
2055,嘆,U+5606,tan4,tàn,to sigh,一唱三嘆|付之一嘆|仰屋興嘆
2056,嘇,U+5607,shan1|can4|shen3,shān|càn|shěn,,
2057,嘈,U+5608,cao2,cáo,bustling,吐嘈|嘈雜|嘈杂
2058,嘉,U+5609,jia1,jiā,surname Jia,乾嘉三大家|勇氣可嘉|勇气可嘉
2059,嘊,U+560A,ai2,ái,to growl (of dog),
2060,嘋,U+560B,xiao4,xiào,,
2061,嘌,U+560C,piao4|piao1,piào|piāo,(literary) fast,嘌呤|腺嘌呤|腺嘌呤核苷三磷酸
2062,嘍,U+560D,lou2|lou3|lou,lóu|lǒu|lou,(bound form) subordinates in a gang of bandits,出嘍子|哈嘍|嘍嘍
2063,嘎,U+560E,ga1|ga2|ga3,gā|gá|gǎ,(onom.) short but loud sound,偶買嘎|偶买嘎|吱吱嘎嘎
2064,嘏,U+560F,gu3|jia3,gǔ|jiǎ,good fortune,
2065,嘐,U+5610,xiao1|jiao1|lao2|bao4|miu4,xiāo|jiāo|láo|bào|miù,boastful,
2066,嘑,U+5611,hu1|hu4,hū|hù,variant of 呼[hu1],
2067,嘒,U+5612,hui4,huì,shrill sound,
2068,嘓,U+5613,guo1,guō,sound of swallowing,
2069,嘔,U+5614,ou3|ou1|ou4|xu1|chu1|ou,ǒu|ōu|òu|xū|chū|ou,vomit,乾嘔|作嘔|嘔出物
2070,嘕,U+5615,xian1,xiān,,
2071,嘖,U+5616,ze2,zé,(interj. of admiration or of disgust),人言嘖嘖|嘖嘖|嘖嘖稱奇
2072,嘗,U+5617,chang2,cháng,to taste; to try (food),何嘗|備嘗艱苦|備嘗辛苦
2073,嘘,U+5618,xu1|shi1,xū|shī,to exhale slowly,吹嘘|唏嘘|喘嘘嘘
2074,嘙,U+5619,po2,pó,,
2075,嘚,U+561A,de1|dei1|de2|dai1,dē|dēi|dé|dāi,(onom.) for the sound of horsehoofs,嘚啵|嘚瑟
2076,嘛,U+561B,ma|ma2,ma|má,used in 唵嘛呢叭咪吽[an3 ma2 ni2 ba1 mi1 hong1],唵嘛呢叭咪吽|喇嘛|喇嘛廟
2077,嘜,U+561C,ma4,mà,mark (loanword),嘜頭
2078,嘝,U+561D,hu2,hú,,
2079,嘞,U+561E,lei|le1,lei|lē,"sentence-final particle similar to 了[le5], but carrying a tone of approval",
2080,嘟,U+561F,du1,dū,toot,嘟嘟噥噥|嘟嘟哝哝|嘟嘟車
2081,嘠,U+5620,ga1,gā,old variant of 嘎[ga2],
2082,嘡,U+5621,tang1,tāng,(onom.) clang,
2083,嘢,U+5622,ye3,yě,(Cantonese) thing,乜嘢
2084,嘣,U+5623,beng1,bēng,(onom.) thump,噶嘣
2085,嘤,U+5624,ying1,yīng,calling of birds,
2086,嘥,U+5625,sai1,sāi,to waste (Cantonese),
2087,嘦,U+5626,jiao4,jiào,(dialect) contracted form of 只要[zhi3 yao4],
2088,嘧,U+5627,mi4,mì,(phonetic) as in pyrimidine,嘧啶|尿嘧啶|胞嘧啶
2089,嘨,U+5628,xiao4,xiào,,
2090,嘩,U+5629,hua1|hua2,huā|huá,(onom.) bang,唏哩嘩啦|唏里嘩啦|喧嘩
2091,嘪,U+562A,mai3,mǎi,,
2092,嘫,U+562B,ran2,rán,old variant of 然[ran2],
2093,嘬,U+562C,chuai4|zuo1,chuài|zuō,(literary) to gnaw,
2094,嘭,U+562D,peng1,pēng,(onom.) bang,
2095,嘮,U+562E,lao2|chao1|lao4|xiao1,láo|chāo|lào|xiāo,used in 嘮叨|唠叨[lao2 dao5],叨嘮|嘮叨|嘮嗑
2096,嘯,U+562F,xiao4|chi4,xiào|chì,(of people) to whistle,呼嘯|呼嘯而過|嘯叫
2097,嘰,U+5630,ji1,jī,grumble,不拉嘰|咔嘰|嗶嘰
2098,嘱,U+5631,zhu3,zhǔ,to enjoin,切嘱|千叮万嘱|叮嘱
2099,嘲,U+5632,chao2|zhao1,cháo|zhāo,to ridicule,冷嘲熱諷|冷嘲热讽|嘲哳
2100,嘳,U+5633,kui4,kuì,,
2101,嘴,U+5634,zui3,zuǐ,mouth,䴉嘴鷸|鹮嘴鹬|七嘴八張
2102,嘵,U+5635,xiao1,xiāo,a cry of alarm,
2103,嘶,U+5636,si1,sī,hiss,人喊馬嘶|人喊马嘶|嘶叫
2104,嘷,U+5637,hao2,háo,variant of 嗥[hao2],
2105,嘸,U+5638,fu3|wu3|m1|m2,fǔ|wǔ|m̄|ḿ,perplexed,嘸啥|嘸沒|嘸蝦米
2106,嘹,U+5639,liao2|liao4,liáo|liào,clear sound,嘹亮|嘹喨
2107,嘺,U+563A,qiao2|qiao4,qiáo|qiào,,
2108,嘻,U+563B,xi1,xī,laugh,嘻哈|嘻嘻|嘻皮
2109,嘼,U+563C,chu4|xu4|shou4,chù|xù|shòu,,
2110,嘽,U+563D,chan3|tan1|chan1|tuo1|dan3,chǎn|tān|chān|tuō|dǎn,used in 嘽嘽|啴啴[chan3 chan3] and 嘽緩|啴缓[chan3 huan3],嘽嘽|嘽緩
2111,嘾,U+563E,dan4|tan2,dàn|tán,,
2112,嘿,U+563F,hei1|mo4|mu4,hēi|mò|mù,hey,嘿咻|嘿嘿|阿嘿顏
2113,噀,U+5640,xun4,xùn,spurt out of the mouth,
2114,噁,U+5641,e3|wu4|wo4,ě|wù|wò,"variant of 惡|恶[e4], used in names of chemical compounds",二噁英|噁嗪|噁心
2115,噂,U+5642,zun3,zǔn,talk together,
2116,噃,U+5643,fan1|bo,fān|bo,,
2117,噄,U+5644,chi1,chī,,
2118,噅,U+5645,hui1,huī,to speak falsely or wrongly,
2119,噆,U+5646,zan3|can3,zǎn|cǎn,,
2120,噇,U+5647,chuang2,chuáng,(dialect) to eat or drink extravagantly,
2121,噈,U+5648,cu4|za1|he2,cù|zā|hé,,
2122,噉,U+5649,dan4,dàn,variant of 啖[dan4],
2123,噊,U+564A,yu4,yù,,
2124,噋,U+564B,tun1|kuo4,tūn|kuò,,
2125,噌,U+564C,ceng1|cheng1,cēng|chēng,to scold,味噌|味噌湯|味噌汤
2126,噍,U+564D,jiao4|jiao1|jiu1,jiào|jiāo|jiū,to chew,倒噍|噍類|噍类
2127,噎,U+564E,ye1|yi4|sha4,yē|yì|shà,to choke (on),哽噎|噎住|噎死
2128,噏,U+564F,xi1,xī,to gossip,噏動|噏动
2129,噐,U+5650,qi4,qì,,
2130,噑,U+5651,hao2,háo,,
2131,噒,U+5652,lian2,lián,,
2132,噓,U+5653,xu1,xū,to exhale slowly,吹噓|唏噓|喘噓噓
2133,噔,U+5654,deng1,dēng,(onom.) thud; thump,咯噔|噔噔
2134,噕,U+5655,hui1,huī,,
2135,噖,U+5656,yin2,yín,,
2136,噗,U+5657,pu1,pū,(onom.) pop,噗浪
2137,噘,U+5658,jue1,juē,to pout,噘嘴
2138,噙,U+5659,qin2,qín,to hold in (usually refers the mouth or eyes),
2139,噚,U+565A,xun2,xún,fathom (1.83 meters) (old),
2140,噛,U+565B,nie4,niè,old variant of 嚙|啮[nie4],
2141,噜,U+565C,lu1,lū,grumble,呼噜|呼噜噜|咕噜
2142,噝,U+565D,si1,sī,(onom.) to hiss,噝噝聲
2143,噞,U+565E,yan3,yǎn,the movement of a fish's mouth at the surface of the water,
2144,噟,U+565F,ying4,yìng,,
2145,噠,U+5660,da1|da2,dā|dá,(phonetic),咔噠聲|啪噠|喀噠
2146,噡,U+5661,zhan1|dan1,zhān|dān,,
2147,噢,U+5662,o1|yu3|yu4|ao4,ō|yǔ|yù|ào,oh; ah (used to indicate realization),噢買嘎|噢买嘎
2148,噣,U+5663,zhou4|zhuo2|zhu2|du2,zhòu|zhuó|zhú|dú,,
2149,噤,U+5664,jin4,jìn,unable to speak,噤聲|噤声|噤聲令
2150,噥,U+5665,nong2|nang2,nóng|náng,(bound form) to mutter; to mumble,咕噥|嘟嘟噥噥|嘟噥
2151,噦,U+5666,yue3|hui4,yuě|huì,used in 噦噦|哕哕[hui4 hui4],乾噦|噦噦
2152,噧,U+5667,xie4,xiè,,
2153,器,U+5668,qi4,qì,device,不打不成器|不擴散核武器條約|不扩散核武器条约
2154,噩,U+5669,e4,è,startling,噩夢|噩梦|噩耗
2155,噪,U+566A,zao4,zào,(literary) (of birds or insects) to chirp,信噪比|北噪鴉|北噪鸦
2156,噫,U+566B,yi1|ai3|yi4,yī|ǎi|yì,yeah (interjection of approval),
2157,噬,U+566C,shi4,shì,to devour,反噬|吞噬|吞噬作用
2158,噭,U+566D,jiao4|qiao4|chi1,jiào|qiào|chī,shout,
2159,噮,U+566E,yuan4,yuàn,,
2160,噯,U+566F,ai1|ai3|ai4,āi|ǎi|ài,to belch,噯氣|噯氣吞酸|噯氣嘔逆
2161,噰,U+5670,yong1|yong3,yōng|yǒng,,
2162,噱,U+5671,jue2|xue2,jué|xué,loud laughter,噱頭|噱头
2163,噲,U+5672,kuai4|guai4|kuo4|wei4,kuài|guài|kuò|wèi,surname Kuai,
2164,噳,U+5673,yu3,yǔ,herd,
2165,噴,U+5674,pen1|pen4|fen4,pēn|pèn|fèn,to spout; to spurt; to spray; to puff,井噴|古根罕噴氣推進研究中心|含血噴人
2166,噵,U+5675,dao4,dào,,
2167,噶,U+5676,ga2|ge2,gá|gé,phonetic ga (used in rendering Tibetan and Mongolian sounds),喀什噶爾|喀什噶尔|噶倫
2168,噷,U+5677,hm|xin1|hen1,hm|xīn|hēn,"interjection expressing disagreement, reproach or dissatisfaction",
2169,噸,U+5678,dun1,dūn,ton (loanword),公噸|千噸|呫噸
2170,噹,U+5679,dang1,dāng,(onom.) dong,丁零噹啷|半瓶水響叮噹|叮叮噹噹
2171,噺,U+567A,xin1,xīn,,
2172,噻,U+567B,sai1,sāi,used in transliteration,哇噻|噻吩|噻唑
2173,噼,U+567C,pi1,pī,child's buttocks (esp. Cantonese),噼啪|噼里啪啦
2174,噽,U+567D,pi3,pǐ,,
2175,噾,U+567E,yin1,yīn,,
2176,噿,U+567F,zui3,zuǐ,,
2177,嚀,U+5680,ning2,níng,to enjoin,叮嚀
2178,嚁,U+5681,di2,dí,,
2179,嚂,U+5682,lan4|han3,làn|hǎn,,
2180,嚃,U+5683,ta1|ta4,tā|tà,(literary) to drink; to swallow,
2181,嚄,U+5684,huo1|huo4|wo4|o3,huō|huò|wò|ǒ,(interj.) oh!,
2182,嚅,U+5685,ru2,rú,chattering,呫嚅|囁嚅|嗫嚅
2183,嚆,U+5686,hao1,hāo,sound,
2184,嚇,U+5687,xia4|he4,xià|hè,to scare,嚇一跳|嚇人|嚇倒
2185,嚈,U+5688,ye4,yè,,
2186,嚉,U+5689,duo1,duō,old variant of 咄[duo1],
2187,嚊,U+568A,pi4|xi4|xiu4,pì|xì|xiù,,
2188,嚋,U+568B,chou2|zhou1,chóu|zhōu,,
2189,嚌,U+568C,ji4|jie1|zhai1,jì|jiē|zhāi,sip,
2190,嚍,U+568D,jin4,jìn,,
2191,嚎,U+568E,hao2,háo,howl,乾嚎|干嚎|呼嚎
2192,嚏,U+568F,ti4,tì,sneeze,噴嚏|喷嚏|噴嚏劑
2193,嚐,U+5690,chang2,cháng,to taste; to experience (variant of 嘗|尝[chang2]),品嚐|臥薪嚐膽
2194,嚑,U+5691,xun1,xūn,,
2195,嚒,U+5692,me1,mē,,
2196,嚓,U+5693,ca1|cha1,cā|chā,(onom.) scraping sound,咔嚓|咯嚓|啪嚓
2197,嚔,U+5694,ti4|zhi4,tì|zhì,variant of 嚏[ti4],
2198,嚕,U+5695,lu3|lu1,lǔ|lū,grumble,呼嚕|呼嚕嚕|咕嚕
2199,嚖,U+5696,hui4,huì,,
2200,嚗,U+5697,bo2|pao4|bao4,bó|pào|bào,(onom.) sound of sth splitting or breaking apart,
2201,嚘,U+5698,you1,yōu,,
2202,嚙,U+5699,nie4|yao3,niè|yǎo,to gnaw,咬嚙|嚙合|嚙齒動物
2203,嚚,U+569A,yin2,yín,insincere,
2204,嚛,U+569B,hu4|yo,hù|yo,,
2205,嚜,U+569C,me|mei4|ma,me|mèi|ma,(final particle),
2206,嚝,U+569D,hong1,hōng,to sigh,
2207,嚞,U+569E,zhe2,zhé,old variant of 哲[zhe2],
2208,嚟,U+569F,li2,lí,used in transliteration,
2209,嚠,U+56A0,liu2,liú,,
2210,嚡,U+56A1,hai,hai,,
2211,嚢,U+56A2,nang2,náng,,
2212,嚣,U+56A3,xiao1|ao2,xiāo|áo,clamor,叫嚣|喧嚣|嚣张
2213,嚤,U+56A4,mo2,mó,,
2214,嚥,U+56A5,yan4,yàn,to swallow,吞嚥|吞嚥困難|嚥下
2215,嚦,U+56A6,li4,lì,sound of splitting,
2216,嚧,U+56A7,lu2,lú,,
2217,嚨,U+56A8,long2,lóng,used in 喉嚨|喉咙[hou2 long2],喉嚨
2218,嚩,U+56A9,mo2,mó,,
2219,嚪,U+56AA,dan4,dàn,,
2220,嚫,U+56AB,chen4,chèn,,
2221,嚬,U+56AC,pin2,pín,variant of 顰|颦[pin2],
2222,嚭,U+56AD,pi3,pǐ,great,
2223,嚮,U+56AE,xiang4|xiang3,xiàng|xiǎng,to tend toward,嚮導|嚮往|衝嚮
2224,嚯,U+56AF,huo4|xue4,huò|xuè,(onom.) expressing admiration or surprise,
2225,嚰,U+56B0,mo2,mó,,
2226,嚱,U+56B1,xi4,xì,(sigh),
2227,嚲,U+56B2,duo3,duǒ,hang down,
2228,嚳,U+56B3,ku4,kù,"one of the five legendary emperors, also called 高辛氏[Gao1 xin1 shi4]",帝嚳
2229,嚴,U+56B4,yan2|yan3,yán|yǎn,surname Yan,嘴不嚴|嘴嚴|嚴了眼兒
2230,嚵,U+56B5,chan2|chan1,chán|chān,(variant of 饞|馋[chan2]) gluttonous,
2231,嚶,U+56B6,ying1,yīng,calling of birds,
2232,嚷,U+56B7,rang3|rang1,rǎng|rāng,to shout,叫嚷|吵吵嚷嚷|吵嚷
2233,嚸,U+56B8,dian3,diǎn,,
2234,嚹,U+56B9,la2|la,lá|la,,
2235,嚺,U+56BA,ta4,tà,,
2236,嚻,U+56BB,xiao1,xiāo,,
2237,嚼,U+56BC,jue2|jiao2|jiao4,jué|jiáo|jiào,to chew,倒嚼|口嚼酒|吃別人嚼過的饃不香
2238,嚽,U+56BD,chuo4,chuò,,
2239,嚾,U+56BE,huan1|huan4,huān|huàn,,
2240,嚿,U+56BF,huo4,huò,,
2241,囀,U+56C0,zhuan4,zhuàn,to sing (of birds or insects),啼囀
2242,囁,U+56C1,nie4|zhe2,niè|zhé,move the mouth as in speaking,呫囁|囁呫|囁嚅
2243,囂,U+56C2,xiao1|ao2,xiāo|áo,clamor,叫囂|喧囂|囂張
2244,囃,U+56C3,ca4|zha1|za3,cà|zhā|zǎ,,
2245,囄,U+56C4,li2,lí,,
2246,囅,U+56C5,chan3,chǎn,smilingly,
2247,囆,U+56C6,chai4,chài,(used in an ancient given name),
2248,囇,U+56C7,li4,lì,,
2249,囈,U+56C8,yi4,yì,to talk in one's sleep,囈語|夢囈|撒囈掙
2250,囉,U+56C9,luo1|luo2|luo,luō|luó|luo,used in 囉唆|啰唆[luo1 suo5] and 囉嗦|啰嗦[luo1 suo5],哆囉美遠|哆囉美遠族|哈囉
2251,囊,U+56CA,nang2|nang1,náng|nāng,used in 囊膪[nang1 chuai4] and 囊揣[nang1 chuai4],中飽私囊|中饱私囊|傾囊
2252,囋,U+56CB,za2|zan4|can1,zá|zàn|cān,,
2253,囌,U+56CC,su1,sū,used in 嚕囌|噜苏[lu1 su1],嚕囌|囉囌
2254,囍,U+56CD,xi3,xǐ,double happiness (similar to 喜喜),
2255,囎,U+56CE,zen,zen,,
2256,囏,U+56CF,jian1,jiān,,
2257,囐,U+56D0,za2|nie4|yan4|e4,zá|niè|yàn|è,,
2258,囑,U+56D1,zhu3,zhǔ,to enjoin,切囑|千叮萬囑|叮囑
2259,囒,U+56D2,lan2,lán,used in 囒噸|𪢠吨[Lan2 dun1],囒噸
2260,囓,U+56D3,nie4,niè,variant of 嚙|啮[nie4],囓齒類
2261,囔,U+56D4,nang1|nang,nāng|nang,"muttering, indistinct speech",嘟囔|囔囔
2262,囕,U+56D5,lan3,lǎn,,
2263,囖,U+56D6,lo,lo,erroneous variant of 囉|啰[luo5],
2264,囗,U+56D7,wei2|guo2,wéi|guó,enclosure,
2265,囘,U+56D8,hui2,huí,variant of 回[hui2],
2266,囙,U+56D9,yin1,yīn,old variant of 因[yin1],
2267,囚,U+56DA,qiu2,qiú,prisoner,劫囚|囚室|囚徒
2268,四,U+56DB,si4,sì,four,一年四季|一部二十四史，不知從何說起|一部二十四史，不知从何说起
2269,囜,U+56DC,nin2,nín,,
2270,囝,U+56DD,jian3|nan1|yue4,jiǎn|nān|yuè,child,囝仔
2271,回,U+56DE,hui2,huí,to circle,一去不回|一回事|一回生二回熟
2272,囟,U+56DF,xin4,xìn,fontanel (gap between the bones of an infant's skull),囟腦門|囟脑门|囟門
2273,因,U+56E0,yin1,yīn,old variant of 因[yin1],主因|互為因果|互为因果
2274,囡,U+56E1,nan1|nie4,nān|niè,child,囡囡|阿囡
2275,团,U+56E2,tuan2|qiu2,tuán|qiú,round,一团乱糟|一团和气|一团漆黑
2276,団,U+56E3,tuan2,tuán,Japanese variant of 團|团,
2277,囤,U+56E4,dun4|tun2,dùn|tún,bin for grain,囤積|囤积|囤積居奇
2278,囥,U+56E5,kang4,kàng,(dialect) to hide,
2279,囦,U+56E6,yuan1,yuān,old variant of 淵|渊[yuan1],
2280,囧,U+56E7,jiong3,jiǒng,"(archaic) light, bright (variant of 冏[jiong3])",
2281,囨,U+56E8,pian1,piān,expression of contempt equivalent to 呸[pei1],
2282,囩,U+56E9,yun2,yún,,
2283,囪,U+56EA,cong1,cōng,variant of 窗[chuang1],深海煙囪|煙囪
2284,囫,U+56EB,hu2,hú,used in 囫圇|囫囵[hu2 lun2],囫圇|囫囵|囫圇吞下
2285,囬,U+56EC,hui2,huí,variant of 回[hui2],
2286,园,U+56ED,yuan2|wan2,yuán|wán,surname Yuan,三浦梅园|下花园|下花园区
2287,囮,U+56EE,e2,é,decoy,
2288,囯,U+56EF,guo2,guó,variant of 國|国[guo2],
2289,困,U+56F0,kun4,kùn,to trap,不為酒困|不为酒困|交困
2290,囱,U+56F1,cong1|chuang1,cōng|chuāng,variant of 窗[chuang1],深海烟囱|烟囱
2291,囲,U+56F2,tong1,tōng,Japanese variant of 圍|围[wei2],
2292,図,U+56F3,tu2,tú,Japanese variant of 圖|图,
2293,围,U+56F4,wei2,wéi,surname Wei,三围|入围|入围者
2294,囵,U+56F5,lun2,lún,used in 囫圇|囫囵[hu2 lun2],囫囵|囫囵吞下|囫囵吞枣
2295,囶,U+56F6,guo2,guó,old variant of 國|国[guo2],
2296,囷,U+56F7,qun1,qūn,granary,
2297,囸,U+56F8,ri4,rì,old variant of 日[ri4],
2298,囹,U+56F9,ling2,líng,used in 囹圄[ling2 yu3],囹圄|囹圉|幽囹
2299,固,U+56FA,gu4,gù,hard,保固|僵固性|凝固
2300,囻,U+56FB,guo2,guó,old variant of 國|国[guo2],
2301,囼,U+56FC,tai1,tāi,,
2302,国,U+56FD,guo2,guó,surname Guo,一个中国政策|一国两制|七十七国集团
2303,图,U+56FE,tu2,tú,diagram,K线图|P图|不图
2304,囿,U+56FF,you4,yòu,park,園囿|园囿
2305,圀,U+5700,guo2,guó,old variant of 國|国[guo2],
2306,圁,U+5701,yin2,yín,,
2307,圂,U+5702,hun4|huan4,hùn|huàn,grain-fed animals,
2308,圃,U+5703,pu3,pǔ,garden,圃鵐|圃鹀|園圃
2309,圄,U+5704,yu3,yǔ,prison,囹圄|草滿囹圄|草满囹圄
2310,圅,U+5705,han2,hán,variant of 函[han2],
2311,圆,U+5706,yuan2,yuán,circle,不以规矩，不能成方圆|不圆通|内六角圆柱头螺钉
2312,圇,U+5707,lun2,lún,used in 囫圇|囫囵[hu2 lun2],囫圇|囫圇吞下|囫圇吞棗
2313,圈,U+5708,quan1|juan1|juan4|quan2|juan3,quān|juān|juàn|quán|juǎn,to confine,A圈兒|A圈儿|中圈套
2314,圉,U+5709,yu3,yǔ,horse stable,囹圉|圉人|圉限
2315,圊,U+570A,qing1,qīng,restroom,
2316,國,U+570B,guo2,guó,surname Guo,一個中國政策|一國兩制|七十七國集團
2317,圌,U+570C,chuan2|chui2,chuán|chuí,name of a mountain,
2318,圍,U+570D,wei2,wéi,surname Wei,三圍|入圍|入圍者
2319,圎,U+570E,yuan2,yuán,,
2320,圏,U+570F,quan1,quān,Japanese variant of 圈,
2321,圐,U+5710,ku1,kū,used in 圐圙[ku1 lu:e4],圐圙
2322,圑,U+5711,pu3,pǔ,,
2323,園,U+5712,yuan2,yuán,surname Yuan,三浦梅園|下花園|下花園區
2324,圓,U+5713,yuan2,yuán,circle,不以規矩，不能成方圓|不圓通|內六角圓柱頭螺釘
2325,圔,U+5714,ya4,yà,,
2326,圕,U+5715,tu2,tú,contraction of the three characters of 圖書館|图书馆[tu2 shu1 guan3],
2327,圖,U+5716,tu2,tú,diagram,K線圖|P圖|不圖
2328,圗,U+5717,tu2,tú,,
2329,團,U+5718,tuan2|chuan2,tuán|chuán,round,一團亂糟|一團和氣|一團漆黑
2330,圙,U+5719,lve4,lüè,used in 圐圙[ku1 lu:e4],圐圙
2331,圚,U+571A,hui4,huì,,
2332,圛,U+571B,yi4,yì,mist rolling upwards,
2333,圜,U+571C,huan2|yuan2,huán|yuán,circle,轉圜|转圜|轉圜餘地
2334,圝,U+571D,luan2,luán,,
2335,圞,U+571E,luan2,luán,round,
2336,土,U+571F,tu3|du4|cha3|tu2,tǔ|dù|chǎ|tú,Tu (ethnic group),三合土|不服水土|中土
2337,圠,U+5720,ya4,yà,,
2338,圡,U+5721,tu3,tǔ,,
2339,圢,U+5722,ting3,tǐng,flat,
2340,圣,U+5723,sheng4|ku1,shèng|kū,(literary) to dig with persistent effort (e.g. to gather wild vegetables),主保圣人|亚圣|伊斯兰圣战组织
2341,圤,U+5724,pu2,pú,,
2342,圥,U+5725,lu4,lù,,
2343,圦,U+5726,kuai4,kuài,,
2344,圧,U+5727,ya1,yā,Japanese variant of 壓|压[ya1],
2345,在,U+5728,zai4,zài,to exist; to be alive,一年之計在於春|一年之计在于春|一日之計在於晨
2346,圩,U+5729,wei2|xu1|yu2,wéi|xū|yú,dike,龍圩|龙圩|龍圩區
2347,圪,U+572A,ge1|yi4,gē|yì,(phonetic),圪墶|圪垯
2348,圫,U+572B,yu4|tuo1|zhun1,yù|tuō|zhūn,variant of 墺[ao4],
2349,圬,U+572C,wu1,wū,to plaster,
2350,圭,U+572D,gui1,guī,"jade tablet, square at the base and rounded or pointed at the top, held by the nobility at ceremonies",利隆圭|圭亞那|圭亚那
2351,圮,U+572E,pi3,pǐ,destroyed,頹圮|颓圮
2352,圯,U+572F,yi2,yí,"bridge, bank",
2353,地,U+5730,di4|de,dì|de,-ly,一個天南，一個地北|一个天南，一个地北|一席之地
2354,圱,U+5731,qian1|su2,qiān|sú,a field of three li,
2355,圲,U+5732,qian1,qiān,,
2356,圳,U+5733,zhen4|quan3|chou2|huai2,zhèn|quǎn|chóu|huái,(dialect) drainage ditch between fields (Taiwan pr. [zun4]),深圳|深圳交易所|深圳市
2357,圴,U+5734,zhuo2,zhuó,,
2358,圵,U+5735,dang4,dàng,,
2359,圶,U+5736,qia4,qià,,
2360,圷,U+5737,xia4,xià,,
2361,圸,U+5738,shan1,shān,,
2362,圹,U+5739,kuang4,kuàng,tomb,
2363,场,U+573A,chang3|chang2,chǎng|cháng,threshing floor,一场空|上半场|上场
2364,圻,U+573B,qi2|yin2,qí|yín,boundary,北圻
2365,圼,U+573C,nie4,niè,,
2366,圽,U+573D,mo4,mò,,
2367,圾,U+573E,ji1|ji2|jie2,jī|jí|jié,used in 垃圾[la1 ji1],垃圾|垃圾堆|垃圾工
2368,圿,U+573F,jia2,jiá,,
2369,址,U+5740,zhi3,zhǐ,(bound form) site; location,且末遺址|且末遗址|住址
2370,坁,U+5741,zhi3|zhi4,zhǐ|zhì,,
2371,坂,U+5742,ban3,bǎn,variant of 阪[ban3],坂井|坂本|大坂
2372,坃,U+5743,xun1,xūn,,
2373,坄,U+5744,yi4,yì,,
2374,坅,U+5745,qin3,qǐn,,
2375,坆,U+5746,mei2|fen2,méi|fén,variant of 墳|坟[fen2],
2376,均,U+5747,jun1|yun4,jūn|yùn,equal,不均|不患寡而患不均|人均
2377,坈,U+5748,rong3|keng1,rǒng|kēng,old variant of 坑[keng1],
2378,坉,U+5749,tun2|dun4,tún|dùn,,
2379,坊,U+574A,fang1|fang2,fāng|fáng,surname Fang,以太坊|作坊|又想當婊子又想立牌坊
2380,坋,U+574B,ben4|fen4,bèn|fèn,dust,坋土|坋粒
2381,坌,U+574C,ben4,bèn,variant of 坋[ben4],
2382,坍,U+574D,tan1,tān,to collapse,倒坍|坍塌|坍方
2383,坎,U+574E,kan3|kan4,kǎn|kàn,pit,命途坎坷|土坎|土坎兒
2384,坏,U+574F,huai4|pi1|pei2,huài|pī|péi,bad,一粒老鼠屎坏了一锅粥|一颗老鼠屎坏了一锅汤|一颗老鼠屎坏了一锅粥
2385,坐,U+5750,zuo4,zuò,surname Zuo,並坐|并坐|乘坐
2386,坑,U+5751,keng1|kang4,kēng|kàng,pit; hollow; depression,一個蘿蔔一個坑|一个萝卜一个坑|俑坑
2387,坒,U+5752,bi4,bì,(literary) to adjoin,
2388,坓,U+5753,jing3|xing2,jǐng|xíng,variant of 阱[jing3],
2389,坔,U+5754,di4|lan4,dì|làn,,
2390,坕,U+5755,jing1,jīng,old variant of 經|经[jing1],
2391,坖,U+5756,ji4,jì,,
2392,块,U+5757,kuai4|yue2,kuài|yué,lump; chunk; piece,一块|一块儿|俄罗斯方块
2393,坘,U+5758,di3,dǐ,,
2394,坙,U+5759,jing1,jīng,,
2395,坚,U+575A,jian1,jiān,strong,中坚|乘坚策肥|坚不可摧
2396,坛,U+575B,tan2,tán,altar,世界经济论坛|乒坛|剧坛
2397,坜,U+575C,li4,lì,"hole, pit",
2398,坝,U+575D,ba4,bà,(used in place names) plain; flatland,三峡大坝|冰坝|向家坝
2399,坞,U+575E,wu4,wù,(bound form) low area within a surrounding barrier,坞堡|坞壁|坞站
2400,坟,U+575F,fen2,fén,grave,上坟|坟丘|坟包
2401,坠,U+5760,zhui4,zhuì,to fall,下坠|吊坠|吊坠缚
2402,坡,U+5761,po1,pō,slope,上坡|上坡段|上坡路
2403,坢,U+5762,ban4|pan3|pan4,bàn|pǎn|pàn,,
2404,坣,U+5763,tang2,táng,,
2405,坤,U+5764,kun1,kūn,"one of the Eight Trigrams 八卦[ba1 gua4], symbolizing earth",乾坤|坤包|坤甸
2406,坥,U+5765,qu1|ju4,qū|jù,,
2407,坦,U+5766,tan3,tǎn,flat,伊斯坦堡|伊斯坦布爾|伊斯坦布尔
2408,坧,U+5767,zhi1,zhī,,
2409,坨,U+5768,tuo2|yi2,tuó|yí,mound; heap; lump,冰坨子|坨兒|坨儿
2410,坩,U+5769,gan1,gān,crucible,坩堝|坩埚
2411,坪,U+576A,ping2,píng,a plain,佛坪|佛坪縣|佛坪县
2412,坫,U+576B,dian4|zhen1,diàn|zhēn,stand for goblets,反坫
2413,坬,U+576C,gua4|wa1,guà|wā,,
2414,坭,U+576D,ni2,ní,variant of 泥[ni2],
2415,坮,U+576E,tai2,tái,,
2416,坯,U+576F,pi1|huai4,pī|huài,blank (e.g. for a coin),土坯|坯件|坯子
2417,坰,U+5770,jiong1,jiōng,environs,
2418,坱,U+5771,yang3,yǎng,fine dust,
2419,坲,U+5772,fo2,fó,(of dust) to rise in the air,
2420,坳,U+5773,ao4|ao1|you3,ào|āo|yǒu,variant of 坳[ao4],坳陷
2421,坴,U+5774,lu4,lù,a clod of earth,
2422,坵,U+5775,qiu1,qiū,hillock; mound (variant of 丘[qiu1]),烏坵|烏坵鄉
2423,坶,U+5776,mu3|mu4|mei2,mǔ|mù|méi,,
2424,坷,U+5777,ke3|ke1|jiong1,kě|kē|jiōng,used in 坷垃[ke1 la1],命途坎坷|土坷垃|坎坷
2425,坸,U+5778,gou4,gòu,,
2426,坹,U+5779,xue4,xuè,,
2427,坺,U+577A,ba2,bá,,
2428,坻,U+577B,chi2|di3,chí|dǐ,islet,寶坻|宝坻|寶坻區
2429,坼,U+577C,che4,chè,to crack,
2430,坽,U+577D,ling2,líng,(literary) precipitous cliff,
2431,坾,U+577E,zhu4,zhù,,
2432,坿,U+577F,fu4|fu2,fù|fú,variant of 附[fu4],
2433,垀,U+5780,hu1,hū,,
2434,垁,U+5781,zhi4,zhì,,
2435,垂,U+5782,chui2|zhui4,chuí|zhuì,to hang (down),下垂|低垂|功敗垂成
2436,垃,U+5783,la1|la,lā|la,used in 垃圾[la1 ji1],土坷垃|坷垃|垃圾
2437,垄,U+5784,long3,lǒng,ridge between fields,反垄断|反垄断法|地垄
2438,垅,U+5785,long3,lǒng,old variant of 壟|垄[long3],
2439,垆,U+5786,lu2,lú,clay,
2440,垇,U+5787,ao4,ào,(used in place names),
2441,垈,U+5788,dai4,dài,used in place names,
2442,垉,U+5789,pao2,páo,,
2443,垊,U+578A,min,min,,
2444,型,U+578B,xing2,xíng,mold,B型超聲|B型超声|O型腿
2445,垌,U+578C,dong4|tong2|tong3,dòng|tóng|tǒng,field,
2446,垍,U+578D,ji4|ji1,jì|jī,hard earth,
2447,垎,U+578E,he4,hè,(literary) (of soil) dry and hard,
2448,垏,U+578F,lv4,lǜ,(literary) earth ridge between fields,
2449,垐,U+5790,ci2,cí,,
2450,垑,U+5791,chi3,chǐ,,
2451,垒,U+5792,lei3,lěi,rampart,干打垒|全垒打|再见全垒打
2452,垓,U+5793,gai1,gāi,boundary,垓下
2453,垔,U+5794,yin1,yīn,to restrain,
2454,垕,U+5795,hou4,hòu,thick,
2455,垖,U+5796,dui1,duī,old variant of 堆[dui1],
2456,垗,U+5797,zhao4,zhào,sacrifice,
2457,垘,U+5798,fu2,fú,,
2458,垙,U+5799,guang1,guāng,(literary) footpath separating fields,
2459,垚,U+579A,yao2,yáo,"variant of 堯|尧, legendary emperor Yao, c. 2200 BC",
2460,垛,U+579B,duo3|duo4,duǒ|duò,battlement,垛口
2461,垜,U+579C,duo3|duo4,duǒ|duò,variant of 垛[duo3],
2462,垝,U+579D,gui3,guǐ,(literary) dilapidated; collapsed; damaged,垝垣
2463,垞,U+579E,cha2,chá,mound,
2464,垟,U+579F,yang2,yáng,clay sheep buried with the dead,
2465,垠,U+57A0,yin2|ken4,yín|kèn,limit,一望無垠|一望无垠|姚雪垠
2466,垡,U+57A1,fa2,fá,to turn the soil,
2467,垢,U+57A2,gou4,gòu,dirt,去垢劑|去垢剂|含垢忍辱
2468,垣,U+57A3,yuan2,yuán,wall,垝垣|垣曲|垣曲縣
2469,垤,U+57A4,die2,dié,anthill,
2470,垥,U+57A5,xie2,xié,,
2471,垦,U+57A6,ken3|yin2,kěn|yín,to reclaim (land),围垦|垦丁|垦丁国家公园
2472,垧,U+57A7,shang3|jiong1,shǎng|jiōng,"unit of land area (equivalent to 10 or 15 mǔ 畝|亩[mu3] in parts of northeast China, but only 3 or 5 mǔ in northwest China)",
2473,垨,U+57A8,shou3,shǒu,,
2474,垩,U+57A9,e4|sheng4,è|shèng,to whitewash,白垩|白垩世|白垩纪
2475,垪,U+57AA,bing4,bìng,,
2476,垫,U+57AB,dian4,diàn,pad,卡垫|坐垫|坐厕垫
2477,垬,U+57AC,hong2,hóng,,
2478,垭,U+57AD,ya1,yā,(dialect) strip of land between hills,垭口
2479,垮,U+57AE,kua3,kuǎ,to collapse (lit. or fig.),垮塌|垮臉|垮脸
2480,垯,U+57AF,da,da,used in 圪墶|圪垯[ge1 da5],圪垯
2481,垰,U+57B0,ka3,kǎ,,
2482,垱,U+57B1,dang4,dàng,(dialect) earthen dyke in a river or rice paddy (for irrigation purposes),
2483,垲,U+57B2,kai3,kǎi,dry terrain,
2484,垳,U+57B3,hang2,háng,,
2485,垴,U+57B4,nao3,nǎo,small hill,
2486,垵,U+57B5,an3|an1,ǎn|ān,(used in place names),
2487,垶,U+57B6,xing1,xīng,,
2488,垷,U+57B7,xian4,xiàn,,
2489,垸,U+57B8,yuan4|huan2,yuàn|huán,,
2490,垹,U+57B9,bang1,bāng,,
2491,垺,U+57BA,fu1|fu2|fou2|pei1|pou2,fū|fú|fóu|pēi|póu,extremely large,
2492,垻,U+57BB,ba4|bei4,bà|bèi,(used in place names) plain; flatland,沙坪垻
2493,垼,U+57BC,yi4,yì,,
2494,垽,U+57BD,yin4,yìn,,
2495,垾,U+57BE,han4|an4,hàn|àn,small dike,
2496,垿,U+57BF,xu4,xù,earthern goblet stand also known as 反坫[fan3 dian4] (old),
2497,埀,U+57C0,chui2,chuí,old variant of 垂[chui2],
2498,埁,U+57C1,qin2,qín,,
2499,埂,U+57C2,geng3,gěng,strip of high ground,土埂|埂子|田埂
2500,埃,U+57C3,ai1|zhi4,āi|zhì,abbr. for Egypt 埃及[Ai1 ji2] or Ethiopia 埃塞俄比亞|埃塞俄比亚[Ai1 sai4 e2 bi3 ya4],中華蘇維埃共和國|中华苏维埃共和国|以埃
2501,埄,U+57C4,beng3|feng1,běng|fēng,variant of 埲[beng3],
2502,埅,U+57C5,fang2|fang1|di4,fáng|fāng|dì,,
2503,埆,U+57C6,que4|jue2,què|jué,(of land) barren,
2504,埇,U+57C7,yong3,yǒng,raised path,埇橋|埇桥|埇橋區
2505,埈,U+57C8,jun4,jùn,variant of 峻[jun4],
2506,埉,U+57C9,jia1|xia2,jiā|xiá,,
2507,埊,U+57CA,di4,dì,,
2508,埋,U+57CB,mai2|man2,mái|mán,to bury,包埋|十面埋伏|埋伏
2509,埌,U+57CC,lang4,làng,wasteland,
2510,埍,U+57CD,juan3,juǎn,,
2511,城,U+57CE,cheng2,chéng,city walls,上城區|上城区|不到長城非好漢
2512,埏,U+57CF,shan1|yan2,shān|yán,to mix water with clay,
2513,埐,U+57D0,jin1|qin2,jīn|qín,,
2514,埑,U+57D1,zhe2,zhé,,
2515,埒,U+57D2,lie4,liè,(literary) equal,
2516,埓,U+57D3,lie4,liè,,
2517,埔,U+57D4,pu3|bu4,pǔ|bù,used in place names,中埔|中埔鄉|中埔乡
2518,埕,U+57D5,cheng2,chéng,earthen jar,鹽埕|盐埕|鹽埕區
2519,埖,U+57D6,hua1,huā,,
2520,埗,U+57D7,bu4,bù,wharf,深水埗
2521,埘,U+57D8,shi2,shí,hen roost,
2522,埙,U+57D9,xun1,xūn,ocarina,
2523,埚,U+57DA,guo1,guō,crucible,坩埚
2524,埛,U+57DB,jiong1,jiōng,old variant of 坰[jiong1],
2525,埜,U+57DC,ye3,yě,old variant of 野[ye3],
2526,埝,U+57DD,nian4|dian4|nie4,niàn|diàn|niè,earth embankment used to hold back or retain water,
2527,埞,U+57DE,di1,dī,,
2528,域,U+57DF,yu4,yù,field,上域|仁川廣域市|仁川广域市
2529,埠,U+57E0,bu4,bù,wharf,商埠|埠頭|埠头
2530,埡,U+57E1,ya1|e4|wu3|ya4,yā|è|wǔ|yà,(dialect) strip of land between hills,埡口
2531,埢,U+57E2,quan2|juan3,quán|juǎn,,
2532,埣,U+57E3,sui4|su4,suì|sù,,
2533,埤,U+57E4,pi2|pi4|bi4|bei1,pí|pì|bì|bēi,low wall,埤頭|埤头|埤頭鄉
2534,埥,U+57E5,qing1|zheng1,qīng|zhēng,,
2535,埦,U+57E6,wan3|wan1,wǎn|wān,variant of 碗[wan3],
2536,埧,U+57E7,ju4,jù,diked pond,
2537,埨,U+57E8,lun3|lun4,lǔn|lùn,,
2538,埩,U+57E9,zheng1|cheng2,zhēng|chéng,,
2539,埪,U+57EA,kong1,kōng,,
2540,埫,U+57EB,chong3|tang3|shang3,chǒng|tǎng|shǎng,variant of 垧[shang3],
2541,埬,U+57EC,dong1,dōng,,
2542,埭,U+57ED,dai4,dài,dam,
2543,埮,U+57EE,tan4|tan2,tàn|tán,,
2544,埯,U+57EF,an3|yan3,ǎn|yǎn,hole in the ground to plant seeds in,
2545,埰,U+57F0,cai4|cai3,cài|cǎi,old variant of 采[cai4],
2546,埱,U+57F1,chu4|tou4,chù|tòu,,
2547,埲,U+57F2,beng3|bang4,běng|bàng,used in 塕埲[weng3 beng3],塕埲
2548,埳,U+57F3,kan3|xian4,kǎn|xiàn,old variant of 坎[kan3],
2549,埴,U+57F4,zhi2,zhí,soil with large clay content,
2550,埵,U+57F5,duo3,duǒ,solid earth,金剛薩埵|金刚萨埵
2551,埶,U+57F6,yi4|shi4,yì|shì,skill,
2552,執,U+57F7,zhi2,zhí,to execute (a plan),中央執行委員會|仗義執言|偏執
2553,埸,U+57F8,yi4,yì,border,
2554,培,U+57F9,pei2|pou3|pi1,péi|pǒu|pī,to bank up with earth,劉師培|刘师培|坎培拉
2555,基,U+57FA,ji1,jī,(bound form) base; foundation,丁基|三硝基甲苯|世界自然基金會
2556,埻,U+57FB,zhun3|dui1|guo2,zhǔn|duī|guó,,
2557,埼,U+57FC,qi2,qí,headland,埼玉
2558,埽,U+57FD,sao4|sao3,sào|sǎo,dike,
2559,埾,U+57FE,ju4,jù,,
2560,埿,U+57FF,ni2|ni4|ban4,ní|nì|bàn,,
2561,堀,U+5800,ku1,kū,cave,
2562,堁,U+5801,ke4,kè,,
2563,堂,U+5802,tang2,táng,(main) hall,一言堂|三代同堂|上有天堂，下有蘇杭
2564,堃,U+5803,kun1,kūn,variant of 坤[kun1],游錫堃|游锡堃
2565,堄,U+5804,ni4,nì,parapet,
2566,堅,U+5805,jian1,jiān,strong,中堅|乘堅策肥|堅不可摧
2567,堆,U+5806,dui1|zui1,duī|zuī,to pile up,一堆|三星堆|乃堆拉
2568,堇,U+5807,jin3|qin2|jin4,jǐn|qín|jìn,clay,三色堇|堇色|堇菜
2569,堈,U+5808,gang1,gāng,"earthen jug, crock, cistern",
2570,堉,U+5809,yu4,yù,fertile soil,
2571,堊,U+580A,e4|ya4,è|yà,to whitewash,白堊|白堊世|白堊紀
2572,堋,U+580B,peng2|beng4|peng1|ping1,péng|bèng|pēng|pīng,target in archery,
2573,堌,U+580C,gu4,gù,place name,
2574,堍,U+580D,tu4,tù,side of bridge,
2575,堎,U+580E,leng4,lèng,mound,
2576,堏,U+580F,fang,fang,,
2577,堐,U+5810,ya2,yá,(used in place names),
2578,堑,U+5811,qian4,qiàn,(bound form) moat; chasm,吃一堑，长一智|地堑|堑壕
2579,堒,U+5812,kun1,kūn,,
2580,堓,U+5813,an4,àn,,
2581,堔,U+5814,shen1,shēn,,
2582,堕,U+5815,duo4|hui1,duò|huī,to fall; to sink,呱呱堕地|堕楼|堕胎
2583,堖,U+5816,nao3,nǎo,small hill,
2584,堗,U+5817,tu1,tū,,
2585,堘,U+5818,cheng2,chéng,variant of 塍[cheng2],
2586,堙,U+5819,yin1,yīn,bury,
2587,堚,U+581A,hun2,hún,,
2588,堛,U+581B,bi4,bì,,
2589,堜,U+581C,lian4,liàn,,
2590,堝,U+581D,guo1|wo1,guō|wō,crucible,坩堝
2591,堞,U+581E,die2,dié,battlements,
2592,堟,U+581F,zhuan4,zhuàn,,
2593,堠,U+5820,hou4,hòu,mounds for beacons,
2594,堡,U+5821,bao3|bu3|pu4,bǎo|bǔ|pù,(bound form) fortress; stronghold,伊斯坦堡|伊斯蘭堡|伊斯兰堡
2595,堢,U+5822,bao3,bǎo,,
2596,堣,U+5823,yu2,yú,,
2597,堤,U+5824,di1|ti2|di3|shi2|wei2,dī|tí|dǐ|shí|wéi,dike,千里之堤，毀於蟻穴|千里之堤，毁于蚁穴|千里之堤，潰於蟻穴
2598,堥,U+5825,mao2|mou2|wu3,máo|móu|wǔ,,
2599,堦,U+5826,jie1,jiē,variant of 階|阶[jie1],
2600,堧,U+5827,ruan2|nuo4,ruán|nuò,adjoin,
2601,堨,U+5828,ye4|e4|ai4,yè|è|ài,dam,
2602,堩,U+5829,geng4,gèng,,
2603,堪,U+582A,kan1|chen3,kān|chěn,(bound form) may; can,不堪|不堪一擊|不堪一击
2604,堫,U+582B,zong1,zōng,,
2605,堬,U+582C,yu2,yú,,
2606,堭,U+582D,huang2,huáng,a dry moat outside a city wall,
2607,堮,U+582E,e4,è,a boundary,
2608,堯,U+582F,yao2,yáo,surname Yao,唐堯|堯都|堯都區
2609,堰,U+5830,yan4,yàn,weir,兵來將敵，水來土堰|兵来将敌，水来土堰|十堰
2610,報,U+5831,bao4|fu4,bào|fù,to report; to inform; to announce,上報|世界報|世界日報
2611,堲,U+5832,ci2|ji2,cí|jí,hate,
2612,堳,U+5833,mei2,méi,low wall,
2613,場,U+5834,chang3|chang2|shang1|dang4,chǎng|cháng|shāng|dàng,threshing floor,一場空|上半場|上場
2614,堵,U+5835,du3|zhe3|du1,dǔ|zhě|dū,"to block up (a road, pipe etc)",七堵|七堵區|七堵区
2615,堶,U+5836,tuo2,tuó,,
2616,堷,U+5837,yin4|pou3,yìn|pǒu,,
2617,堸,U+5838,feng2,féng,,
2618,堹,U+5839,zhong4,zhòng,,
2619,堺,U+583A,jie4,jiè,,
2620,堻,U+583B,jin1,jīn,,
2621,堼,U+583C,heng4,hèng,(used in place names),
2622,堽,U+583D,gang1,gāng,mound,
2623,堾,U+583E,chun1,chūn,,
2624,堿,U+583F,jian3|kan3|xian2,jiǎn|kǎn|xián,variant of 鹼|碱[jian3],
2625,塀,U+5840,ping2,píng,,
2626,塁,U+5841,lei3,lěi,Japanese variant of 壘|垒,
2627,塂,U+5842,xiang4|jiang3,xiàng|jiǎng,(dialect) hill,
2628,塃,U+5843,huang1,huāng,(dialect) newly-mined ore,
2629,塄,U+5844,leng2,léng,elevated bank around a field,
2630,塅,U+5845,duan4,duàn,large area of flat terrain (used in place names),
2631,塆,U+5846,wan1,wān,col,
2632,塇,U+5847,xuan1,xuān,,
2633,塈,U+5848,ji4|xi4,jì|xì,(literary) to plaster,
2634,塉,U+5849,ji2,jí,,
2635,塊,U+584A,kuai4,kuài,lump; chunk; piece,一塊|一塊兒|俄羅斯方塊
2636,塋,U+584B,ying2,yíng,(literary) a grave,墳塋|祖塋
2637,塌,U+584C,ta1|da1,tā|dā,to collapse,一塌糊塗|一塌糊涂|倒塌
2638,塍,U+584D,cheng2,chéng,variant of 塍[cheng2],斑尾塍鷸|斑尾塍鹬|黑尾塍鷸
2639,塎,U+584E,yong3,yǒng,,
2640,塏,U+584F,kai3,kǎi,dry terrain,
2641,塐,U+5850,su4,sù,,
2642,塑,U+5851,su4,sù,to model (a figure) in clay,動態雕塑|动态雕塑|可塑性
2643,塒,U+5852,shi2,shí,hen roost,
2644,塓,U+5853,mi4,mì,to plaster,
2645,塔,U+5854,ta3|da1|da,tǎ|dā|da,"pagoda (abbr. for 塔婆[ta3 po2], a loanword from Sanskrit stūpa); tower; pylon (CL:座[zuo4])",九層塔|九层塔|仰光大金塔
2646,塕,U+5855,weng3,wěng,flying dust (dialect),塕埲
2647,塖,U+5856,cheng2,chéng,,
2648,塗,U+5857,tu2|du4,tú|dù,to apply (paint etc),一塌糊塗|一敗塗地|塗乙
2649,塘,U+5858,tang2,táng,dyke,塘堰|塘沽|塘沽區
2650,塙,U+5859,que4|qiao1,què|qiāo,truly,
2651,塚,U+585A,zhong3,zhǒng,burial mound (variant of 冢[zhong3]),塚中枯骨|大塚|義塚
2652,塛,U+585B,li4,lì,,
2653,塜,U+585C,zhong3|peng2,zhǒng|péng,,
2654,塝,U+585D,bang4,bàng,the edge,
2655,塞,U+585E,sai1|sai4|se4,sāi|sài|sè,to plug; to stop up; to stuff in,亞塞拜然|亚塞拜然|交通堵塞
2656,塟,U+585F,zang4,zàng,old variant of 葬[zang4],
2657,塠,U+5860,dui1,duī,old variant of 堆[dui1],
2658,塡,U+5861,tian2,tián,variant of 填[tian2],
2659,塢,U+5862,wu4|wu3,wù|wǔ,(bound form) low area within a surrounding barrier,塢堡|塢壁|塢站
2660,塣,U+5863,zheng4,zhèng,,
2661,塤,U+5864,xun1,xūn,ocarina,
2662,塥,U+5865,ge2,gé,dry clay lump,
2663,塦,U+5866,zhen4,zhèn,,
2664,塧,U+5867,ai4,ài,,
2665,塨,U+5868,gong1,gōng,,
2666,塩,U+5869,yan2,yán,Japanese variant of 鹽|盐,
2667,塪,U+586A,kan3,kǎn,,
2668,填,U+586B,tian2|tian3|chen2|zhen4,tián|tiǎn|chén|zhèn,to fill or stuff,代填|充填|充填因數
2669,塬,U+586C,yuan2,yuán,"plateau, esp. Loess Plateau of northwest China 黃土高原|黄土高原[Huang2 tu3 Gao1 yuan2]",塬地
2670,塭,U+586D,wen1,wēn,used in 魚塭|鱼塭[yu2 wen1],魚塭|鱼塭
2671,塮,U+586E,xie4,xiè,,
2672,塯,U+586F,liu4,liù,,
2673,塰,U+5870,hai3,hǎi,,
2674,塱,U+5871,lang3,lǎng,raised bank,
2675,塲,U+5872,chang2|shang1|chang3,cháng|shāng|chǎng,variant of 場|场[chang2],
2676,塳,U+5873,peng2,péng,,
2677,塴,U+5874,beng4,bèng,,
2678,塵,U+5875,chen2,chén,dust,一塵不染|一路風塵|一騎絕塵
2679,塶,U+5876,lu4,lù,,
2680,塷,U+5877,lu3,lǔ,,
2681,塸,U+5878,ou1,ōu,,
2682,塹,U+5879,qian4|jian4,qiàn|jiàn,(bound form) moat; chasm,吃一塹，長一智|地塹|塹壕
2683,塺,U+587A,mei2,méi,,
2684,塻,U+587B,mo4,mò,,
2685,塼,U+587C,zhuan1|tuan2,zhuān|tuán,variant of 甎|砖[zhuan1],
2686,塽,U+587D,shuang3,shuǎng,(literary) elevated sunlit ground,
2687,塾,U+587E,shu2,shú,private school,村塾|私塾|蒙塾
2688,塿,U+587F,lou3,lǒu,small mound,
2689,墀,U+5880,chi2,chí,courtyard,
2690,墁,U+5881,man4,màn,to plaster,
2691,墂,U+5882,biao1,biāo,,
2692,境,U+5883,jing4,jìng,border,事過境遷|事过境迁|仙境
2693,墄,U+5884,ce4,cè,,
2694,墅,U+5885,shu4|ye3,shù|yě,villa,別墅|别墅|拱墅
2695,墆,U+5886,zhi4|di4,zhì|dì,,
2696,墇,U+5887,zhang4,zhàng,,
2697,墈,U+5888,kan4,kàn,cliff,
2698,墉,U+5889,yong1,yōng,fortified wall,墉垣
2699,墊,U+588A,dian4,diàn,pad,卡墊|坐墊|坐廁墊
2700,墋,U+588B,chen3,chěn,,
2701,墌,U+588C,zhi2|zhuo2,zhí|zhuó,,
2702,墍,U+588D,xi4,xì,,
2703,墎,U+588E,guo1,guō,,
2704,墏,U+588F,qiang3,qiǎng,,
2705,墐,U+5890,jin4|qin2,jìn|qín,bury,
2706,墑,U+5891,di4,dì,,
2707,墒,U+5892,shang1,shāng,plowed earth,保墒|墒土|墒情
2708,墓,U+5893,mu4,mù,grave,五人墓碑記|五人墓碑记|八寶山革命公墓
2709,墔,U+5894,cui1,cuī,,
2710,墕,U+5895,yan4|yan1,yàn|yān,,
2711,墖,U+5896,ta3,tǎ,old variant of 塔[ta3],
2712,増,U+5897,zeng1,zēng,Japanese variant of 增[zeng1],
2713,墘,U+5898,qian2,qián,(Minnan dialect) beside,
2714,墙,U+5899,qiang2,qiáng,variant of 牆|墙[qiang2],不撞南墙不回头|人墙|付费墙
2715,墚,U+589A,liang2,liáng,,
2716,墛,U+589B,wei4,wèi,,
2717,墜,U+589C,zhui4,zhuì,to fall,下墜|吊墜|吊墜縛
2718,墝,U+589D,qiao1|qiao4,qiāo|qiào,stony soil,
2719,增,U+589E,zeng1|zeng4|ceng2,zēng|zèng|céng,(bound form) to increase; to augment; to add to,倍增|倍增器|價值增殖
2720,墟,U+589F,xu1,xū,ruins,三個女人一個墟|三个女人一个墟|墟里
2721,墠,U+58A0,shan4|chan3,shàn|chǎn,level spot for sacrifices,
2722,墡,U+58A1,shan4,shàn,,
2723,墢,U+58A2,ba2|fei4,bá|fèi,,
2724,墣,U+58A3,pu2,pú,,
2725,墤,U+58A4,kuai4|tui2,kuài|tuí,,
2726,墥,U+58A5,dong3|tuan3,dǒng|tuǎn,,
2727,墦,U+58A6,fan2|fan1,fán|fān,a grave,
2728,墧,U+58A7,que4|qiao2,què|qiáo,,
2729,墨,U+58A8,mo4|mei4,mò|mèi,surname Mo,噴墨|喷墨|回墨印
2730,墩,U+58A9,dun1,dūn,block,冰墩墩|坐墩|墩子
2731,墪,U+58AA,dun1,dūn,old variant of 墩[dun1],
2732,墫,U+58AB,zun1|cun1,zūn|cūn,old variant of 蹲[dun1],
2733,墬,U+58AC,di4,dì,variant of 地[di4],
2734,墭,U+58AD,sheng4,shèng,,
2735,墮,U+58AE,duo4|hui1|hui4,duò|huī|huì,to fall; to sink,呱呱墮地|墮樓|墮胎
2736,墯,U+58AF,duo4,duò,,
2737,墰,U+58B0,tan2,tán,variant of 罈|坛[tan2],
2738,墱,U+58B1,deng4|deng1,dèng|dēng,,
2739,墲,U+58B2,mu2|wu2,mú|wú,,
2740,墳,U+58B3,fen2|fen4,fén|fèn,grave,上墳|墳丘|墳包
2741,墴,U+58B4,huang2,huáng,,
2742,墵,U+58B5,tan2,tán,old variant of 壜[tan2],
2743,墶,U+58B6,da,da,used in 圪墶|圪垯[ge1 da5],圪墶
2744,墷,U+58B7,ye4,yè,,
2745,墸,U+58B8,zhu4,zhù,,
2746,墹,U+58B9,jian4,jiàn,,
2747,墺,U+58BA,ao4,ào,building-plot,
2748,墻,U+58BB,qiang2,qiáng,variant of 牆|墙[qiang2],兄弟鬩於墻，外禦其侮
2749,墼,U+58BC,ji1,jī,(bound form) unfired brick,土墼|炭墼
2750,墽,U+58BD,qiao1|qiao4|ao2,qiāo|qiào|áo,,
2751,墾,U+58BE,ken3,kěn,to reclaim (land),圍墾|墾丁|墾丁國家公園
2752,墿,U+58BF,yi4|tu2,yì|tú,,
2753,壀,U+58C0,pi2,pí,,
2754,壁,U+58C1,bi4,bì,wall,一壁|一壁廂|一壁厢
2755,壂,U+58C2,dian4,diàn,,
2756,壃,U+58C3,jiang1,jiāng,,
2757,壄,U+58C4,ye3,yě,erroneous variant of 野[ye3],
2758,壅,U+58C5,yong1|weng4,yōng|wèng,to obstruct,壅塞|壅蔽
2759,壆,U+58C6,xue2|jue2|bo2,xué|jué|bó,(dialect) mounded row of soil (in which crops are planted),
2760,壇,U+58C7,tan2|shan4|dan4|tan3,tán|shàn|dàn|tǎn,altar,世界經濟論壇|乒壇|劇壇
2761,壈,U+58C8,lan3,lǎn,disappointed,坎壈
2762,壉,U+58C9,ju4,jù,,
2763,壊,U+58CA,huai4,huài,Japanese variant of 壞|坏[huai4],
2764,壋,U+58CB,dang4,dàng,(dialect) earthen dyke in a river or rice paddy (for irrigation purposes),
2765,壌,U+58CC,rang3,rǎng,Japanese variant of 壤[rang3],
2766,壍,U+58CD,qian4,qiàn,,
2767,壎,U+58CE,xun1|xun4,xūn|xùn,ancient porcelain wind-instrument,
2768,壏,U+58CF,xian4|lan4,xiàn|làn,,
2769,壐,U+58D0,xi3,xǐ,,
2770,壑,U+58D1,he4|huo4,hè|huò,gully,丘壑|以鄰為壑|以邻为壑
2771,壒,U+58D2,ai4,ài,dust,
2772,壓,U+58D3,ya1|ya4,yā|yà,to press,中壓管|以權壓法|以言代法，以權壓法
2773,壔,U+58D4,dao3,dǎo,column,
2774,壕,U+58D5,hao2,háo,moat,塹壕|堑壕|塹壕戰
2775,壖,U+58D6,ruan2,ruán,land on water edge or under wall,
2776,壗,U+58D7,jin4,jìn,,
2777,壘,U+58D8,lei3|lei2|lv4,lěi|léi|lǜ,rampart,乾打壘|全壘打|再見全壘打
2778,壙,U+58D9,kuang4|kuang3,kuàng|kuǎng,tomb,
2779,壚,U+58DA,lu2,lú,clay,
2780,壛,U+58DB,yan2,yán,,
2781,壜,U+58DC,tan2,tán,variant of 罈|坛[tan2],
2782,壝,U+58DD,wei3,wěi,mound,
2783,壞,U+58DE,huai4|hui4|huai2,huài|huì|huái,bad,一粒老鼠屎壞了一鍋粥|一顆老鼠屎壞了一鍋湯|一顆老鼠屎壞了一鍋粥
2784,壟,U+58DF,long3,lǒng,ridge between fields,反壟斷|反壟斷法|地壟
2785,壠,U+58E0,long3,lǒng,old variant of 壟|垄[long3],
2786,壡,U+58E1,rui4,ruì,variant of 睿[rui4],
2787,壢,U+58E2,li4,lì,"hole, pit",
2788,壣,U+58E3,lin2,lín,,
2789,壤,U+58E4,rang3,rǎng,(bound form) soil; earth,土壤|土壤學|土壤学
2790,壥,U+58E5,chan2,chán,,
2791,壦,U+58E6,xun1,xūn,,
2792,壧,U+58E7,yan2,yán,,
2793,壨,U+58E8,lei2,léi,,
2794,壩,U+58E9,ba4,bà,dam,三峽大壩|冰壩|向家壩
2795,壪,U+58EA,wan1,wān,col,
2796,士,U+58EB,shi4,shì,surname Shi,一級士官|一级士官|七武士
2797,壬,U+58EC,ren2,rén,ninth of the ten Heavenly Stems 十天干[shi2 tian1 gan1],壬午|壬子|壬寅
2798,壭,U+58ED,san,san,"one of the characters used in kwukyel (phonetic ""san""), an ancient Korean writing system",
2799,壮,U+58EE,zhuang4,zhuàng,"Zhuang ethnic group of Guangxi, the PRC's second most numerous ethnic group",人怕出名猪怕壮|健壮|兵强马壮
2800,壯,U+58EF,zhuang4|zhuang1,zhuàng|zhuāng,"Zhuang ethnic group of Guangxi, the PRC's second most numerous ethnic group",人怕出名豬怕壯|健壯|兵強馬壯
2801,声,U+58F0,sheng1|qing4,shēng|qìng,sound,B型超声|一声|一声不吭
2802,壱,U+58F1,yi1,yī,Japanese variant of 壹[yi1],
2803,売,U+58F2,mai4,mài,Japanese variant of 賣|卖[mai4],
2804,壳,U+58F3,ke2|qiao4,ké|qiào,variant of 殼|壳[qiao4],介壳|借壳|卡壳
2805,壴,U+58F4,zhu4,zhù,surname Zhu,
2806,壵,U+58F5,zhuang4,zhuàng,,
2807,壶,U+58F6,hu2,hú,pot,便壶|冰壶|冰壶秋月
2808,壷,U+58F7,hu2,hú,,
2809,壸,U+58F8,kun3,kǔn,palace corridor,
2810,壹,U+58F9,yi1|yin1,yī|yīn,one (banker's anti-fraud numeral),約翰壹書|约翰壹书
2811,壺,U+58FA,hu2,hú,pot,便壺|冰壺|冰壺秋月
2812,壻,U+58FB,xu4,xù,variant of 婿[xu4],
2813,壼,U+58FC,kun3,kǔn,palace corridor,
2814,壽,U+58FD,shou4,shòu,surname Shou,人壽|人壽保險|人壽年豐
2815,壾,U+58FE,mang3,mǎng,,
2816,壿,U+58FF,zun1,zūn,old variant of 蹲[cun2],
2817,夀,U+5900,shou4,shòu,old variant of 壽|寿[shou4],
2818,夁,U+5901,yi1,yī,,
2819,夂,U+5902,zhi3|zhong1,zhǐ|zhōng,"""walk slowly"" component in Chinese characters",
2820,夃,U+5903,gu3|ying2,gǔ|yíng,,
2821,处,U+5904,chu4|chu3,chù|chǔ,to reside,一无是处|并处|中央处理单元
2822,夅,U+5905,jiang4,jiàng,old variant of 降[jiang4],
2823,夆,U+5906,feng2|pang2,féng|páng,to butt (as horned animals),
2824,备,U+5907,bei4,bèi,variant of 備|备[bei4],不备|乘人不备|以备不测
2825,夈,U+5908,zhai1,zhāi,,
2826,変,U+5909,bian4,biàn,Japanese variant of 變|变[bian4],
2827,夊,U+590A,sui1,suī,see 夂[zhi3],
2828,夋,U+590B,qun1,qūn,,
2829,夌,U+590C,ling2,líng,to dawdle,
2830,复,U+590D,fu4,fù,to go and return,一元复始|一去不复返|丁巳复辟
2831,夎,U+590E,cuo4,cuò,,
2832,夏,U+590F,xia4|jia3,xià|jiǎ,the Xia or Hsia dynasty c. 2000 BC,仲夏|仲夏夜之夢|仲夏夜之梦
2833,夐,U+5910,xiong4|xuan4,xiòng|xuàn,,
2834,夑,U+5911,xie4,xiè,,
2835,夒,U+5912,nao2,náo,a kind of gibbon (old variant of 猱[nao2]),
2836,夓,U+5913,xia4,xià,old variant of 夏[xia4],
2837,夔,U+5914,kui2,kuí,one-legged mountain demon of Chinese mythology,一夔已足|夔夔|夔州
2838,夕,U+5915,xi1|yi4,xī|yì,(bound form) sunset; dusk,一夕|一夕數驚|一夕数惊
2839,外,U+5916,wai4,wài,outside,上外|上海外國語大學|上海外国语大学
2840,夗,U+5917,yuan4|wan3|wan1|yuan1,yuàn|wǎn|wān|yuān,to turn over when asleep,
2841,夘,U+5918,mao3|wan1,mǎo|wān,variant of 卯[mao3],
2842,夙,U+5919,su4,sù,morning,夙世|夙夜|夙夜匪懈
2843,多,U+591A,duo1,duō,many; much; more; a lot of,一多對應|一多对应|一夫多妻
2844,夛,U+591B,duo1,duō,,
2845,夜,U+591C,ye4,yè,variant of 夜[ye4],一千零一夜|一夜之間|一夜之间
2846,夝,U+591D,qing2,qíng,,
2847,夞,U+591E,wai4,wài,,
2848,够,U+591F,gou4,gòu,enough (sufficient),不够|受够|够不着
2849,夠,U+5920,gou4,gòu,enough (sufficient),不夠|受夠|夠不著
2850,夡,U+5921,qi4,qì,,
2851,夢,U+5922,meng4|meng2,mèng|méng,"dream (CL:場|场[chang2],個|个[ge4])",中國夢|人生如夢|仲夏夜之夢
2852,夣,U+5923,meng4,mèng,old variant of 夢|梦[meng4],
2853,夤,U+5924,yin2,yín,late at night,夤夜|夤緣|夤缘
2854,夥,U+5925,huo3,huǒ,companion,合夥|合夥人|夥伴
2855,夦,U+5926,chen3,chěn,,
2856,大,U+5927,da4|dai4|tai4,dà|dài|tài,big; large; great,一個頭兩個大|一个头两个大|一大早
2857,夨,U+5928,ze4,zè,,
2858,天,U+5929,tian1,tiān,day,一人得道，雞犬升天|一人得道，鸡犬升天|一個天南，一個地北
2859,太,U+592A,tai4|ta1,tài|tā,highest,三寶太監|三宝太监|不太好
2860,夫,U+592B,fu1|fu2,fū|fú,husband,一夫一妻|一夫多妻|一夫當關，萬夫莫開
2861,夬,U+592C,guai4|jue2,guài|jué,decisive,
2862,夭,U+592D,yao1|wo4|wai1,yāo|wò|wāi,(bound form) to die prematurely (also pr. [yao3]),夭亡|夭壽|夭寿
2863,央,U+592E,yang1|ying1,yāng|yīng,center,中共中央|中共中央宣傳部|中共中央宣传部
2864,夯,U+592F,hang1|ben4,hāng|bèn,variant of 笨[ben4],墓坑夯土層|墓坑夯土层|夯具
2865,夰,U+5930,gao3,gǎo,,
2866,失,U+5931,shi1|yi4,shī|yì,to lose,一失足成千古恨|不失|不失時機
2867,夲,U+5932,tao1|ben3,tāo|běn,,
2868,夳,U+5933,tai4,tài,,
2869,头,U+5934,tou2|tou,tóu|tou,head,NG镜头|一个头两个大|一年到头
2870,夵,U+5935,yan3|tao1,yǎn|tāo,,
2871,夶,U+5936,bi3,bǐ,old variant of 比[bi3],
2872,夷,U+5937,yi2,yí,"non-Han people, esp. to the East of China",三夷教|以夷制夷|凌夷
2873,夸,U+5938,kua1|kua4|kua3,kuā|kuà|kuǎ,used in transliteration,上夸克|下夸克|吉普斯夸
2874,夹,U+5939,jia1|ga1|jia2,jiā|gā|jiá,to press from either side,包夹|受夹板气|夹七夹八
2875,夺,U+593A,duo2,duó,to seize,你争我夺|先声夺人|光彩夺目
2876,夻,U+593B,hua4,huà,,
2877,夼,U+593C,kuang3,kuǎng,low ground,
2878,夽,U+593D,yun3,yǔn,,
2879,夾,U+593E,jia1|jia2|xie2|xia2|ga1,jiā|jiá|xié|xiá|gā,to press from either side,包夾|受夾板氣|夾七夾八
2880,夿,U+593F,ba1,bā,,
2881,奀,U+5940,en1,ēn,,
2882,奁,U+5941,lian2,lián,variant of 奩|奁[lian2],妆奁|陪奁
2883,奂,U+5942,huan4,huàn,surname Huan,美轮美奂
2884,奃,U+5943,di1|ti4,dī|tì,,
2885,奄,U+5944,yan3|yan1,yǎn|yān,surname Yan,奄列|奄奄一息|氣息奄奄
2886,奅,U+5945,pao4,pào,,
2887,奆,U+5946,juan4,juàn,,
2888,奇,U+5947,qi2|ji1|ai3|yi3,qí|jī|ǎi|yǐ,odd (number),不足為奇|不足为奇|二刻拍案驚奇
2889,奈,U+5948,nai4,nài,"used in expressions that convey frustration and futility, such as 無奈|无奈[wu2 nai4] and 莫可奈何|莫可奈何[mo4 ke3 nai4 he2] (literary)",利奈唑胺|基奈|奈何
2890,奉,U+5949,feng4,fèng,to offer (tribute),事奉|什一奉獻|什一奉献
2891,奊,U+594A,xie2|lie4|xi3|pi2,xié|liè|xǐ|pí,,
2892,奋,U+594B,fen4|kang3,fèn|kǎng,to exert oneself (bound form),亢奋|令人振奋|勤奋
2893,奌,U+594C,dian3,diǎn,variant of 點|点[dian3],
2894,奍,U+594D,quan1,quān,,
2895,奎,U+594E,kui2|kui3,kuí|kuǐ,crotch,傑奎琳|杰奎琳|傑奎琳·肯尼迪
2896,奏,U+594F,zou4|cou4,zòu|còu,to play music,三重奏|二重奏|伴奏
2897,奐,U+5950,huan4,huàn,surname Huan,美輪美奐
2898,契,U+5951,qi4|xie4|qie4|jie2,qì|xiè|qiè|jié,to carve,交契|借契|同符合契
2899,奒,U+5952,kai1,kāi,,
2900,奓,U+5953,zha1|she1|chi3|zha4,zhā|shē|chǐ|zhà,old variant of 侈[chi3],
2901,奔,U+5954,ben1|ben4|fen4,bēn|bèn|fèn,to hurry,伯羅奔尼撒|伯罗奔尼撒|出奔
2902,奕,U+5955,yi4,yì,abundant,奕訢|奕䜣|奕詝
2903,奖,U+5956,jiang3,jiǎng,prize; award; bonus; reward,一等奖|中奖|优异奖
2904,套,U+5957,tao4|tao3,tào|tǎo,to cover,一套|丁腈手套|三件套式西裝
2905,奘,U+5958,zang4|zhuang3,zàng|zhuǎng,(literary) strong; robust (used in personal names),玄奘
2906,奙,U+5959,ben3,běn,,
2907,奚,U+595A,xi1,xī,surname Xi,厗奚|奚嘯伯|奚啸伯
2908,奛,U+595B,huang3,huǎng,,
2909,奜,U+595C,fei3|fei1,fěi|fēi,big,
2910,奝,U+595D,diao1,diāo,,
2911,奞,U+595E,xun4,xùn,,
2912,奟,U+595F,beng1|keng1,bēng|kēng,,
2913,奠,U+5960,dian4|ting2|ding4|zheng4|zun1,diàn|tíng|dìng|zhèng|zūn,to fix,奠儀|奠仪|奠基
2914,奡,U+5961,ao4|xiao4,ào|xiào,haughty,
2915,奢,U+5962,she1,shē,extravagant,伍奢|奢侈|奢侈品
2916,奣,U+5963,weng3,wěng,clear and cloudless sky,
2917,奤,U+5964,ha3|po4|tai3,hǎ|pò|tǎi,,
2918,奥,U+5965,ao4|yu4|you1,ào|yù|yōu,(bound form) Austria (abbr. for 奧地利|奥地利[Ao4 di4 li4]),伊斯帕尼奥拉|克莉奥佩特拉|克里奥尔语
2919,奦,U+5966,wu4,wù,,
2920,奧,U+5967,ao4,ào,(bound form) Austria (abbr. for 奧地利|奥地利[Ao4 di4 li4]),伊斯帕尼奧拉|克莉奧佩特拉|克里奧爾語
2921,奨,U+5968,jiang3,jiǎng,Japanese variant of 獎|奖[jiang3],
2922,奩,U+5969,lian2,lián,bridal trousseau,妝奩|陪奩
2923,奪,U+596A,duo2|dui4,duó|duì,to seize,你爭我奪|先聲奪人|光彩奪目
2924,奫,U+596B,yun1,yūn,deep and broad (expanse of water),
2925,奬,U+596C,jiang3,jiǎng,variant of 獎|奖[jiang3],
2926,奭,U+596D,shi4,shì,surname Shi,劉奭|刘奭
2927,奮,U+596E,fen4,fèn,to exert oneself (bound form),亢奮|令人振奮|勤奮
2928,奯,U+596F,huo4,huò,,
2929,奰,U+5970,bi4,bì,anger,
2930,奱,U+5971,luan2,luán,,
2931,奲,U+5972,duo3|che3,duǒ|chě,,
2932,女,U+5973,nv3|nv4|ru3,nǚ|nǜ|rǔ,female,一男半女|三個女人一個墟|三个女人一个墟
2933,奴,U+5974,nu2,nú,slave,丁加奴|亡國奴|亡国奴
2934,奵,U+5975,ding3|ding1|tian3,dǐng|dīng|tiǎn,,
2935,奶,U+5976,nai3,nǎi,breast,下奶|二奶|人造奶油
2936,奷,U+5977,qian1,qiān,,
2937,奸,U+5978,jian1|gan1,jiān|gān,wicked,㚻奸|作奸犯科|內奸
2938,她,U+5979,ta1|jie3|chi2,tā|jiě|chí,she,她們|她们|她瑪
2939,奺,U+597A,jiu3,jiǔ,,
2940,奻,U+597B,nuan2,nuán,,
2941,奼,U+597C,cha4,chà,(literary) beautiful,奼女|奼紫嫣紅
2942,好,U+597D,hao3|hao4,hǎo|hào,good,一把好手|上好|下午好
2943,奾,U+597E,xian1,xiān,,
2944,奿,U+597F,fan4,fàn,,
2945,妀,U+5980,ji3,jǐ,,
2946,妁,U+5981,shuo4|yue1,shuò|yuē,surname Shuo,媒妁|媒妁之言|父母之命，媒妁之言
2947,如,U+5982,ru2,rú,as,一代不如一代|一切如舊|一切如旧
2948,妃,U+5983,fei1|pei4,fēi|pèi,imperial concubine,后妃|太妃糖|妃嬪
2949,妄,U+5984,wang4|wang2,wàng|wáng,absurd,妄下雌黃|妄下雌黄|妄人
2950,妅,U+5985,hong2,hóng,old variant of 娂[hong2],
2951,妆,U+5986,zhuang1,zhuāng,(of a woman) to adorn oneself,化妆|化妆品|化妆室
2952,妇,U+5987,fu4,fù,woman,中华全国妇女联合会|主妇|二产妇
2953,妈,U+5988,ma1,mā,ma,干妈|事儿妈|他妈的
2954,妉,U+5989,dan1,dān,old variant of 媅[dan1],
2955,妊,U+598A,ren4|ren2,rèn|rén,pregnant,多胎妊娠|妊娠|妊娠試驗
2956,妋,U+598B,fu1|you1,fū|yōu,,
2957,妌,U+598C,jing4,jìng,,
2958,妍,U+598D,yan2,yán,beautiful,妍麗|妍丽|爭妍鬥艷
2959,妎,U+598E,hai4|jie4,hài|jiè,,
2960,妏,U+598F,wen4,wèn,(used in female names),
2961,妐,U+5990,zhong1,zhōng,,
2962,妑,U+5991,pa1,pā,,
2963,妒,U+5992,du4,dù,"to envy (success, talent)",天妒英才|妒嫉|妒忌
2964,妓,U+5993,ji4|ji1,jì|jī,prostitute,召妓|名妓|妓女
2965,妔,U+5994,keng1|hang2,kēng|háng,,
2966,妕,U+5995,zhong4,zhòng,,
2967,妖,U+5996,yao1|jiao3,yāo|jiǎo,goblin,人妖|口袋妖怪|妖人
2968,妗,U+5997,jin4|xian1,jìn|xiān,wife of mother's brother,妗子
2969,妘,U+5998,yun2,yún,surname Yun,
2970,妙,U+5999,miao4|miao3,miào|miǎo,clever,不妙|佳妙|奇妙
2971,妚,U+599A,fou3|pei1|pi1,fǒu|pēi|pī,variant of 胚[pei1],
2972,妛,U+599B,chi1,chī,,
2973,妜,U+599C,yue4|jue2,yuè|jué,,
2974,妝,U+599D,zhuang1,zhuāng,(of a woman) to adorn oneself,化妝|化妝品|化妝室
2975,妞,U+599E,niu1|hao4,niū|hào,girl,妞妞|柴禾妞|泡妞
2976,妟,U+599F,yan4,yàn,,
2977,妠,U+59A0,na4|nan4,nà|nàn,,
2978,妡,U+59A1,xin1,xīn,,
2979,妢,U+59A2,fen2,fén,,
2980,妣,U+59A3,bi3,bǐ,deceased mother,先妣|如喪考妣|如丧考妣
2981,妤,U+59A4,yu2,yú,used in 婕妤[jie2 yu2],婕妤
2982,妥,U+59A5,tuo3,tuǒ,suitable,不妥|不妥協|不妥协
2983,妦,U+59A6,feng1,fēng,,
2984,妧,U+59A7,wan4|yuan2,wàn|yuán,,
2985,妨,U+59A8,fang2|fang1,fáng|fāng,to hinder,不妨|但說無妨|但说无妨
2986,妩,U+59A9,wu3,wǔ,used in 嫵媚|妩媚[wu3 mei4],妩媚
2987,妪,U+59AA,yu4,yù,old woman,老妪
2988,妫,U+59AB,gui1,guī,surname Gui,
2989,妬,U+59AC,du4,dù,variant of 妒[du4],
2990,妭,U+59AD,ba2|bo1,bá|bō,(literary) beautiful woman,
2991,妮,U+59AE,ni1|ni2,nī|ní,girl,妮可·基德曼|妮子|妮維婭
2992,妯,U+59AF,zhou2|chou1,zhóu|chōu,used in 妯娌[zhou2 li5],妯娌
2993,妰,U+59B0,zhuo2,zhuó,,
2994,妱,U+59B1,zhao1,zhāo,,
2995,妲,U+59B2,da2,dá,female personal name (archaic),妲己
2996,妳,U+59B3,ni3|nai3,nǐ|nǎi,"you (Note: In Taiwan, 妳 is used to address females, but in mainland China, it is not commonly used. Instead, 你 is used to address both males and females.)",
2997,妴,U+59B4,yuan4,yuàn,,
2998,妵,U+59B5,tou3,tǒu,(feminine name),
2999,妶,U+59B6,xian2|xuan2|xu4,xián|xuán|xù,,
3000,妷,U+59B7,zhi2|yi4,zhí|yì,variant of 姪|侄[zhi2],
3001,妸,U+59B8,e1|e3,ē|ě,(used in female given names),
3002,妹,U+59B9,mei4,mèi,younger sister,七姊妹星團|七姊妹星团|伊妹兒
3003,妺,U+59BA,mo4,mò,wife of the last ruler of the Xia dynasty,
3004,妻,U+59BB,qi1|qi4,qī|qì,(bound form) wife,一夫一妻|一夫多妻|一妻制
3005,妼,U+59BC,bi4,bì,,
3006,妽,U+59BD,shen1,shēn,(used in female names),
3007,妾,U+59BE,qie4,qiè,concubine,侍妾|妻妾|妾侍
3008,妿,U+59BF,e1,ē,,
3009,姀,U+59C0,he2,hé,,
3010,姁,U+59C1,xu3|xu1,xǔ|xū,chatter like old woman,
3011,姂,U+59C2,fa2,fá,,
3012,姃,U+59C3,zheng1,zhēng,,
3013,姄,U+59C4,min2,mín,(used in female given names) (old),
3014,姅,U+59C5,ban4,bàn,menstruation,
3015,姆,U+59C6,mu3,mǔ,used in 姆媽|姆妈[m1 ma1],伊馬姆|伊马姆|保姆
3016,姇,U+59C7,fu1|fu2,fū|fú,,
3017,姈,U+59C8,ling2,líng,(literary) (of a woman) intelligent,
3018,姉,U+59C9,zi3,zǐ,old variant of 姊[zi3],
3019,姊,U+59CA,zi3,zǐ,old variant of 姊[zi3],七姊妹星團|七姊妹星团|堂姊
3020,始,U+59CB,shi3,shǐ,to begin,一元復始|一元复始|伊始
3021,姌,U+59CC,ran3,rǎn,,
3022,姍,U+59CD,shan1|xian1|pan1,shān|xiān|pān,used in 姍姍|姗姗[shan1 shan1],姍姍|姍姍來遲|羅姍
3023,姎,U+59CE,yang1,yāng,,
3024,姏,U+59CF,man2,mán,,
3025,姐,U+59D0,jie3|ju4|xu4|zu1,jiě|jù|xù|zū,older sister,word姐|一姐|三陪小姐
3026,姑,U+59D1,gu1,gū,paternal aunt,七大姑八大姨|三姑六婆|仙姑
3027,姒,U+59D2,si4,sì,surname Si,姒文命|娣姒|褒姒
3028,姓,U+59D3,xing4|sheng1,xìng|shēng,family name; surname,只許州官放火，不許百姓點燈|只许州官放火，不许百姓点灯|同名同姓
3029,委,U+59D4,wei3|wei1|wei4,wěi|wēi|wèi,surname Wei,中國保險監督管理委員會|中国保险监督管理委员会|中國共產黨中央委員會
3030,姕,U+59D5,zi1|ci3|ci1,zī|cǐ|cī,,
3031,姖,U+59D6,ju4,jù,,
3032,姗,U+59D7,shan1,shān,used in 姍姍|姗姗[shan1 shan1],姗姗|姗姗来迟|罗姗
3033,姘,U+59D8,pin1|pin2,pīn|pín,to be a mistress or lover,姘夫|姘婦|姘妇
3034,姙,U+59D9,ren4,rèn,variant of 妊[ren4],
3035,姚,U+59DA,yao2|tiao4|tao2|yao4,yáo|tiào|táo|yào,surname Yao,大姚|大姚縣|大姚县
3036,姛,U+59DB,dong4,dòng,,
3037,姜,U+59DC,jiang1,jiāng,surname Jiang,干姜|仔姜|姜太公
3038,姝,U+59DD,shu1,shū,pretty woman,
3039,姞,U+59DE,ji2,jí,surname Ji,
3040,姟,U+59DF,gai1,gāi,,
3041,姠,U+59E0,xiang4,xiàng,,
3042,姡,U+59E1,hua2|huo2,huá|huó,,
3043,姢,U+59E2,juan1,juān,,
3044,姣,U+59E3,jiao1|jiao3|xiao2,jiāo|jiǎo|xiáo,surname Jiao,
3045,姤,U+59E4,gou4,gòu,copulate,
3046,姥,U+59E5,lao3|mu3,lǎo|mǔ,grandma (maternal),劉姥姥進大觀園|刘姥姥进大观园|姑姥姥
3047,姦,U+59E6,jian1,jiān,to fornicate,㚻姦|作姦犯科|大姦似忠
3048,姧,U+59E7,jian1,jiān,"variant of 姦|奸[jian1], adultery, villain",
3049,姨,U+59E8,yi2,yí,mother's sister,七大姑八大姨|三阿姨|二阿姨
3050,姩,U+59E9,nian4|nian2,niàn|nián,,
3051,姪,U+59EA,zhi2,zhí,brother's son; nephew,堂姪|姪兒|姪女
3052,姫,U+59EB,ji1|zhen3,jī|zhěn,Japanese variant of 姬,
3053,姬,U+59EC,ji1|yi2,jī|yí,surname Ji,周武王姬發|周武王姬发|妖姬
3054,姭,U+59ED,xian4,xiàn,,
3055,姮,U+59EE,heng2,héng,feminine name (old),姮娥
3056,姯,U+59EF,guang1,guāng,,
3057,姰,U+59F0,jun1|xun1|xuan4|xin1,jūn|xūn|xuàn|xīn,,
3058,姱,U+59F1,kua1|hu4,kuā|hù,fascinating,
3059,姲,U+59F2,yan4,yàn,,
3060,姳,U+59F3,ming3,mǐng,,
3061,姴,U+59F4,lie4,liè,,
3062,姵,U+59F5,pei4,pèi,(used in female names),
3063,姶,U+59F6,e4|ya4,è|yà,wonderful,
3064,姷,U+59F7,you4,yòu,,
3065,姸,U+59F8,yan2,yán,variant of 妍,
3066,姹,U+59F9,cha4,chà,(literary) beautiful,姹女|姹紫嫣红
3067,姺,U+59FA,shen1|xian1,shēn|xiān,name of an ancient state,
3068,姻,U+59FB,yin1,yīn,marriage connections,事實婚姻|事实婚姻|前世姻緣
3069,姼,U+59FC,shi2|ti2|ji4,shí|tí|jì,,
3070,姽,U+59FD,gui3|wa2,guǐ|wá,quiet and nice,
3071,姾,U+59FE,quan2,quán,,
3072,姿,U+59FF,zi1|zi4,zī|zì,beauty,丰姿|仙姿玉色|千姿百態
3073,娀,U+5A00,song1,sōng,name of an ancient state,
3074,威,U+5A01,wei1,wēi,power,下馬威|下马威|不怒而威
3075,娂,U+5A02,hong2,hóng,(used in female names),
3076,娃,U+5A03,wa2|wa1|gui4,wá|wā|guì,baby,伊娃|伊娃·門德斯|伊娃·门德斯
3077,娄,U+5A04,lou2,lóu,surname Lou,克娄巴特拉|出娄子|努瓜娄发
3078,娅,U+5A05,ya4,yà,(literary) term of address between husbands of sisters,妮维娅|尤利娅·季莫申科|拉尼娅
3079,娆,U+5A06,rao2|rao3,ráo|rǎo,graceful,妖娆
3080,娇,U+5A07,jiao1,jiāo,lovable,傲娇|力娇酒|千娇百媚
3081,娈,U+5A08,luan2,luán,beautiful,娈童|娈童恋|娈童者
3082,娉,U+5A09,ping1|pin4,pīng|pìn,graceful,娉婷|娉婷裊娜|娉婷袅娜
3083,娊,U+5A0A,xian4|dan1,xiàn|dān,,
3084,娋,U+5A0B,shao4|shao1,shào|shāo,,
3085,娌,U+5A0C,li3,lǐ,used in 妯娌[zhou2 li5],妯娌
3086,娍,U+5A0D,cheng2|sheng4,chéng|shèng,,
3087,娎,U+5A0E,xie4,xiè,,
3088,娏,U+5A0F,mang2,máng,,
3089,娐,U+5A10,fu1,fū,,
3090,娑,U+5A11,suo1|suo3|suo4,suō|suǒ|suò,(phonetic),婆娑|摩娑|毗耶娑
3091,娒,U+5A12,mei2|mu3|wu3,méi|mǔ|wǔ,(used in personal names),
3092,娓,U+5A13,wei3,wěi,used in 娓娓[wei3 wei3],娓娓|娓娓動聽|娓娓动听
3093,娔,U+5A14,ke4,kè,,
3094,娕,U+5A15,chuo4|cu4|lai4,chuò|cù|lài,,
3095,娖,U+5A16,chuo4|cu4,chuò|cù,,
3096,娗,U+5A17,ting3|tian3,tǐng|tiǎn,,
3097,娘,U+5A18,niang2,niáng,mother,丈母娘|乾娘|干娘
3098,娙,U+5A19,xing2,xíng,,
3099,娚,U+5A1A,nan2,nán,old variant of 喃[nan2],
3100,娛,U+5A1B,yu2,yú,to amuse,娛樂|娛樂中心|娛樂圈
3101,娜,U+5A1C,na4|nuo2,nà|nuó,(phonetic na),亞利安娜|亚利安娜|卡洛娜
3102,娝,U+5A1D,pou1|bi3,pōu|bǐ,,
3103,娞,U+5A1E,nei3|sui1,něi|suī,,
3104,娟,U+5A1F,juan1,juān,beautiful,娟秀|嬋娟|婵娟
3105,娠,U+5A20,shen1,shēn,pregnant,多胎妊娠|妊娠|妊娠試驗
3106,娡,U+5A21,zhi4,zhì,,
3107,娢,U+5A22,han2,hán,,
3108,娣,U+5A23,di4,dì,wife of a younger brother,娣姒
3109,娤,U+5A24,zhuang1,zhuāng,,
3110,娥,U+5A25,e2,é,good,姮娥|娥眉|嫦娥
3111,娦,U+5A26,pin2,pín,,
3112,娧,U+5A27,tui4,tuì,,
3113,娨,U+5A28,xian4,xiàn,,
3114,娩,U+5A29,mian3|wan3|wen4,miǎn|wǎn|wèn,to give birth to a child,分娩|臀位分娩|臀產式分娩
3115,娪,U+5A2A,wu2|wu4|yu2,wú|wù|yú,,
3116,娫,U+5A2B,yan2,yán,,
3117,娬,U+5A2C,wu3,wǔ,,
3118,娭,U+5A2D,ai1|xi1,āi|xī,"see 娭姐[ai1 jie3], father's mother",娭姐
3119,娮,U+5A2E,yan2,yán,,
3120,娯,U+5A2F,yu2,yú,Japanese variant of 娛|娱[yu2],
3121,娰,U+5A30,si4,sì,,
3122,娱,U+5A31,yu2,yú,to amuse,娱乐|娱乐中心|娱乐圈
3123,娲,U+5A32,wa1,wā,surname Wa,女娲|女娲氏
3124,娳,U+5A33,li4,lì,,
3125,娴,U+5A34,xian2,xián,variant of 嫻|娴[xian2],娴淑|娴熟|娴雅
3126,娵,U+5A35,ju1,jū,(feminine name),
3127,娶,U+5A36,qu3|ju1|shu1,qǔ|jū|shū,to take a wife,娶妻|娶媳婦|娶媳妇
3128,娷,U+5A37,zhui4|shui4,zhuì|shuì,,
3129,娸,U+5A38,qi1,qī,to ridicule,
3130,娹,U+5A39,xian2,xián,,
3131,娺,U+5A3A,zhuo2,zhuó,,
3132,娻,U+5A3B,dong1|dong4,dōng|dòng,,
3133,娼,U+5A3C,chang1,chāng,prostitute,娼女|娼妓|娼婦
3134,娽,U+5A3D,lu4,lù,,
3135,娾,U+5A3E,ai3|ai2|e4,ǎi|ái|è,,
3136,娿,U+5A3F,e1|e3,ē|ě,variant of 婀[e1],
3137,婀,U+5A40,e1|e3,ē|ě,variant of 婀[e1],姿態婀娜|姿态婀娜|婀娜
3138,婁,U+5A41,lou2|lv3|lv2|lei2,lóu|lǚ|lǘ|léi,surname Lou,克婁巴特拉|出婁子|努瓜婁發
3139,婂,U+5A42,mian2,mián,,
3140,婃,U+5A43,cong2,cóng,,
3141,婄,U+5A44,pou3|pei2|bu4,pǒu|péi|bù,,
3142,婅,U+5A45,ju2,jú,,
3143,婆,U+5A46,po2,pó,(bound form) grandmother,三姑六婆|偷油婆|催生婆
3144,婇,U+5A47,cai3,cǎi,,
3145,婈,U+5A48,ling2,líng,,
3146,婉,U+5A49,wan3,wǎn,graceful,哀婉|委婉|委婉詞
3147,婊,U+5A4A,biao3,biǎo,prostitute,又想當婊子又想立牌坊|又想当婊子又想立牌坊|婊子
3148,婋,U+5A4B,xiao1,xiāo,,
3149,婌,U+5A4C,shu2,shú,,
3150,婍,U+5A4D,qi3,qǐ,,
3151,婎,U+5A4E,hui1,huī,,
3152,婏,U+5A4F,fan4|fu4,fàn|fù,,
3153,婐,U+5A50,wo3,wǒ,(archaic) maid,
3154,婑,U+5A51,rui2|wo3|nei3,ruí|wǒ|něi,,
3155,婒,U+5A52,tan2,tán,,
3156,婓,U+5A53,fei1,fēi,,
3157,婔,U+5A54,fei1,fēi,,
3158,婕,U+5A55,jie2|qie4,jié|qiè,used in 婕妤[jie2 yu2],婕妤
3159,婖,U+5A56,tian1,tiān,,
3160,婗,U+5A57,ni2|ni3,ní|nǐ,,
3161,婘,U+5A58,quan2|juan4,quán|juàn,,
3162,婙,U+5A59,jing4,jìng,old variant of 婧[jing4],
3163,婚,U+5A5A,hun1,hūn,to marry,事實婚|事实婚|事實婚姻
3164,婛,U+5A5B,jing1,jīng,,
3165,婜,U+5A5C,qian1|jin3,qiān|jǐn,,
3166,婝,U+5A5D,dian4,diàn,,
3167,婞,U+5A5E,xing4,xìng,upright,
3168,婟,U+5A5F,hu4,hù,,
3169,婠,U+5A60,wan1|guan4,wān|guàn,,
3170,婡,U+5A61,lai2|lai4,lái|lài,,
3171,婢,U+5A62,bi4,bì,slave girl,傭婢|佣婢|奴婢
3172,婣,U+5A63,yin1,yīn,variant of 姻[yin1],
3173,婤,U+5A64,chou1|zhou1,chōu|zhōu,(feminine name),
3174,婥,U+5A65,chuo4|nao4,chuò|nào,weak,
3175,婦,U+5A66,fu4,fù,woman,中華全國婦女聯合會|主婦|二產婦
3176,婧,U+5A67,jing4,jìng,(literary) (of a woman) slender; delicate,
3177,婨,U+5A68,lun2,lún,(used in female names) (old),
3178,婩,U+5A69,an4|nve4,àn|nüè,,
3179,婪,U+5A6A,lan2|lan3,lán|lǎn,avaricious,貪婪|贪婪|貪婪無厭
3180,婫,U+5A6B,kun1|hun4,kūn|hùn,,
3181,婬,U+5A6C,yin2,yín,"obscene, licentious, lewd",
3182,婭,U+5A6D,ya4|ya1|ya3,yà|yā|yǎ,(literary) term of address between husbands of sisters,妮維婭|尤利婭·季莫申科|拉尼婭
3183,婮,U+5A6E,ju1,jū,(used in female names),
3184,婯,U+5A6F,li4,lì,,
3185,婰,U+5A70,dian3,diǎn,,
3186,婱,U+5A71,xian2,xián,,
3187,婲,U+5A72,hua1,huā,,
3188,婳,U+5A73,hua4,huà,tranquil,
3189,婴,U+5A74,ying1,yīng,infant,反圣婴|女婴|婴儿
3190,婵,U+5A75,chan2,chán,used in 嬋娟|婵娟[chan2 juan1] and 嬋媛|婵媛[chan2 yuan2],婵娟|婵媛
3191,婶,U+5A76,shen3,shěn,wife of father's younger brother,婶婶|婶子|婶母
3192,婷,U+5A77,ting2,tíng,graceful,娉婷|娉婷裊娜|娉婷袅娜
3193,婸,U+5A78,dang4|yang2,dàng|yáng,,
3194,婹,U+5A79,yao3,yǎo,svelte,
3195,婺,U+5A7A,wu4|mou2|mu4,wù|móu|mù,beautiful,婺城|婺城區|婺城区
3196,婻,U+5A7B,nan4,nàn,,
3197,婼,U+5A7C,chuo4|ruo4,chuò|ruò,recalcitrant,
3198,婽,U+5A7D,jia3,jiǎ,good,
3199,婾,U+5A7E,tou1,tōu,,
3200,婿,U+5A7F,xu4,xù,variant of 婿[xu4],乘龍快婿|乘龙快婿|外甥女婿
3201,媀,U+5A80,yu4|yu2,yù|yú,,
3202,媁,U+5A81,wei2|wei3,wéi|wěi,to appear displeased,
3203,媂,U+5A82,di4|ti2,dì|tí,,
3204,媃,U+5A83,rou2,róu,,
3205,媄,U+5A84,mei3,měi,beautiful,
3206,媅,U+5A85,dan1,dān,content,
3207,媆,U+5A86,ruan3|nen4|nun4,ruǎn|nèn|nùn,,
3208,媇,U+5A87,qin1,qīn,,
3209,媈,U+5A88,hui1,huī,,
3210,媉,U+5A89,wo4,wò,,
3211,媊,U+5A8A,qian2,qián,planet Venus in the morning,
3212,媋,U+5A8B,chun1,chūn,,
3213,媌,U+5A8C,miao2,miáo,,
3214,媍,U+5A8D,fu4,fù,old variant of 婦|妇[fu4],
3215,媎,U+5A8E,jie3,jiě,,
3216,媏,U+5A8F,duan1,duān,(used in female names) (old),
3217,媐,U+5A90,yi2|xi1,yí|xī,,
3218,媑,U+5A91,zhong4,zhòng,,
3219,媒,U+5A92,mei2|mei4,méi|mèi,medium,上海文廣新聞傳媒集團|上海文广新闻传媒集团|中國傳媒大學
3220,媓,U+5A93,huang2,huáng,,
3221,媔,U+5A94,mian2|mian3,mián|miǎn,,
3222,媕,U+5A95,an1|yan3|e4,ān|yǎn|è,used in 媕婀[an1 e1],媕婀
3223,媖,U+5A96,ying1,yīng,(complimentary name for a woman),
3224,媗,U+5A97,xuan1,xuān,,
3225,媘,U+5A98,jie1,jiē,,
3226,媙,U+5A99,wei1,wēi,,
3227,媚,U+5A9A,mei4,mèi,(bound form) to flatter,伊媚兒|伊媚儿|千嬌百媚
3228,媛,U+5A9B,yuan4|yuan2,yuàn|yuán,used in 嬋媛|婵媛[chan2 yuan2],佛媛|名媛|嬋媛
3229,媜,U+5A9C,zheng1,zhēng,,
3230,媝,U+5A9D,qiu1,qiū,,
3231,媞,U+5A9E,shi4|ti2|zhi1|dai4,shì|tí|zhī|dài,used as phonetic,
3232,媟,U+5A9F,xie4,xiè,to lust for,
3233,媠,U+5AA0,tuo3|duo4|nuo3,tuǒ|duò|nuǒ,old variant of 惰[duo4],
3234,媡,U+5AA1,lian4,liàn,,
3235,媢,U+5AA2,mao4,mào,envious,
3236,媣,U+5AA3,ran3,rǎn,,
3237,媤,U+5AA4,si1,sī,,
3238,媥,U+5AA5,pian1,piān,,
3239,媦,U+5AA6,wei4,wèi,,
3240,媧,U+5AA7,wa1,wā,surname Wa,女媧|女媧氏
3241,媨,U+5AA8,cu4,cù,,
3242,媩,U+5AA9,hu2,hú,(used in female names) (old),
3243,媪,U+5AAA,ao3|yun3|wo4,ǎo|yǔn|wò,old woman,媪神
3244,媫,U+5AAB,jie2,jié,,
3245,媬,U+5AAC,bao3,bǎo,governess,
3246,媭,U+5AAD,xu1,xū,(dialect) elder sister (old),
3247,媮,U+5AAE,tou1|yu2,tōu|yú,improper,
3248,媯,U+5AAF,gui1|gui4,guī|guì,surname Gui,
3249,媰,U+5AB0,chu2|zou4,chú|zòu,pregnant woman (archaic),
3250,媱,U+5AB1,yao2,yáo,,
3251,媲,U+5AB2,pi4|bi1|pi2,pì|bī|pí,to match,媲美
3252,媳,U+5AB3,xi2,xí,daughter-in-law,兒媳|儿媳|兒媳婦
3253,媴,U+5AB4,yuan2,yuán,,
3254,媵,U+5AB5,ying4|sheng4,yìng|shèng,maid escorting bride to new home,媵侍
3255,媶,U+5AB6,rong2,róng,,
3256,媷,U+5AB7,ru4,rù,,
3257,媸,U+5AB8,chi1,chī,ugly woman,
3258,媹,U+5AB9,liu2,liú,,
3259,媺,U+5ABA,mei3,měi,beautiful,
3260,媻,U+5ABB,pan2,pán,to move,
3261,媼,U+5ABC,ao3,ǎo,old woman,媼神
3262,媽,U+5ABD,ma1,mā,ma,乾媽|事兒媽|他媽的
3263,媾,U+5ABE,gou4,gòu,to marry,交媾|媾合|媾和
3264,媿,U+5ABF,kui4|chou3,kuì|chǒu,old variant of 愧[kui4],
3265,嫀,U+5AC0,qin2|shen1,qín|shēn,,
3266,嫁,U+5AC1,jia4,jià,(of a woman) to marry,下嫁|再嫁|出嫁
3267,嫂,U+5AC2,sao3,sǎo,(bound form) older brother's wife; sister-in-law,兄嫂|堂嫂|大嫂
3268,嫃,U+5AC3,zhen1|zhen3,zhēn|zhěn,,
3269,嫄,U+5AC4,yuan2,yuán,name of an empress,
3270,嫅,U+5AC5,jie1|suo3,jiē|suǒ,,
3271,嫆,U+5AC6,rong2,róng,,
3272,嫇,U+5AC7,ming2|ming3|meng2,míng|mǐng|méng,,
3273,嫈,U+5AC8,ying1|xing1|ying2,yīng|xīng|yíng,attentively,
3274,嫉,U+5AC9,ji2,jí,jealousy,妒嫉|嫉妒|嫉恨
3275,嫊,U+5ACA,su4,sù,,
3276,嫋,U+5ACB,niao3,niǎo,delicate,
3277,嫌,U+5ACC,xian2,xián,to dislike,主嫌|人憎狗嫌|兇嫌
3278,嫍,U+5ACD,tao1,tāo,,
3279,嫎,U+5ACE,pang2|bang4,páng|bàng,,
3280,嫏,U+5ACF,lang2,láng,used in 嫏嬛[Lang2 huan2],嫏嬛
3281,嫐,U+5AD0,nao3,nǎo,to tease; to play around with,
3282,嫑,U+5AD1,bao2,báo,(dialect) don't,
3283,嫒,U+5AD2,ai4,ài,used in 令嬡|令嫒[ling4 ai4],令嫒
3284,嫓,U+5AD3,pi4,pì,,
3285,嫔,U+5AD4,pin2,pín,imperial concubine,妃嫔|嫔妃
3286,嫕,U+5AD5,yi4,yì,compliant,
3287,嫖,U+5AD6,piao2|piao4|biao1,piáo|piào|biāo,to visit a prostitute,吃喝嫖賭|吃喝嫖赌|嫖妓
3288,嫗,U+5AD7,yu4|yu3|kou1,yù|yǔ|kōu,old woman,老嫗
3289,嫘,U+5AD8,lei2,léi,surname Lei,嫘縈|嫘萦
3290,嫙,U+5AD9,xuan2,xuán,beautiful,
3291,嫚,U+5ADA,man1|man4|yuan1,mān|màn|yuān,(dialect) girl,嫚子
3292,嫛,U+5ADB,yi1,yī,,
3293,嫜,U+5ADC,zhang1,zhāng,husband's father,
3294,嫝,U+5ADD,kang1,kāng,,
3295,嫞,U+5ADE,yong1,yōng,,
3296,嫟,U+5ADF,ni4,nì,,
3297,嫠,U+5AE0,li2,lí,widow,嫠婦|嫠妇|嫠節
3298,嫡,U+5AE1,di2,dí,"(bound form) of or by the wife, as opposed to a concubine (contrasted with 庶[shu4])",嫡傳|嫡传|嫡出
3299,嫢,U+5AE2,gui1|zui1,guī|zuī,,
3300,嫣,U+5AE3,yan1,yān,(literary) lovely; sweet,奼紫嫣紅|姹紫嫣红|嫣然
3301,嫤,U+5AE4,jin3|jin4,jǐn|jìn,,
3302,嫥,U+5AE5,zhuan1|tuan2,zhuān|tuán,,
3303,嫦,U+5AE6,chang2,cháng,used in 嫦娥[Chang2 e2],嫦娥
3304,嫧,U+5AE7,ze2|ce4,zé|cè,,
3305,嫨,U+5AE8,han1|nan3,hān|nǎn,,
3306,嫩,U+5AE9,nen4,nèn,young and tender,嫩主|嫩江|嫩江市
3307,嫪,U+5AEA,lao4|lao2,lào|láo,surname Lao,嫪毐
3308,嫫,U+5AEB,mo2,mó,ugly woman,
3309,嫬,U+5AEC,zhe1,zhē,old character used in female names,
3310,嫭,U+5AED,hu4,hù,beautiful,
3311,嫮,U+5AEE,hu4,hù,old variant of 嫭[hu4],
3312,嫯,U+5AEF,ao4,ào,,
3313,嫰,U+5AF0,nen4,nèn,old variant of 嫩[nen4],
3314,嫱,U+5AF1,qiang2,qiáng,female court officials,
3315,嫲,U+5AF2,ma,ma,,
3316,嫳,U+5AF3,pie4,piè,,
3317,嫴,U+5AF4,gu1,gū,,
3318,嫵,U+5AF5,wu3,wǔ,used in 嫵媚|妩媚[wu3 mei4],嫵媚
3319,嫶,U+5AF6,qiao2|jiao1,qiáo|jiāo,,
3320,嫷,U+5AF7,tuo3,tuǒ,,
3321,嫸,U+5AF8,zhan3,zhǎn,,
3322,嫹,U+5AF9,miao2,miáo,,
3323,嫺,U+5AFA,xian2,xián,variant of 嫻|娴[xian2],
3324,嫻,U+5AFB,xian2,xián,elegant,嫻淑|嫻熟|嫻雅
3325,嫼,U+5AFC,mo4,mò,,
3326,嫽,U+5AFD,liao2|liao3|liao4|lao3,liáo|liǎo|liào|lǎo,good,
3327,嫾,U+5AFE,lian2,lián,,
3328,嫿,U+5AFF,hua4,huà,tranquil,
3329,嬀,U+5B00,gui1,guī,variant of 媯|妫[Gui1],
3330,嬁,U+5B01,deng1,dēng,,
3331,嬂,U+5B02,zhi2,zhí,,
3332,嬃,U+5B03,xu1,xū,(dialect) elder sister (old),
3333,嬄,U+5B04,yi1,yī,,
3334,嬅,U+5B05,hua4,huà,beautiful,
3335,嬆,U+5B06,xi1,xī,,
3336,嬇,U+5B07,kui4,kuì,,
3337,嬈,U+5B08,rao2|rao3|yao3,ráo|rǎo|yǎo,graceful,妖嬈
3338,嬉,U+5B09,xi1|xi3,xī|xǐ,amusement,嬉戲|嬉戏|嬉皮
3339,嬊,U+5B0A,yan4,yàn,,
3340,嬋,U+5B0B,chan2,chán,used in 嬋娟|婵娟[chan2 juan1] and 嬋媛|婵媛[chan2 yuan2],嬋娟|嬋媛
3341,嬌,U+5B0C,jiao1,jiāo,lovable,傲嬌|力嬌酒|千嬌百媚
3342,嬍,U+5B0D,mei3,měi,,
3343,嬎,U+5B0E,fan4|fu4,fàn|fù,(dialect) (of birds) to lay eggs,嬎蛋
3344,嬏,U+5B0F,fan1,fān,,
3345,嬐,U+5B10,xian1|yan3|jin4,xiān|yǎn|jìn,,
3346,嬑,U+5B11,yi4,yì,,
3347,嬒,U+5B12,hui4,huì,,
3348,嬓,U+5B13,jiao4,jiào,,
3349,嬔,U+5B14,fu4,fù,(archaic) baby rabbit,
3350,嬕,U+5B15,shi4,shì,,
3351,嬖,U+5B16,bi4,bì,(treat as a) favorite,
3352,嬗,U+5B17,shan4|chan2,shàn|chán,(literary) to go through successive changes; to evolve,嬗變|嬗变|遞嬗
3353,嬘,U+5B18,sui4,suì,,
3354,嬙,U+5B19,qiang2,qiáng,female court officials,
3355,嬚,U+5B1A,lian3,liǎn,,
3356,嬛,U+5B1B,huan2|xuan1|qiong2|xuan2,huán|xuān|qióng|xuán,(used in names),便嬛|嫏嬛|琅嬛
3357,嬜,U+5B1C,xin1,xīn,,
3358,嬝,U+5B1D,niao3,niǎo,delicate,
3359,嬞,U+5B1E,dong3,dǒng,,
3360,嬟,U+5B1F,yi4|yi3,yì|yǐ,,
3361,嬠,U+5B20,can1,cān,,
3362,嬡,U+5B21,ai4,ài,used in 令嬡|令嫒[ling4 ai4],令嬡
3363,嬢,U+5B22,niang2,niáng,Japanese variant of 孃|娘[niang2],
3364,嬣,U+5B23,ning2,níng,,
3365,嬤,U+5B24,ma1,mā,dialectal or obsolete equivalent of 媽|妈[ma1],嬤嬤|阿嬤
3366,嬥,U+5B25,tiao3|diao4,tiǎo|diào,,
3367,嬦,U+5B26,chou2,chóu,(archaic) used in ladies' names,
3368,嬧,U+5B27,jin4,jìn,,
3369,嬨,U+5B28,ci2,cí,,
3370,嬩,U+5B29,yu2,yú,,
3371,嬪,U+5B2A,pin2,pín,imperial concubine,妃嬪|嬪妃
3372,嬫,U+5B2B,rong2,róng,(used in female names),
3373,嬬,U+5B2C,ru2|nou4,rú|nòu,"mistress, concubine",
3374,嬭,U+5B2D,nai3|er3|ni4,nǎi|ěr|nì,mother,
3375,嬮,U+5B2E,yan1|yan4,yān|yàn,,
3376,嬯,U+5B2F,tai2,tái,,
3377,嬰,U+5B30,ying1|ying4,yīng|yìng,infant,反聖嬰|女嬰|嬰兒
3378,嬱,U+5B31,qian4,qiàn,,
3379,嬲,U+5B32,niao3,niǎo,to tease,
3380,嬳,U+5B33,yue4,yuè,,
3381,嬴,U+5B34,ying2,yíng,surname Ying,嬴政
3382,嬵,U+5B35,mian2,mián,,
3383,嬶,U+5B36,bi2,bí,,
3384,嬷,U+5B37,ma1|mo2,mā|mó,dialectal or obsolete equivalent of 媽|妈[ma1],嬷嬷|阿嬷
3385,嬸,U+5B38,shen3,shěn,wife of father's younger brother,嬸嬸|嬸子|嬸母
3386,嬹,U+5B39,xing4|xing1,xìng|xīng,old variant of 興|兴[xing4],
3387,嬺,U+5B3A,ni4,nì,,
3388,嬻,U+5B3B,du2,dú,,
3389,嬼,U+5B3C,liu3,liǔ,,
3390,嬽,U+5B3D,yuan1,yuān,,
3391,嬾,U+5B3E,lan3,lǎn,variant of 懶|懒[lan3],
3392,嬿,U+5B3F,yan4,yàn,lovely,
3393,孀,U+5B40,shuang1,shuāng,widow,孀婦|孀妇|孀婺
3394,孁,U+5B41,ling2,líng,,
3395,孂,U+5B42,jiao3,jiǎo,,
3396,孃,U+5B43,niang2|rang2,niáng|ráng,variant of 娘[niang2],紅色孃子軍|紡織孃|舞孃
3397,孄,U+5B44,lan3,lǎn,old variant of 懶|懒[lan3],
3398,孅,U+5B45,qian1|xian1,qiān|xiān,cunning,
3399,孆,U+5B46,ying1,yīng,,
3400,孇,U+5B47,shuang1,shuāng,,
3401,孈,U+5B48,hui4|xie2,huì|xié,,
3402,孉,U+5B49,quan2|huan1,quán|huān,,
3403,孊,U+5B4A,mi3,mǐ,,
3404,孋,U+5B4B,li2|li4,lí|lì,,
3405,孌,U+5B4C,luan2|lian4|luan3,luán|liàn|luǎn,beautiful,孌童|孌童戀|孌童者
3406,孍,U+5B4D,yan2|yan3,yán|yǎn,,
3407,孎,U+5B4E,zhu2|shu2|chuo4,zhú|shú|chuò,,
3408,孏,U+5B4F,lan3,lǎn,old variant of 懶|懒[lan3],
3409,子,U+5B50,zi|zi3,zi|zǐ,son,一下子|一口吃不成胖子|一口吃個胖子
3410,孑,U+5B51,jie2,jié,(literary) lonely; all alone,孑孑|孑孑為義|孑孑为义
3411,孒,U+5B52,jue2,jué,,
3412,孓,U+5B53,jue2,jué,used in 孑孓[jie2 jue2],孑孓
3413,孔,U+5B54,kong3,kǒng,surname Kong,一孔之見|一孔之见|一鼻孔出氣
3414,孕,U+5B55,yun4,yùn,pregnant,不孕|不孕症|人工受孕
3415,孖,U+5B56,ma1|zi1,mā|zī,twins,
3416,字,U+5B57,zi4,zì,letter,T字帳|T字帐|T字褲
3417,存,U+5B58,cun2,cún,to exist,並存|并存|互相依存
3418,孙,U+5B59,sun1,sūn,surname Sun,亚马孙|亚马孙河|儿孙
3419,孚,U+5B5A,fu2,fú,to trust,不孚眾望|不孚众望|深孚眾望
3420,孛,U+5B5B,bei4|bo2,bèi|bó,comet,孛星|月孛
3421,孜,U+5B5C,zi1,zī,used in 孜孜[zi1 zi1],克孜勒|克孜勒蘇|克孜勒苏
3422,孝,U+5B5D,xiao4,xiào,filial piety or obedience,不孝|不孝有三，無後為大|不孝有三，无后为大
3423,孞,U+5B5E,xin4,xìn,,
3424,孟,U+5B5F,meng4,mèng,surname Meng,優孟|优孟|吳孟超
3425,孠,U+5B60,si4,sì,,
3426,孡,U+5B61,tai1,tāi,,
3427,孢,U+5B62,bao1,bāo,spore,厭酷球孢子菌|厌酷球孢子菌|孢子
3428,季,U+5B63,ji4,jì,surname Ji,一年四季|乾煸四季豆|干煸四季豆
3429,孤,U+5B64,gu1,gū,lone,一意孤行|天煞孤星|孑影孤單
3430,孥,U+5B65,nu2,nú,child,
3431,学,U+5B66,xue2,xué,to learn,一学就会|三角学|上一次当，学一次乖
3432,孧,U+5B67,you4,yòu,,
3433,孨,U+5B68,zhuan3|ni4,zhuǎn|nì,"(Internet slang) the three 子's that symbolize success in life: a house, a car and a wife (房子[fang2 zi5], 車子|车子[che1 zi5] and 妻子[qi1 zi5])",
3434,孩,U+5B69,hai2,hái,(bound form) child,女孩|女孩兒|女孩儿
3435,孪,U+5B6A,luan2,luán,twins,孪生|孪生兄弟|孪生姐妹
3436,孫,U+5B6B,sun1|xun4,sūn|xùn,surname Sun,亞馬孫|亞馬孫河|兒孫
3437,孬,U+5B6C,nao1,nāo,(dialect) contracted form of 不好[bu4 hao3],孬種|孬种
3438,孭,U+5B6D,mie1,miē,to carry on the back or shoulders (Cantonese),
3439,孮,U+5B6E,cong2,cóng,,
3440,孯,U+5B6F,qian1,qiān,,
3441,孰,U+5B70,shu2,shú,who,人非生而知之者，孰能無惑|人非生而知之者，孰能无惑|孰優孰劣
3442,孱,U+5B71,can4|chan2|jian1|zhan4,càn|chán|jiān|zhàn,used in 孱頭|孱头[can4 tou5],孱弱|孱頭|孱头
3443,孲,U+5B72,ya1,yā,,
3444,孳,U+5B73,zi1,zī,industrious,孳乳|孳孳|孳息
3445,孴,U+5B74,ni3|ni4|yi4,nǐ|nì|yì,,
3446,孵,U+5B75,fu1,fū,breeding,孵化|孵化器|孵化場
3447,孶,U+5B76,zi1,zī,old variant of 孳[zi1],
3448,孷,U+5B77,li2,lí,,
3449,學,U+5B78,xue2|hua2|jiao4,xué|huá|jiào,to learn,一學就會|三角學|上一次當，學一次乖
3450,孹,U+5B79,bo4,bò,,
3451,孺,U+5B7A,ru2,rú,surname Ru,婦孺|妇孺|婦孺皆知
3452,孻,U+5B7B,nai2,nái,last,
3453,孼,U+5B7C,nie4,niè,variant of 孽[nie4],
3454,孽,U+5B7D,nie4,niè,variant of 孽[nie4],作孽|冤孽|天災地孽
3455,孾,U+5B7E,ying1,yīng,,
3456,孿,U+5B7F,luan2,luán,twins,孿生|孿生兄弟|孿生姐妹
3457,宀,U+5B80,mian2,mián,"""roof"" radical (Kangxi radical 40), occurring in 家, 定, 安 etc, referred to as 寶蓋|宝盖[bao3 gai4]",
3458,宁,U+5B81,ning2|ning4|zhu4,níng|nìng|zhù,to store,丁宁|不自由，毋宁死|中宁
3459,宂,U+5B82,rong3,rǒng,variant of 冗[rong3],
3460,它,U+5B83,ta1|tuo2|yi2,tā|tuó|yí,it,其它|吉它|它們
3461,宄,U+5B84,gui3,guǐ,traitor,奸宄
3462,宅,U+5B85,zhai2|che4|du4,zhái|chè|dù,residence,住宅|住宅區|住宅区
3463,宆,U+5B86,qiong2,qióng,,
3464,宇,U+5B87,yu3,yǔ,room,元宇宙|吳鎮宇|吴镇宇
3465,守,U+5B88,shou3|shou4,shǒu|shòu,to guard,保守|保守主義|保守主义
3466,安,U+5B89,an1,ān,surname An,一路平安|不安|不安其室
3467,宊,U+5B8A,tu1|jia1,tū|jiā,old variant of 家[jia1],
3468,宋,U+5B8B,song4,sòng,surname Song,仿宋|傑瑞·宋飛|杰瑞·宋飞
3469,完,U+5B8C,wan2|kuan1,wán|kuān,to finish,不完全歸納推理|不完全归纳推理|不完全葉
3470,宍,U+5B8D,rou4,ròu,old variant of 肉[rou4],
3471,宎,U+5B8E,yao3|yao1,yǎo|yāo,,
3472,宏,U+5B8F,hong2,hóng,great,宏亮|宏偉|宏伟
3473,宐,U+5B90,yi2,yí,,
3474,宑,U+5B91,jing3,jǐng,,
3475,宒,U+5B92,zhun1,zhūn,,
3476,宓,U+5B93,mi4|fu2,mì|fú,surname Mi,
3477,宔,U+5B94,zhu3,zhǔ,,
3478,宕,U+5B95,dang4,dàng,dissipated,偏宕|宕昌|宕昌縣
3479,宖,U+5B96,hong2,hóng,,
3480,宗,U+5B97,zong1,zōng,surname Zong,三論宗|三论宗|世宗
3481,官,U+5B98,guan1,guān,surname Guan,一級士官|一级士官|三官大帝
3482,宙,U+5B99,zhou4,zhòu,eternity,元古宙|元宇宙|多元宇宙
3483,定,U+5B9A,ding4,dìng,to fix; to set; to make definite,DNA鑒定|DNA鉴定|一口咬定
3484,宛,U+5B9B,wan3|yuan1|yun3|yu4,wǎn|yuān|yǔn|yù,surname Wan,大宛|委宛|宛城
3485,宜,U+5B9C,yi2,yí,surname Yi,不入時宜|不入时宜|不合時宜
3486,宝,U+5B9D,bao3,bǎo,variant of 寶|宝[bao3],三宝|三宝太监|三宝鸟
3487,实,U+5B9E,shi2,shí,real,不切合实际|不切实际|不实
3488,実,U+5B9F,shi2,shí,Japanese variant of 實|实,
3489,宠,U+5BA0,chong3,chǒng,to love,丁宠家庭|偏宠|受宠
3490,审,U+5BA1,shen3,shěn,to examine,一审|二审|候审
3491,客,U+5BA2,ke4|qia4,kè|qià,customer; visitor; guest,丁客|上門客|上门客
3492,宣,U+5BA3,xuan1,xuān,surname Xuan,不宣而戰|不宣而战|世界人權宣言
3493,室,U+5BA4,shi4,shì,surname Shi,不安其室|中央人民政府駐香港特別行政區聯絡辦公室|中央人民政府驻香港特别行政区联络办公室
3494,宥,U+5BA5,you4,yòu,to forgive,寬宥|宽宥
3495,宦,U+5BA6,huan4,huàn,surname Huan,仕宦|官宦|官宦人家
3496,宧,U+5BA7,yi2,yí,northeastern corner of a room,
3497,宨,U+5BA8,tiao3,tiǎo,variant of 窕[tiao3],
3498,宩,U+5BA9,shi3,shǐ,old variant of 屎[shi3],
3499,宪,U+5BAA,xian4|xiong4,xiàn|xiòng,statute,五权宪法|伊朗宪监会|修宪
3500,宫,U+5BAB,gong1,gōng,surname Gong,九宫山|九宫格|九宫格数独
3501,宬,U+5BAC,cheng2,chéng,(literary) archive room; library (esp. in the imperial palace in the Ming and Qing dynasties),
3502,宭,U+5BAD,qun2,qún,,
3503,宮,U+5BAE,gong1,gōng,surname Gong,九宮山|九宮格|九宮格數獨
3504,宯,U+5BAF,xiao1,xiāo,,
3505,宰,U+5BB0,zai3,zǎi,to slaughter; to butcher; to kill (animals etc),主宰|主宰者|任人宰割
3506,宱,U+5BB1,zha4,zhà,,
3507,宲,U+5BB2,bao3|shi2,bǎo|shí,,
3508,害,U+5BB3,hai4|he2,hài|hé,to do harm to,不以詞害誌|不以词害志|不以辭害志
3509,宴,U+5BB4,yan4,yàn,(bound form) feast,便宴|公宴|千里搭長棚，沒有不散的宴席
3510,宵,U+5BB5,xiao1,xiāo,night,元宵|元宵節|元宵节
3511,家,U+5BB6,jia1|jia|jia4|jie|gu1,jiā|jia|jià|jie|gū,used in 傢伙|家伙[jia1 huo5] and 傢俱|家俱[jia1 ju4],一家|一家之主|一家人
3512,宷,U+5BB7,shen3,shěn,,
3513,宸,U+5BB8,chen2,chén,imperial apartments,
3514,容,U+5BB9,rong2|yong3,róng|yǒng,surname Rong,一山不容二虎|不兼容性|不容
3515,宺,U+5BBA,huang3,huǎng,,
3516,宻,U+5BBB,mi4,mì,,
3517,宼,U+5BBC,kou4,kòu,old variant of 寇[kou4],
3518,宽,U+5BBD,kuan1,kuān,surname Kuan,共享带宽|加宽|严以责己宽以待人
3519,宾,U+5BBE,bin1,bīn,visitor,主谓宾|主宾|主宾谓
3520,宿,U+5BBF,su4|xiu3|xiu4|qi1,sù|xiǔ|xiù|qī,old variant of 宿[su4],二十八宿|住宿|信宿
3521,寀,U+5BC0,cai3|cai4,cǎi|cài,feudal estate,
3522,寁,U+5BC1,zan3,zǎn,swift,
3523,寂,U+5BC2,ji4,jì,silent,不甘寂寞|冷寂|圓寂
3524,寃,U+5BC3,yuan1,yuān,old variant of 冤[yuan1],
3525,寄,U+5BC4,ji4,jì,to entrust; to place in sb's care,傳寄|传寄|匯寄
3526,寅,U+5BC5,yin2,yín,"3rd earthly branch: 3-5 a.m., 1st solar month (4th February-5th March), year of the Tiger",丙寅|唐寅|壬寅
3527,密,U+5BC6,mi4,mì,surname Mi,中國精密機械進出口公司|中国精密机械进出口公司|中密度纖維板
3528,寇,U+5BC7,kou4,kòu,old variant of 寇[kou4],倭寇|勝者王侯敗者寇|胜者王侯败者寇
3529,寈,U+5BC8,qing1,qīng,,
3530,寉,U+5BC9,he4,hè,,
3531,寊,U+5BCA,zhen1,zhēn,,
3532,寋,U+5BCB,jian4,jiàn,,
3533,富,U+5BCC,fu4,fù,surname Fu,人無橫財不富，馬無夜草不肥|人无横财不富，马无夜草不肥|仇富
3534,寍,U+5BCD,ning2,níng,,
3535,寎,U+5BCE,bing4|bing3,bìng|bǐng,nightmare,
3536,寏,U+5BCF,huan2,huán,,
3537,寐,U+5BD0,mei4,mèi,to sleep soundly,假寐|夙興夜寐|夙兴夜寐
3538,寑,U+5BD1,qin3,qǐn,old variant of 寢|寝[qin3],
3539,寒,U+5BD2,han2,hán,cold,一暴十寒|一曝十寒|下寒武
3540,寓,U+5BD3,yu4,yù,(bound form) to reside; to inhabit,公寓|公寓大樓|公寓大楼
3541,寔,U+5BD4,shi2,shí,really,
3542,寕,U+5BD5,ning2,níng,old variant of 寧|宁[ning4],
3543,寖,U+5BD6,jin4,jìn,old variant of 浸[jin4],
3544,寗,U+5BD7,ning2,níng,old variant of 甯|宁[ning2],
3545,寘,U+5BD8,zhi4|tian2,zhì|tián,to put aside,
3546,寙,U+5BD9,yu3,yǔ,bad,
3547,寚,U+5BDA,bao3,bǎo,,
3548,寛,U+5BDB,kuan1,kuān,Japanese variant of 寬|宽,
3549,寜,U+5BDC,ning2,níng,,
3550,寝,U+5BDD,qin3,qǐn,old variant of 寢|寝[qin3],寿终正寝|安寝|宰予昼寝
3551,寞,U+5BDE,mo4,mò,lonesome,不甘寂寞|寂寞|落寞
3552,察,U+5BDF,cha2|cui4,chá|cuì,short name for Chahar Province 察哈爾|察哈尔[Cha2 ha1 er3],中國人民武裝警察部隊|中国人民武装警察部队|交通警察
3553,寠,U+5BE0,ju4|lv4|lou2,jù|lǜ|lóu,poor,
3554,寡,U+5BE1,gua3,guǎ,few,不患寡而患不均|優柔寡斷|优柔寡断
3555,寢,U+5BE2,qin3,qǐn,(bound form) to lie down to sleep or rest,壽終正寢|安寢|宰予晝寢
3556,寣,U+5BE3,hu1,hū,,
3557,寤,U+5BE4,wu4,wù,to awake from sleep,寤寐|寤寐以求
3558,寥,U+5BE5,liao2,liáo,empty,寂寥|寥寥|寥寥可數
3559,實,U+5BE6,shi2|zhi4,shí|zhì,real,不切合實際|不切實際|不實
3560,寧,U+5BE7,ning2|ning4,níng|nìng,abbr. for Ningxia Hui Autonomous Region 寧夏回族自治區|宁夏回族自治区[Ning2 xia4 Hui2 zu2 Zi4 zhi4 qu1],丁寧|不自由，毋寧死|中寧
3561,寨,U+5BE8,zhai4|se4|qian1,zhài|sè|qiān,stronghold,丹寨|丹寨縣|丹寨县
3562,審,U+5BE9,shen3|pan2,shěn|pán,to examine,一審|二審|候審
3563,寪,U+5BEA,wei3|wei2,wěi|wéi,surname Wei,
3564,寫,U+5BEB,xie3|xie4,xiě|xiè,to write,不區分大小寫|亂寫|人物描寫
3565,寬,U+5BEC,kuan1,kuān,surname Kuan,共享帶寬|加寬|嚴以責己寬以待人
3566,寭,U+5BED,hui4,huì,,
3567,寮,U+5BEE,liao2,liáo,Laos,中寮|中寮鄉|中寮乡
3568,寯,U+5BEF,jun4,jùn,,
3569,寰,U+5BF0,huan2|xian4,huán|xiàn,large domain,人寰|寰宇|寰球
3570,寱,U+5BF1,yi4,yì,,
3571,寲,U+5BF2,yi2,yí,,
3572,寳,U+5BF3,bao3,bǎo,variant of 寶|宝[bao3],藏寳箱
3573,寴,U+5BF4,qin1|qin4,qīn|qìn,,
3574,寵,U+5BF5,chong3|long2,chǒng|lóng,to love,丁寵家庭|偏寵|受寵
3575,寶,U+5BF6,bao3,bǎo,jewel,三寶|三寶太監|三寶鳥
3576,寷,U+5BF7,feng1,fēng,,
3577,寸,U+5BF8,cun4|cun3,cùn|cǔn,a unit of length,一寸光陰一寸金|一寸光阴一寸金|一寸光陰一寸金，寸金難買寸光陰
3578,对,U+5BF9,dui4,duì,right; correct,一一对应|一多对应|一对
3579,寺,U+5BFA,si4|shi4,sì|shì,Buddhist temple,佛寺|冏寺|南普陀寺
3580,寻,U+5BFB,xun2|xin2,xún|xín,to search,不同寻常|可寻址|妙探寻凶
3581,导,U+5BFC,dao3,dǎo,to transmit,上级领导|不可导|主导
3582,寽,U+5BFD,lv4|lve4,lǜ|lüè,,
3583,対,U+5BFE,dui4,duì,Japanese variant of 對|对[dui4],
3584,寿,U+5BFF,shou4,shòu,surname Shou,人寿|人寿保险|人寿年丰
3585,尀,U+5C00,po3,pǒ,,
3586,封,U+5C01,feng1|bian3,fēng|biǎn,surname Feng,信封|冊封|册封
3587,専,U+5C02,zhuan1,zhuān,Japanese variant of 專|专,
3588,尃,U+5C03,fu1|bu4|fu3|po4,fū|bù|fǔ|pò,"to state to, to announce",
3589,射,U+5C04,she4|ye4|yi4,shè|yè|yì,old variant of 射[she4],一一映射|丙種射線|丙种射线
3590,尅,U+5C05,ke4|kei1,kè|kēi,variant of 剋|克[ke4],
3591,将,U+5C06,jiang1|jiang4|qiang1,jiāng|jiàng|qiāng,will,一个将军一个令|上将|上将军
3592,將,U+5C07,jiang1|jiang4|qiang1|yang2|jiang3,jiāng|jiàng|qiāng|yáng|jiǎng,will,一個將軍一個令|上將|上將軍
3593,專,U+5C08,zhuan1|tuan2|shuan4,zhuān|tuán|shuàn,"for a particular person, occasion, purpose",一黨專制|不敢自專|中央專制集權
3594,尉,U+5C09,wei4|yu4|yun4,wèi|yù|yùn,surname Wei,上尉|中尉|大尉
3595,尊,U+5C0A,zun1,zūn,senior,世尊|令尊|令尊令堂
3596,尋,U+5C0B,xun2|xin2,xún|xín,to search,不同尋常|可尋址|妙探尋兇
3597,尌,U+5C0C,shu4|zhu4,shù|zhù,standing up,
3598,對,U+5C0D,dui4,duì,right; correct,一一對應|一多對應|一對
3599,導,U+5C0E,dao3|dao4,dǎo|dào,to transmit,上級領導|不可導|主導
3600,小,U+5C0F,xiao3,xiǎo,small,一不小心|一小撮|一小部分
3601,尐,U+5C10,jie2|ji2,jié|jí,(literary) few,
3602,少,U+5C11,shao3|shao4,shǎo|shào,few,不可少|不可缺少|不少
3603,尒,U+5C12,er3,ěr,variant of 爾|尔[er3],
3604,尓,U+5C13,er3,ěr,variant of 爾|尔[er3],
3605,尔,U+5C14,er3,ěr,variant of 爾|尔[er3],上艾瑟尔|不过尔尔|世界维吾尔代表大会
3606,尕,U+5C15,ga3,gǎ,little (dialect),二尕子|克孜爾尕哈|克孜尔尕哈
3607,尖,U+5C16,jian1,jiān,pointed; tapering; sharp,三尖杉酯鹼|三尖杉酯碱|三尖瓣
3608,尗,U+5C17,shu1|shu2,shū|shú,old variant of 菽[shu1],
3609,尘,U+5C18,chen2,chén,dust,一尘不染|一路风尘|一骑绝尘
3610,尙,U+5C19,shang4,shàng,"variant of 尚, still",
3611,尚,U+5C1A,shang4|chang2,shàng|cháng,surname Shang,丈二和尚，摸不著頭腦|丈二和尚，摸不着头脑|三個和尚沒水吃
3612,尛,U+5C1B,mo2,mó,,
3613,尜,U+5C1C,ga2,gá,toy formed of a spindle with two sharp ends,尜兒|尜儿|尜尜
3614,尝,U+5C1D,chang2,cháng,to taste; to try (food),何尝|备尝艰苦|备尝辛苦
3615,尞,U+5C1E,liao4|liao2,liào|liáo,,
3616,尟,U+5C1F,xian3,xiǎn,variant of 鮮|鲜[xian3],
3617,尠,U+5C20,xian3,xiǎn,variant of 尟|鲜[xian3],
3618,尡,U+5C21,kun,kun,,
3619,尢,U+5C22,you2|wang1,yóu|wāng,lame,
3620,尣,U+5C23,wang1,wāng,,
3621,尤,U+5C24,you2,yóu,surname You,以儆效尤|尤克里里|尤其
3622,尥,U+5C25,liao4|niao3,liào|niǎo,to give a backward kick (e.g. of a horse),尥蹶子
3623,尦,U+5C26,liao4,liào,,
3624,尧,U+5C27,yao2,yáo,surname Yao,唐尧|尧都|尧都区
3625,尨,U+5C28,mang2|meng2|pang2,máng|méng|páng,surname Pang,
3626,尩,U+5C29,wang1,wāng,variant of 尪[wang1],
3627,尪,U+5C2A,wang1,wāng,feeble,
3628,尫,U+5C2B,wang1,wāng,,
3629,尬,U+5C2C,ga4,gà,(bound form) embarrassing; awkward,尬意|尬聊|尬舞
3630,尭,U+5C2D,yao2,yáo,Japanese variant of 堯|尧[yao2],
3631,尮,U+5C2E,duo4,duò,,
3632,尯,U+5C2F,kui4|kui3,kuì|kuǐ,,
3633,尰,U+5C30,zhong3,zhǒng,swell,
3634,就,U+5C31,jiu4,jiù,(after a suppositional clause) in that case; then,一切就緒|一切就绪|一學就會
3635,尲,U+5C32,gan1,gān,variant of 尷|尴[gan1],
3636,尳,U+5C33,gu3,gǔ,,
3637,尴,U+5C34,gan1,gān,used in 尷尬|尴尬[gan1 ga4],尴尬
3638,尵,U+5C35,tui2|zhuai4,tuí|zhuài,,
3639,尶,U+5C36,gan1,gān,old variant of 尷|尴[gan1],
3640,尷,U+5C37,gan1,gān,used in 尷尬|尴尬[gan1 ga4],尷尬
3641,尸,U+5C38,shi1,shī,(literary) person representing the deceased (during burial ceremonies),干尸|借尸还魂|停尸
3642,尹,U+5C39,yin3|yun2,yǐn|yún,surname Yin,尹潽善|府尹|陳恭尹
3643,尺,U+5C3A,chi3|che3,chǐ|chě,"one of the characters used to represent a musical note in gongche notation, 工尺譜|工尺谱[gong1 che3 pu3]",丁字尺|公尺|冰凍三尺，非一日之寒
3644,尻,U+5C3B,kao1,kāo,(literary) buttocks; rump; coccyx; sacrum,尻門子|尻门子|尻骨
3645,尼,U+5C3C,ni2|ni3,ní|nǐ,Buddhist nun,中俄尼布楚條約|中俄尼布楚条约|中尼
3646,尽,U+5C3D,jin3|jin4,jǐn|jìn,to the greatest extent,一网打尽|一言难尽|一饮而尽
3647,尾,U+5C3E,wei3|yi3,wěi|yǐ,tail,九尾狐|九尾龜|九尾龟
3648,尿,U+5C3F,niao4|sui1,niào|suī,to urinate,一把屎一把尿|利尿|利尿劑
3649,局,U+5C40,ju2,jú,narrow,三振出局|不顧大局|不顾大局
3650,屁,U+5C41,pi4,pì,fart,出溜屁|嗝兒屁|嗝儿屁
3651,层,U+5C42,ceng2,céng,to pile on top of one another,一层|三胚层动物|上层
3652,屃,U+5C43,xi4,xì,variant of 屭|屃[xi4],赑屃
3653,屄,U+5C44,bi1,bī,cunt (vulgar),二屄|傻屄|屄屄
3654,居,U+5C45,ju1|ji1,jū|jī,surname Ju,人居|仙居|仙居縣
3655,屆,U+5C46,jie4,jiè,to arrive at (place or time),下屆|屆時|屆滿
3656,屇,U+5C47,tian2,tián,cave,
3657,屈,U+5C48,qu1|jue2|que4|ju2,qū|jué|què|jú,surname Qu,不屈|不屈不撓|不屈不挠
3658,屉,U+5C49,ti4,tì,drawer; tier; tray,三屉桌|屉子|抽屉
3659,届,U+5C4A,jie4,jiè,to arrive at (place or time),下届|届时|届满
3660,屋,U+5C4B,wu1,wū,(bound form) house,世界屋脊|仰屋|仰屋興嘆
3661,屌,U+5C4C,diao3,diǎo,penis,屌爆|屌絲|屌丝
3662,屍,U+5C4D,shi1|shi4,shī|shì,(bound form) corpse,乾屍|借屍還魂|停屍
3663,屎,U+5C4E,shi3|xi1,shǐ|xī,feces; excrement; a stool,一把屎一把尿|一粒老鼠屎壞了一鍋粥|一粒老鼠屎坏了一锅粥
3664,屏,U+5C4F,ping2|bing3|bing4|bing1,píng|bǐng|bìng|bīng,used in 屏營|屏营[bing1 ying2],亮屏|全屏|分屏
3665,屐,U+5C50,ji1,jī,clogs,木屐
3666,屑,U+5C51,xie4,xiè,bits,不屑|不屑一顧|不屑一顾
3667,屒,U+5C52,zhen3,zhěn,,
3668,屓,U+5C53,xie4,xiè,variant of 屭|屃[xi4],
3669,屔,U+5C54,ni2,ní,,
3670,展,U+5C55,zhan3,zhǎn,surname Zhan,一展身手|一籌莫展|一筹莫展
3671,屖,U+5C56,xi1,xī,"variant of 犀, rhinoceros",
3672,屗,U+5C57,wei3,wěi,,
3673,屘,U+5C58,man3,mǎn,the youngest,
3674,屙,U+5C59,e1,ē,(dialect) to excrete (urine or feces),屙尿|屙屎
3675,屚,U+5C5A,lou4,lòu,,
3676,屛,U+5C5B,ping2,píng,variant of 屏[ping2],
3677,屜,U+5C5C,ti4,tì,drawer; tier; tray,三屜桌|屜子|抽屜
3678,屝,U+5C5D,fei4,fèi,coarse,
3679,属,U+5C5E,shu3|zhu3,shǔ|zhǔ,category,下属|下属公司|交响金属
3680,屟,U+5C5F,xie4|ti4,xiè|tì,,
3681,屠,U+5C60,tu2,tú,surname Tu,七級浮屠|七级浮屠|倚天屠龍記
3682,屡,U+5C61,lv3,lǚ,time and again,屡出狂言|屡加|屡劝不听
3683,屢,U+5C62,lv3,lǚ,time and again,屢出狂言|屢加|屢勸不聽
3684,屣,U+5C63,xi3,xǐ,slippers,敝屣|敝屣尊榮|敝屣尊荣
3685,層,U+5C64,ceng2,céng,to pile on top of one another,一層|三胚層動物|上層
3686,履,U+5C65,lv3,lǚ,shoe,削足適履|削足适履|半履帶車
3687,屦,U+5C66,ju4,jù,sandals,
3688,屧,U+5C67,xie4,xiè,wooden shoes,
3689,屨,U+5C68,ju4,jù,sandals,
3690,屩,U+5C69,jue1,juē,(old) hemp sandals,
3691,屪,U+5C6A,liao2,liáo,penis,
3692,屫,U+5C6B,jue2,jué,old variant of 屩[jue1],
3693,屬,U+5C6C,shu3|zhu3,shǔ|zhǔ,category,下屬|下屬公司|交響金屬
3694,屭,U+5C6D,xi4,xì,used in 贔屭|赑屃[bi4 xi4],贔屭
3695,屮,U+5C6E,che4|cao3,chè|cǎo,plants sprouting,
3696,屯,U+5C6F,tun2|zhun1,tún|zhūn,to station (soldiers),三里屯|北屯|北屯區
3697,屰,U+5C70,ni4|po4|ji2,nì|pò|jí,,
3698,山,U+5C71,shan1,shān,surname Shan,一山不容二虎|一覽眾山小|一览众山小
3699,屲,U+5C72,wa1,wā,,
3700,屳,U+5C73,xian1,xiān,,
3701,屴,U+5C74,li4,lì,high mountain range,
3702,屵,U+5C75,e4|yan3,è|yǎn,,
3703,屶,U+5C76,hui4,huì,,
3704,屷,U+5C77,hui4,huì,,
3705,屸,U+5C78,long2|hong2,lóng|hóng,,
3706,屹,U+5C79,yi4|ge1,yì|gē,high and steep,屹立|巍然屹立
3707,屺,U+5C7A,qi3,qǐ,(literary) a barren hill,
3708,屻,U+5C7B,ren4,rèn,,
3709,屼,U+5C7C,wu4,wù,bare hill,
3710,屽,U+5C7D,han4|an4,hàn|àn,,
3711,屾,U+5C7E,shen1,shēn,(literary) two mountains standing next to each other,
3712,屿,U+5C7F,yu3,yǔ,islet,大屿山|岛屿|彭佳屿
3713,岀,U+5C80,chu1,chū,old variant of 出[chu1],
3714,岁,U+5C81,sui4,suì,"variant of 歲|岁[sui4], year",今岁|卒岁|去岁
3715,岂,U+5C82,qi3|kai3,qǐ|kǎi,old variant of 愷|恺[kai3],岂不|岂敢|岂料
3716,岃,U+5C83,ren4,rèn,,
3717,岄,U+5C84,yue4,yuè,,
3718,岅,U+5C85,ban3,bǎn,variant of 阪[ban3],
3719,岆,U+5C86,yao3,yǎo,,
3720,岇,U+5C87,ang2,áng,,
3721,岈,U+5C88,ya2|xia1,yá|xiā,see 嵖岈山[Cha2 ya2 Shan1],嵖岈山
3722,岉,U+5C89,wu4,wù,,
3723,岊,U+5C8A,jie2,jié,mountain peak,
3724,岋,U+5C8B,e4|ji2,è|jí,,
3725,岌,U+5C8C,ji2,jí,lofty peak,岌岌可危|岌嶪
3726,岍,U+5C8D,qian1,qiān,name of a mountain,
3727,岎,U+5C8E,fen2|cha4,fén|chà,,
3728,岏,U+5C8F,wan2,wán,,
3729,岐,U+5C90,qi2,qí,surname Qi,八岐大蛇|岐山|岐山縣
3730,岑,U+5C91,cen2,cén,surname Cen,岑彭|岑溪|岑溪市
3731,岒,U+5C92,qian2,qián,character used in place names,
3732,岓,U+5C93,qi2,qí,,
3733,岔,U+5C94,cha4,chà,fork in road,三岔口|出岔子|分岔
3734,岕,U+5C95,jie4,jiè,,
3735,岖,U+5C96,qu1,qū,used in 崎嶇|崎岖[qi2 qu1],崎岖
3736,岗,U+5C97,gang3|gang1,gǎng|gāng,variant of 岡|冈 [gang1],上岗|下岗|串岗
3737,岘,U+5C98,xian4,xiàn,abbr. for 峴首山|岘首山[Xian4 shou3 shan1],岘港|岘首山
3738,岙,U+5C99,ao4,ào,plain in the middle of the mountains,
3739,岚,U+5C9A,lan2,lán,(bound form) mountain mist,山岚|岢岚|岢岚县
3740,岛,U+5C9B,dao3,dǎo,variant of 島|岛[dao3],三岛由纪夫|不列颠诸岛|中南半岛
3741,岜,U+5C9C,ba1,bā,stony hill,
3742,岝,U+5C9D,zuo4,zuò,name of a mountain in Shandong,
3743,岞,U+5C9E,zuo4,zuò,(used in place names),
3744,岟,U+5C9F,yang3,yǎng,,
3745,岠,U+5CA0,ju4,jù,,
3746,岡,U+5CA1,gang1,gāng,ridge,井岡山|井岡山市|佛岡
3747,岢,U+5CA2,ke3,kě,used in 岢嵐|岢岚[Ke3 lan2],岢嵐|岢岚|岢嵐縣
3748,岣,U+5CA3,gou3,gǒu,name of a hill in Hunan,
3749,岤,U+5CA4,xue2,xué,,
3750,岥,U+5CA5,po1,pō,,
3751,岦,U+5CA6,li4,lì,,
3752,岧,U+5CA7,tiao2,tiáo,lofty peak,
3753,岨,U+5CA8,qu1|ju1|zu3|ju3,qū|jū|zǔ|jǔ,rocky hill,
3754,岩,U+5CA9,yan2,yán,cliff,侵入岩|偉晶岩|伟晶岩
3755,岪,U+5CAA,fu2,fú,,
3756,岫,U+5CAB,xiu4,xiù,cave,岫岩滿族自治縣|岫岩满族自治县|岫岩縣
3757,岬,U+5CAC,jia3|jia2,jiǎ|jiá,cape (geography),地岬|岬角|海岬
3758,岭,U+5CAD,ling3|ling2,lǐng|líng,used in 岭巆|岭𫶕[ling2 ying2],上甘岭|上甘岭区|中央海岭
3759,岮,U+5CAE,tuo2,tuó,,
3760,岯,U+5CAF,pi2,pí,,
3761,岰,U+5CB0,ao4,ào,,
3762,岱,U+5CB1,dai4,dài,Mt Tai in Shandong,岱宗|岱山|岱山縣
3763,岲,U+5CB2,kuang4,kuàng,,
3764,岳,U+5CB3,yue4,yuè,surname Yue,中岳|五岳|北岳
3765,岴,U+5CB4,qu1,qū,,
3766,岵,U+5CB5,hu4,hù,(literary) mountain covered with vegetation,
3767,岶,U+5CB6,po4,pò,,
3768,岷,U+5CB7,min2,mín,name of a river in Sichuan,岷江|岷縣|岷县
3769,岸,U+5CB8,an4,àn,variant of 岸[an4],上岸|偉岸|伟岸
3770,岹,U+5CB9,tiao2,tiáo,variant of 岧[tiao2],
3771,岺,U+5CBA,ling2,líng,,
3772,岻,U+5CBB,chi2,chí,,
3773,岼,U+5CBC,ping2,píng,,
3774,岽,U+5CBD,dong1,dōng,place name in Guangxi province,
3775,岾,U+5CBE,han4,hàn,,
3776,岿,U+5CBF,kui1,kuī,high and mighty (of mountain),
3777,峀,U+5CC0,xiu4,xiù,old variant of 岫[xiu4],
3778,峁,U+5CC1,mao3,mǎo,round yellow dirt mount (in the Northwest of China),
3779,峂,U+5CC2,tong2,tóng,(used in place names),
3780,峃,U+5CC3,xue2,xué,big rocky mountain,
3781,峄,U+5CC4,yi4,yì,name of hills in Shandong,峄城|峄城区
3782,峅,U+5CC5,bian4,biàn,,
3783,峆,U+5CC6,he2,hé,,
3784,峇,U+5CC7,ba1|ke4,bā|kè,(used in transliteration),峇厘|峇峇娘惹|峇拉煎
3785,峈,U+5CC8,luo4,luò,,
3786,峉,U+5CC9,e4,è,,
3787,峊,U+5CCA,fu4|nie4,fù|niè,,
3788,峋,U+5CCB,xun2,xún,used in 嶙峋[lin2 xun2],嶙峋|瘦骨嶙峋
3789,峌,U+5CCC,die2,dié,,
3790,峍,U+5CCD,lu4,lù,,
3791,峎,U+5CCE,en3,ěn,,
3792,峏,U+5CCF,er2,ér,,
3793,峐,U+5CD0,gai1,gāi,,
3794,峑,U+5CD1,quan1,quān,,
3795,峒,U+5CD2,dong4|tong2,dòng|tóng,cave,峒人|峒劇|峒剧
3796,峓,U+5CD3,yi2,yí,place name,
3797,峔,U+5CD4,mu3,mǔ,,
3798,峕,U+5CD5,shi2,shí,,
3799,峖,U+5CD6,an1,ān,,
3800,峗,U+5CD7,wei2|wei3,wéi|wěi,,
3801,峘,U+5CD8,huan2,huán,,
3802,峙,U+5CD9,zhi4|shi4,zhì|shì,"used in 繁峙[Fan2 shi4], a county in Shanxi",對峙|对峙|核對峙
3803,峚,U+5CDA,mi4,mì,used in 峚山[Mi4 Shan1],峚山
3804,峛,U+5CDB,li3|lie4,lǐ|liè,,
3805,峜,U+5CDC,ji4,jì,,
3806,峝,U+5CDD,tong2,tóng,variant of 峒[tong2],
3807,峞,U+5CDE,wei2|wei3,wéi|wěi,high and uneven,
3808,峟,U+5CDF,you4,yòu,,
3809,峠,U+5CE0,qia3,qiǎ,(Japanese kokuji) mountain pass,
3810,峡,U+5CE1,xia2,xiá,gorge,三峡|三峡大坝|三峡水库
3811,峢,U+5CE2,li3,lǐ,,
3812,峣,U+5CE3,yao2,yáo,high,
3813,峤,U+5CE4,jiao4|qiao2,jiào|qiáo,highest peak,
3814,峥,U+5CE5,zheng1,zhēng,used in 崢嶸|峥嵘[zheng1 rong2],峥嵘|峥嵘岁月|岁月峥嵘
3815,峦,U+5CE6,luan2,luán,mountain ranges,层峦|层峦叠嶂|山峦
3816,峧,U+5CE7,jiao1,jiāo,(used in place names),
3817,峨,U+5CE8,e2,é,lofty,天峨|天峨縣|天峨县
3818,峩,U+5CE9,e2,é,variant of 峨[e2],
3819,峪,U+5CEA,yu4,yù,valley,嘉峪關|嘉峪关|嘉峪關城
3820,峫,U+5CEB,xie2|ye2,xié|yé,,
3821,峬,U+5CEC,bu1,bū,,
3822,峭,U+5CED,qiao4,qiào,high and steep,勁峭|劲峭|峭壁
3823,峮,U+5CEE,qun1,qūn,,
3824,峯,U+5CEF,feng1,fēng,variant of 峰[feng1],
3825,峰,U+5CF0,feng1,fēng,variant of 峰[feng1],上峰|主峰|五峰
3826,峱,U+5CF1,nao2,náo,name of a mountain,
3827,峲,U+5CF2,li3,lǐ,,
3828,峳,U+5CF3,you2,yóu,,
3829,峴,U+5CF4,xian4,xiàn,abbr. for 峴首山|岘首山[Xian4 shou3 shan1],峴港|峴首山
3830,峵,U+5CF5,rong2,róng,,
3831,島,U+5CF6,dao3,dǎo,island,三島由紀夫|不列顛諸島|中南半島
3832,峷,U+5CF7,shen1,shēn,,
3833,峸,U+5CF8,cheng2,chéng,,
3834,峹,U+5CF9,tu2,tú,name of a mountain,
3835,峺,U+5CFA,geng3,gěng,,
3836,峻,U+5CFB,jun4,jùn,(of mountains) high,冷峻|嚴峻|严峻
3837,峼,U+5CFC,gao4,gào,,
3838,峽,U+5CFD,xia2,xiá,gorge,三峽|三峽大壩|三峽水庫
3839,峾,U+5CFE,yin2,yín,,
3840,峿,U+5CFF,yu3|wu2,yǔ|wú,name of a mountain,
3841,崀,U+5D00,lang4|lang3,làng|lǎng,used in place names,
3842,崁,U+5D01,kan4,kàn,see 赤崁樓|赤崁楼[Chi4 kan3 lou2],崁頂|崁顶|崁頂鄉
3843,崂,U+5D02,lao2,láo,name of a mountain in Shandong,崂山|崂山区
3844,崃,U+5D03,lai2,lái,name of a mountain in Sichuan,邛崃|邛崃山|邛崃山脉
3845,崄,U+5D04,xian3,xiǎn,precipitous,
3846,崅,U+5D05,que4,què,,
3847,崆,U+5D06,kong1,kōng,name of a mountain,崆峒|崆峒區|崆峒区
3848,崇,U+5D07,chong2,chóng,surname Chong,個人崇拜|个人崇拜|尊崇
3849,崈,U+5D08,chong2,chóng,,
3850,崉,U+5D09,ta4,tà,,
3851,崊,U+5D0A,lin2,lín,,
3852,崋,U+5D0B,hua4,huà,flowery,
3853,崌,U+5D0C,ju1,jū,mountain name,
3854,崍,U+5D0D,lai2,lái,name of a mountain in Sichuan,邛崍|邛崍山|邛崍山脈
3855,崎,U+5D0E,qi2|qi3|yi1,qí|qǐ|yī,mountainous,宮崎|宫崎|宮崎吾朗
3856,崏,U+5D0F,min2,mín,old variant of 岷[min2],
3857,崐,U+5D10,kun1,kūn,variant of 崑|昆[kun1],
3858,崑,U+5D11,kun1,kūn,"used in place names, notably Kunlun Mountains 崑崙|昆仑[Kun1 lun2]",喀喇崑崙公路|喀喇崑崙山|喀喇崑崙山脈
3859,崒,U+5D12,zu2|cui4,zú|cuì,to come together; to bunch up; to concentrate,
3860,崓,U+5D13,gu4,gù,variant of 崮[gu4],
3861,崔,U+5D14,cui1,cuī,surname Cui,崔健|崔圭夏|崔嵬
3862,崕,U+5D15,ya2,yá,,
3863,崖,U+5D16,ya2,yá,precipice,山崖|崖刻|崖壁
3864,崗,U+5D17,gang3|gang1,gǎng|gāng,variant of 岡|冈 [gang1],上崗|下崗|串崗
3865,崘,U+5D18,lun2,lún,variant of 崙|仑[lun2],
3866,崙,U+5D19,lun2,lún,used in 崑崙|昆仑[Kun1 lun2],二崙|二崙鄉|喀喇崑崙公路
3867,崚,U+5D1A,leng2|ling2,léng|líng,lofty (as of mountain),
3868,崛,U+5D1B,jue2|yu4,jué|yù,towering as a peak,奇崛|崛地而起|崛立
3869,崜,U+5D1C,duo1|duo3,duō|duǒ,,
3870,崝,U+5D1D,zheng1,zhēng,,
3871,崞,U+5D1E,guo1,guō,name of a mountain,
3872,崟,U+5D1F,yin2,yín,high,
3873,崠,U+5D20,dong1|dong4,dōng|dòng,name of a mountain,
3874,崡,U+5D21,han2,hán,,
3875,崢,U+5D22,zheng1,zhēng,used in 崢嶸|峥嵘[zheng1 rong2],崢嶸|崢嶸歲月|歲月崢嶸
3876,崣,U+5D23,wei3,wěi,,
3877,崤,U+5D24,xiao2|yao2,xiáo|yáo,name of a mountain in Henan,
3878,崥,U+5D25,pi2|bi3,pí|bǐ,,
3879,崦,U+5D26,yan1,yān,name of a mountain in Gansu,崦嵫|日薄崦嵫
3880,崧,U+5D27,song1,sōng,variant of 嵩[song1],
3881,崨,U+5D28,jie2,jié,,
3882,崩,U+5D29,beng1,bēng,to collapse,分崩離析|分崩离析|土崩瓦解
3883,崪,U+5D2A,zu2,zú,,
3884,崫,U+5D2B,ku1|jue2,kū|jué,,
3885,崬,U+5D2C,dong1,dōng,place name in Guangxi province,
3886,崭,U+5D2D,zhan3,zhǎn,variant of 嶄|崭[chan2],崭亮|崭劲|崭新
3887,崮,U+5D2E,gu4,gù,steep-sided flat-topped mountain,孟良崮|孟良崮戰役|孟良崮战役
3888,崯,U+5D2F,yin2,yín,variant of 崟[yin2],
3889,崰,U+5D30,zi1,zī,,
3890,崱,U+5D31,ze4,zè,lofty,
3891,崲,U+5D32,huang2,huáng,,
3892,崳,U+5D33,yu2,yú,county in Shandong province,
3893,崴,U+5D34,wai3|wei1|wei3,wǎi|wēi|wěi,to sprain (one's ankle),崴子|崴腳|崴脚
3894,崵,U+5D35,yang2|dang4,yáng|dàng,,
3895,崶,U+5D36,feng1,fēng,name of a legendary hill,
3896,崷,U+5D37,qiu2,qiú,,
3897,崸,U+5D38,yang2,yáng,,
3898,崹,U+5D39,ti2,tí,,
3899,崺,U+5D3A,yi3,yǐ,,
3900,崻,U+5D3B,zhi4,zhì,,
3901,崼,U+5D3C,shi4|die2,shì|dié,,
3902,崽,U+5D3D,zai3,zǎi,child,下崽|伢崽|兔崽子
3903,崾,U+5D3E,yao3|yao4,yǎo|yào,(name of a mountain),
3904,崿,U+5D3F,e4,è,cliff,
3905,嵀,U+5D40,zhu4,zhù,,
3906,嵁,U+5D41,kan1|zhan4,kān|zhàn,,
3907,嵂,U+5D42,lv4,lǜ,to rise sharply,
3908,嵃,U+5D43,yan3|yan4,yǎn|yàn,,
3909,嵄,U+5D44,mei3,měi,mountain,
3910,嵅,U+5D45,han2,hán,,
3911,嵆,U+5D46,ji1,jī,,
3912,嵇,U+5D47,ji1|xi2,jī|xí,surname Ji,
3913,嵈,U+5D48,huan4,huàn,,
3914,嵉,U+5D49,ting2,tíng,,
3915,嵊,U+5D4A,sheng4|cheng2,shèng|chéng,name of a district in Zhejiang,嵊州|嵊州市|嵊泗
3916,嵋,U+5D4B,mei2,méi,used in 峨嵋[E2 mei2],峨嵋|峨嵋山|峨嵋拳
3917,嵌,U+5D4C,qian4|han3|kan4,qiàn|hǎn|kàn,see 赤嵌樓|赤嵌楼[Chi4 kan3 lou2],嵌入|嵌入式|嵌入式衣櫃
3918,嵍,U+5D4D,wu4|mao2,wù|máo,,
3919,嵎,U+5D4E,yu2,yú,mountain range,海嵎
3920,嵏,U+5D4F,zong1,zōng,,
3921,嵐,U+5D50,lan2,lán,(bound form) mountain mist,山嵐|岢嵐|岢嵐縣
3922,嵑,U+5D51,ke3|jie2,kě|jié,,
3923,嵒,U+5D52,yan2|nie4,yán|niè,variant of 巖|岩[yan2],
3924,嵓,U+5D53,yan2,yán,variant of 岩[yan2],
3925,嵔,U+5D54,wei3,wěi,,
3926,嵕,U+5D55,zong1,zōng,,
3927,嵖,U+5D56,cha2,chá,see 嵖岈山[Cha2 ya2 Shan1],嵖岈山
3928,嵗,U+5D57,sui4,suì,"variant of 歲|岁[sui4], year",
3929,嵘,U+5D58,rong2,róng,used in 崢嶸|峥嵘[zheng1 rong2],峥嵘|峥嵘岁月|岁月峥嵘
3930,嵙,U+5D59,ke1,kē,place name,
3931,嵚,U+5D5A,qin1,qīn,loftiness (of mountain),
3932,嵛,U+5D5B,yu2,yú,place name in Shandong,山嵛菜
3933,嵜,U+5D5C,qi2,qí,,
3934,嵝,U+5D5D,lou3,lǒu,mountain peak,
3935,嵞,U+5D5E,tu2,tú,Mt Tu in Zhejiang,嵞山
3936,嵟,U+5D5F,dui1,duī,,
3937,嵠,U+5D60,xi1,xī,,
3938,嵡,U+5D61,weng3,wěng,of mountainous appearance,
3939,嵢,U+5D62,cang1,cāng,,
3940,嵣,U+5D63,dang4|tang2,dàng|táng,,
3941,嵤,U+5D64,rong2|ying2,róng|yíng,,
3942,嵥,U+5D65,jie2,jié,,
3943,嵦,U+5D66,kai3|ai2,kǎi|ái,,
3944,嵧,U+5D67,liu2,liú,,
3945,嵨,U+5D68,wu4,wù,,
3946,嵩,U+5D69,song1,sōng,Mt Song in Henan,嵩山|嵩明|嵩明縣
3947,嵪,U+5D6A,qiao1|kao1,qiāo|kāo,,
3948,嵫,U+5D6B,zi1,zī,see 崦嵫[Yan1 zi1],崦嵫|日薄崦嵫
3949,嵬,U+5D6C,wei2|wei3,wéi|wěi,rocky,崔嵬
3950,嵭,U+5D6D,beng1,bēng,,
3951,嵮,U+5D6E,dian1,diān,,
3952,嵯,U+5D6F,cuo2|ci1,cuó|cī,lofty (as of mountain),
3953,嵰,U+5D70,qian3,qiǎn,,
3954,嵱,U+5D71,yong3|yong2,yǒng|yóng,,
3955,嵲,U+5D72,nie4,niè,,
3956,嵳,U+5D73,cuo2,cuó,,
3957,嵴,U+5D74,ji3|ji2,jǐ|jí,ridge,
3958,嵵,U+5D75,shi2,shí,,
3959,嵶,U+5D76,ruo4,ruò,,
3960,嵷,U+5D77,song3,sǒng,,
3961,嵸,U+5D78,zong1,zōng,,
3962,嵹,U+5D79,jiang4,jiàng,,
3963,嵺,U+5D7A,liao2|jiao1,liáo|jiāo,(literary) vast and empty,
3964,嵻,U+5D7B,kang1,kāng,,
3965,嵼,U+5D7C,chan3,chǎn,winding mountain path,
3966,嵽,U+5D7D,die2|di4,dié|dì,,
3967,嵾,U+5D7E,cen1|can1,cēn|cān,uneven,
3968,嵿,U+5D7F,ding3,dǐng,,
3969,嶀,U+5D80,tu1,tū,,
3970,嶁,U+5D81,lou3,lǒu,mountain peak,
3971,嶂,U+5D82,zhang4,zhàng,cliff,層巒疊嶂|层峦叠嶂|重巒疊嶂
3972,嶃,U+5D83,zhan3,zhǎn,variant of 嶄|崭[chan2],
3973,嶄,U+5D84,zhan3|chan2,zhǎn|chán,variant of 巉[chan2],嶄亮|嶄勁|嶄新
3974,嶅,U+5D85,ao2|ao4,áo|ào,hill strewn with stones,
3975,嶆,U+5D86,cao2,cáo,,
3976,嶇,U+5D87,qu1,qū,used in 崎嶇|崎岖[qi2 qu1],崎嶇
3977,嶈,U+5D88,qiang1,qiāng,,
3978,嶉,U+5D89,cui1|zui3,cuī|zuǐ,,
3979,嶊,U+5D8A,zui3,zuǐ,,
3980,嶋,U+5D8B,dao3,dǎo,"variant of 島|岛[dao3], island",
3981,嶌,U+5D8C,dao3,dǎo,"variant of 島|岛[dao3], island",手嶌葵
3982,嶍,U+5D8D,xi2,xí,,
3983,嶎,U+5D8E,yu4,yù,,
3984,嶏,U+5D8F,pei4|pi3,pèi|pǐ,,
3985,嶐,U+5D90,long2,lóng,,
3986,嶑,U+5D91,xiang4,xiàng,,
3987,嶒,U+5D92,ceng2|zheng1,céng|zhēng,lofty,
3988,嶓,U+5D93,bo1,bō,name of a mountain,
3989,嶔,U+5D94,qin1,qīn,loftiness (of mountain),
3990,嶕,U+5D95,jiao1,jiāo,,
3991,嶖,U+5D96,yan1,yān,old variant of 崦[yan1],
3992,嶗,U+5D97,lao2,láo,name of a mountain in Shandong,嶗山|嶗山區
3993,嶘,U+5D98,zhan4,zhàn,,
3994,嶙,U+5D99,lin2|lin3,lín|lǐn,ranges of hills,嶙峋|瘦骨嶙峋
3995,嶚,U+5D9A,liao2,liáo,,
3996,嶛,U+5D9B,liao2,liáo,,
3997,嶜,U+5D9C,jin1|qin2,jīn|qín,,
3998,嶝,U+5D9D,deng4,dèng,path leading up a mountain,
3999,嶞,U+5D9E,duo4,duò,mountain peak,
4000,嶟,U+5D9F,zun1,zūn,(literary) (of terrain) steep; precipitous,
4001,嶠,U+5DA0,jiao4|qiao2,jiào|qiáo,highest peak,
4002,嶡,U+5DA1,gui4|jue2,guì|jué,precipitous,
4003,嶢,U+5DA2,yao2,yáo,high,
4004,嶣,U+5DA3,jiao1,jiāo,,
4005,嶤,U+5DA4,yao2,yáo,,
4006,嶥,U+5DA5,jue2,jué,,
4007,嶦,U+5DA6,zhan1|shan4,zhān|shàn,,
4008,嶧,U+5DA7,yi4,yì,name of hills in Shandong,嶧城|嶧城區
4009,嶨,U+5DA8,xue2,xué,big rocky mountain,
4010,嶩,U+5DA9,nao2,náo,,
4011,嶪,U+5DAA,ye4,yè,see 岌嶪[ji2 ye4],岌嶪
4012,嶫,U+5DAB,ye4,yè,variant of 嶪[ye4],
4013,嶬,U+5DAC,yi2|yi3,yí|yǐ,,
4014,嶭,U+5DAD,nie4,niè,elevated,
4015,嶮,U+5DAE,xian3|yan3,xiǎn|yǎn,precipitous,
4016,嶯,U+5DAF,ji2,jí,,
4017,嶰,U+5DB0,xie4|jie4,xiè|jiè,mountain valley,
4018,嶱,U+5DB1,ke3,kě,,
4019,嶲,U+5DB2,xi1,xī,old variant of 巂[xi1],
4020,嶳,U+5DB3,di4,dì,,
4021,嶴,U+5DB4,ao4,ào,plain in the middle of the mountains,
4022,嶵,U+5DB5,zui3,zuǐ,,
4023,嶶,U+5DB6,wei1,wēi,,
4024,嶷,U+5DB7,yi2|ni4,yí|nì,name of a mountain in Hunan,九嶷山
4025,嶸,U+5DB8,rong2,róng,used in 崢嶸|峥嵘[zheng1 rong2],崢嶸|崢嶸歲月|歲月崢嶸
4026,嶹,U+5DB9,dao3,dǎo,,
4027,嶺,U+5DBA,ling3,lǐng,mountain range,上甘嶺|上甘嶺區|中央海嶺
4028,嶻,U+5DBB,jie2,jié,,
4029,嶼,U+5DBC,yu3|xu4,yǔ|xù,islet,大嶼山|島嶼|彭佳嶼
4030,嶽,U+5DBD,yue4,yuè,surname Yue,中嶽|五嶽|北嶽
4031,嶾,U+5DBE,yin3,yǐn,,
4032,嶿,U+5DBF,ru,ru,,
4033,巀,U+5DC0,jie2,jié,,
4034,巁,U+5DC1,li4|lie4,lì|liè,,
4035,巂,U+5DC2,gui1|xi1|juan4,guī|xī|juàn,cuckoo,
4036,巃,U+5DC3,long2,lóng,steep,
4037,巄,U+5DC4,long2,lóng,,
4038,巅,U+5DC5,dian1,diān,summit,山巅|巅峰|阆风巅
4039,巆,U+5DC6,rong2|hong1|ying2,róng|hōng|yíng,(onom.) crashing sound,岭巆
4040,巇,U+5DC7,xi1,xī,mountain-gorge,
4041,巈,U+5DC8,ju2,jú,,
4042,巉,U+5DC9,chan2,chán,(literary) steep; rugged; jagged; precipitous,
4043,巊,U+5DCA,ying3,yǐng,,
4044,巋,U+5DCB,kui1|kui4|wei3,kuī|kuì|wěi,high and mighty (of mountain),
4045,巌,U+5DCC,yan2,yán,Japanese variant of 巖|岩[yan2],
4046,巍,U+5DCD,wei1,wēi,lofty,崔巍|巍山彝族回族自治縣|巍山彝族回族自治县
4047,巎,U+5DCE,nao2,náo,,
4048,巏,U+5DCF,quan2,quán,,
4049,巐,U+5DD0,chao3,chǎo,,
4050,巑,U+5DD1,cuan2,cuán,,
4051,巒,U+5DD2,luan2,luán,mountain ranges,層巒|層巒疊嶂|山巒
4052,巓,U+5DD3,dian1,diān,same as 巔|巅[dian1],
4053,巔,U+5DD4,dian1,diān,summit,山巔|巔峰|閬風巔
4054,巕,U+5DD5,nie4,niè,,
4055,巖,U+5DD6,yan2,yán,variant of 岩[yan2],層巖|巖層|巖床
4056,巗,U+5DD7,yan2,yán,variant of 巖|岩[yan2],
4057,巘,U+5DD8,yan3,yǎn,peak of mountain,
4058,巙,U+5DD9,kui2|nao2,kuí|náo,,
4059,巚,U+5DDA,yan3,yǎn,variant of 巘|𪩘[yan3],
4060,巛,U+5DDB,chuan1|shun4,chuān|shùn,old variant of 川[chuan1],
4061,巜,U+5DDC,kuai4|huan1,kuài|huān,old variant of 澮|浍[kuai4],
4062,川,U+5DDD,chuan1,chuān,abbr. for Sichuan Province 四川[Si4 chuan1] in southwest China,一馬平川|一马平川|中川
4063,州,U+5DDE,zhou1,zhōu,prefecture,七河州|九州|亞利桑納州
4064,巟,U+5DDF,huang1,huāng,a watery waste,
4065,巠,U+5DE0,jing1|xing2,jīng|xíng,underground watercourse,
4066,巡,U+5DE1,xun2|yan2|shun4,xún|yán|shùn,to patrol,出巡|分巡兵備道|分巡兵备道
4067,巢,U+5DE2,chao2|chao4,cháo|chào,surname Chao,傾巢|倾巢|傾巢來犯
4068,巣,U+5DE3,chao2,cháo,Japanese variant of 巢,
4069,巤,U+5DE4,lie4,liè,old variant of 鬣[lie4],
4070,工,U+5DE5,gong1,gōng,work,七大工業國集團|七大工业国集团|上工
4071,左,U+5DE6,zuo3,zuǒ,surname Zuo,不為左右袒|不为左右袒|中國左翼作家聯盟
4072,巧,U+5DE7,qiao3,qiǎo,opportunely,七巧板|不巧|不湊巧
4073,巨,U+5DE8,ju4|qu2,jù|qú,very large; huge; tremendous; gigantic,事無巨細|事无巨细|二連巨盜龍
4074,巩,U+5DE9,gong3,gǒng,surname Gong,岑巩|岑巩县|曾巩
4075,巪,U+5DEA,ju4,jù,,
4076,巫,U+5DEB,wu1,wū,surname Wu,噶哈巫族|女巫|小巫見大巫
4077,巬,U+5DEC,pu,pu,,
4078,巭,U+5DED,pu,pu,,
4079,差,U+5DEE,cha4|cha1|chai1|ci1|chai4|cuo1|jie1,chà|chā|chāi|cī|chài|cuō|jiē,difference; discrepancy,一字不差|一念之差|不差
4080,巯,U+5DEF,qiu2,qiú,hydrosulfuryl,
4081,巰,U+5DF0,qiu2,qiú,hydrosulfuryl,
4082,己,U+5DF1,ji3|qi3,jǐ|qǐ,self,一己|不以物喜，不以己悲|事不關己
4083,已,U+5DF2,yi3|si4,yǐ|sì,already,一夔已足|不已|不得已
4084,巳,U+5DF3,si4|yi3,sì|yǐ,"6th earthly branch: 9-11 a.m., 4th solar month (5th May-5th June), year of the Snake",丁巳|丁巳復辟|丁巳复辟
4085,巴,U+5DF4,ba1,bā,"Ba, a state during the Zhou dynasty (in present-day Chongqing and the eastern part of Sichuan)",一個巴掌拍不響|一个巴掌拍不响|下巴
4086,巵,U+5DF5,zhi1,zhī,old variant of 卮[zhi1],
4087,巶,U+5DF6,zhao1,zhāo,,
4088,巷,U+5DF7,xiang4|hang4,xiàng|hàng,lane,大街小巷|小巷|巷子
4089,巸,U+5DF8,yi2,yí,,
4090,巹,U+5DF9,jin3,jǐn,nuptial wine cup,合巹|巹飲|連巹
4091,巺,U+5DFA,xun4,xùn,,
4092,巻,U+5DFB,juan4,juàn,Japanese variant of 卷[juan3],
4093,巼,U+5DFC,ba1,bā,,
4094,巽,U+5DFD,xun4|zhuan4,xùn|zhuàn,to obey,巽他海峽|巽他海峡|巽他群島
4095,巾,U+5DFE,jin1,jīn,towel,M巾|一字巾|三角巾
4096,巿,U+5DFF,fu2|po2,fú|pó,(literary) variant of 韍|韨[fu2],
4097,帀,U+5E00,za1,zā,variant of 匝[za1],
4098,币,U+5E01,bi4|yin4,bì|yìn,money,人民币|人民币元|代币
4099,市,U+5E02,shi4|fu2,shì|fú,market,七臺河市|七台河市|三亞市
4100,布,U+5E03,bu4,bù,variant of 布[bu4],中俄尼布楚條約|中俄尼布楚条约|丹布朗
4101,帄,U+5E04,ding1,dīng,patch (for mending clothes),
4102,帅,U+5E05,shuai4,shuài,surname Shuai,主帅|元帅|分数挂帅
4103,帆,U+5E06,fan1|fan2|fan4,fān|fán|fàn,variant of 帆[fan1],一帆風順|一帆风顺|力帆
4104,帇,U+5E07,nie4,niè,,
4105,师,U+5E08,shi1,shī,surname Shi,Tony老师|一字之师|一日为师，终身为父
4106,帉,U+5E09,fen1,fēn,,
4107,帊,U+5E0A,pa4|pa1,pà|pā,,
4108,帋,U+5E0B,zhi3,zhǐ,variant of 紙|纸[zhi3],
4109,希,U+5E0C,xi1,xī,to hope,一線希望|一线希望|伏羅希洛夫
4110,帍,U+5E0D,hu4,hù,,
4111,帎,U+5E0E,dan4,dàn,,
4112,帏,U+5E0F,wei2,wéi,curtain,帏幕
4113,帐,U+5E10,zhang4,zhàng,(bound form) curtain; tent; canopy,T字帐|交帐|倒帐
4114,帑,U+5E11,tang3|nu2,tǎng|nú,state treasury,公帑|帑藏
4115,帒,U+5E12,dai4,dài,,
4116,帓,U+5E13,mo4|wa4,mò|wà,,
4117,帔,U+5E14,pei4|pi1,pèi|pī,cape,
4118,帕,U+5E15,pa4|mo4,pà|mò,to wrap,伊斯帕尼奧拉|伊斯帕尼奥拉|加拉帕戈斯群島
4119,帖,U+5E16,tie1|tie3|tie4,tiē|tiě|tiè,fitting snugly,以斯帖|以斯帖記|以斯帖记
4120,帗,U+5E17,bo1|fu2,bō|fú,object held by dancer,
4121,帘,U+5E18,lian2|chen2,lián|chén,flag used as a shop sign,卷帘门|垂帘听政|帐帘
4122,帙,U+5E19,zhi4,zhì,surname Zhi,卷帙|卷帙浩繁|芸帙
4123,帚,U+5E1A,zhou3,zhǒu,broom,掃帚|扫帚|掃帚星
4124,帛,U+5E1B,bo2,bó,silk,化干戈為玉帛|化干戈为玉帛|布帛
4125,帜,U+5E1C,zhi4,zhì,flag,别树一帜|徽帜|旗帜
4126,帝,U+5E1D,di4,dì,emperor,三官大帝|三皇五帝|上帝
4127,帞,U+5E1E,mo4,mò,,
4128,帟,U+5E1F,yi4,yì,canopy,
4129,帠,U+5E20,yi4,yì,,
4130,帡,U+5E21,ping2,píng,used in 帡幪[ping2 meng2],帡幪
4131,帢,U+5E22,qia4,qià,,
4132,帣,U+5E23,juan3|juan4,juǎn|juàn,a bag which holds 30 pecks (i.e. approx 3 kg dry measure),
4133,帤,U+5E24,ru2,rú,,
4134,帥,U+5E25,shuai4,shuài,surname Shuai,主帥|元帥|分數掛帥
4135,带,U+5E26,dai4,dài,band,一带|一带一路|一带而过
4136,帧,U+5E27,zhen1|zheng4,zhēn|zhèng,frame,司马承帧|帧中继|帧格式
4137,帨,U+5E28,shui4,shuì,handkerchief,
4138,帩,U+5E29,qiao4,qiào,,
4139,帪,U+5E2A,zhen1,zhēn,,
4140,師,U+5E2B,shi1,shī,surname Shi,Tony老師|一字之師|一日為師，終身為父
4141,帬,U+5E2C,qun2,qún,old variant of 裙[qun2],
4142,席,U+5E2D,xi2,xí,surname Xi,一席之地|一席話|一席话
4143,帮,U+5E2E,bang1,bāng,old variant of 幫|帮[bang1],丐帮|中帮|低帮
4144,帯,U+5E2F,dai4,dài,Japanese variant of 帶|带,
4145,帰,U+5E30,gui1,guī,Japanese variant of 歸|归,
4146,帱,U+5E31,chou2|dao4,chóu|dào,canopy,
4147,帲,U+5E32,ping2,píng,variant of 帡[ping2],
4148,帳,U+5E33,zhang4,zhàng,(bound form) curtain; tent; canopy,T字帳|交帳|倒帳
4149,帴,U+5E34,san4|jian3|jian1,sàn|jiǎn|jiān,,
4150,帵,U+5E35,wan1,wān,,
4151,帶,U+5E36,dai4,dài,band,一帶|一帶一路|一帶而過
4152,帷,U+5E37,wei2,wéi,curtain,帷幔|帷幕|窗帷
4153,常,U+5E38,chang2,cháng,surname Chang,一反常態|一反常态|一反往常
4154,帹,U+5E39,sha4|qie4,shà|qiè,man's headband (arch.),帹暆
4155,帺,U+5E3A,qi2|ji4,qí|jì,variant of 綥[qi2],
4156,帻,U+5E3B,ze2,zé,turban,
4157,帼,U+5E3C,guo2,guó,cap worn by women,巾帼|巾帼须眉
4158,帽,U+5E3D,mao4,mào,old variant of 帽[mao4],丟烏紗帽|丢乌纱帽|便帽
4159,帾,U+5E3E,du3,dǔ,,
4160,帿,U+5E3F,hou2,hóu,,
4161,幀,U+5E40,zheng4,zhèng,frame,司馬承幀|幀中繼|幀格式
4162,幁,U+5E41,xu1,xū,,
4163,幂,U+5E42,mi4,mì,(math.) power; exponent,三次幂|乘幂|幂等
4164,幃,U+5E43,wei2,wéi,curtain,幃幕
4165,幄,U+5E44,wo4,wò,tent,運籌帷幄|运筹帷幄|運籌帷幄之中，決勝千里之外
4166,幅,U+5E45,fu2|bi1,fú|bī,width,不修邊幅|不修边幅|升幅
4167,幆,U+5E46,yi4|kai4,yì|kài,,
4168,幇,U+5E47,bang1,bāng,old variant of 幫|帮[bang1],
4169,幈,U+5E48,ping2,píng,variant of 屏[ping2],
4170,幉,U+5E49,die2,dié,,
4171,幊,U+5E4A,gong1,gōng,,
4172,幋,U+5E4B,pan2,pán,large scarf,
4173,幌,U+5E4C,huang3,huǎng,shop sign,幌子|札幌
4174,幍,U+5E4D,tao1,tāo,,
4175,幎,U+5E4E,mi4,mì,,
4176,幏,U+5E4F,jia4,jià,"cloth (archaic), esp. of southern ethnic groups",
4177,幐,U+5E50,teng2,téng,,
4178,幑,U+5E51,hui1,huī,old variant of 徽[hui1],
4179,幒,U+5E52,zhong1,zhōng,,
4180,幓,U+5E53,shan1|shen1|qiao1,shān|shēn|qiāo,,
4181,幔,U+5E54,man4,màn,curtain,地幔|帳幔|帐幔
4182,幕,U+5E55,mu4|man4,mù|màn,curtain or screen,內幕|内幕|內幕交易
4183,幖,U+5E56,biao1,biāo,,
4184,幗,U+5E57,guo2,guó,cap worn by women,巾幗|巾幗鬚眉
4185,幘,U+5E58,ze2|ce4,zé|cè,turban,
4186,幙,U+5E59,mu4,mù,old variant of 幕[mu4],
4187,幚,U+5E5A,bang1,bāng,old variant of 幫|帮[bang1],
4188,幛,U+5E5B,zhang4,zhàng,hanging scroll,喜幛|挽幛
4189,幜,U+5E5C,jing3,jǐng,,
4190,幝,U+5E5D,chan3|chan4,chǎn|chàn,,
4191,幞,U+5E5E,fu2,fú,used in 幞頭|幞头[fu2 tou2],幞頭|幞头
4192,幟,U+5E5F,zhi4,zhì,flag,別樹一幟|徽幟|旗幟
4193,幠,U+5E60,hu1|wu2,hū|wú,arrogant,
4194,幡,U+5E61,fan1,fān,banner,幡然|幡然改圖|幡然改图
4195,幢,U+5E62,chuang2|zhuang4,chuáng|zhuàng,banner; pennant (in ancient China),幢幢|經幢|经幢
4196,幣,U+5E63,bi4,bì,money,人民幣|人民幣元|代幣
4197,幤,U+5E64,bi4,bì,,
4198,幥,U+5E65,zhang3,zhǎng,,
4199,幦,U+5E66,mi4,mì,chariot canopy,
4200,幧,U+5E67,qiao1,qiāo,,
4201,幨,U+5E68,chan1|chan4,chān|chàn,curtain in carriage,
4202,幩,U+5E69,fen2|fen4,fén|fèn,ornamental tassel on bridle,
4203,幪,U+5E6A,meng2|meng3,méng|měng,used in 帡幪[ping2 meng2],帡幪
4204,幫,U+5E6B,bang1,bāng,to help,丐幫|中幫|低幫
4205,幬,U+5E6C,chou2|dao4,chóu|dào,canopy,
4206,幭,U+5E6D,mie4,miè,carriage cover,
4207,幮,U+5E6E,chu2,chú,a kind of mosquito net,
4208,幯,U+5E6F,jie2,jié,wipe,
4209,幰,U+5E70,xian3,xiǎn,curtain at front of carriage,
4210,幱,U+5E71,lan2,lán,,
4211,干,U+5E72,gan4|gan1|an4,gàn|gān|àn,old variant of 乾|干[gan1],一干二净|不干不净|不干不净，吃了没病
4212,平,U+5E73,ping2|pian2|bing4|beng1,píng|pián|bìng|bēng,surname Ping,一波未平，一波又起|一碗水端平|一路平安
4213,年,U+5E74,nian2|ning4,nián|nìng,surname Nian,一年之計在於春|一年之计在于春|一年到頭
4214,幵,U+5E75,jian1|qian1,jiān|qiān,(literary) flat; level,
4215,并,U+5E76,bing4|bing1,bìng|bīng,and,一并|三江并流|并不
4216,幷,U+5E77,bing4|bing1,bìng|bīng,variant of 並|并[bing4],
4217,幸,U+5E78,xing4|nie4,xìng|niè,trusted,三生有幸|不幸|不幸之事
4218,幹,U+5E79,gan4|gan1|han2|guan3,gàn|gān|hán|guǎn,tree trunk,主幹|主幹網絡|主幹網路
4219,幺,U+5E7A,yao1|mi4,yāo|mì,surname Yao,幺并矢|幺二|幺麽小丑
4220,幻,U+5E7B,huan4,huàn,fantasy,夢幻|梦幻|夢幻泡影
4221,幼,U+5E7C,you4|yao4,yòu|yào,young,婦幼|妇幼|嬰幼兒
4222,幽,U+5E7D,you1,yōu,remote,周幽王|幽僻|幽冥
4223,幾,U+5E7E,ji3|ji1|ji4|qi2,jǐ|jī|jì|qí,almost,一蹴可幾|不拉幾|不知凡幾
4224,广,U+5E7F,guang3|yan3|an1,guǎng|yǎn|ān,"""house on a cliff"" radical in Chinese characters (Kangxi radical 53), occurring in 店, 序, 底 etc",上海文广新闻传媒集团|中国国际广播电台|中国广播公司
4225,庀,U+5E80,pi3,pǐ,to prepare,
4226,庁,U+5E81,ting1,tīng,Japanese variant of 廳|厅,
4227,庂,U+5E82,ze4,zè,,
4228,広,U+5E83,guang3,guǎng,Japanese variant of 廣|广,
4229,庄,U+5E84,zhuang1|peng2,zhuāng|péng,variant of 莊|庄[zhuang1],亦庄|别庄|动物庄园
4230,庅,U+5E85,mo2,mó,variant of 麼|么[me5],
4231,庆,U+5E86,qing4,qìng,to celebrate,刘义庆|吉庆|周年庆
4232,庇,U+5E87,bi4|pi2|pi3,bì|pí|pǐ,to protect,亞庇|亚庇|包庇
4233,庈,U+5E88,qin2,qín,(person),
4234,庉,U+5E89,dun4|tun2,dùn|tún,a village,
4235,床,U+5E8A,chuang2,chuáng,bed; couch (furniture that one can lie down on) (CL:張|张[zhang1]),上下床|上床|八角床
4236,庋,U+5E8B,gui3|gui4,guǐ|guì,(literary) shelf,
4237,庌,U+5E8C,ya3|ya2,yǎ|yá,,
4238,庍,U+5E8D,bai4|xin4|ting1,bài|xìn|tīng,,
4239,庎,U+5E8E,jie4,jiè,,
4240,序,U+5E8F,xu4,xù,(bound form) order; sequence,並行程序|并行程序|主序帶
4241,庐,U+5E90,lu2,lú,surname Lu,三顾茅庐|不识庐山真面目|初出茅庐
4242,庑,U+5E91,wu3,wǔ,variant of 蕪|芜[wu2],堂庑|廊庑|蕃庑
4243,庒,U+5E92,zhuang1,zhuāng,old variant of 莊|庄[zhuang1],
4244,库,U+5E93,ku4,kù,warehouse,三峡水库|伊利埃斯库|伊尔库茨克
4245,应,U+5E94,ying1|ying4,yīng|yìng,surname Ying,一一对应|一呼百应|一多对应
4246,底,U+5E95,di3|de,dǐ|de,(equivalent to 的 as possessive particle),井底之蛙|交底|亮底牌
4247,庖,U+5E96,pao2,páo,kitchen,君子遠庖廚|君子远庖厨|庖廚
4248,店,U+5E97,dian4,diàn,inn; old-style hotel (CL:家[jia1]),4S店|三聯書店|三联书店
4249,庘,U+5E98,ya1,yā,,
4250,庙,U+5E99,miao4,miào,temple,伊瑞克提翁庙|喇嘛庙|大水冲了龙王庙
4251,庚,U+5E9A,geng1,gēng,age,倉庚|仓庚|年庚
4252,庛,U+5E9B,ci4,cì,,
4253,府,U+5E9C,fu3,fǔ,seat of government,中央人民政府駐香港特別行政區聯絡辦公室|中央人民政府驻香港特别行政区联络办公室|中央政府
4254,庝,U+5E9D,tong2,tóng,,
4255,庞,U+5E9E,pang2,páng,surname Pang,勒庞|脸庞|詹姆斯·庞德
4256,废,U+5E9F,fei4,fèi,to abolish,三废|不以人废言|以人废言
4257,庠,U+5EA0,xiang2,xiáng,(archaic) a school,
4258,庡,U+5EA1,yi3,yǐ,,
4259,庢,U+5EA2,zhi4,zhì,,
4260,庣,U+5EA3,tiao1,tiāo,,
4261,庤,U+5EA4,zhi4,zhì,to prepare,
4262,庥,U+5EA5,xiu1,xiū,protection,
4263,度,U+5EA6,du4|duo2|zhai2,dù|duó|zhái,to pass,一度|三分鐘熱度|三分钟热度
4264,座,U+5EA7,zuo4,zuò,seat,三角座|上座|上座率
4265,庨,U+5EA8,xiao1,xiāo,,
4266,庩,U+5EA9,tu2,tú,,
4267,庪,U+5EAA,gui3,guǐ,,
4268,庫,U+5EAB,ku4,kù,warehouse,三峽水庫|伊利埃斯庫|伊爾庫茨克
4269,庬,U+5EAC,mang2|meng2,máng|méng,huge,
4270,庭,U+5EAD,ting2,tíng,main hall,丁寵家庭|丁宠家庭|中庭
4271,庮,U+5EAE,you3|you2,yǒu|yóu,,
4272,庯,U+5EAF,bu1,bū,,
4273,庰,U+5EB0,bing4|bing3,bìng|bǐng,,
4274,庱,U+5EB1,cheng3,chěng,surname Cheng,
4275,庲,U+5EB2,lai2,lái,,
4276,庳,U+5EB3,bi4|pi2,bì|pí,low-built house,
4277,庴,U+5EB4,ji2|ji1,jí|jī,place name,
4278,庵,U+5EB5,an1|yan3|e4,ān|yǎn|è,hut,京都念慈庵|庵堂|庵摩勒
4279,庶,U+5EB6,shu4|zhu4|zhe1,shù|zhù|zhē,(bound form) ordinary; numerous,富庶|庶出|庶吉士
4280,康,U+5EB7,kang1|kang4,kāng|kàng,surname Kang,亞健康|亚健康|保康
4281,庸,U+5EB8,yong1|yong2,yōng|yóng,ordinary,中庸|中庸之道|凡庸
4282,庹,U+5EB9,tuo3,tuǒ,length of 2 outstretched arms,
4283,庺,U+5EBA,song1,sōng,,
4284,庻,U+5EBB,shu4,shù,old variant of 庶[shu4],
4285,庼,U+5EBC,qing3,qǐng,room,
4286,庽,U+5EBD,yu4,yù,variant of 寓[yu4],
4287,庾,U+5EBE,yu3|yu2,yǔ|yú,surname Yu,大庾嶺|大庾岭|庾信
4288,庿,U+5EBF,miao4,miào,variant of 廟|庙[miao4],
4289,廀,U+5EC0,sou1,sōu,old variant of 廋[sou1],
4290,廁,U+5EC1,ce4|ci4|ze4|si,cè|cì|zè|si,(bound form) restroom; toilet; lavatory,上廁所|公廁|坐廁
4291,廂,U+5EC2,xiang1,xiāng,box (in theater),一壁廂|一廂情願|三廂
4292,廃,U+5EC3,fei4,fèi,Japanese variant of 廢|废[fei4],
4293,廄,U+5EC4,jiu4,jiù,stable,馬廄
4294,廅,U+5EC5,e4,è,,
4295,廆,U+5EC6,gui1|wei3|hui4,guī|wěi|huì,a room,
4296,廇,U+5EC7,liu4,liù,,
4297,廈,U+5EC8,sha4|xia4,shà|xià,"abbr. for Xiamen or Amoy 廈門|厦门[Xia4 men2], Fujian",世貿大廈|五角大廈|偏廈
4298,廉,U+5EC9,lian2,lián,old variant of 廉[lian2],低廉|價廉物美|价廉物美
4299,廊,U+5ECA,lang2,láng,corridor,前廊|廊坊|廊坊市
4300,廋,U+5ECB,sou1,sōu,to search,
4301,廌,U+5ECC,zhi4,zhì,unicorn,解廌
4302,廍,U+5ECD,bu4,bù,,
4303,廎,U+5ECE,qing3|qing4|qing1,qǐng|qìng|qīng,room,
4304,廏,U+5ECF,jiu4,jiù,variant of 廄|厩[jiu4],
4305,廐,U+5ED0,jiu4,jiù,variant of 廄|厩[jiu4],
4306,廑,U+5ED1,jin3|qin2,jǐn|qín,careful,許廑父|许廑父
4307,廒,U+5ED2,ao2,áo,granary,
4308,廓,U+5ED3,kuo4,kuò,(bound form) extensive; vast,八廓|八廓街|寥廓
4309,廔,U+5ED4,lou2,lóu,,
4310,廕,U+5ED5,yin4,yìn,"variant of 蔭|荫[yin4], shade",
4311,廖,U+5ED6,liao4|liao2,liào|liáo,surname Liao,廖沫沙
4312,廗,U+5ED7,dai4,dài,,
4313,廘,U+5ED8,lu4,lù,,
4314,廙,U+5ED9,yi4,yì,yurt,
4315,廚,U+5EDA,chu2,chú,kitchen,下廚|主廚|君子遠庖廚
4316,廛,U+5EDB,chan2,chán,market place,
4317,廜,U+5EDC,tu2,tú,,
4318,廝,U+5EDD,si1,sī,(bound form) together; each other,小廝|廝守|廝打
4319,廞,U+5EDE,xin1|qian4,xīn|qiàn,(literary) to arrange in ordered fashion,
4320,廟,U+5EDF,miao4,miào,temple,伊瑞克提翁廟|喇嘛廟|大水沖了龍王廟
4321,廠,U+5EE0,chang3,chǎng,factory,修理廠|修造廠|兵工廠
4322,廡,U+5EE1,wu3|wu2,wǔ|wú,variant of 蕪|芜[wu2],堂廡|廊廡|蕃廡
4323,廢,U+5EE2,fei4,fèi,to abolish,三廢|不以人廢言|以人廢言
4324,廣,U+5EE3,guang3|guang4|kuang4|guang1,guǎng|guàng|kuàng|guāng,surname Guang,上海文廣新聞傳媒集團|中國國際廣播電台|中國廣播公司
4325,廤,U+5EE4,ku4,kù,,
4326,廥,U+5EE5,kuai4,kuài,barn,廥倉|廥仓
4327,廦,U+5EE6,bi4,bì,,
4328,廧,U+5EE7,qiang2|se4,qiáng|sè,wall,
4329,廨,U+5EE8,xie4,xiè,(bound form) government office,
4330,廩,U+5EE9,lin3|lan3,lǐn|lǎn,government granary,倉廩
4331,廪,U+5EEA,lin3,lǐn,government granary,仓廪
4332,廫,U+5EEB,liao2,liáo,,
4333,廬,U+5EEC,lu2|lv2,lú|lǘ,surname Lu,三顧茅廬|不識廬山真面目|初出茅廬
4334,廭,U+5EED,ji4,jì,,
4335,廮,U+5EEE,ying3,yǐng,,
4336,廯,U+5EEF,xian1,xiān,,
4337,廰,U+5EF0,ting1,tīng,,
4338,廱,U+5EF1,yong1,yōng,harmonious,
4339,廲,U+5EF2,li2,lí,,
4340,廳,U+5EF3,ting1,tīng,(reception) hall,一房一廳|中共中央辦公廳|中廳
4341,廴,U+5EF4,yin3|yin4,yǐn|yìn,"""long stride"" radical in Chinese characters (Kangxi radical 54), occurring in 建, 延, 廷 etc",
4342,廵,U+5EF5,xun2,xún,variant of 巡[xun2],
4343,延,U+5EF6,yan2,yán,surname Yan,不周延|伸延|周延
4344,廷,U+5EF7,ting2,tíng,palace courtyard,亨廷頓舞蹈症|亨廷顿舞蹈症|伍廷芳
4345,廸,U+5EF8,di2,dí,variant of 迪[di2],
4346,廹,U+5EF9,pai3|po4,pǎi|pò,variant of 迫[po4],
4347,建,U+5EFA,jian4,jiàn,to establish,上層建築|上层建筑|中國交通建設
4348,廻,U+5EFB,hui2,huí,variant of 迴|回[hui2],
4349,廼,U+5EFC,nai3,nǎi,variant of 乃[nai3],
4350,廽,U+5EFD,hui2,huí,,
4351,廾,U+5EFE,gong3,gǒng,hands joined,
4352,廿,U+5EFF,nian4,niàn,twenty,廿八躔|廿四史
4353,开,U+5F00,kai1,kāi,to open (transitive or intransitive),一夫当关，万夫莫开|一把钥匙开一把锁|三七开
4354,弁,U+5F01,bian4|pan2,biàn|pán,(old) cap (garment),
4355,异,U+5F02,yi4|yi2,yì|yí,different,二氯异三聚氰酸钠|互异|亚硝酸异戊酯
4356,弃,U+5F03,qi4,qì,to abandon,不离不弃|丢弃|丢盔弃甲
4357,弄,U+5F04,nong4|long4,nòng|lòng,lane,丟眉弄色|丢眉弄色|作弄
4358,弅,U+5F05,fen4,fèn,,
4359,弆,U+5F06,ju3|qu3,jǔ|qǔ,(literary) to collect,
4360,弇,U+5F07,yan3|yan1|nan2,yǎn|yān|nán,to cover,
4361,弈,U+5F08,yi4,yì,ancient name for go (Chinese board game),博弈|博弈論|博弈论
4362,弉,U+5F09,zang4,zàng,,
4363,弊,U+5F0A,bi4,bì,detriment,作弊|切中時弊|切中时弊
4364,弋,U+5F0B,yi4,yì,to shoot,巡弋|弋江|弋江區
4365,弌,U+5F0C,yi1,yī,archaic variant of 一[yi1],
4366,弍,U+5F0D,er4,èr,"archaic variant of 貳|贰, banker's anti-fraud numeral two",
4367,弎,U+5F0E,san1,sān,"archaic variant of 參|叁, banker's anti-fraud numeral three",
4368,式,U+5F0F,shi4|te4,shì|tè,type,一式二份|一次方程式|一站式
4369,弐,U+5F10,er4,èr,Japanese variant of 貳|贰[er4],
4370,弑,U+5F11,shi4,shì,to murder a superior,弑君|弑母|弑父
4371,弒,U+5F12,shi4,shì,to murder a superior,弒君|弒母|弒父
4372,弓,U+5F13,gong1,gōng,surname Gong,傷弓之鳥|伤弓之鸟|反曲弓
4373,弔,U+5F14,diao4|di4,diào|dì,a string of 100 cash (arch.),弔伐|弔古|弔唁
4374,引,U+5F15,yin3,yǐn,to draw (e.g. a bow),交叉引用|人肉搜索引擎|公引
4375,弖,U+5F16,hu4,hù,,
4376,弗,U+5F17,fu2,fú,(literary) not,亞弗烈|亚弗烈|以弗所
4377,弘,U+5F18,hong2,hóng,great,寬弘|宽弘|弘圖
4378,弙,U+5F19,wu1,wū,,
4379,弚,U+5F1A,tui2,tuí,,
4380,弛,U+5F1B,chi2,chí,to unstring a bow,廢弛|废弛|弛張熱
4381,弜,U+5F1C,jiang4,jiàng,,
4382,弝,U+5F1D,ba4,bà,the part of a bow grasped when shooting,
4383,弞,U+5F1E,shen3,shěn,,
4384,弟,U+5F1F,di4|ti4|tui2,dì|tì|tuí,younger brother,仁弟|令弟|兄弟
4385,张,U+5F20,zhang1,zhāng,surname Zhang,七嘴八张|不事张扬|主张
4386,弡,U+5F21,jue2|zhang1,jué|zhāng,,
4387,弢,U+5F22,tao1,tāo,bow case,
4388,弣,U+5F23,fu3,fǔ,handle of bow,
4389,弤,U+5F24,di3,dǐ,carved bow,
4390,弥,U+5F25,mi2,mí,full,安魂弥撒|弥勒|弥勒佛
4391,弦,U+5F26,xian2,xián,bow string,G弦褲|G弦裤|七和弦
4392,弧,U+5F27,hu2,hú,arc,反射弧|圓弧|圆弧
4393,弨,U+5F28,chao1,chāo,unbent bow,
4394,弩,U+5F29,nu3,nǔ,crossbow,劍拔弩張|剑拔弩张|弓弩
4395,弪,U+5F2A,jing4,jìng,radian (math.),弪度
4396,弫,U+5F2B,zhen3,zhěn,(of a bow) impactful,
4397,弬,U+5F2C,yi2,yí,,
4398,弭,U+5F2D,mi3,mǐ,to stop,消弭
4399,弮,U+5F2E,quan1|juan4,quān|juàn,"variant of 卷[juan4], curled up scroll",
4400,弯,U+5F2F,wan1,wān,to bend,U形转弯|七弯八拐|存水弯
4401,弰,U+5F30,shao1,shāo,ends of a bow,
4402,弱,U+5F31,ruo4,ruò,weak; feeble,不甘示弱|以弱勝強|以弱胜强
4403,弲,U+5F32,xuan1|yuan1,xuān|yuān,,
4404,弳,U+5F33,jing4,jìng,radian (math.),弳度
4405,弴,U+5F34,diao1,diāo,,
4406,張,U+5F35,zhang1|zhang4,zhāng|zhàng,surname Zhang,七嘴八張|不事張揚|主張
4407,弶,U+5F36,jiang4,jiàng,snare,
4408,強,U+5F37,qiang2|jiang4|qiang3,qiáng|jiàng|qiǎng,surname Qiang,不畏強暴|不畏強權|世界強國
4409,弸,U+5F38,peng2|peng1,péng|pēng,strong bow,
4410,弹,U+5F39,dan4|tan2,dàn|tán,crossball,Q弹|一弹指顷|中子弹
4411,强,U+5F3A,qiang2|jiang4|qiang3,qiáng|jiàng|qiǎng,surname Qiang,不畏强暴|不畏强权|世界强国
4412,弻,U+5F3B,bi4,bì,,
4413,弼,U+5F3C,bi4,bì,to assist,王弼|輔弼|辅弼
4414,弽,U+5F3D,she4,shè,,
4415,弾,U+5F3E,dan4,dàn,Japanese variant of 彈|弹,
4416,弿,U+5F3F,jian3,jiǎn,,
4417,彀,U+5F40,gou4|kou1,gòu|kōu,to draw a bow to the full,彀中|能彀
4418,彁,U+5F41,ge1,gē,,
4419,彂,U+5F42,fa1,fā,,
4420,彃,U+5F43,bi4,bì,,
4421,彄,U+5F44,kou1,kōu,nock at end of bow,
4422,彅,U+5F45,jian3,jiǎn,,
4423,彆,U+5F46,bie4,biè,"to make sb change their ways, opinions etc",彆嘴|彆扭|鬧彆扭
4424,彇,U+5F47,xiao1,xiāo,,
4425,彈,U+5F48,dan4|tan2,dàn|tán,crossball,Q彈|一彈指頃|中子彈
4426,彉,U+5F49,guo1,guō,variant of 彍|𭚦[guo1],
4427,彊,U+5F4A,jiang4|qiang2|qiang3|jiang1,jiàng|qiáng|qiǎng|jiāng,variant of 強|强[jiang4],
4428,彋,U+5F4B,hong2,hóng,,
4429,彌,U+5F4C,mi2|mi3|ni2,mí|mǐ|ní,full,安魂彌撒|彌勒|彌勒佛
4430,彍,U+5F4D,guo1,guō,(literary) to draw one's bow to the full,
4431,彎,U+5F4E,wan1,wān,to bend,U形轉彎|七彎八拐|存水彎
4432,彏,U+5F4F,jue2,jué,,
4433,彐,U+5F50,ji4,jì,pig snout (Kangxi radical 58),
4434,彑,U+5F51,ji4,jì,variant of 彐[ji4],
4435,归,U+5F52,gui1,guī,surname Gui,一命归天|一命归西|一命归阴
4436,当,U+5F53,dang1|dang4,dāng|dàng,(onom.) dong,一夫当关，万夫莫开|一马当先|丁零当啷
4437,彔,U+5F54,lu4,lù,to carve wood,
4438,录,U+5F55,lu4,lù,to carve wood,世界纪录|侧录|伪纪录片
4439,彖,U+5F56,tuan4|shi3,tuàn|shǐ,to foretell the future using the trigrams of the Book of Changes 易經|易经,彖辭|彖辞
4440,彗,U+5F57,hui4|sui4,huì|suì,broom,哈雷彗星|彗星|彗核
4441,彘,U+5F58,zhi4,zhì,swine,殺彘教子|杀彘教子
4442,彙,U+5F59,hui4,huì,class,交彙|基本詞彙|字彙
4443,彚,U+5F5A,hui4,huì,,
4444,彛,U+5F5B,yi2,yí,variant of 彝[yi2],
4445,彜,U+5F5C,yi2,yí,,
4446,彝,U+5F5D,yi2,yí,Yi ethnic group,元江哈尼族彝族傣族自治縣|元江哈尼族彝族傣族自治县|南澗彝族自治縣
4447,彞,U+5F5E,yi2,yí,,
4448,彟,U+5F5F,yue1,yuē,see 武士彠|武士彟[Wu3 Shi4 huo4],武士彟
4449,彠,U+5F60,yue1,yuē,see 武士彠|武士彟[Wu3 Shi4 huo4],武士彠
4450,彡,U+5F61,shan1|xian3,shān|xiǎn,"""bristle"" radical in Chinese characters (Kangxi radical 59)",
4451,形,U+5F62,xing2,xíng,to appear,U形轉彎|U形转弯|七角形
4452,彣,U+5F63,wen2,wén,,
4453,彤,U+5F64,tong2,tóng,surname Tong,紅彤彤|红彤彤
4454,彥,U+5F65,yan4,yàn,accomplished,巴彥|巴彥浩特|巴彥浩特鎮
4455,彦,U+5F66,yan4|pan2,yàn|pán,accomplished,巴彦|巴彦浩特|巴彦浩特镇
4456,彧,U+5F67,yu4,yù,accomplished,荀彧
4457,彨,U+5F68,chi1,chī,variant of 螭[chi1],
4458,彩,U+5F69,cai3,cǎi,(bright) color,七彩|不光彩|中彩
4459,彪,U+5F6A,biao1,biāo,(literary) tiger stripes; (by extension) ornate and brightly colored; (by synecdoche) young tiger; (fig.) strong; stalwart,彪休|彪個子|彪个子
4460,彫,U+5F6B,diao1,diāo,"variant of 雕[diao1], to engrave",
4461,彬,U+5F6C,bin1|ban1,bīn|bān,urbane; well-bred; cultivated,中山成彬|彬彬|彬彬君子
4462,彭,U+5F6D,peng2|pang2|bang1|peng1,péng|páng|bāng|pēng,surname Peng,加彭|岑彭|彭亨
4463,彮,U+5F6E,yong3,yǒng,,
4464,彯,U+5F6F,piao1|piao4|miao3,piāo|piào|miǎo,,
4465,彰,U+5F70,zhang1,zhāng,clear,彰化|彰化市|彰化縣
4466,影,U+5F71,ying3,yǐng,picture,一去無影蹤|一去无影踪|不見一點蹤影
4467,彲,U+5F72,chi1,chī,variant of 螭[chi1],
4468,彳,U+5F73,chi4|fu2,chì|fú,step with the left foot (Kangxi radical 60),彳亍
4469,彴,U+5F74,zhuo2|bo2,zhuó|bó,bridge,
4470,彵,U+5F75,tuo3|yi2,tuǒ|yí,,
4471,彶,U+5F76,ji2,jí,,
4472,彷,U+5F77,pang2|fang3|fang2,páng|fǎng|fáng,used in 彷彿|仿佛[fang3 fu2],彷似|彷佛|彷彿
4473,彸,U+5F78,zhong1,zhōng,"restless, agitated",征彸
4474,役,U+5F79,yi4,yì,forced labor,一身兩役|一身两役|不列顛戰役
4475,彺,U+5F7A,wang2,wáng,,
4476,彻,U+5F7B,che4,chè,thorough,侵彻|克赖斯特彻奇|冏彻
4477,彼,U+5F7C,bi3,bǐ,that,不分彼此|卡特彼勒公司|厚此薄彼
4478,彽,U+5F7D,di1,dī,go to and fro,
4479,彾,U+5F7E,ling2|ling3,líng|lǐng,,
4480,彿,U+5F7F,fu2,fú,used in 彷彿|仿佛[fang3 fu2],彷彿|彿雷澤爾
4481,往,U+5F80,wang3|wang4,wǎng|wàng,to go (in a direction),一反往常|一如往常|一如既往
4482,征,U+5F81,zheng1,zhēng,journey,中东呼吸综合征|仪征|仪征市
4483,徂,U+5F82,cu2,cú,to go,
4484,徃,U+5F83,wang3,wǎng,old variant of 往[wang3],
4485,径,U+5F84,jing4,jìng,footpath,一径|中径|仄径
4486,待,U+5F85,dai4|dai1,dài|dāi,to stay; to remain,不待說|不待说|亟待
4487,徆,U+5F86,xi1,xī,,
4488,徇,U+5F87,xun4,xùn,to give in to,徇情|徇情枉法|徇私枉法
4489,很,U+5F88,hen3,hěn,very; quite,不很|很是|得很
4490,徉,U+5F89,yang2,yáng,to walk back and forth,彷徉|徜徉
4491,徊,U+5F8A,huai2|hui2,huái|huí,used in 徘徊[pai2 huai2],徘徊
4492,律,U+5F8B,lv4,lǜ,surname Lü,一律|七律|七言律詩
4493,後,U+5F8C,hou4,hòu,back,95後|三思而後行|不孝有三，無後為大
4494,徍,U+5F8D,wang3|wa1,wǎng|wā,,
4495,徎,U+5F8E,cheng3|zheng4,chěng|zhèng,,
4496,徏,U+5F8F,zhi4,zhì,,
4497,徐,U+5F90,xu2,xú,surname Xu,不疾不徐|半老徐娘|徐世昌
4498,徑,U+5F91,jing4|jing1,jìng|jīng,footpath,一徑|中徑|仄徑
4499,徒,U+5F92,tu2,tú,surname Tu,不逞之徒|丹徒|丹徒區
4500,従,U+5F93,cong2,cóng,old variant of 從|从[cong2],
4501,徔,U+5F94,zhi,zhi,,
4502,徕,U+5F95,lai2|lai4,lái|lài,used in 招徠|招徕[zhao1 lai2],招徕
4503,徖,U+5F96,cong2,cóng,,
4504,得,U+5F97,de2|de|dei3,dé|de|děi,to obtain,一人得道，雞犬升天|一人得道，鸡犬升天|一舉兩得
4505,徘,U+5F98,pai2,pái,used in 徘徊[pai2 huai2],徘徊
4506,徙,U+5F99,xi3|si1,xǐ|sī,(literary) to change one's residence,曲突徙薪|民族大遷徙|民族大迁徙
4507,徚,U+5F9A,dong1,dōng,,
4508,徛,U+5F9B,ji4,jì,,
4509,徜,U+5F9C,chang2,cháng,sit cross-legged,徜徉
4510,徝,U+5F9D,zhi4,zhì,,
4511,從,U+5F9E,cong2|zong4|zong1|cong1|zong3,cóng|zòng|zōng|cōng|zǒng,surname Cong,一部二十四史，不知從何說起|三從四德|主從
4512,徟,U+5F9F,zhou1,zhōu,,
4513,徠,U+5FA0,lai2|lai4,lái|lài,used in 招徠|招徕[zhao1 lai2],招徠
4514,御,U+5FA1,yu4|ya4,yù|yà,(bound form) imperial; royal,兄弟阋于墙，外御其侮|太平御覽|太平御览
4515,徢,U+5FA2,xie4,xiè,,
4516,徣,U+5FA3,jie4,jiè,,
4517,徤,U+5FA4,jian4,jiàn,,
4518,徥,U+5FA5,shi4|ti3,shì|tǐ,,
4519,徦,U+5FA6,jia3|xia2,jiǎ|xiá,,
4520,徧,U+5FA7,bian4|pian2|pian1,biàn|pián|piān,variant of 遍[bian4],
4521,徨,U+5FA8,huang2,huáng,used in 彷徨[pang2 huang2],彷徨
4522,復,U+5FA9,fu4,fù,to go and return,一元復始|一去不復返|丁巳復辟
4523,循,U+5FAA,xun2,xún,to follow,依循|冠脈循環|冠脉循环
4524,徫,U+5FAB,wei3,wěi,,
4525,徬,U+5FAC,pang2|bang4,páng|bàng,irresolute,
4526,徭,U+5FAD,yao2,yáo,compulsory service,徭役
4527,微,U+5FAE,wei1,wēi,surname Wei,一線微光|一线微光|中微子
4528,徯,U+5FAF,xi1|xi2,xī|xí,footpath,徯徑|徯径
4529,徰,U+5FB0,zheng1,zhēng,,
4530,徱,U+5FB1,piao4,piào,,
4531,徲,U+5FB2,ti2|chi2,tí|chí,,
4532,徳,U+5FB3,de2,dé,Japanese variant of 德[de2],
4533,徴,U+5FB4,zheng1,zhēng,Japanese variant of 徵|征,
4534,徵,U+5FB5,zheng1|zhi3|cheng2,zhēng|zhǐ|chéng,to invite,中東呼吸綜合徵|儀徵|儀徵市
4535,徶,U+5FB6,bie2,bié,,
4536,德,U+5FB7,de2,dé,Germany,一心一德|三從四德|三从四德
4537,徸,U+5FB8,chong1|zhong1|zhong3,chōng|zhōng|zhǒng,,
4538,徹,U+5FB9,che4,chè,thorough,侵徹|克賴斯特徹奇|冏徹
4539,徺,U+5FBA,jiao3,jiǎo,,
4540,徻,U+5FBB,hui4,huì,a wide room,
4541,徼,U+5FBC,jiao3|jiao4|jiao1|yao1,jiǎo|jiào|jiāo|yāo,by mere luck,徼倖|徼幸
4542,徽,U+5FBD,hui1,huī,old variant of 徽[hui1],五環會徽|五环会徽|嗣徽
4543,徾,U+5FBE,mei2,méi,,
4544,徿,U+5FBF,long4|long3,lòng|lǒng,,
4545,忀,U+5FC0,xiang1|rang3,xiāng|rǎng,to stroll,
4546,忁,U+5FC1,bao4,bào,,
4547,忂,U+5FC2,qu2|ju4,qú|jù,old variant of 躣[qu2],
4548,心,U+5FC3,xin1,xīn,heart,一不小心|一心|一心一德
4549,忄,U+5FC4,xin,xin,Kangxi radical 61 (心) as a vertical side element,
4550,必,U+5FC5,bi4,bì,certainly,三人行，則必有我師|三人行，则必有我师|三人行，必有我師
4551,忆,U+5FC6,yi4,yì,to recollect,回忆|回忆录|失忆
4552,忇,U+5FC7,le4,lè,,
4553,忈,U+5FC8,ren2,rén,,
4554,忉,U+5FC9,dao1,dāo,grieved,
4555,忊,U+5FCA,ding4|ting4,dìng|tìng,,
4556,忋,U+5FCB,gai3,gǎi,,
4557,忌,U+5FCC,ji4,jì,to be jealous of,切忌|外寬內忌|外宽内忌
4558,忍,U+5FCD,ren3|ren4,rěn|rèn,to bear,不堪忍受|不忍|不忍心
4559,忎,U+5FCE,ren2,rén,,
4560,忏,U+5FCF,chan4|qian3|qian1,chàn|qiǎn|qiān,(bound form) to feel remorse,忏悔|拜忏
4561,忐,U+5FD0,tan3|keng3,tǎn|kěng,used in 忐忑[tan3 te4],忐忑|忐忑不安
4562,忑,U+5FD1,te4|dao3,tè|dǎo,used in 忐忑[tan3 te4],忐忑|忐忑不安
4563,忒,U+5FD2,te4|tui1|tei1,tè|tuī|tēi,to err,赫卡忒|阿佛洛狄忒|阿弗洛狄忒
4564,忓,U+5FD3,gan1|han4,gān|hàn,,
4565,忔,U+5FD4,qi4|yi4,qì|yì,,
4566,忕,U+5FD5,shi4|tai4,shì|tài,accustomed to,
4567,忖,U+5FD6,cun3,cǔn,to ponder,忖度|忖思|忖量
4568,志,U+5FD7,zhi4,zhì,aspiration,三國志|三国志|不以词害志
4569,忘,U+5FD8,wang4|wang2,wàng|wáng,to forget,健忘|健忘症|備忘錄
4570,忙,U+5FD9,mang2,máng,busy,不忙|不慌不忙|事務繁忙
4571,忚,U+5FDA,xi1|lie3,xī|liě,,
4572,忛,U+5FDB,fan1,fān,erroneous variant of 帆[fan1],
4573,応,U+5FDC,ying1,yīng,Japanese variant of 應|应,
4574,忝,U+5FDD,tian3,tiǎn,to shame,
4575,忞,U+5FDE,min2|wen3,mín|wěn,to encourage oneself,柯劭忞
4576,忟,U+5FDF,wen3,wěn,,
4577,忠,U+5FE0,zhong1,zhōng,loyal; devoted; faithful,吳忠|吴忠|吳忠市
4578,忡,U+5FE1,chong1,chōng,grieved,怔忡|憂心忡忡|忧心忡忡
4579,忢,U+5FE2,wu4,wù,,
4580,忣,U+5FE3,ji2,jí,,
4581,忤,U+5FE4,wu3|wu4,wǔ|wù,disobedient,乖忤|忤逆|違忤
4582,忥,U+5FE5,xi4,xì,,
4583,忦,U+5FE6,jia2,jiá,,
4584,忧,U+5FE7,you1|you4,yōu|yòu,to worry,一则以喜，一则以忧|丁忧|人无远虑，必有近忧
4585,忨,U+5FE8,wan4|wan2,wàn|wán,,
4586,忩,U+5FE9,cong1,cōng,,
4587,忪,U+5FEA,song1|zhong1,sōng|zhōng,used in 惺忪[xing1 song1],怔忪|惺忪|睡眼惺忪
4588,快,U+5FEB,kuai4,kuài,rapid,一吐為快|一吐为快|不吐不快
4589,忬,U+5FEC,yu4|shu1,yù|shū,old variant of 舒[shu1],
4590,忭,U+5FED,bian4,biàn,(literary) happy; delighted,忭舞|歡忭|欢忭
4591,忮,U+5FEE,zhi4|qi2,zhì|qí,(literary) (bound form) jealous,不忮不求
4592,忯,U+5FEF,qi2|shi4,qí|shì,,
4593,忰,U+5FF0,cui4,cuì,,
4594,忱,U+5FF1,chen2|dan4,chén|dàn,sincerity,李忱|滿腔熱忱|满腔热忱
4595,忲,U+5FF2,tai4,tài,variant of 忕[tai4],
4596,忳,U+5FF3,tun2|zhun1|dun4,tún|zhūn|dùn,,
4597,忴,U+5FF4,qian2|qin2,qián|qín,,
4598,念,U+5FF5,nian4,niàn,"variant of 念[nian4], to read aloud",一念之差|一閃念|一闪念
4599,忶,U+5FF6,hun2,hún,,
4600,忷,U+5FF7,xiong1,xiōng,,
4601,忸,U+5FF8,niu3,niǔ,used in 忸怩[niu3 ni2],忸忸怩怩|忸怩|顏厚有忸怩
4602,忹,U+5FF9,kuang2|wang3,kuáng|wǎng,,
4603,忺,U+5FFA,xian1,xiān,(literary) to want; to desire,
4604,忻,U+5FFB,xin1,xīn,happy,忻城|忻城縣|忻城县
4605,忼,U+5FFC,kang1|hang1|hang4,kāng|hāng|hàng,,
4606,忽,U+5FFD,hu1,hū,surname Hu,倏忽|忽上忽下|忽冷忽熱
4607,忾,U+5FFE,kai4|qi4,kài|qì,anger,同仇敌忾|敌忾
4608,忿,U+5FFF,fen4,fèn,anger,不忿|忿忿|忿忿不平
4609,怀,U+6000,huai2|fu4,huái|fù,surname Huai,不怀好意|仁怀|仁怀市
4610,态,U+6001,tai4,tài,(bound form),一反常态|三江生态旅游区|不在状态
4611,怂,U+6002,song3,sǒng,variant of 㞞|𪨊[song2],怂恿
4612,怃,U+6003,wu3,wǔ,(literary) to have tender affection for,
4613,怄,U+6004,ou4,òu,to annoy,怄气
4614,怅,U+6005,chang4,chàng,regretful; upset; despairing; depressed,怅怅然|怅惘|怅然
4615,怆,U+6006,chuang4,chuàng,mournful,悲怆|凄怆
4616,怇,U+6007,ju4,jù,,
4617,怈,U+6008,yi4,yì,,
4618,怉,U+6009,bao3|bao4,bǎo|bào,,
4619,怊,U+600A,chao1,chāo,(literary) sad; sorrowful; disappointed; frustrated,
4620,怋,U+600B,min2|men2,mín|mén,,
4621,怌,U+600C,pei1,pēi,,
4622,怍,U+600D,zuo4|zha4,zuò|zhà,ashamed,不愧不怍|愧怍
4623,怎,U+600E,zen3,zěn,how,不怎麼|不怎么|不怎麼樣
4624,怏,U+600F,yang4|yang1,yàng|yāng,discontented,
4625,怐,U+6010,ju4|kou4,jù|kòu,,
4626,怑,U+6011,ban4,bàn,,
4627,怒,U+6012,nu4,nù,anger,不怒而威|勃然大怒|動怒
4628,怓,U+6013,nao2|niu2,náo|niú,,
4629,怔,U+6014,zheng1|zheng4,zhēng|zhèng,(bound form) startled; terrified; panic-stricken,怔住|怔忡|怔忪
4630,怕,U+6015,pa4|bo2,pà|bó,surname Pa,一年被蛇咬，十年怕井繩|一年被蛇咬，十年怕井绳|一朝被蛇咬，十年怕井繩
4631,怖,U+6016,bu4,bù,terror,基地恐怖組織|基地恐怖组织|廣場恐怖症
4632,怗,U+6017,tie1|zhan1,tiē|zhān,peaceful,
4633,怘,U+6018,hu4|gu4,hù|gù,,
4634,怙,U+6019,hu4|tie1,hù|tiē,to rely on,失怙|怙恃|怙惡不悛
4635,怚,U+601A,ju4|qu1|cu1|zu1,jù|qū|cū|zū,"dull, stupid, suspicious",
4636,怛,U+601B,da2|dan4,dá|dàn,distressed,怛羅斯之戰|怛罗斯之战|惻怛之心
4637,怜,U+601C,lian2|ling2|ling3,lián|líng|lǐng,to pity,乞哀告怜|乞怜|可怜
4638,思,U+601D,si1|sai1,sī|sāi,to think,一門心思|一门心思|三思而後行
4639,怞,U+601E,chou2|you2,chóu|yóu,to grieve,
4640,怟,U+601F,di4,dì,,
4641,怠,U+6020,dai4|yi2,dài|yí,idle,不怠|不懈怠|倦怠
4642,怡,U+6021,yi2,yí,harmony,健怡可樂|健怡可乐|周梁淑怡
4643,怢,U+6022,tu1|die2|tui4,tū|dié|tuì,,
4644,怣,U+6023,you2,yóu,,
4645,怤,U+6024,fu1,fū,,
4646,急,U+6025,ji2,jí,urgent,不急之務|不急之务|乾著急
4647,怦,U+6026,peng1,pēng,(onom.) the thumping of one's heart,心怦怦跳|怦怦|怦然
4648,性,U+6027,xing4,xìng,nature,一次性|一致性|一致性效應
4649,怨,U+6028,yuan4|yun4,yuàn|yùn,to blame,仇怨|以德報怨|以德报怨
4650,怩,U+6029,ni2,ní,used in 忸怩[niu3 ni2],忸忸怩怩|忸怩|顏厚有忸怩
4651,怪,U+602A,guai4,guài,bewildering,不足為怪|不足为怪|二十年目睹之怪現狀
4652,怫,U+602B,fu2|fei4|bei4,fú|fèi|bèi,anger,怫然
4653,怬,U+602C,xi4,xì,,
4654,怭,U+602D,bi4,bì,frivolous,
4655,怮,U+602E,you1|yao4,yōu|yào,,
4656,怯,U+602F,qie4,qiè,timid,卑怯|大勇若怯|大勇若怯，大智若愚
4657,怰,U+6030,xuan4,xuàn,,
4658,怱,U+6031,cong1,cōng,variant of 匆[cong1],
4659,怲,U+6032,bing3,bǐng,sad,
4660,怳,U+6033,huang3,huǎng,variant of 恍[huang3],
4661,怴,U+6034,xu4|xue4,xù|xuè,,
4662,怵,U+6035,chu4|xu4,chù|xù,fearful,怵惕|怵懼|怵惧
4663,怶,U+6036,bi4|pi1,bì|pī,,
4664,怷,U+6037,shu4,shù,,
4665,怸,U+6038,xi1,xī,obscure variant of 悉[xi1],
4666,怹,U+6039,tan1,tān,he,
4667,怺,U+603A,yong3,yǒng,,
4668,总,U+603B,zong3,zǒng,(bound form) general; overall,一次总付|一总|一言抄百总
4669,怼,U+603C,dui4,duì,(Internet slang) to attack verbally; to publicly criticize; to call out,回怼|怒怼|怨怼
4670,怽,U+603D,mo,mo,,
4671,怾,U+603E,zhi3,zhǐ,,
4672,怿,U+603F,yi4,yì,pleased,
4673,恀,U+6040,shi4,shì,,
4674,恁,U+6041,nen4|ren4|nin2,nèn|rèn|nín,to think,恁般|恁麼|恁么
4675,恂,U+6042,xun2|shun4,xún|shùn,sincere,
4676,恃,U+6043,shi4|zhi4,shì|zhì,(bound form) to rely on,仗恃|可恃|失恃
4677,恄,U+6044,xi4,xì,,
4678,恅,U+6045,lao3,lǎo,,
4679,恆,U+6046,heng2|geng4,héng|gèng,surname Heng,伯利恆|劉恆|守恆
4680,恇,U+6047,kuang1,kuāng,to fear,
4681,恈,U+6048,mou2,móu,,
4682,恉,U+6049,zhi3,zhǐ,purport,
4683,恊,U+604A,xie2,xié,,
4684,恋,U+604B,lian4,liàn,to feel attached to,三角恋爱|依恋|初恋
4685,恌,U+604C,tiao1|yao2,tiāo|yáo,frivolous,
4686,恍,U+604D,huang3|guang1,huǎng|guāng,variant of 恍[huang3],心神恍惚|恍如|恍如隔世
4687,恎,U+604E,die2,dié,,
4688,恏,U+604F,hao4,hào,to desire,
4689,恐,U+6050,kong3,kǒng,afraid,三角恐龍|三角恐龙|反恐
4690,恑,U+6051,gui3|wei2,guǐ|wéi,,
4691,恒,U+6052,heng2,héng,surname Heng,伯利恒|刘恒|守恒
4692,恓,U+6053,xi1|qi1|xu4,xī|qī|xù,troubled,恓惶
4693,恔,U+6054,jiao3|xiao4,jiǎo|xiào,cheerful,
4694,恕,U+6055,shu4,shù,to forgive,乞恕|寬恕|宽恕
4695,恖,U+6056,si1,sī,,
4696,恗,U+6057,hu1|kua1,hū|kuā,,
4697,恘,U+6058,qiu1,qiū,"meaning uncertain, related to 戾[li4], to violate",
4698,恙,U+6059,yang4,yàng,sickness,別來無恙|别来无恙|安全無恙
4699,恚,U+605A,hui4,huì,rage,
4700,恛,U+605B,hui2,huí,disordered,
4701,恜,U+605C,chi4,chì,,
4702,恝,U+605D,jia2|qi4,jiá|qì,indifferent,
4703,恞,U+605E,yi2,yí,happy,
4704,恟,U+605F,xiong1,xiōng,"scared, nervous",
4705,恠,U+6060,guai4,guài,variant of 怪[guai4],
4706,恡,U+6061,lin4,lìn,variant of 吝[lin4],
4707,恢,U+6062,hui1,huī,to restore,天網恢恢|天网恢恢|天網恢恢，疏而不失
4708,恣,U+6063,zi4,zì,to abandon restraint,恣情|恣意|恣意妄為
4709,恤,U+6064,xu4,xù,variant of 恤[xu4],T恤|不恤|不恤人言
4710,恥,U+6065,chi3,chǐ,(bound form) shame; humiliation; disgrace,一雪前恥|不恥下問|不知羞恥
4711,恦,U+6066,shang4,shàng,,
4712,恧,U+6067,nv4,nǜ,ashamed,
4713,恨,U+6068,hen4,hèn,to hate,一失足成千古恨|仇恨|仇恨罪
4714,恩,U+6069,en1,ēn,variant of 恩[en1],伯恩|伯恩斯|伯恩茅斯
4715,恪,U+606A,ke4,kè,surname Ke,恪守|恪慎|恪遵
4716,恫,U+606B,dong4|tong1,dòng|tōng,frighten,恫嚇|恫吓
4717,恬,U+606C,tian2,tián,quiet,恬不知恥|恬不知耻|恬和
4718,恭,U+606D,gong1,gōng,respectful,不恭|不敢恭維|不敢恭维
4719,恮,U+606E,quan1|zhuan1,quān|zhuān,,
4720,息,U+606F,xi1,xī,breath,不息|中國人權民運信息中心|中国人权民运信息中心
4721,恰,U+6070,qia4,qià,exactly,恰亞諾夫|恰亚诺夫|恰似
4722,恱,U+6071,yue4,yuè,,
4723,恲,U+6072,peng1,pēng,,
4724,恳,U+6073,ken3,kěn,earnest,勤勤恳恳|勤恳|恳切
4725,恴,U+6074,de2,dé,,
4726,恵,U+6075,hui4,huì,Japanese variant of 惠[hui4],
4727,恶,U+6076,e4|e3|wu4|wu1,è|ě|wù|wū,used in 惡心|恶心[e3 xin1],不念旧恶|二恶英|交恶
4728,恷,U+6077,xiao,xiao,,
4729,恸,U+6078,tong4,tòng,grief,哀恸|悲恸
4730,恹,U+6079,yan1,yān,used in 懨懨|恹恹[yan1 yan1],恹恹|病恹恹
4731,恺,U+607A,kai3,kǎi,joyful,恺弟|恺彻|恺悌
4732,恻,U+607B,ce4,cè,sorrowful,悲恻|凄恻|恻怛之心
4733,恼,U+607C,nao3,nǎo,to get angry,可恼|恼人|恼怒
4734,恽,U+607D,yun4,yùn,surname Yun,
4735,恾,U+607E,mang2,máng,,
4736,恿,U+607F,yong3|tong1,yǒng|tōng,used in 慫恿|怂恿[song3 yong3],慫恿|怂恿
4737,悀,U+6080,yong3,yǒng,to be angry,
4738,悁,U+6081,yuan1|juan4,yuān|juàn,angry,
4739,悂,U+6082,pi1|bi1|pi3,pī|bī|pǐ,,
4740,悃,U+6083,kun3,kǔn,sincere,
4741,悄,U+6084,qiao1|qiao3|qiao4,qiāo|qiǎo|qiào,used in 悄悄[qiao1 qiao1],悄咪咪|悄悄|悄悄咪咪
4742,悅,U+6085,yue4,yuè,pleased,不悅|兩情相悅|凱悅
4743,悆,U+6086,yu4|shu1,yù|shū,happy,
4744,悇,U+6087,tu2|yu2,tú|yú,,
4745,悈,U+6088,jie4|ke4,jiè|kè,,
4746,悉,U+6089,xi1,xī,in all cases,備悉|备悉|得悉
4747,悊,U+608A,zhe2,zhé,to revere,
4748,悋,U+608B,lin4,lìn,,
4749,悌,U+608C,ti4,tì,to do one's duty as a younger brother,友悌|孝悌|孝悌忠信
4750,悍,U+608D,han4,hàn,heroic,兇悍|凶悍|刁悍
4751,悎,U+608E,hao4|jiao4,hào|jiào,,
4752,悏,U+608F,qie4,qiè,,
4753,悐,U+6090,ti4,tì,"respect, regard",
4754,悑,U+6091,bu4,bù,old variant of 怖[bu4],
4755,悒,U+6092,yi4,yì,anxiety,憂悒|忧悒
4756,悓,U+6093,qian4,qiàn,,
4757,悔,U+6094,hui3,huǐ,(bound form) to regret; to repent,反悔|吃後悔藥|吃后悔药
4758,悕,U+6095,xi1,xī,(literary) to wish,
4759,悖,U+6096,bei4|bei3,bèi|běi,to go against,並行不悖|并行不悖|悖亂
4760,悗,U+6097,man2|men4,mán|mèn,,
4761,悘,U+6098,yi1|yi4,yī|yì,,
4762,悙,U+6099,heng1|heng4,hēng|hèng,,
4763,悚,U+609A,song3,sǒng,frightened,悚然|毛骨悚然|科技驚悚
4764,悛,U+609B,quan1|xun2,quān|xún,to reform,怙惡不悛|怙恶不悛
4765,悜,U+609C,cheng3,chěng,obscure,
4766,悝,U+609D,kui1|li3,kuī|lǐ,to laugh at,李悝
4767,悞,U+609E,wu4,wù,to impede,
4768,悟,U+609F,wu4,wù,to comprehend,參悟|参悟|執迷不悟
4769,悠,U+60A0,you1,yōu,long or drawn out,忽忽悠悠|忽悠|悠久
4770,悡,U+60A1,li2,lí,,
4771,悢,U+60A2,liang4|lang3,liàng|lǎng,(literary) sad; melancholy,
4772,患,U+60A3,huan4,huàn,to suffer (from illness),不患寡而患不均|人滿為患|人满为患
4773,悤,U+60A4,cong1,cōng,variant of 匆[cong1],
4774,悥,U+60A5,yi4,yì,,
4775,悦,U+60A6,yue4,yuè,pleased,不悦|两情相悦|凯悦
4776,悧,U+60A7,li4,lì,used in 憐悧|怜悧[lian2 li4],憐悧|怜悧
4777,您,U+60A8,nin2,nín,"you (courteous, as opposed to informal 你[ni3])",您好
4778,悩,U+60A9,nao3,nǎo,Japanese variant of 惱|恼,
4779,悪,U+60AA,e4,è,Japanese variant of 惡|恶[e4],
4780,悫,U+60AB,que4,què,honest,
4781,悬,U+60AC,xuan2,xuán,to hang or suspend,中苏解决悬案大纲协定|倒悬|倒悬之危
4782,悭,U+60AD,qian1,qiān,stingy,悭俭|悭吝|知悭识俭
4783,悮,U+60AE,wu4,wù,to impede,
4784,悯,U+60AF,min3,mǐn,to sympathize; to pity; to feel compassion for,哀悯|悲天悯人|悲悯
4785,悰,U+60B0,cong2,cóng,joy,
4786,悱,U+60B1,fei3,fěi,to want to articulate one's thoughts but be unable to,不悱不發|不悱不发|纏綿悱惻
4787,悲,U+60B2,bei1,bēi,sad,不以物喜，不以己悲|假慈悲|傷悲
4788,悳,U+60B3,de2,dé,variant of 德[de2],
4789,悴,U+60B4,cui4,cuì,haggard,憔悴
4790,悵,U+60B5,chang4,chàng,regretful; upset; despairing; depressed,悵悵然|悵惘|悵然
4791,悶,U+60B6,men4|men1,mèn|mēn,stuffy,悶屁|悶悶不樂|悶熱
4792,悷,U+60B7,li4,lì,sorrowful,
4793,悸,U+60B8,ji4,jì,to palpitate,心悸|心有餘悸|心有余悸
4794,悹,U+60B9,guan4,guàn,,
4795,悺,U+60BA,guan4,guàn,,
4796,悻,U+60BB,xing4,xìng,angry,悻悻|悻然
4797,悼,U+60BC,dao4,dào,to mourn,傷悼|伤悼|哀悼
4798,悽,U+60BD,qi1|qi4,qī|qì,variant of 淒|凄[qi1],悲悽|悽哀|悽惻
4799,悾,U+60BE,kong1|kong3,kōng|kǒng,simple-minded,
4800,悿,U+60BF,tian3,tiǎn,,
4801,惀,U+60C0,lun2|lun4,lún|lùn,,
4802,惁,U+60C1,xi1,xī,,
4803,惂,U+60C2,kan3,kǎn,,
4804,惃,U+60C3,gun3,gǔn,,
4805,惄,U+60C4,ni4,nì,distressed,
4806,情,U+60C5,qing2,qíng,(bound form) feelings; emotion; sentiment; passion,一夜情|一廂情願|一厢情愿
4807,惆,U+60C6,chou2|qiu1|dao1,chóu|qiū|dāo,forlorn,惆悵|惆怅|惆悵若失
4808,惇,U+60C7,dun1,dūn,kindhearted,
4809,惈,U+60C8,guo3,guǒ,courageous,
4810,惉,U+60C9,zhan1,zhān,,
4811,惊,U+60CA,jing1|liang2,jīng|liáng,to startle,一夕数惊|一惊一乍|一鸣惊人
4812,惋,U+60CB,wan3,wǎn,to sigh in regret or pity,惋惜|淒惋|凄惋
4813,惌,U+60CC,yuan1|wan3|yu4,yuān|wǎn|yù,to bear a grudge against,
4814,惍,U+60CD,jin1,jīn,,
4815,惎,U+60CE,ji4,jì,injure,
4816,惏,U+60CF,lan2|lin2,lán|lín,old variant of 婪[lan2],
4817,惐,U+60D0,yu4|xu4,yù|xù,,
4818,惑,U+60D1,huo4,huò,to confuse,不惑|人非生而知之者，孰能無惑|人非生而知之者，孰能无惑
4819,惒,U+60D2,he2,hé,old variant of 和[he2],
4820,惓,U+60D3,quan2|juan4,quán|juàn,earnest,惓惓
4821,惔,U+60D4,tan2|dan4,tán|dàn,to burn,
4822,惕,U+60D5,ti4,tì,fearful,怵惕|惕然|朝乾夕惕
4823,惖,U+60D6,ti4,tì,,
4824,惗,U+60D7,nie4,niè,,
4825,惘,U+60D8,wang3,wǎng,disappointed,悵惘|怅惘|惘然
4826,惙,U+60D9,chuo4|chui4,chuò|chuì,mournful,綿惙|绵惙
4827,惚,U+60DA,hu1,hū,used in 恍惚[huang3 hu1],心神恍惚|恍惚|神思恍惚
4828,惛,U+60DB,hun1|hun3|men4,hūn|hǔn|mèn,confused,惛耄
4829,惜,U+60DC,xi1,xī,to cherish,不惜|不惜一戰|不惜一战
4830,惝,U+60DD,chang3|tang3,chǎng|tǎng,disappointed,惝恍|迷離惝恍|迷离惝恍
4831,惞,U+60DE,xin1,xīn,,
4832,惟,U+60DF,wei2|wei3,wéi|wěi,-ism,不惟|伏惟|思惟
4833,惠,U+60E0,hui4,huì,surname Hui,互惠|互惠生|仁惠
4834,惡,U+60E1,e4|wu4|wu1|e3|hu1,è|wù|wū|ě|hū,used in 惡心|恶心[e3 xin1],不念舊惡|二惡英|交惡
4835,惢,U+60E2,suo3|rui3,suǒ|ruǐ,,
4836,惣,U+60E3,zong3,zǒng,,
4837,惤,U+60E4,jian1,jiān,,
4838,惥,U+60E5,yong3,yǒng,old variant of 恿[yong3],
4839,惦,U+60E6,dian4,diàn,to think of,不怕賊偷就怕賊惦記|不怕贼偷就怕贼惦记|惦念
4840,惧,U+60E7,ju4,jù,to fear,危惧|同性恋恐惧症|坦然无惧
4841,惨,U+60E8,can3,cǎn,miserable,伤心惨目|四一二惨案|悲惨
4842,惩,U+60E9,cheng2,chéng,to punish,劝善惩恶|严惩|严惩不贷
4843,惪,U+60EA,de2,dé,variant of 德[de2],
4844,惫,U+60EB,bei4,bèi,exhausted,惫倦|惫懒|惫赖
4845,惬,U+60EC,qie4,qiè,variant of 愜|惬[qie4],惬意
4846,惭,U+60ED,can2,cán,variant of 慚|惭[can2],大言不惭|惭愧|羞惭
4847,惮,U+60EE,dan4,dàn,dread,不惮|忌惮|肆无忌惮
4848,惯,U+60EF,guan4,guàn,accustomed to,司空见惯|娇惯|娇生惯养
4849,惰,U+60F0,duo4|tuo2,duò|tuó,lazy,偷惰|嬌惰|娇惰
4850,惱,U+60F1,nao3,nǎo,to get angry,可惱|惱人|惱怒
4851,惲,U+60F2,yun4,yùn,surname Yun,
4852,想,U+60F3,xiang3,xiǎng,to think (about),不堪設想|不堪设想|不想
4853,惴,U+60F4,zhui4|chuan3|gua4,zhuì|chuǎn|guà,anxious,惴惴不安
4854,惵,U+60F5,die2|tie1,dié|tiē,,
4855,惶,U+60F6,huang2,huáng,(bound form) fear; dread; anxiety; trepidation,人心惶惶|倉惶|仓惶
4856,惷,U+60F7,chun3,chǔn,variant of 蠢[chun3],
4857,惸,U+60F8,qiong2,qióng,variant of 煢|茕[qiong2],
4858,惹,U+60F9,re3|ruo4,rě|ruò,to provoke,不好惹|好惹|娘惹
4859,惺,U+60FA,xing1,xīng,(literary) to come to one's senses; to awaken,假惺惺|惺忪|惺惺
4860,惻,U+60FB,ce4,cè,sorrowful,悲惻|悽惻|惻怛之心
4861,惼,U+60FC,bian3,biǎn,,
4862,惽,U+60FD,min3|hun1,mǐn|hūn,,
4863,惾,U+60FE,zong1,zōng,,
4864,惿,U+60FF,ti2|shi4,tí|shì,,
4865,愀,U+6100,qiao3|qiu4,qiǎo|qiù,change countenance,
4866,愁,U+6101,chou2|qiao3|jiu1,chóu|qiǎo|jiū,to worry about,借酒澆愁|借酒浇愁|債多不愁
4867,愂,U+6102,bei4,bèi,,
4868,愃,U+6103,xuan1,xuān,well-being,
4869,愄,U+6104,wei1,wēi,,
4870,愅,U+6105,ge2,gé,,
4871,愆,U+6106,qian1,qiān,fault,愆尤|愆期|罪愆
4872,愇,U+6107,wei3,wěi,,
4873,愈,U+6108,yu4,yù,the more...(the more...),不治而愈|全愈|愈來愈
4874,愉,U+6109,yu2|tou1|yu3,yú|tōu|yǔ,pleased,不愉快|恬愉|愉快
4875,愊,U+610A,bi4,bì,melancholy,
4876,愋,U+610B,xuan1,xuān,,
4877,愌,U+610C,huan4,huàn,,
4878,愍,U+610D,min3|fen1,mǐn|fēn,variant of 憫|悯[min3],
4879,愎,U+610E,bi4,bì,perverse,剛愎|刚愎|剛愎自用
4880,意,U+610F,yi4|yi1,yì|yī,Italy; Italian (abbr. for 意大利[Yi4 da4 li4]),一心一意|一意|一意孤行
4881,愐,U+6110,mian3,miǎn,shy,
4882,愑,U+6111,yong3,yǒng,variant of 悀[yong3],
4883,愒,U+6112,kai4|qi4|he4,kài|qì|hè,to desire,
4884,愓,U+6113,dang4|shang1|tang2|yang2,dàng|shāng|táng|yáng,profligate,
4885,愔,U+6114,yin1,yīn,peaceful,
4886,愕,U+6115,e4,è,startled,愕然|錯愕|错愕
4887,愖,U+6116,chen2|dan1|xin4,chén|dān|xìn,,
4888,愗,U+6117,mao4,mào,,
4889,愘,U+6118,qia4|qia1|ke4,qià|qiā|kè,,
4890,愙,U+6119,ke4,kè,variant of 恪[ke4],
4891,愚,U+611A,yu2,yú,to be stupid,先天愚型|大勇若怯，大智若愚|大愚
4892,愛,U+611B,ai4,ài,to love; to be fond of; to like,三自愛國教會|三角戀愛|中國天主教愛國會
4893,愜,U+611C,qie4,qiè,(literary) satisfied; content,愜意
4894,愝,U+611D,yan3,yǎn,,
4895,愞,U+611E,nuo4,nuò,,
4896,感,U+611F,gan3|han4,gǎn|hàn,to feel,上呼吸道感染|交叉感染|交感神經
4897,愠,U+6120,yun4|yun3|wen3,yùn|yǔn|wěn,indignant,不愠不火|愠怒
4898,愡,U+6121,zong3,zǒng,,
4899,愢,U+6122,sai1|si1|si3,sāi|sī|sǐ,,
4900,愣,U+6123,leng4,lèng,to look distracted,二愣子|傻不愣登|傻愣愣
4901,愤,U+6124,fen4,fèn,indignant,不愤不启|公愤|怨愤
4902,愥,U+6125,ying1,yīng,,
4903,愦,U+6126,kui4,kuì,confused,
4904,愧,U+6127,kui4,kuì,old variant of 愧[kui4],不愧|不愧下學|不愧下学
4905,愨,U+6128,que4,què,honest,
4906,愩,U+6129,gong1|gong4|hong3,gōng|gòng|hǒng,,
4907,愪,U+612A,yun2,yún,,
4908,愫,U+612B,su4,sù,guileless,情愫
4909,愬,U+612C,su4|se4,sù|sè,variant of 訴|诉[su4],
4910,愭,U+612D,qi2,qí,(literary) deferential,
4911,愮,U+612E,yao2|yao4,yáo|yào,"distressed, agitated",
4912,愯,U+612F,song3,sǒng,old variant of 悚[song3],
4913,愰,U+6130,huang4|huang3,huàng|huǎng,,
4914,愱,U+6131,ji2,jí,,
4915,愲,U+6132,gu3,gǔ,,
4916,愳,U+6133,ju4,jù,,
4917,愴,U+6134,chuang4|chuang3,chuàng|chuǎng,mournful,悲愴|悽愴
4918,愵,U+6135,ni4,nì,,
4919,愶,U+6136,xie2,xié,,
4920,愷,U+6137,kai3,kǎi,joyful,愷弟|愷徹|愷悌
4921,愸,U+6138,zheng3,zhěng,,
4922,愹,U+6139,yong3,yǒng,,
4923,愺,U+613A,cao3,cǎo,,
4924,愻,U+613B,xun4,xùn,,
4925,愼,U+613C,shen4,shèn,variant of 慎[shen4],
4926,愽,U+613D,bo2,bó,old variant of 博[bo2],
4927,愾,U+613E,kai4|xi4|qi4,kài|xì|qì,anger,同仇敵愾|敵愾
4928,愿,U+613F,yuan4,yuàn,honest and prudent,一厢情愿|一相情愿|不情愿
4929,慀,U+6140,xi4|xie2,xì|xié,,
4930,慁,U+6141,hun4,hùn,confused,
4931,慂,U+6142,yong3,yǒng,old variant of 恿[yong3],
4932,慃,U+6143,yang3,yǎng,,
4933,慄,U+6144,li4,lì,(literary) cold; chilly,不寒而慄|悸慄|慄然
4934,慅,U+6145,sao1|cao3,sāo|cǎo,agitated,
4935,慆,U+6146,tao1,tāo,rejoice,
4936,慇,U+6147,yin1,yīn,solicitous,
4937,慈,U+6148,ci2,cí,compassionate,京都念慈菴|京都念慈庵|仁慈
4938,慉,U+6149,xu4|chu4,xù|chù,to foster,
4939,慊,U+614A,qian4|qie4|xian2|qian3,qiàn|qiè|xián|qiǎn,dissatisfied,
4940,態,U+614B,tai4,tài,(bound form),一反常態|三江生態旅遊區|不在狀態
4941,慌,U+614C,huang1|huang3|huang,huāng|huǎng|huang,to get panicky; to lose one's head,不慌不忙|心慌|心慌意亂
4942,慍,U+614D,yun4,yùn,indignant,不慍不火|慍怒
4943,慎,U+614E,shen4|zhen4,shèn|zhèn,careful,一著不慎，滿盤皆輸|一着不慎，满盘皆输|不慎
4944,慏,U+614F,ming3,mǐng,,
4945,慐,U+6150,gong,gong,,
4946,慑,U+6151,she4,shè,variant of 懾|慑[she4],威慑|威慑力量|慑人
4947,慒,U+6152,cong2|cao2,cóng|cáo,,
4948,慓,U+6153,piao1|piao4,piāo|piào,,
4949,慔,U+6154,mu4,mù,,
4950,慕,U+6155,mu4,mù,to admire,久慕|仰慕|企慕
4951,慖,U+6156,guo2,guó,,
4952,慗,U+6157,chi4,chì,,
4953,慘,U+6158,can3,cǎn,miserable,傷心慘目|四一二慘案|悲慘
4954,慙,U+6159,can2,cán,variant of 慚|惭[can2],
4955,慚,U+615A,can2,cán,ashamed,大言不慚|慚愧|羞慚
4956,慛,U+615B,cui1,cuī,,
4957,慜,U+615C,min3,mǐn,clever,
4958,慝,U+615D,te4|ni4,tè|nì,evil thought,
4959,慞,U+615E,zhang1,zhāng,,
4960,慟,U+615F,tong4,tòng,grief,哀慟|悲慟
4961,慠,U+6160,ao4|ao2,ào|áo,,
4962,慡,U+6161,shuang3,shuǎng,,
4963,慢,U+6162,man4|man2,màn|mán,slow,不怕慢，就怕站|不緊不慢|不紧不慢
4964,慣,U+6163,guan4,guàn,accustomed to,司空見慣|嬌慣|嬌生慣養
4965,慤,U+6164,que4,què,honest,
4966,慥,U+6165,zao4|cao4,zào|cào,sincere,
4967,慦,U+6166,jiu4,jiù,,
4968,慧,U+6167,hui4,huì,intelligent,人工智慧|大智慧|妙智慧
4969,慨,U+6168,kai3,kǎi,old variant of 慨[kai3],感慨|慨嘆|慨叹
4970,慩,U+6169,lian2,lián,,
4971,慪,U+616A,ou4|ou1,òu|ōu,to annoy,慪氣
4972,慫,U+616B,song3,sǒng,variant of 㞞|𪨊[song2],慫恿
4973,慬,U+616C,qin2|jin4|jin3,qín|jìn|jǐn,(literary) brave,
4974,慭,U+616D,yin4,yìn,(literary) to wish; to prefer to,
4975,慮,U+616E,lv4|lv2,lǜ|lǘ,to think over,不足為慮|人無遠慮，必有近憂|充分考慮
4976,慯,U+616F,shang1,shāng,,
4977,慰,U+6170,wei4,wèi,to comfort,健慰器|勸慰|劝慰
4978,慱,U+6171,tuan2,tuán,sad,
4979,慲,U+6172,man2,mán,,
4980,慳,U+6173,qian1|xian2,qiān|xián,stingy,慳儉|慳吝|知慳識儉
4981,慴,U+6174,she4|zhe2,shè|zhé,variant of 懾|慑[she4],
4982,慵,U+6175,yong1,yōng,lethargic,慵懶|慵懒
4983,慶,U+6176,qing4|qing1|qiang1,qìng|qīng|qiāng,to celebrate,劉義慶|吉慶|周年慶
4984,慷,U+6177,kang1,kāng,used in 慷慨[kang1 kai3],慷慨|慷慨捐生|慷慨激昂
4985,慸,U+6178,di4|chi4,dì|chì,,
4986,慹,U+6179,zhi2|zhe2,zhí|zhé,,
4987,慺,U+617A,lou2|lv3,lóu|lǚ,,
4988,慻,U+617B,juan4,juàn,,
4989,慼,U+617C,qi1,qī,variant of 戚[qi1],慼慼
4990,慽,U+617D,qi1,qī,variant of 慼|戚[qi1],
4991,慾,U+617E,yu4,yù,desire,利慾|利慾心|利慾薰心
4992,慿,U+617F,ping2,píng,old variant of 憑|凭[ping2],
4993,憀,U+6180,liao2,liáo,to rely on,
4994,憁,U+6181,cong4|song1,còng|sōng,,
4995,憂,U+6182,you1,yōu,to worry,一則以喜，一則以憂|丁憂|人無遠慮，必有近憂
4996,憃,U+6183,chong1,chōng,foolish; stupid; dull; silly,
4997,憄,U+6184,zhi4,zhì,,
4998,憅,U+6185,tong4,tòng,,
4999,憆,U+6186,cheng1,chēng,,
5000,憇,U+6187,qi4,qì,variant of 憩[qi4],
5001,憈,U+6188,qu1,qū,,
5002,憉,U+6189,peng2,péng,,
5003,憊,U+618A,bei4,bèi,exhausted,憊倦|憊懶|憊賴
5004,憋,U+618B,bie1,biē,to choke,憋不住|憋尿|憋屈
5005,憌,U+618C,qiong2,qióng,,
5006,憍,U+618D,jiao1,jiāo,arrogant,
5007,憎,U+618E,zeng1,zēng,to detest,人憎狗厭|人憎狗厌|人憎狗嫌
5008,憏,U+618F,chi4,chì,,
5009,憐,U+6190,lian2,lián,to pity,乞哀告憐|乞憐|可憐
5010,憑,U+6191,ping2,píng,to lean against,任憑|任憑風浪起，穩坐釣魚臺|口說無憑
5011,憒,U+6192,kui4,kuì,confused,
5012,憓,U+6193,hui4,huì,,
5013,憔,U+6194,qiao2,qiáo,used in 憔悴[qiao2 cui4],憔悴
5014,憕,U+6195,cheng2|zheng4|deng4,chéng|zhèng|dèng,,
5015,憖,U+6196,yin4|xin4|yin2,yìn|xìn|yín,(literary) to wish; to prefer to,
5016,憗,U+6197,yin4,yìn,,
5017,憘,U+6198,xi3|xi1,xǐ|xī,,
5018,憙,U+6199,xi1|xi3,xī|xǐ,variant of 喜[xi3],
5019,憚,U+619A,dan4|da2|chan3,dàn|dá|chǎn,dread,不憚|忌憚|肆無忌憚
5020,憛,U+619B,tan2,tán,,
5021,憜,U+619C,duo4,duò,,
5022,憝,U+619D,dui4,duì,dislike,元惡大憝|元恶大憝|大憝
5023,憞,U+619E,dui4|dun4|tun1,duì|dùn|tūn,,
5024,憟,U+619F,su4,sù,,
5025,憠,U+61A0,jue2,jué,,
5026,憡,U+61A1,ce4,cè,,
5027,憢,U+61A2,xiao1|jiao1,xiāo|jiāo,,
5028,憣,U+61A3,fan1,fān,,
5029,憤,U+61A4,fen4,fèn,indignant,不憤不啟|公憤|怨憤
5030,憥,U+61A5,lao2,láo,,
5031,憦,U+61A6,lao4|lao2,lào|láo,,
5032,憧,U+61A7,chong1|zhuang4,chōng|zhuàng,used in 憧憬[chong1 jing3],憧憧|憧憬
5033,憨,U+61A8,han1,hān,silly,喜憨兒|喜憨儿|憨厚
5034,憩,U+61A9,qi4,qì,variant of 憩[qi4],休憩|小憩|憩室炎
5035,憪,U+61AA,xian2|xian4,xián|xiàn,"composed, contented",
5036,憫,U+61AB,min3,mǐn,to sympathize; to pity; to feel compassion for,哀憫|悲天憫人|悲憫
5037,憬,U+61AC,jing3,jǐng,awaken,憧憬|憬然
5038,憭,U+61AD,liao3|liao2,liǎo|liáo,clear,
5039,憮,U+61AE,wu3|wu2,wǔ|wú,(literary) to have tender affection for,
5040,憯,U+61AF,can3,cǎn,already,
5041,憰,U+61B0,jue2,jué,,
5042,憱,U+61B1,cu4,cù,,
5043,憲,U+61B2,xian4|xian3,xiàn|xiǎn,statute,五權憲法|伊朗憲監會|修憲
5044,憳,U+61B3,tan3,tǎn,,
5045,憴,U+61B4,sheng2,shéng,,
5046,憵,U+61B5,pi1,pī,,
5047,憶,U+61B6,yi4,yì,to recollect,回憶|回憶錄|失憶
5048,憷,U+61B7,chu4|chu3,chù|chǔ,to be afraid,憷場|憷场|憷頭
5049,憸,U+61B8,xian1,xiān,artful,
5050,憹,U+61B9,nao2|nong2|nang2|nao3,náo|nóng|náng|nǎo,used in 懊憹|懊𢙐[ao4 nao2],懊憹
5051,憺,U+61BA,dan4,dàn,peace,
5052,憻,U+61BB,tan3,tǎn,,
5053,憼,U+61BC,jing3|jing4,jǐng|jìng,,
5054,憽,U+61BD,song1,sōng,,
5055,憾,U+61BE,han4|dan4,hàn|dàn,regret (sense of loss or dissatisfaction),引以為憾|引以为憾|憾事
5056,憿,U+61BF,jiao3|ji1,jiǎo|jī,,
5057,懀,U+61C0,wei4,wèi,,
5058,懁,U+61C1,xuan1|huan1,xuān|huān,,
5059,懂,U+61C2,dong3,dǒng,to understand,不懂裝懂|不懂装懂|似懂非懂
5060,懃,U+61C3,qin2,qín,variant of 勤[qin2],
5061,懄,U+61C4,qin2,qín,,
5062,懅,U+61C5,ju4,jù,bashful,
5063,懆,U+61C6,cao3|sao1|sao4,cǎo|sāo|sào,anxious,
5064,懇,U+61C7,ken3,kěn,earnest,勤勤懇懇|勤懇|懇切
5065,懈,U+61C8,xie4,xiè,lax,不懈|不懈怠|堅持不懈
5066,應,U+61C9,ying1|ying4,yīng|yìng,surname Ying,一一對應|一呼百應|一多對應
5067,懊,U+61CA,ao4|yu4,ào|yù,to regret,懊喪|懊丧|懊悔
5068,懋,U+61CB,mao4,mào,to be hardworking,羅懋登|罗懋登
5069,懌,U+61CC,yi4,yì,pleased,
5070,懍,U+61CD,lin3,lǐn,fear,
5071,懎,U+61CE,se4,sè,,
5072,懏,U+61CF,jun4,jùn,,
5073,懐,U+61D0,huai2,huái,Japanese variant of 懷|怀[huai2],
5074,懑,U+61D1,men4,mèn,melancholy,忿懑|愤懑|懑然
5075,懒,U+61D2,lan3,lǎn,variant of 懶|懒[lan3],伸懒腰|偷懒|好吃懒做
5076,懓,U+61D3,ai4,ài,,
5077,懔,U+61D4,lin3|lan3,lǐn|lǎn,fear,
5078,懕,U+61D5,yan1|yan4|ye4,yān|yàn|yè,,
5079,懖,U+61D6,kuo4,kuò,,
5080,懗,U+61D7,xia4,xià,,
5081,懘,U+61D8,chi4,chì,,
5082,懙,U+61D9,yu3,yǔ,,
5083,懚,U+61DA,yin4,yìn,,
5084,懛,U+61DB,dai1,dāi,,
5085,懜,U+61DC,meng3|meng4|meng2,měng|mèng|méng,,
5086,懝,U+61DD,ai4|ni4|ni3,ài|nì|nǐ,,
5087,懞,U+61DE,meng2|meng3,méng|měng,(literary) sincere; honest; genuine,
5088,懟,U+61DF,dui4,duì,(Internet slang) to attack verbally; to publicly criticize; to call out,回懟|怒懟|怨懟
5089,懠,U+61E0,qi2|ji4|ji1,qí|jì|jī,angry,
5090,懡,U+61E1,mo3,mǒ,,
5091,懢,U+61E2,lan2|xian4,lán|xiàn,,
5092,懣,U+61E3,men4,mèn,melancholy,忿懣|憤懣|懣然
5093,懤,U+61E4,chou2,chóu,used in 懤懤|㤽㤽[chou2 chou2],懤懤
5094,懥,U+61E5,zhi4,zhì,enraged,
5095,懦,U+61E6,nuo4,nuò,(bound form) cowardly; faint-hearted,怯懦|愚懦|懦夫
5096,懧,U+61E7,nuo4,nuò,,
5097,懨,U+61E8,yan1,yān,used in 懨懨|恹恹[yan1 yan1],懨懨|病懨懨
5098,懩,U+61E9,yang3,yǎng,,
5099,懪,U+61EA,bo2,bó,,
5100,懫,U+61EB,zhi4,zhì,enraged,
5101,懬,U+61EC,kuang4,kuàng,,
5102,懭,U+61ED,kuang3,kuǎng,,
5103,懮,U+61EE,you3|you1,yǒu|yōu,grievous,懮慮|懮虑|擔懮
5104,懯,U+61EF,fu1,fū,,
5105,懰,U+61F0,liu2|liu3,liú|liǔ,lovely,
5106,懱,U+61F1,mie4,miè,variant of 蔑[mie4],
5107,懲,U+61F2,cheng2,chéng,to punish,勸善懲惡|嚴懲|嚴懲不貸
5108,懳,U+61F3,hui,hui,,
5109,懴,U+61F4,chan4,chàn,,
5110,懵,U+61F5,meng3|meng4,měng|mèng,stupid,懵懂|懵懵懂懂|懵逼
5111,懶,U+61F6,lan3|lai4,lǎn|lài,lazy,伸懶腰|偷懶|好吃懶做
5112,懷,U+61F7,huai2,huái,surname Huai,不懷好意|仁懷|仁懷市
5113,懸,U+61F8,xuan2,xuán,to hang or suspend,中蘇解決懸案大綱協定|倒懸|倒懸之危
5114,懹,U+61F9,rang4,ràng,,
5115,懺,U+61FA,chan4,chàn,(bound form) to feel remorse,懺悔|拜懺
5116,懻,U+61FB,ji4,jì,,
5117,懼,U+61FC,ju4,jù,to fear,危懼|同性戀恐懼症|坦然無懼
5118,懽,U+61FD,huan1|guan4,huān|guàn,variant of 歡|欢[huan1],
5119,懾,U+61FE,she4,shè,(bound form) to fear; to be cowed,威懾|威懾力量|懾人
5120,懿,U+61FF,yi4|yi1,yì|yī,(literary) exemplary; virtuous,司馬懿|司马懿|唐懿宗
5121,戀,U+6200,lian4,liàn,to feel attached to,三角戀愛|依戀|初戀
5122,戁,U+6201,nan3,nǎn,stand in awe,
5123,戂,U+6202,mi2|mo2,mí|mó,,
5124,戃,U+6203,tang3,tǎng,,
5125,戄,U+6204,jue2,jué,to fear,
5126,戅,U+6205,gang4,gàng,,
5127,戆,U+6206,gang4|zhuang4,gàng|zhuàng,stupid (Wu dialect),戆督|戆头戆脑
5128,戇,U+6207,zhuang4|gang4,zhuàng|gàng,stupid (Wu dialect),戇督|戇頭戇腦
5129,戈,U+6208,ge1,gē,surname Ge,伊戈爾|伊戈尔|伊戈爾斯
5130,戉,U+6209,yue4,yuè,variant of 鉞|钺[yue4],
5131,戊,U+620A,wu4,wù,fifth of the ten Heavenly Stems 十天干[shi2 tian1 gan1],亞硝酸異戊酯|亚硝酸异戊酯|戊五醇
5132,戋,U+620B,jian1,jiān,narrow,戋戋
5133,戌,U+620C,xu1|qu,xū|qu,used in 屈戌兒|屈戌儿[qu1 qu5 r5],丙戌|壬戌|屈戌兒
5134,戍,U+620D,shu4,shù,garrison,屯戍|征戍|戍卒
5135,戎,U+620E,rong2|reng1,róng|rēng,surname Rong,兵戎|兵戎相見|兵戎相见
5136,戏,U+620F,xi4|hu1,xì|hū,variant of 戲|戏[xi4],三个女人一台戏|上海戏剧学院|中央戏剧学院
5137,成,U+6210,cheng2,chéng,surname Cheng,一事無成|一事无成|一口吃不成胖子
5138,我,U+6211,wo3,wǒ,I; me; my,三人行，則必有我師|三人行，则必有我师|三人行，必有我師
5139,戒,U+6212,jie4,jiè,to guard against,以示警戒|傳戒|传戒
5140,戓,U+6213,ge1,gē,,
5141,戔,U+6214,jian1|can2,jiān|cán,narrow,戔戔
5142,戕,U+6215,qiang1|zang1,qiāng|zāng,to kill,戕害|自戕
5143,或,U+6216,huo4|yu4,huò|yù,maybe,不可或缺|亦或|倘或
5144,戗,U+6217,qiang1|qiang4,qiāng|qiàng,contrary,够戗|戗风
5145,战,U+6218,zhan4,zhàn,to fight,一战|丁卯战争|不列颠保卫战
5146,戙,U+6219,dong4,dòng,,
5147,戚,U+621A,qi1|cu4,qī|cù,variant of 戚[qi1],休戚相關|休戚相关|君子坦蕩蕩，小人長戚戚
5148,戛,U+621B,jia2|ga1,jiá|gā,used in 戛納|戛纳[Ga1 na4],戛戛|戛戛獨造|戛戛独造
5149,戜,U+621C,die2,dié,,
5150,戝,U+621D,zei2,zéi,old variant of 賊|贼[zei2],
5151,戞,U+621E,jia2,jiá,variant of 戛[jia2],
5152,戟,U+621F,ji3,jǐ,halberd,三叉戟|刀槍劍戟|刀枪剑戟
5153,戠,U+6220,zhi1|zhi2,zhī|zhí,to gather,
5154,戡,U+6221,kan1|zhen3,kān|zhěn,kill,
5155,戢,U+6222,ji2,jí,surname Ji,
5156,戣,U+6223,kui2,kuí,a lance,
5157,戤,U+6224,gai4,gài,infringe upon a trade mark,
5158,戥,U+6225,deng3,děng,small steelyard for weighing money,
5159,戦,U+6226,zhan4,zhàn,Japanese variant of 戰|战,
5160,戧,U+6227,qiang1|chuang1|qiang4,qiāng|chuāng|qiàng,contrary,夠戧|戧風
5161,戨,U+6228,ge1,gē,,
5162,戩,U+6229,jian3,jiǎn,carry to the utmost,
5163,截,U+622A,jie2,jié,to cut off (a length),半截|半截衫|堵截
5164,戫,U+622B,yu4,yù,,
5165,戬,U+622C,jian3,jiǎn,carry to the utmost,
5166,戭,U+622D,yan3|you3,yǎn|yǒu,spear,
5167,戮,U+622E,lu4,lù,to peel with a knife,刑戮|夷戮|屠戮
5168,戯,U+622F,hu1|xi4,hū|xì,variant of 戲|戏[xi4],
5169,戰,U+6230,zhan4,zhàn,to fight,一戰|丁卯戰爭|不列顛保衛戰
5170,戱,U+6231,xi4,xì,variant of 戲|戏[xi4],
5171,戲,U+6232,xi4|hu1|xi1|hui1|suo1|yi1,xì|hū|xī|huī|suō|yī,trick,三個女人一臺戲|上海戲劇學院|中央戲劇學院
5172,戳,U+6233,chuo1,chuō,to jab,刺戳|戳不住|戳份兒
5173,戴,U+6234,dai4,dài,surname Dai,不共戴天|佩戴|北戴河
5174,戵,U+6235,qu2,qú,,
5175,戶,U+6236,hu4,hù,a household,佃戶|住戶|保戶
5176,户,U+6237,hu4,hù,a household,佃户|住户|保户
5177,戸,U+6238,hu4,hù,variant of 戶|户[hu4],
5178,戹,U+6239,e4,è,variant of 厄[e4],
5179,戺,U+623A,shi4|yi2,shì|yí,door pivot,
5180,戻,U+623B,ti4,tì,Japanese variant of 戾[li4],
5181,戼,U+623C,mao3,mǎo,old variant of 卯[mao3],
5182,戽,U+623D,hu4,hù,water bucket for irrigation,戽斗|戽水
5183,戾,U+623E,li4,lì,to bend,乖戾|兇戾|凶戾
5184,房,U+623F,fang2|pang2,fáng|páng,surname Fang,K房|一房一廳|一房一厅
5185,所,U+6240,suo3,suǒ,actually,一如所料|一無所動|一无所动
5186,扁,U+6241,bian3|pian1|bian1|pian2,biǎn|piān|biān|pián,surname Pian,倒扁|壓扁|压扁
5187,扂,U+6242,dian4,diàn,door latch,扂楔
5188,扃,U+6243,jiong1|jiong3,jiōng|jiǒng,(literary) to shut or bolt a door,
5189,扄,U+6244,shang3|jiong1,shǎng|jiōng,,
5190,扅,U+6245,yi2,yí,,
5191,扆,U+6246,yi3,yǐ,surname Yi,
5192,扇,U+6247,shan4|shan1,shàn|shān,to fan,六扇門|六扇门|合扇
5193,扈,U+6248,hu4,hù,surname Hu,囂張跋扈|嚣张跋扈|跋扈
5194,扉,U+6249,fei1,fēi,door with only one leaf,心扉|扉畫|扉画
5195,扊,U+624A,yan3,yǎn,upright bar for fastening a door,
5196,手,U+624B,shou3,shǒu,hand,USB手指|一展身手|一手
5197,扌,U+624C,shou,shou,"""hand"" radical in Chinese characters (Kangxi radical 64), occurring in 提, 把, 打 etc",
5198,才,U+624D,cai2|zai1,cái|zāi,ability; talent,不才|不打不成才|人才
5199,扎,U+624E,zha1|za1|zha2|zha3,zhā|zā|zhá|zhǎ,to prick,乞力馬扎羅山|乞力马扎罗山|包扎
5200,扏,U+624F,qiu2,qiú,,
5201,扐,U+6250,le4|li4|cai2,lè|lì|cái,divination by straw,
5202,扑,U+6251,pu1|pi4,pū|pì,to throw oneself at,代数拓扑|反扑|几何拓扑
5203,扒,U+6252,ba1|pa2|bai4|bie2,bā|pá|bài|bié,to peel,周扒皮|扒屋牽牛|扒屋牵牛
5204,打,U+6253,da3|da2,dǎ|dá,(loanword) dozen,3D打印|一打|一棍子打死
5205,扔,U+6254,reng1|reng4,rēng|rèng,to throw,亂扔|乱扔|互扔
5206,払,U+6255,fan3,fǎn,to take,
5207,扖,U+6256,ru4,rù,,
5208,扗,U+6257,zai4,zài,old variant of 在[zai4],
5209,托,U+6258,tuo1,tuō,to hold up in one's hand; to support with one's palm,中國國際信托投資公司|中国国际信托投资公司|交托
5210,扙,U+6259,zhang4,zhàng,,
5211,扚,U+625A,diao3|di2|yue1|li4,diǎo|dí|yuē|lì,,
5212,扛,U+625B,kang2|gang1,káng|gāng,to raise aloft with both hands,扛把子|肩扛
5213,扜,U+625C,yu1|wu1,yū|wū,,
5214,扝,U+625D,ku1|wu1,kū|wū,,
5215,扞,U+625E,gan3|han4,gǎn|hàn,variant of 捍[han4],
5216,扟,U+625F,shen1,shēn,,
5217,扠,U+6260,cha1|chai1|zha3,chā|chāi|zhǎ,to fork,
5218,扡,U+6261,tuo1|yi3|chi3,tuō|yǐ|chǐ,drag along,
5219,扢,U+6262,gu3|qi4|jie2|ge1,gǔ|qì|jié|gē,clean,
5220,扣,U+6263,kou4,kòu,to fasten,QR扣|七折八扣|不折不扣
5221,扤,U+6264,wu4,wù,to shake,
5222,扥,U+6265,den4,dèn,,
5223,扦,U+6266,qian1,qiān,"short slender pointed piece of metal, bamboo etc",扦插|扦腳|扦脚
5224,执,U+6267,zhi2,zhí,to execute (a plan),中央执行委员会|仗义执言|偏执
5225,扨,U+6268,ren4,rèn,,
5226,扩,U+6269,kuo4,kuò,to enlarge,不扩散核武器条约|可扩展标记语言|彩扩
5227,扪,U+626A,men2,mén,lay hands on,扪心无愧|扪心自问
5228,扫,U+626B,sao3|sao4,sǎo|sào,to sweep (with a brush or broom),一扫而光|一扫而空|各人自扫门前雪，莫管他家瓦上霜
5229,扬,U+626C,yang2,yáng,abbr. for Yangzhou 揚州|扬州[Yang2 zhou1] in Jiangsu,上扬|上扬趋势|不事张扬
5230,扭,U+626D,niu3|chou3|zhou3|zhou4,niǔ|chǒu|zhǒu|zhòu,to turn,七扭八歪|強扭的瓜不甜|强扭的瓜不甜
5231,扮,U+626E,ban4|fen3|fen1|huo3,bàn|fěn|fēn|huǒ,to disguise oneself as,假扮|喬裝打扮|乔装打扮
5232,扯,U+626F,che3,chě,to pull,丟輪扯砲|丢轮扯炮|互相扯皮
5233,扰,U+6270,rao3|you4,rǎo|yòu,to disturb,不胜其扰|侵扰|兵戈扰攘
5234,扱,U+6271,xi1|cha1|qi4,xī|chā|qì,to collect,
5235,扲,U+6272,qian2|qin2,qián|qín,,
5236,扳,U+6273,ban1|pan1,bān|pān,to pull,內六角扳手|内六角扳手|劈空扳害
5237,扴,U+6274,jia2,jiá,,
5238,扵,U+6275,yu2,yú,,
5239,扶,U+6276,fu2|pu2,fú|pú,to support with the hand,匡扶社稷|幫扶|帮扶
5240,扷,U+6277,ao4,ào,,
5241,扸,U+6278,xi1|zhe2,xī|zhé,,
5242,批,U+6279,pi1|pi2,pī|pí,to ascertain,分批|反批評|反批评
5243,扺,U+627A,zhi3|qi2,zhǐ|qí,,
5244,扻,U+627B,zhi4|sun3|kan3,zhì|sǔn|kǎn,to strike,
5245,扼,U+627C,e4,è,to grip forcefully,扼制|扼喉撫背|扼喉抚背
5246,扽,U+627D,den4,dèn,to yank,
5247,找,U+627E,zhao3|hua2,zhǎo|huá,to try to find,不用找|尋找|寻找
5248,承,U+627F,cheng2|zheng3|zheng4,chéng|zhěng|zhèng,surname Cheng,一脈相承|一脉相承|不承認主義
5249,技,U+6280,ji4|qi2,jì|qí,skill,一技之長|一技之长|中國國防科技信息中心
5250,抁,U+6281,yan3,yǎn,,
5251,抂,U+6282,kuang2|wang3,kuáng|wǎng,,
5252,抃,U+6283,bian4,biàn,to applaud,喜躍抃舞|喜跃抃舞|抃悅
5253,抄,U+6284,chao1|suo1|chao4|chao3,chāo|suō|chào|chǎo,to make a copy,一言抄百總|一言抄百总|做小抄
5254,抅,U+6285,ju1,jū,,
5255,抆,U+6286,wen3,wěn,to wipe,
5256,抇,U+6287,hu2,hú,,
5257,抈,U+6288,yue4,yuè,to bend,
5258,抉,U+6289,jue2,jué,to pick out,抉擇|抉择
5259,把,U+628A,ba3|ba4|pa2,bǎ|bà|pá,to hold; to grasp,一把好手|一把屎一把尿|一把年紀
5260,抋,U+628B,qin4,qìn,,
5261,抌,U+628C,dan3|shen3,dǎn|shěn,(archaic) to strike forcefully; to stab,
5262,抍,U+628D,zheng3,zhěng,,
5263,抎,U+628E,yun3,yǔn,,
5264,抏,U+628F,wan2,wán,to consume,遊抏|游抏
5265,抐,U+6290,ne4|ni4|na4|rui4,nè|nì|nà|ruì,,
5266,抑,U+6291,yi4,yì,to restrain,共模抑制比|冤抑|壓抑
5267,抒,U+6292,shu1,shū,to express,各抒己見|各抒己见|抒寫
5268,抓,U+6293,zhua1,zhuā,to grab,一把抓|一抓一大把|主抓
5269,抔,U+6294,pou2,póu,take up in both hands,
5270,投,U+6295,tou2|dou4,tóu|dòu,"to throw (sth in a specific direction: ball, javelin, grenade etc)",一舉手一投足|一举手一投足|不信任投票
5271,抖,U+6296,dou3,dǒu,to tremble,嚇得發抖|吓得发抖|戰抖
5272,抗,U+6297,kang4|gang1,kàng|gāng,to resist,不可抗力|不可抗拒|不抵抗主義
5273,折,U+6298,zhe2|she2|zhe1|ti2,zhé|shé|zhē|tí,to snap,一折兩段|一折两段|一波三折
5274,抙,U+6299,pou2,póu,,
5275,抚,U+629A,fu3,fǔ,to comfort,安抚|安抚奶嘴|巡抚
5276,抛,U+629B,pao1,pāo,to throw,打抛|打抛猪|抛下
5277,抜,U+629C,ba2,bá,Japanese variant of 拔[ba2],
5278,抝,U+629D,ao3|ao4|niu4,ǎo|ào|niù,variant of 拗[ao4],
5279,択,U+629E,ze2,zé,Japanese variant of 擇|择,
5280,抟,U+629F,tuan2,tuán,to roll up into a ball with one's hands (variant of 團|团[tuan2]),抟沙|抟风|抟饭
5281,抠,U+62A0,kou1,kōu,to dig; to pick; to scratch (with a finger or sth pointed),抠图|抠字眼|抠字眼儿
5282,抡,U+62A1,lun1|lun2,lūn|lún,"to swing (one's arms, a heavy object)",抡元|胡抡
5283,抢,U+62A2,qiang3|qiang1,qiǎng|qiāng,(literary) to knock against (esp. to knock one's head on the ground in grief or rage),不偷不抢|呼天抢地|哄抢
5284,抣,U+62A3,yun,yun,,
5285,护,U+62A4,hu4,hù,to protect,一类保护动物|三北防护林|伊通自然保护区
5286,报,U+62A5,bao4,bào,to report; to inform; to announce,上报|世界报|世界日报
5287,抦,U+62A6,bing3,bǐng,old variant of 秉[bing3],
5288,抧,U+62A7,zhi3|zhai3,zhǐ|zhǎi,,
5289,抨,U+62A8,peng1|beng1,pēng|bēng,attack,抨擊|抨击
5290,抩,U+62A9,nan2,nán,,
5291,抪,U+62AA,bu4|pu1|ba2,bù|pū|bá,,
5292,披,U+62AB,pi1,pī,to drape over one's shoulders,戴月披星|所向披靡|披垂
5293,抬,U+62AC,tai2|chi1,tái|chī,to lift,不識抬舉|不识抬举|低頭不見抬頭見
5294,抭,U+62AD,yao3|tao1,yǎo|tāo,,
5295,抮,U+62AE,zhen3,zhěn,,
5296,抯,U+62AF,zha1,zhā,,
5297,抰,U+62B0,yang1,yāng,,
5298,抱,U+62B1,bao4|pao1|pou3,bào|pāo|pǒu,to hold,公主抱|合抱|平時不燒香，臨時抱佛腳
5299,抲,U+62B2,he1|he4|qia1,hē|hè|qiā,,
5300,抳,U+62B3,ni3|ni2,nǐ|ní,,
5301,抴,U+62B4,ye4|she2,yè|shé,to pull,
5302,抵,U+62B5,di3|zhi3|qi2,dǐ|zhǐ|qí,to press against; to support; to prop up,不抵抗主義|不抵抗主义|以身抵債
5303,抶,U+62B6,chi4,chì,beat,
5304,抷,U+62B7,pi1|pei1,pī|pēi,,
5305,抸,U+62B8,jia1,jiā,,
5306,抹,U+62B9,mo3|ma1|mo4,mǒ|mā|mò,to wipe,一筆抹殺|一笔抹杀|一筆抹煞
5307,抺,U+62BA,mei4,mèi,,
5308,抻,U+62BB,chen1|shen1,chēn|shēn,to pull,抻麵|抻面
5309,押,U+62BC,ya1|xia2|jia3,yā|xiá|jiǎ,to mortgage,典押|扣押|抵押
5310,抽,U+62BD,chou1,chōu,to draw out,倒抽一口氣|倒抽一口气|回抽
5311,抾,U+62BE,qu1,qū,,
5312,抿,U+62BF,min3,mǐn,to smooth hair with a wet brush,一抿子|抿子
5313,拀,U+62C0,chu4,chù,,
5314,拁,U+62C1,jia1|ya2,jiā|yá,,
5315,拂,U+62C2,fu2|bi4|pi4|fei4,fú|bì|pì|fèi,old variant of 弼[bi4],吹拂|拂動|拂动
5316,拃,U+62C3,zha3|zhan3|zha4|zha2,zhǎ|zhǎn|zhà|zhá,span (unit of length based on the width of the expanded human hand),
5317,拄,U+62C4,zhu3,zhǔ,to lean on,
5318,担,U+62C5,dan1|dan4|dan3|jie1,dān|dàn|dǎn|jiē,to undertake,债务担保证券|公担|分担
5319,拆,U+62C6,chai1|che4|chi4|ca1,chāi|chè|chì|cā,to tear open,人艱不拆|人艰不拆|分拆
5320,拇,U+62C7,mu3,mǔ,thumb,二拇指|大拇哥|大拇指
5321,拈,U+62C8,nian1|nian3|dian1,niān|niǎn|diān,to nip,惹草拈花|手到拈來|手到拈来
5322,拉,U+62C9,la1|la2|la3|la4|la,lā|lá|lǎ|là|la,to pull,不拉嘰|不拉叽|不拉幾
5323,拊,U+62CA,fu3|fu1|bu3,fǔ|fū|bǔ,pat,拊掌|拊髀
5324,拋,U+62CB,pao1,pāo,to throw,打拋|打拋豬|拋下
5325,拌,U+62CC,ban4|pan1,bàn|pān,to mix,拌和|拌嘴|拌嘴鬥舌
5326,拍,U+62CD,pai1|bo2,pāi|bó,to pat,一個巴掌拍不響|一个巴掌拍不响|一拍兩散
5327,拎,U+62CE,lin1|ling1,līn|līng,to lift up; to carry in one's hand,拎包|拎包黨|拎包党
5328,拏,U+62CF,na2,ná,variant of 拿[na2],
5329,拐,U+62D0,guai3,guǎi,to turn (a corner etc),一瘸一拐|七彎八拐|七弯八拐
5330,拑,U+62D1,qian2,qián,pliers,
5331,拒,U+62D2,ju4|ju3,jù|jǔ,to resist,不可抗拒|來者不拒|来者不拒
5332,拓,U+62D3,tuo4|ta4|zhi2,tuò|tà|zhí,surname Tuo,代數拓撲|代数拓扑|力拓
5333,拔,U+62D4,ba2|bo1|bie2|fa2|bei4,bá|bō|bié|fá|bèi,to pull up,一毛不拔|人家牽驢你拔橛|人家牵驴你拔橛
5334,拕,U+62D5,tuo1,tuō,variant of 拖[tuo1],
5335,拖,U+62D6,tuo1|chi3,tuō|chǐ,variant of 拖[tuo1],人字拖|人字拖鞋|地毯拖鞋
5336,拗,U+62D7,ao3|ao4|niu4|yu4,ǎo|ào|niù|yù,variant of 拗[ao4],三拗湯|三拗汤|執拗
5337,拘,U+62D8,ju1|gou1|ju3|ju2,jū|gōu|jǔ|jú,to capture,不加拘束|不拘|不拘一格
5338,拙,U+62D9,zhuo1,zhuō,awkward,守拙|將勤補拙|将勤补拙
5339,拚,U+62DA,pan4|bian4|fen4|fan1|pin1,pàn|biàn|fèn|fān|pīn,to strive for,力拚|拚去|拚命
5340,招,U+62DB,zhao1|qiao2|shao2,zhāo|qiáo|sháo,to recruit,不打自招|中招|假招子
5341,拜,U+62DC,bai4|bai2,bài|bái,to bow to; to pay one's respects,下拜|亞塞拜然|亚塞拜然
5342,拝,U+62DD,bai4,bài,Japanese variant of 拜[bai4],
5343,拞,U+62DE,di3,dǐ,,
5344,拟,U+62DF,ni3,nǐ,doubtful,原拟|大拟啄木鸟|摹拟
5345,拠,U+62E0,ju4,jù,Japanese variant of 據|据,
5346,拡,U+62E1,kuo4,kuò,Japanese variant of 擴|扩,
5347,拢,U+62E2,long3,lǒng,to gather together; to collect,并拢|汇拢|合不拢嘴
5348,拣,U+62E3,jian3,jiǎn,to choose,分拣|披沙拣金|挑三拣四
5349,拤,U+62E4,qia2,qiá,to grip with both hands,
5350,拥,U+62E5,yong1,yōng,to hold in one's arms; to embrace,一拥而上|一拥而入|交通拥挤
5351,拦,U+62E6,lan2,lán,to block sb's path,口无遮拦|广告拦截器|拦住
5352,拧,U+62E7,ning2|ning3|ning4,níng|nǐng|nìng,to pinch,拧巴|拧成一股绳|拧开
5353,拨,U+62E8,bo1,bō,"to push aside with the hand, foot, a stick etc",一拨儿|划拨|四两拨千斤
5354,择,U+62E9,ze2|zhai2,zé|zhái,to select,不加选择|不择手段|别无选择
5355,拪,U+62EA,qian1,qiān,old variant of 遷|迁[qian1],
5356,拫,U+62EB,hen2,hén,to pull,
5357,括,U+62EC,kuo4|gua1,kuò|guā,(bound form) to tie up; to tighten up,中括號|中括号|六角括號
5358,拭,U+62ED,shi4,shì,to wipe,拂拭|拭子|拭抹
5359,拮,U+62EE,jie2|jia2,jié|jiá,antagonistic,受體拮抗劑|受体拮抗剂|拮据
5360,拯,U+62EF,zheng3,zhěng,to raise,包拯|拯救|拯救大兵瑞恩
5361,拰,U+62F0,nin3,nǐn,,
5362,拱,U+62F1,gong3|ju2,gǒng|jú,to cup one's hands in salute,假拱|半拱|圓拱
5363,拲,U+62F2,gong3,gǒng,,
5364,拳,U+62F3,quan2,quán,fist,五祖拳|八卦拳|八極拳
5365,拴,U+62F4,shuan1|quan2,shuān|quán,to tie up,拴住
5366,拵,U+62F5,cun2|zun4,cún|zùn,,
5367,拶,U+62F6,za1|zan3,zā|zǎn,(literary) to force; to coerce,拶刑|拶子|拶指
5368,拷,U+62F7,kao3,kǎo,to beat,嚴刑拷打|严刑拷打|拷問
5369,拸,U+62F8,yi2|chi3|hai4,yí|chǐ|hài,,
5370,拹,U+62F9,xie2,xié,,
5371,拺,U+62FA,ce4|se4|chuo4,cè|sè|chuò,,
5372,拻,U+62FB,hui1,huī,,
5373,拼,U+62FC,pin1|bing4,pīn|bìng,to piece together; to put together,七拼八湊|七拼八凑|全拼
5374,拽,U+62FD,zhuai1|zhuai4|ye4,zhuāi|zhuài|yè,variant of 曳[ye4],奶拽|拖拽|拽姐
5375,拾,U+62FE,shi2|she4|jie4,shí|shè|jiè,to ascend in light steps,一發不可收拾|一发不可收拾|不可收拾
5376,拿,U+62FF,na2,ná,old variant of 拿[na2],一把死拿|亞米拿達|亚米拿达
5377,挀,U+6300,bai1,bāi,,
5378,持,U+6301,chi2,chí,to hold,主持|主持人|住持
5379,挂,U+6302,gua4,guà,to hang; to suspend (from a hook etc),一丝不挂|不足挂齿|事不关己，高高挂起
5380,挃,U+6303,zhi4|die2,zhì|dié,,
5381,挄,U+6304,kuo4|guang1,kuò|guāng,,
5382,挅,U+6305,duo3|duo4,duǒ|duò,,
5383,挆,U+6306,duo3,duǒ,,
5384,指,U+6307,zhi3|zhi1|zhi2,zhǐ|zhī|zhí,finger,USB手指|一彈指頃|一弹指顷
5385,挈,U+6308,qie4|qi4|jia2|qia4|shi4,qiè|qì|jiá|qià|shì,to raise,挈帶|挈带|挈挈
5386,按,U+6309,an4,àn,to press,按下|按下葫蘆浮起瓢|按下葫芦浮起瓢
5387,挊,U+630A,nong4,nòng,old variant of 弄[nong4],
5388,挋,U+630B,zhen4,zhèn,,
5389,挌,U+630C,ge2|he2,gé|hé,fight,
5390,挍,U+630D,jiao4|jiao1,jiào|jiāo,compare,
5391,挎,U+630E,kua4|ku1|kou1,kuà|kū|kōu,"to carry (esp. slung over the arm, shoulder or side)",挎兜|挎兜兒|挎兜儿
5392,挏,U+630F,dong4,dòng,,
5393,挐,U+6310,na2|ru2|nu2,ná|rú|nú,to apprehend,
5394,挑,U+6311,tiao1|tiao3|tao2|diao4|tiao2|tiao,tiāo|tiǎo|táo|diào|tiáo|tiao,to carry on a shoulder pole,剃頭挑子一頭熱|剃头挑子一头热|千挑萬選
5395,挒,U+6312,lie4,liè,,
5396,挓,U+6313,zha1,zhā,to open out,
5397,挔,U+6314,lv3,lǚ,erroneous variant of 旅[lu : 3],
5398,挕,U+6315,die2|she4,dié|shè,,
5399,挖,U+6316,wa1,wā,to dig,吃水不忘挖井人|挖土機|挖土机
5400,挗,U+6317,jue2,jué,,
5401,挘,U+6318,lie3,liě,,
5402,挙,U+6319,ju3,jǔ,Japanese variant of 舉|举,
5403,挚,U+631A,zhi4,zhì,surname Zhi,挚切|挚友|挚友良朋
5404,挛,U+631B,luan2,luán,(bound form) (of muscles) to cramp; to spasm,拘挛|拘挛儿|挛缩
5405,挜,U+631C,ya4,yà,attach,
5406,挝,U+631D,wo1|zhua1,wō|zhuā,used 老撾|老挝[Lao3 wo1],老挝|飞挝
5407,挞,U+631E,ta4,tà,(bound form) to whip; to flog,大张挞伐|笞挞|葡挞
5408,挟,U+631F,xie2|jia1,xié|jiā,old variant of 夾|夹[jia1],挟制|挟天子以令天下|挟天子以令诸侯
5409,挠,U+6320,nao2,náo,to scratch,不屈不挠|屈挠|干挠
5410,挡,U+6321,dang3|dang4,dǎng|dàng,to resist,N挡|P挡|低速挡
5411,挢,U+6322,jiao3,jiǎo,to raise,
5412,挣,U+6323,zheng1|zheng4,zhēng|zhèng,used in 掙扎|挣扎[zheng1 zha2],垂死挣扎|挣得|挣扎
5413,挤,U+6324,ji3,jǐ,to crowd in,交通拥挤|以小挤大|压挤
5414,挥,U+6325,hui1,huī,to wave,一挥而就|借题发挥|即兴发挥
5415,挦,U+6326,xian2,xián,to pull out (esp. hair or feathers),
5416,挧,U+6327,yu3,yǔ,,
5417,挨,U+6328,ai1|ai2,āi|ái,in order; in sequence,受凍挨餓|受冻挨饿|忍飢挨餓
5418,挩,U+6329,tuo1,tuō,,
5419,挪,U+632A,nuo2,nuó,to shift,展轉騰挪|展转腾挪|挪亞
5420,挫,U+632B,cuo4|zuo4,cuò|zuò,obstructed,下挫|力挫|受挫
5421,挬,U+632C,bo2,bó,,
5422,挭,U+632D,geng3,gěng,,
5423,挮,U+632E,ti3|ti4,tǐ|tì,,
5424,振,U+632F,zhen4|zhen1|zhen3,zhèn|zhēn|zhěn,to shake,一蹶不振|三振|三振出局
5425,挰,U+6330,cheng2,chéng,,
5426,挱,U+6331,sa1|sha1|suo1,sā|shā|suō,variant of 挲[suo1],
5427,挲,U+6332,sa1|suo1|sha1,sā|suō|shā,variant of 挲[suo1],摩挲
5428,挳,U+6333,keng1,kēng,,
5429,挴,U+6334,mei3,měi,,
5430,挵,U+6335,nong4,nòng,old variant of 弄[nong4],
5431,挶,U+6336,ju1,jū,structure for carrying dirt,
5432,挷,U+6337,peng2,péng,,
5433,挸,U+6338,jian3,jiǎn,,
5434,挹,U+6339,yi4,yì,(literary) to scoop up; to ladle out,挹取|挹掬|挹注
5435,挺,U+633A,ting3|ting2,tǐng|tíng,straight,丫挺|伏地挺身|力挺
5436,挻,U+633B,shan1|yan2,shān|yán,,
5437,挼,U+633C,rua2|ruo2|sui1|luo4,ruá|ruó|suī|luò,(dialect) (of paper or cloth) wrinkled; crumpled,
5438,挽,U+633D,wan3,wǎn,to pull,不可挽回|力挽狂瀾|力挽狂澜
5439,挾,U+633E,xie2|jia1,xié|jiā,old variant of 夾|夹[jia1],挾制|挾天子以令天下|挾天子以令諸侯
5440,挿,U+633F,cha1,chā,Japanese variant of 插[cha1],
5441,捀,U+6340,feng2,féng,,
5442,捁,U+6341,jiao3|ku4,jiǎo|kù,,
5443,捂,U+6342,wu3|wu2,wǔ|wú,to enclose,捂住|捂臉|捂脸
5444,捃,U+6343,jun4,jùn,gather,
5445,捄,U+6344,jiu4|ju1|qiu2,jiù|jū|qiú,variant of 救[jiu4],
5446,捅,U+6345,tong3,tǒng,to poke; to jab,捅嘍子|捅喽子|捅婁子
5447,捆,U+6346,kun3|hun2,kǔn|hún,a bunch,捆紮|捆扎|捆綁
5448,捇,U+6347,huo4|chi4,huò|chì,,
5449,捈,U+6348,tu2|shu1|cha2,tú|shū|chá,,
5450,捉,U+6349,zhuo1,zhuō,to clutch,不管白貓黑貓，捉住老鼠就是好貓|不管白猫黑猫，捉住老鼠就是好猫|捉住
5451,捊,U+634A,pou2|pou1|fu1,póu|pōu|fū,,
5452,捋,U+634B,lv3|luo1,lǚ|luō,to smooth or arrange sth using one's fingers,捋胳膊|捋臂揎拳|捋虎鬚
5453,捌,U+634C,ba1|bie2,bā|bié,eight (banker's anti-fraud numeral),
5454,捍,U+634D,han4|xian4|gan3,hàn|xiàn|gǎn,variant of 捍[han4],捍衛|捍卫|捍衛者
5455,捎,U+634E,shao1|shao4|shao3|xiao1|qiao4,shāo|shào|shǎo|xiāo|qiào,to bring sth to sb,捎來|捎来|捎信
5456,捏,U+634F,nie1,niē,to hold between the thumb and fingers,憑空捏造|凭空捏造|扭扭捏捏
5457,捐,U+6350,juan1|yuan2,juān|yuán,to relinquish; to abandon,募捐|器官捐獻者|器官捐献者
5458,捑,U+6351,ze4,zè,,
5459,捒,U+6352,shu4|sou1|song3,shù|sōu|sǒng,,
5460,捓,U+6353,ye2|yu2,yé|yú,old variant of 揶[ye2],
5461,捔,U+6354,jue2|zhuo2,jué|zhuó,,
5462,捕,U+6355,bu3,bǔ,to catch; to seize; to capture,不逮捕特權|不逮捕特权|兜捕
5463,捖,U+6356,wan2|gua1,wán|guā,,
5464,捗,U+6357,bu4|pu2|zhi4,bù|pú|zhì,to make progress,
5465,捘,U+6358,zun4,zùn,push,
5466,捙,U+6359,ye4,yè,erroneous variant of 拽[ye4],
5467,捚,U+635A,zhai1,zhāi,,
5468,捛,U+635B,lv3,lǚ,,
5469,捜,U+635C,sou1,sōu,Japanese variant of 搜[sou1],
5470,捝,U+635D,tuo1|shui4|yan3,tuō|shuì|yǎn,,
5471,捞,U+635E,lao1,lāo,to fish up,大海捞针|打捞|捕捞
5472,损,U+635F,sun3,sǔn,to decrease; to lose,丘脑损伤|停损单|停损点
5473,捠,U+6360,bang1,bāng,,
5474,捡,U+6361,jian3,jiǎn,to pick up; to collect; to gather,捡了芝麻丢了西瓜|捡到篮里就是菜|捡尸
5475,换,U+6362,huan4,huàn,to exchange,不等价交换|中文标准交换码|串换
5476,捣,U+6363,dao3,dǎo,to pound,捣乱|捣实|捣弄
5477,捤,U+6364,wei3,wěi,,
5478,捥,U+6365,wan4|wan1|wan3|yu4,wàn|wān|wǎn|yù,to bend the wrist,
5479,捦,U+6366,qin2,qín,,
5480,捧,U+6367,peng3|feng4,pěng|fèng,to hold or offer with both hands,受追捧|吹捧|捧上天
5481,捨,U+6368,she3,shě,to give up; to abandon,不捨|依依不捨|割捨
5482,捩,U+6369,lie4|li4,liè|lì,tear,轉捩|转捩|轉捩點
5483,捪,U+636A,min2,mín,,
5484,捫,U+636B,men2,mén,lay hands on,捫心無愧|捫心自問
5485,捬,U+636C,fu3|fu4|bu3,fǔ|fù|bǔ,,
5486,捭,U+636D,bai3|ba1|bi3,bǎi|bā|bǐ,to spread out,
5487,据,U+636E,ju4|ju1,jù|jū,variant of 據|据[ju4],事实根据|占据|依据
5488,捯,U+636F,dao2|dao3,dáo|dǎo,"(coll.) to reel in (string, yarn etc) by pulling hand over hand or by coiling",捯飭|捯饬
5489,捰,U+6370,wo3|luo4|luo3,wǒ|luò|luǒ,,
5490,捱,U+6371,ai2|ai1,ái|āi,variant of 挨[ai2],難捱|难捱
5491,捲,U+6372,juan3|quan2|juan4,juǎn|quán|juàn,to roll up,併捲機|墨西哥捲餅|席捲
5492,捳,U+6373,yue4,yuè,,
5493,捴,U+6374,zong3,zǒng,,
5494,捵,U+6375,chen1|tian3|nian3,chēn|tiǎn|niǎn,,
5495,捶,U+6376,chui2|duo3,chuí|duǒ,to beat (with a stick or one's fist); to thump; to pound,三皇炮捶|捶子|捶打
5496,捷,U+6377,jie2|qie4|cha1,jié|qiè|chā,variant of 捷[jie2],便捷|便捷化|保時捷
5497,捸,U+6378,tu1,tū,,
5498,捹,U+6379,ben4,bèn,,
5499,捺,U+637A,na4,nà,to press down firmly,按捺|按捺不住
5500,捻,U+637B,nian3|nie1|nian1,niǎn|niē|niān,to twirl (in the fingers),捻軍|捻军
5501,捼,U+637C,ruo2|wo1|wei3|re2,ruó|wō|wěi|ré,to rub,
5502,捽,U+637D,zuo2|cu4|su1|zun4,zuó|cù|sū|zùn,to seize,
5503,捾,U+637E,wo4|xia2,wò|xiá,,
5504,捿,U+637F,qi1,qī,,
5505,掀,U+6380,xian1|hen2,xiān|hén,to lift (a lid),掀動|掀动|掀天揭地
5506,掁,U+6381,cheng2,chéng,,
5507,掂,U+6382,dian1,diān,to weigh in the hand,掂量
5508,掃,U+6383,sao3|sao4,sǎo|sào,to sweep (with a brush or broom),一掃而光|一掃而空|各人自掃門前雪，莫管他家瓦上霜
5509,掄,U+6384,lun1|lun2,lūn|lún,"to swing (one's arms, a heavy object)",掄元|胡掄
5510,掅,U+6385,qing4,qìng,,
5511,掆,U+6386,gang1|gang4,gāng|gàng,,
5512,掇,U+6387,duo1|duo2|zhuo1,duō|duó|zhuō,to pick up; to collect; to gather up,拾掇|掇刀|掇刀區
5513,授,U+6388,shou4,shòu,(bound form) to confer; to give,人工授精|傳授|传授
5514,掉,U+6389,diao4|nuo2,diào|nuó,to fall,丟掉|丢掉|亂掉
5515,掊,U+638A,pou2|pou3|fu4|pei2,póu|pǒu|fù|péi,take up in both hands,
5516,掋,U+638B,di3|di4,dǐ|dì,,
5517,掌,U+638C,zhang3,zhǎng,palm of the hand,一個巴掌拍不響|一个巴掌拍不响|主掌
5518,掍,U+638D,hun4,hùn,edging (of a dress etc),
5519,掎,U+638E,ji3|yi3,jǐ|yǐ,drag,
5520,掏,U+638F,tao1|tao2,tāo|táo,to fish out (from pocket),掏出|掏包|掏心掏肺
5521,掐,U+6390,qia1,qiā,to pick (flowers),掐斷|掐断|掐架
5522,掑,U+6391,qi2,qí,,
5523,排,U+6392,pai2|pai3|bai4,pái|pǎi|bài,a row,一排|丁骨牛排|並排
5524,掓,U+6393,shu1,shū,,
5525,掔,U+6394,qian1|wan4,qiān|wàn,lead along,
5526,掕,U+6395,ling2,líng,,
5527,掖,U+6396,ye1|ye4,yē|yè,to tuck (into a pocket),宮掖|宫掖|張掖
5528,掗,U+6397,ya4|ya3,yà|yǎ,attach,
5529,掘,U+6398,jue2|ku1,jué|kū,to dig,吃水不忘掘井人|挖掘|挖掘機
5530,掙,U+6399,zheng1,zhēng,used in 掙扎|挣扎[zheng1 zha2],垂死掙扎|掙得|掙扎
5531,掚,U+639A,liang3,liǎng,,
5532,掛,U+639B,gua4,guà,to hang; to suspend (from a hook etc),一絲不掛|不足掛齒|事不關己，高高掛起
5533,掜,U+639C,yi4|ni3|nai2|nie4,yì|nǐ|nái|niè,,
5534,掝,U+639D,huo4|xu4,huò|xù,,
5535,掞,U+639E,shan4|yan4|yan3,shàn|yàn|yǎn,easy,
5536,掟,U+639F,zheng3|ding4,zhěng|dìng,(HK dialect) to throw,
5537,掠,U+63A0,lve4|lve3,lüè|lüě,to take over by force,前掠翼|劫掠|拷掠
5538,採,U+63A1,cai3,cǎi,to pick,剝採比|可採|可採性
5539,探,U+63A2,tan4|xian2,tàn|xián,to explore,一探究竟|偵探|侦探
5540,掣,U+63A3,che4,chè,to pull,安全掣|手掣|掣肘
5541,掤,U+63A4,bing1,bīng,arrow-quiver cover,
5542,接,U+63A5,jie1|xie2|sha4|cha1,jiē|xié|shà|chā,to receive,一個接一個|一个接一个|上氣不接下氣
5543,掦,U+63A6,ti4,tì,,
5544,控,U+63A7,kong4|kong1|qiang1,kòng|kōng|qiāng,to control,中控面板|介質訪問控制|介质访问控制
5545,推,U+63A8,tui1,tuī,to push,一推六二五|不完全歸納推理|不完全归纳推理
5546,掩,U+63A9,yan3|yan4,yǎn|yàn,to cover up; to conceal,不加掩飾|不加掩饰|兵來將擋，水來土掩
5547,措,U+63AA,cuo4|ze2|ci4,cuò|zé|cì,to handle,不知所措|倉皇失措|仓皇失措
5548,掫,U+63AB,zhou1|zou1|chou1,zhōu|zōu|chōu,beat the night watches,
5549,掬,U+63AC,ju1,jū,to hold in one's hands,一掬同情之淚|一掬同情之泪|可掬
5550,掭,U+63AD,tian4,tiàn,to smooth (a brush) against the inkstone (after dipping it in ink),
5551,掮,U+63AE,qian2,qián,to carry on the shoulder,掮客
5552,掯,U+63AF,ken4,kèn,to push down,
5553,掰,U+63B0,bai1,bāi,to break off or break open sth with one's hands,假掰|分星掰兩|分星掰两
5554,掱,U+63B1,pa2|shou3,pá|shǒu,variant of 扒[pa2] in 扒手[pa2 shou3],
5555,掲,U+63B2,jie1,jiē,Japanese variant of 揭,
5556,掳,U+63B3,lu3,lǔ,(bound form) to capture (sb),掳人勒赎|掳掠|掳获
5557,掴,U+63B4,guai1|guo2,guāi|guó,to slap,掌掴|耳掴子
5558,掵,U+63B5,ming,ming,,
5559,掶,U+63B6,jie2,jié,,
5560,掷,U+63B7,zhi4|zhi1,zhì|zhī,to toss,一掷千金|千金一掷|孤注一掷
5561,掸,U+63B8,dan3|shan4,dǎn|shàn,to brush away,掸子|掸邦|掸邦高原
5562,掹,U+63B9,meng,meng,,
5563,掺,U+63BA,can4|chan1|shan3,càn|chān|shǎn,to mix; to blend; to dilute; to adulterate,掺假|掺和|掺水
5564,掻,U+63BB,sao1,sāo,,
5565,掼,U+63BC,guan4,guàn,to fling,掼奶油|掼蛋
5566,掽,U+63BD,peng4,pèng,variant of 碰[peng4],
5567,掾,U+63BE,yuan4|chuan2,yuàn|chuán,official,
5568,掿,U+63BF,nuo4,nuò,,
5569,揀,U+63C0,jian3,jiǎn,to choose,分揀|披沙揀金|挑三揀四
5570,揁,U+63C1,zheng1|keng1,zhēng|kēng,,
5571,揂,U+63C2,jiu1|you2,jiū|yóu,,
5572,揃,U+63C3,jian3|jian1|qian1,jiǎn|jiān|qiān,shear,
5573,揄,U+63C4,yu2|chou1|you2|shu1|yao2,yú|chōu|yóu|shū|yáo,to draw out,扶揄|揄揚|揄扬
5574,揅,U+63C5,yan2,yán,(literary) variant of 研[yan2],
5575,揆,U+63C6,kui2,kuí,consider,閣揆|阁揆
5576,揇,U+63C7,nan3,nǎn,,
5577,揈,U+63C8,hong1|hong2|xuan4|ju1,hōng|hóng|xuàn|jū,,
5578,揉,U+63C9,rou2,róu,to knead,掰開揉碎|掰开揉碎|揉制
5579,揊,U+63CA,pi4|che4,pì|chè,,
5580,揋,U+63CB,wei1,wēi,,
5581,揌,U+63CC,sai1|cai1,sāi|cāi,to shake,
5582,揍,U+63CD,zou4|cou4,zòu|còu,to hit; to beat (sb),挨揍|揍人|揍扁
5583,揎,U+63CE,xuan1,xuān,to roll up one's sleeves,捋臂揎拳
5584,描,U+63CF,miao2|mao4,miáo|mào,to depict,人物描寫|人物描写|回描
5585,提,U+63D0,ti2|di1|chi2|shi2|di3,tí|dī|chí|shí|dǐ,used in 提防[di1 fang5] and 提溜[di1 liu5],一字不提|不提也罷|不提也罢
5586,揑,U+63D1,nie1,niē,variant of 捏[nie1],
5587,插,U+63D2,cha1|zha3,chā|zhǎ,to insert,不插電|不插电|倒插門
5588,揓,U+63D3,shi4,shì,to hold,
5589,揔,U+63D4,zong3|song1,zǒng|sōng,,
5590,揕,U+63D5,zhen4|zhen1,zhèn|zhēn,to hit,
5591,揖,U+63D6,yi1|ji2,yī|jí,to greet by raising clasped hands,作揖|張揖|张揖
5592,揗,U+63D7,xun2,xún,"strike, hit with hand",
5593,揘,U+63D8,yong2|huang2,yóng|huáng,used in 揘畢|揘毕[heng2 bi4],揘畢|揘毕
5594,揙,U+63D9,bian1|bian4,biān|biàn,,
5595,揚,U+63DA,yang2,yáng,abbr. for Yangzhou 揚州|扬州[Yang2 zhou1] in Jiangsu,上揚|上揚趨勢|不事張揚
5596,換,U+63DB,huan4,huàn,to exchange,不等價交換|中文標準交換碼|串換
5597,揜,U+63DC,yan3,yǎn,cover up,
5598,揝,U+63DD,zan3|zuan4,zǎn|zuàn,"to hold in the hand, to grasp",
5599,揞,U+63DE,an3|yan4|ye4,ǎn|yàn|yè,to apply (medicinal powder to a wound),
5600,揟,U+63DF,xu1|ju1,xū|jū,,
5601,揠,U+63E0,ya4,yà,to eradicate,揠苗助長|揠苗助长
5602,握,U+63E1,wo4|ou4,wò|òu,to hold; to grasp,在握|大權在握|大权在握
5603,揢,U+63E2,ke2|qia1,ké|qiā,,
5604,揣,U+63E3,chuai1|chuai3|chuai4|duo3|zhui1|tuan2,chuāi|chuǎi|chuài|duǒ|zhuī|tuán,"to put into (one's pockets, clothes)",不揣冒昧|囊揣|懸揣
5605,揤,U+63E4,ji2,jí,,
5606,揥,U+63E5,ti4|di4,tì|dì,get rid of,
5607,揦,U+63E6,la2|la4,lá|là,old variant of 攋[la4],揦子
5608,揧,U+63E7,la4,là,,
5609,揨,U+63E8,chen2,chén,,
5610,揩,U+63E9,kai1|jia2,kāi|jiá,to wipe,揩拭|揩擦|揩油
5611,揪,U+63EA,jiu1,jiū,to seize,揪住|揪出|揪心
5612,揫,U+63EB,jiu1,jiū,to gather,
5613,揬,U+63EC,tu2,tú,,
5614,揭,U+63ED,jie1|qi4|he2,jiē|qì|hé,surname Jie,三天不打，上房揭瓦|不到火候不揭鍋|不到火候不揭锅
5615,揮,U+63EE,hui1|hun2,huī|hún,to wave,一揮而就|借題發揮|即興發揮
5616,揯,U+63EF,gen4,gèn,,
5617,揰,U+63F0,chong4|dong3,chòng|dǒng,poke out,
5618,揱,U+63F1,xiao1|shuo4|xian1,xiāo|shuò|xiān,,
5619,揲,U+63F2,die2|she2|ye4,dié|shé|yè,sort out divining stalks,
5620,揳,U+63F3,xie1|xie4|xie2|jia2,xiē|xiè|xié|jiá,to hammer in (a nail),
5621,援,U+63F4,yuan2|huan4,yuán|huàn,to help,人道救援|備援|备援
5622,揵,U+63F5,qian2|jian4|jian3,qián|jiàn|jiǎn,carry,
5623,揶,U+63F6,ye2,yé,to gesticulate,揶揄
5624,揷,U+63F7,cha1,chā,old variant of 插[cha1],
5625,揸,U+63F8,zha1,zhā,to stretch fingers out,
5626,揹,U+63F9,bei1,bēi,variant of 背[bei1],揹債
5627,揺,U+63FA,yao2,yáo,Japanese variant of 搖|摇[yao2],
5628,揻,U+63FB,wei1,wēi,(dialect) to bend (a long and thin object),
5629,揼,U+63FC,beng,beng,,
5630,揽,U+63FD,lan3,lǎn,to monopolize; to seize,一揽子|九天揽月|兜揽
5631,揾,U+63FE,wen4|wu4,wèn|wù,to look for (Cantonese),揾钱|揾食
5632,揿,U+63FF,qin4,qìn,variant of 撳|揿[qin4],
5633,搀,U+6400,chan1,chān,to take by the arm and assist,搀假|搀兑|搀合
5634,搁,U+6401,ge1|ge2,gē|gé,to place,中途搁浅|延搁|担搁
5635,搂,U+6402,lou3|lou1,lǒu|lōu,to draw towards oneself,扒搂|抖搂|搂住
5636,搃,U+6403,zong3,zǒng,,
5637,搄,U+6404,gen4,gèn,,
5638,搅,U+6405,jiao3,jiǎo,to disturb,打搅|搅乱|搅动
5639,搆,U+6406,gou4|gou1,gòu|gōu,variant of 構|构[gou4],
5640,搇,U+6407,qin4,qìn,variant of 撳|揿[qin4],
5641,搈,U+6408,rong2,róng,,
5642,搉,U+6409,que4|huo1,què|huō,consult,
5643,搊,U+640A,chou1|zou3|zhu1,chōu|zǒu|zhū,pluck (stringed instrument),
5644,搋,U+640B,chuai1|chi3|yi2,chuāi|chǐ|yí,to knead,搋在懷裡|搋在怀里|搋子
5645,搌,U+640C,zhan3,zhǎn,to sop up,
5646,損,U+640D,sun3,sǔn,to decrease; to lose,丘腦損傷|停損單|停損點
5647,搎,U+640E,sun1,sūn,to rub with the hand,
5648,搏,U+640F,bo2,bó,to fight,廝搏|厮搏|心搏
5649,搐,U+6410,chu4,chù,to twitch; to have a spasm,抽搐
5650,搑,U+6411,rong2|nang2|nang3,róng|náng|nǎng,,
5651,搒,U+6412,bang4|peng2|beng1|bang3,bàng|péng|bēng|bǎng,(literary) to row (a boat),
5652,搓,U+6413,cuo1|cuo3|chai1,cuō|cuǒ|chāi,to rub or roll between the hands or fingers,揉搓|搓揉|搓板
5653,搔,U+6414,sao1|sao4,sāo|sào,to scratch,抓搔|搔擾|搔扰
5654,搕,U+6415,ke1|e4,kē|è,to strike,
5655,搖,U+6416,yao2,yáo,surname Yao,不動搖|動搖|地動山搖
5656,搗,U+6417,dao3,dǎo,to pound,搗亂|搗實|搗弄
5657,搘,U+6418,zhi1,zhī,prop up,
5658,搙,U+6419,nu4|nuo4|nou4,nù|nuò|nòu,,
5659,搚,U+641A,la1|xie2|xian4,lā|xié|xiàn,,
5660,搛,U+641B,jian1|lian2,jiān|lián,to pick up with chopsticks,
5661,搜,U+641C,sou1|xiao1|sou4|shao3,sōu|xiāo|sòu|shǎo,to search,上熱搜|上热搜|人肉搜索
5662,搝,U+641D,qiu3,qiǔ,,
5663,搞,U+641E,gao3|qiao1|kao4,gǎo|qiāo|kào,to do,亂搞|乱搞|亂搞男女關係
5664,搟,U+641F,xian3|xian1,xiǎn|xiān,,
5665,搠,U+6420,shuo4,shuò,daub,
5666,搡,U+6421,sang3,sǎng,to push forcefully,推推搡搡|推搡
5667,搢,U+6422,jin4,jìn,shake,
5668,搣,U+6423,mie4,miè,(literary) to pull out; to remove,
5669,搤,U+6424,e4|yi4,è|yì,variant of 扼[e4],
5670,搥,U+6425,chui2|dui1,chuí|duī,variant of 捶[chui2],
5671,搦,U+6426,nuo4,nuò,(literary) to hold (in the hand),搦戰|搦战
5672,搧,U+6427,shan1,shān,variant of 扇[shan1],
5673,搨,U+6428,ta4|da2,tà|dá,to make a rubbing,
5674,搩,U+6429,zha3|jie2,zhǎ|jié,,
5675,搪,U+642A,tang2,táng,to keep out,推搪|搪塞|搪瓷
5676,搫,U+642B,pan2|ban1|po2,pán|bān|pó,,
5677,搬,U+642C,ban1|su4,bān|sù,to move (i.e. relocate oneself),搬兵|搬出去|搬動
5678,搭,U+642D,da1|ta4,dā|tà,to put up,乘搭|免費搭車|免费搭车
5679,搮,U+642E,li4,lì,,
5680,搯,U+642F,tao1,tāo,variant of 掏[tao1],
5681,搰,U+6430,hu2|ku1,hú|kū,to dig,
5682,搱,U+6431,zhi4|nai2,zhì|nái,,
5683,搲,U+6432,wa1|wa3|wa4,wā|wǎ|wà,to clutch,
5684,搳,U+6433,hua2|xia2|qia1,huá|xiá|qiā,used in 搳拳[hua2 quan2],搳拳
5685,搴,U+6434,qian1,qiān,to seize,搴旗
5686,搵,U+6435,wen4,wèn,to look for (Cantonese),搵錢|搵食
5687,搶,U+6436,qiang3|qiang1|qiang4|cheng2|cheng1,qiǎng|qiāng|qiàng|chéng|chēng,(literary) to knock against (esp. to knock one's head on the ground in grief or rage),不偷不搶|呼天搶地|哄搶
5688,搷,U+6437,tian2|shen1,tián|shēn,to beat,
5689,搸,U+6438,zhen1,zhēn,,
5690,搹,U+6439,e4,è,,
5691,携,U+643A,xie2,xié,old variant of 攜|携[xie2],便携|便携式|扶老携幼
5692,搻,U+643B,nuo4,nuò,,
5693,搼,U+643C,quan2,quán,,
5694,搽,U+643D,cha2,chá,"to apply (ointment, powder)",
5695,搾,U+643E,zha4,zhà,variant of 榨[zha4],
5696,搿,U+643F,ge2,gé,to hug,
5697,摀,U+6440,wu3,wǔ,variant of 捂[wu3],
5698,摁,U+6441,en4,èn,to press (with one's finger or hand),摁扣兒|摁扣儿|摁釘兒
5699,摂,U+6442,she4,shè,,
5700,摃,U+6443,kang2,káng,old variant of 扛[gang1],
5701,摄,U+6444,she4,shè,(bound form) to take in; to absorb; to assimilate,中子射线摄影|乳房摄影|俯瞰摄影
5702,摅,U+6445,shu1,shū,set forth,
5703,摆,U+6446,bai3,bǎi,to arrange,下摆|停摆|傅科摆
5704,摇,U+6447,yao2,yáo,surname Yao,不动摇|动摇|地动山摇
5705,摈,U+6448,bin4,bìn,to reject,摈斥|摈弃|摈除
5706,摉,U+6449,sou1,sōu,,
5707,摊,U+644A,tan1,tān,to spread out,出摊儿|分摊|地摊
5708,摋,U+644B,sa4|shai3|sha1,sà|shǎi|shā,,
5709,摌,U+644C,chan3|sun4,chǎn|sùn,,
5710,摍,U+644D,suo1,suō,,
5711,摎,U+644E,jiu1|liu2|liao2|jiao3|nao2,jiū|liú|liáo|jiǎo|náo,to strangle,
5712,摏,U+644F,chong1,chōng,variant of 舂[chong1],
5713,摐,U+6450,chuang1,chuāng,,
5714,摑,U+6451,guai1|guo2,guāi|guó,to slap,掌摑|耳摑子
5715,摒,U+6452,bing3|bing4,bǐng|bìng,to discard,摒擋|摒挡|摒棄
5716,摓,U+6453,feng2|peng3,féng|pěng,wide,
5717,摔,U+6454,shuai1,shuāi,to throw down,假摔|抱摔|摔交
5718,摕,U+6455,di4|tu2|zhi2,dì|tú|zhí,,
5719,摖,U+6456,qi4|cha2,qì|chá,,
5720,摗,U+6457,sou1|song3,sōu|sǒng,,
5721,摘,U+6458,zhai1,zhāi,"to take; to pick (flowers, fruit etc); to pluck; to remove; to take off (glasses, hat etc)",報摘|报摘|指摘
5722,摙,U+6459,lian3|lian4,liǎn|liàn,to transport,
5723,摚,U+645A,cheng1,chēng,,
5724,摛,U+645B,chi1,chī,to spread (fame),
5725,摜,U+645C,guan4,guàn,to fling,摜奶油|摜蛋
5726,摝,U+645D,lu4,lù,,
5727,摞,U+645E,luo4,luò,to pile up,摞管
5728,摟,U+645F,lou3|lou1,lǒu|lōu,to draw towards oneself,扒摟|抖摟|摟住
5729,摠,U+6460,zong3,zǒng,general,
5730,摡,U+6461,gai4|xi4,gài|xì,,
5731,摢,U+6462,hu4|chu1,hù|chū,,
5732,摣,U+6463,zha1|zhua1,zhā|zhuā,,
5733,摤,U+6464,chuang3,chuǎng,,
5734,摥,U+6465,tang4,tàng,,
5735,摦,U+6466,hua4,huà,wide,
5736,摧,U+6467,cui1|zui4|cuo4,cuī|zuì|cuò,to break,堅不可摧|坚不可摧|崩摧
5737,摨,U+6468,nai2|zhi4,nái|zhì,,
5738,摩,U+6469,mo2|ma1|mi2,mó|mā|mí,used in 摩挲[ma1 sa5],偏三輪摩托車|偏三轮摩托车|吉亞卡摩
5739,摪,U+646A,jiang1|qiang4,jiāng|qiàng,,
5740,摫,U+646B,gui1,guī,,
5741,摬,U+646C,ying3,yǐng,,
5742,摭,U+646D,zhi2,zhí,pick up,
5743,摮,U+646E,ao2|qiao1,áo|qiāo,(archaic) to hit; to strike; to smite,
5744,摯,U+646F,zhi4,zhì,surname Zhi,摯切|摯友|摯友良朋
5745,摰,U+6470,nie4|che4,niè|chè,to seize with the hand,
5746,摱,U+6471,man4|man2,màn|mán,,
5747,摲,U+6472,chan4|can2,chàn|cán,to cut down,
5748,摳,U+6473,kou1|ou1,kōu|ōu,to dig; to pick; to scratch (with a finger or sth pointed),摳圖|摳字眼|摳字眼兒
5749,摴,U+6474,chu1|chi1,chū|chī,dice,
5750,摵,U+6475,she4|su4|mi2,shè|sù|mí,,
5751,摶,U+6476,tuan2|zhuan4|zhuan1,tuán|zhuàn|zhuān,to roll up into a ball with one's hands (variant of 團|团[tuan2]),摶沙|摶風|摶飯
5752,摷,U+6477,jiao3|chao1,jiǎo|chāo,to knock,
5753,摸,U+6478,mo1|mo2,mō|mó,to feel with the hand,丈二和尚，摸不著頭腦|丈二和尚，摸不着头脑|丈二金剛摸不著頭腦
5754,摹,U+6479,mo2|mo1,mó|mō,(bound form) to imitate,指摹|描摹|摹仿
5755,摺,U+647A,zhe2|la1|xie2,zhé|lā|xié,variant of 折[zhe2],凸摺線|奏摺|存摺
5756,摻,U+647B,can4|shan3|shan1|chan1|sen1,càn|shǎn|shān|chān|sēn,to mix; to blend; to dilute; to adulterate,摻假|摻和|摻水
5757,摼,U+647C,keng1|qian1,kēng|qiān,,
5758,摽,U+647D,biao1|biao4|piao1|pao1,biāo|biào|piāo|pāo,(literary) to wave away; to discard,
5759,摾,U+647E,jiang4,jiàng,,
5760,摿,U+647F,yao2,yáo,erroneous variant of 搖|摇[yao2],
5761,撀,U+6480,gou4,gòu,,
5762,撁,U+6481,qian1|qian4,qiān|qiàn,,
5763,撂,U+6482,liao4,liào,to put down,撂倒|撂地|撂地攤
5764,撃,U+6483,ji1,jī,Japanese variant of 擊|击[ji1],
5765,撄,U+6484,ying1,yīng,oppose,
5766,撅,U+6485,jue1|jue4|jue2|gui4,juē|juè|jué|guì,to protrude,撅嘴|直撅撅
5767,撆,U+6486,pie1,piē,variant of 撇[pie1],
5768,撇,U+6487,pie1|pie3|bie1,piē|piě|biē,to cast away,八字沒一撇|八字没一撇|八字還沒一撇
5769,撈,U+6488,lao1,lāo,to fish up,大海撈針|打撈|捕撈
5770,撉,U+6489,dun1,dūn,,
5771,撊,U+648A,xian4,xiàn,valiant,
5772,撋,U+648B,ruan2|rui2|run2|ruo2|sui1,ruán|ruí|rún|ruó|suī,to rub between the hands,
5773,撌,U+648C,gui4,guì,,
5774,撍,U+648D,zan3|zan1|zen1|qian2,zǎn|zān|zēn|qián,,
5775,撎,U+648E,yi4,yì,,
5776,撏,U+648F,xian2|xun2,xián|xún,to pull out (esp. hair or feathers),
5777,撐,U+6490,cheng1,chēng,to support,俯臥撐|吃飽了飯撐的|吃飽撐著
5778,撑,U+6491,cheng1,chēng,to support,俯卧撑|吃饱了饭撑的|吃饱撑着
5779,撒,U+6492,sa1|sa3,sā|sǎ,to let go,不見兔子不撒鷹|不见兔子不撒鹰|亞撒
5780,撓,U+6493,nao2|xiao1|rao4,náo|xiāo|rào,to scratch,不屈不撓|屈撓|干撓
5781,撔,U+6494,hong4,hòng,,
5782,撕,U+6495,si1|xi1,sī|xī,to tear,撕咬|撕扯|撕掉
5783,撖,U+6496,han4|qian3,hàn|qiǎn,surname Han,
5784,撗,U+6497,guang4,guàng,,
5785,撘,U+6498,da1,dā,,
5786,撙,U+6499,zun3,zǔn,to reduce or cut down on,
5787,撚,U+649A,nian3,niǎn,to play tricks on or toy with,
5788,撛,U+649B,lin3,lǐn,,
5789,撜,U+649C,zheng3|cheng2,zhěng|chéng,,
5790,撝,U+649D,hui1|wei2,huī|wéi,to split,撝挹|撝損
5791,撞,U+649E,zhuang4,zhuàng,to knock against,不撞南牆不回頭|不撞南墙不回头|做一天和尚撞一天鐘
5792,撟,U+649F,jiao3|jiao1|kao3,jiǎo|jiāo|kǎo,to raise,
5793,撠,U+64A0,ji3,jǐ,,
5794,撡,U+64A1,cao1,cāo,old variant of 操[cao1],
5795,撢,U+64A2,dan3|tan4|dan4|xin2,dǎn|tàn|dàn|xín,to dust,
5796,撣,U+64A3,dan3|dan4|chan2|tan1|zhan3|shan4|tian2,dǎn|dàn|chán|tān|zhǎn|shàn|tián,to brush away,撣子|撣邦|撣邦高原
5797,撤,U+64A4,che4,chè,to remove; to take away,不可撤銷信用證|不可撤销信用证|後撤
5798,撥,U+64A5,bo1|fa2,bō|fá,"to push aside with the hand, foot, a stick etc",一撥兒|劃撥|四兩撥千斤
5799,撦,U+64A6,che3,chě,variant of 扯[che3],
5800,撧,U+64A7,jue1,juē,to break off,
5801,撨,U+64A8,fu3|xiao1|sou1,fǔ|xiāo|sōu,,
5802,撩,U+64A9,liao1|liao2|liao3|lao4|liao4,liāo|liáo|liǎo|lào|liào,to lift up (sth hanging down),撩亂|撩乱|撩人
5803,撪,U+64AA,ben4,bèn,,
5804,撫,U+64AB,fu3|mo2,fǔ|mó,to comfort,安撫|安撫奶嘴|巡撫
5805,撬,U+64AC,qiao4,qiào,to lift,撬動|撬动|撬棍
5806,播,U+64AD,bo1|bo3,bō|bǒ,"(bound form) to sow (seeds); to spread (ideas, rumors etc); to broadcast (radio signals etc)",中國國際廣播電台|中国国际广播电台|中國廣播公司
5807,撮,U+64AE,cuo1|zuo3|zui4|zuan1|chua1,cuō|zuǒ|zuì|zuān|chuā,to pick up (a powder etc) with the fingertips,一小撮|公撮|市撮
5808,撯,U+64AF,zhuo2,zhuó,,
5809,撰,U+64B0,zhuan4|xuan3|suan4,zhuàn|xuǎn|suàn,to compose,修撰|撰寫|撰写
5810,撱,U+64B1,wei3|tuo3,wěi|tuǒ,clip,
5811,撲,U+64B2,pu1|bu3,pū|bǔ,to throw oneself at,代數拓撲|反撲|幾何拓撲
5812,撳,U+64B3,qin4,qìn,to press (with one's hand or finger),
5813,撴,U+64B4,dun1,dūn,,
5814,撵,U+64B5,nian3,niǎn,to expel,撵出|撵走
5815,撶,U+64B6,hua2,huá,,
5816,撷,U+64B7,xie2,xié,to collect,撷取
5817,撸,U+64B8,lu1,lū,(dialect) to grasp (sth long or cylindrical) and slide the hand up or down,撸管|撸铁
5818,撹,U+64B9,jiao3,jiǎo,,
5819,撺,U+64BA,cuan1,cuān,rush,撺掇
5820,撻,U+64BB,ta4,tà,(bound form) to whip; to flog,大張撻伐|笞撻|葡撻
5821,撼,U+64BC,han4,hàn,to shake,搖撼|摇撼|撼動
5822,撽,U+64BD,qiao4|yao1|ji1,qiào|yāo|jī,to beat with a stick,
5823,撾,U+64BE,wo1|zhua1,wō|zhuā,used 老撾|老挝[Lao3 wo1],老撾|飛撾
5824,撿,U+64BF,jian3|lian4,jiǎn|liàn,to pick up; to collect; to gather,撿了芝麻丟了西瓜|撿到籃裡就是菜|撿屍
5825,擀,U+64C0,gan3,gǎn,to roll (dough etc),擀麵杖|擀面杖
5826,擁,U+64C1,yong1,yōng,to hold in one's arms; to embrace,一擁而上|一擁而入|交通擁擠
5827,擂,U+64C2,lei2|lei4|lei1,léi|lèi|lēi,to pound (with a mortar and pestle); to hit (a person); to beat (a drum); to bang on (a door),吹擂|大吹大擂|打擂臺
5828,擃,U+64C3,nang3,nǎng,,
5829,擄,U+64C4,lu3,lǔ,(bound form) to capture (sb),擄人勒贖|擄掠|擄獲
5830,擅,U+64C5,shan4,shàn,without authority,寵擅專房|宠擅专房|專擅
5831,擆,U+64C6,zhuo2,zhuó,,
5832,擇,U+64C7,ze2|zhai2|yi4,zé|zhái|yì,to select,不加選擇|不擇手段|別無選擇
5833,擈,U+64C8,pu1,pū,,
5834,擉,U+64C9,chuo4,chuò,to pierce,
5835,擊,U+64CA,ji1|ji4|xi2,jī|jì|xí,to hit,一擊入洞|不堪一擊|中間人攻擊
5836,擋,U+64CB,dang3|dang4,dǎng|dàng,to resist,N擋|P擋|低速擋
5837,擌,U+64CC,se4,sè,,
5838,操,U+64CD,cao1,cāo,old variant of 操[cao1],互操性|保健操|做操
5839,擎,U+64CE,qing2,qíng,to raise; to hold up; to lift up,一柱擎天|人肉搜索引擎|引擎
5840,擏,U+64CF,qing2|jing3|jing4,qíng|jǐng|jìng,,
5841,擐,U+64D0,huan4|juan3|xuan1,huàn|juǎn|xuān,pass through,
5842,擑,U+64D1,jie1,jiē,,
5843,擒,U+64D2,qin2,qín,to capture,就擒|手到擒來|手到擒来
5844,擓,U+64D3,kuai3,kuǎi,(dialect) to scratch (an itch),
5845,擔,U+64D4,dan1|dan4|shan4,dān|dàn|shàn,to undertake,債務擔保證券|公擔|分擔
5846,擕,U+64D5,xie2,xié,old variant of 攜|携[xie2],
5847,擖,U+64D6,ka1|qia1|jia1|zha2|gua1|ye4|ge1|lie4,kā|qiā|jiā|zhá|guā|yè|gē|liè,scrape,
5848,擗,U+64D7,pi3|bo4,pǐ|bò,(literary) to beat the breast,
5849,擘,U+64D8,bai1|bo4,bāi|bò,thumb,巨擘|擘劃|擘划
5850,擙,U+64D9,ao4,ào,,
5851,據,U+64DA,ju4,jù,according to,事實根據|佔據|依據
5852,擛,U+64DB,ye4,yè,,
5853,擜,U+64DC,e4,è,,
5854,擝,U+64DD,meng1,mēng,,
5855,擞,U+64DE,sou3|sou4,sǒu|sòu,used in 抖擻|抖擞[dou3 sou3],抖擞|抖擞精神|精神抖擞
5856,擟,U+64DF,mi2,mí,,
5857,擠,U+64E0,ji3,jǐ,to crowd in,交通擁擠|以小擠大|壓擠
5858,擡,U+64E1,tai2,tái,variant of 抬[tai2],
5859,擢,U+64E2,zhuo2,zhuó,to pull out,拔擢|擢升|擢第
5860,擣,U+64E3,dao3|chou2,dǎo|chóu,stir,
5861,擤,U+64E4,xing3,xǐng,to blow (one's nose),擤鼻涕
5862,擥,U+64E5,lan3,lǎn,variant of 攬|揽[lan3],
5863,擦,U+64E6,ca1,cā,to rub; to scratch,刮擦|可擦寫|可擦写
5864,擧,U+64E7,ju3,jǔ,variant of 舉|举[ju3],掉擧
5865,擨,U+64E8,ye2,yé,old variant of 揶[ye2],
5866,擩,U+64E9,ru3|nu3|ru4|nou4|ruan2,rǔ|nǔ|rù|nòu|ruán,to stain,
5867,擪,U+64EA,ye4,yè,,
5868,擫,U+64EB,ye4,yè,to press down,
5869,擬,U+64EC,ni3,nǐ,to plan to,原擬|大擬啄木鳥|摹擬
5870,擭,U+64ED,wo4|huo4|hu4,wò|huò|hù,trap,
5871,擮,U+64EE,jie2,jié,,
5872,擯,U+64EF,bin4,bìn,to reject,擯斥|擯棄|擯除
5873,擰,U+64F0,ning2|ning3|ning4,níng|nǐng|nìng,to pinch,擰巴|擰成一股繩|擰開
5874,擱,U+64F1,ge1|ge2,gē|gé,to place,中途擱淺|延擱|擔擱
5875,擲,U+64F2,zhi4|zhi1,zhì|zhī,to toss,一擲千金|千金一擲|孤注一擲
5876,擳,U+64F3,zhi4|jie2,zhì|jié,,
5877,擴,U+64F4,kuo4|tang3|guang4,kuò|tǎng|guàng,to enlarge,不擴散核武器條約|可擴展標記語言|彩擴
5878,擵,U+64F5,mo2,mó,,
5879,擶,U+64F6,jian4,jiàn,,
5880,擷,U+64F7,xie2,xié,to collect,擷取
5881,擸,U+64F8,lie4|la4,liè|là,"to hold, to grasp",
5882,擹,U+64F9,tan1,tān,,
5883,擺,U+64FA,bai3,bǎi,to arrange,下擺|停擺|傅科擺
5884,擻,U+64FB,sou3|sou4,sǒu|sòu,used in 抖擻|抖擞[dou3 sou3],抖擻|抖擻精神|精神抖擻
5885,擼,U+64FC,lu3|lu1,lǔ|lū,(dialect) to grasp (sth long or cylindrical) and slide the hand up or down,擼管|擼鐵
5886,擽,U+64FD,lve4|li4|yue4,lüè|lì|yuè,(old) to beat,
5887,擾,U+64FE,rao3,rǎo,to disturb,不勝其擾|侵擾|兵戈擾攘
5888,擿,U+64FF,ti1|zhi4|zhai1,tī|zhì|zhāi,to select,
5889,攀,U+6500,pan1,pān,to climb (by pulling oneself up),不敢高攀|中華攀雀|中华攀雀
5890,攁,U+6501,yang3,yǎng,,
5891,攂,U+6502,lei4,lèi,to beat (old variant of 擂[lei2]),
5892,攃,U+6503,ca1|sa3,cā|sǎ,preceding,
5893,攄,U+6504,shu1|lu4,shū|lù,set forth,
5894,攅,U+6505,zan3,zǎn,,
5895,攆,U+6506,nian3,niǎn,to expel,攆出|攆走
5896,攇,U+6507,xian3,xiǎn,,
5897,攈,U+6508,jun4|pei4,jùn|pèi,old variant of 捃[jun4],
5898,攉,U+6509,huo1|huo4|que4,huō|huò|què,to shovel,攉煤機|攉煤机
5899,攊,U+650A,li4,lì,,
5900,攋,U+650B,la4|lai4,là|lài,to destroy,
5901,攌,U+650C,huan3,huǎn,,
5902,攍,U+650D,ying2,yíng,,
5903,攎,U+650E,lu2|luo2,lú|luó,,
5904,攏,U+650F,long3,lǒng,to gather together; to collect,併攏|匯攏|合不攏嘴
5905,攐,U+6510,qian1,qiān,"variant of 褰, to hold up the hem of clothes",
5906,攑,U+6511,qian1,qiān,,
5907,攒,U+6512,zan3|cuan2,zǎn|cuán,to bring together,拼攒|攒劲|攒簇
5908,攓,U+6513,qian1,qiān,"variant of 搴[qian1], to seize",
5909,攔,U+6514,lan2,lán,to block sb's path,口無遮攔|廣告攔截器|攔住
5910,攕,U+6515,xian1|jian1,xiān|jiān,,
5911,攖,U+6516,ying1,yīng,oppose,
5912,攗,U+6517,mei2,méi,,
5913,攘,U+6518,rang3|rang4|ning2|xiang3,rǎng|ràng|níng|xiǎng,(literary) to push up one's sleeves,亂咕攘|乱咕攘|兵戈擾攘
5914,攙,U+6519,chan1|shan4,chān|shàn,to take by the arm and assist,攙假|攙兌|攙合
5915,攚,U+651A,weng3,wěng,,
5916,攛,U+651B,cuan1,cuān,rush,攛掇
5917,攜,U+651C,xie2,xié,to carry,便攜|便攜式|扶老攜幼
5918,攝,U+651D,she4|zhe2|nie4|sha4,shè|zhé|niè|shà,(bound form) to take in; to absorb; to assimilate,中子射線攝影|乳房攝影|俯瞰攝影
5919,攞,U+651E,luo2|luo3,luó|luǒ,,
5920,攟,U+651F,jun4,jùn,old variant of 捃[jun4],
5921,攠,U+6520,mi2|mo2,mí|mó,,
5922,攡,U+6521,chi1,chī,,
5923,攢,U+6522,zan3|cuan2|zuan1|zan4,zǎn|cuán|zuān|zàn,to bring together,拼攢|攢勁|攢簇
5924,攣,U+6523,luan2|lian4,luán|liàn,(bound form) (of muscles) to cramp; to spasm,拘攣|拘攣兒|攣縮
5925,攤,U+6524,tan1|nan4,tān|nàn,to spread out,出攤兒|分攤|地攤
5926,攥,U+6525,zuan4,zuàn,(coll.) to hold,攏攥|拢攥|攥拳頭
5927,攦,U+6526,li4|shai4,lì|shài,,
5928,攧,U+6527,dian1,diān,to fall,
5929,攨,U+6528,wa1,wā,,
5930,攩,U+6529,dang3|tang3,dǎng|tǎng,variant of 擋|挡[dang3],
5931,攪,U+652A,jiao3,jiǎo,to disturb,打攪|攪亂|攪動
5932,攫,U+652B,jue2,jué,to seize,攫取|攫奪|攫夺
5933,攬,U+652C,lan3,lǎn,to monopolize; to seize,一攬子|九天攬月|兜攬
5934,攭,U+652D,li4|luo3,lì|luǒ,,
5935,攮,U+652E,nang3,nǎng,to fend off,
5936,支,U+652F,zhi1|zhi4|qi2,zhī|zhì|qí,surname Zhi,一木難支|一木难支|不支
5937,攰,U+6530,gui4,guì,totally exhausted (Cantonese),
5938,攱,U+6531,gui3|gui4,guǐ|guì,,
5939,攲,U+6532,qi1|ji1,qī|jī,up,
5940,攳,U+6533,xun2,xún,,
5941,攴,U+6534,pu1,pū,to tap,
5942,攵,U+6535,pu1,pū,variant of 攴[pu1],
5943,收,U+6536,shou1,shōu,to receive,一分耕耘，一分收穫|一分耕耘，一分收获|一發不可收拾
5944,攷,U+6537,kao3,kǎo,to beat,
5945,攸,U+6538,you1,yōu,"distant, far",利害攸關|利害攸关|存亡攸關
5946,改,U+6539,gai3,gǎi,to change,一改再改|一改故轍|一改故辙
5947,攺,U+653A,yi3,yǐ,a kind of metal or jade ornament worn in ancient times to ward off evil spirits,
5948,攻,U+653B,gong1,gōng,to attack,不攻自破|中間人攻擊|中间人攻击
5949,攼,U+653C,gan1|han4,gān|hàn,old variant of 捍[han4],
5950,攽,U+653D,ban1|bin1,bān|bīn,variant of 頒|颁[ban1],
5951,放,U+653E,fang4|fang3|fang1,fàng|fǎng|fāng,to put,下放|中國人民解放軍|中国人民解放军
5952,政,U+653F,zheng4|zheng1,zhèng|zhēng,political,一個中國政策|一个中国政策|七政四餘
5953,敀,U+6540,po4,pò,,
5954,敁,U+6541,dian1,diān,"to weigh in the hand, to estimate",
5955,敂,U+6542,kou4,kòu,old variant of 叩[kou4],
5956,敃,U+6543,min3|fen1,mǐn|fēn,strong; robust; vigorous,
5957,敄,U+6544,wu4|mou2,wù|móu,,
5958,故,U+6545,gu4,gù,happening,一改故轍|一改故辙|一見如故
5959,敆,U+6546,he2,hé,,
5960,敇,U+6547,ce4,cè,Imperial command or edict,
5961,效,U+6548,xiao4,xiào,variant of 傚|效[xiao4],一致性效應|一致性效应|上行下效
5962,敉,U+6549,mi3,mǐ,peaceful,
5963,敊,U+654A,chu4|shou1,chù|shōu,,
5964,敋,U+654B,ge2,gé,,
5965,敌,U+654C,di2|hua2,dí|huá,(bound form) enemy,不敌|亦敌亦友|人民公敌
5966,敍,U+654D,xu4,xù,variant of 敘|叙[xu4],
5967,敎,U+654E,jiao4,jiào,variant of 教[jiao4],
5968,敏,U+654F,min3,mǐn,(bound form) quick; nimble; agile,光敏|士敏土|威斯敏斯特教堂
5969,敐,U+6550,chen2,chén,,
5970,救,U+6551,jiu4|jiu1,jiù|jiū,variant of 救[jiu4],不可救藥|不可救药|人道救援
5971,敒,U+6552,shen1,shēn,,
5972,敓,U+6553,duo2,duó,old variant of 奪|夺[duo2],
5973,敔,U+6554,yu3|yu4,yǔ|yù,"percussion instrument shaped as a hollow wooden tiger, with serrated strip across the back, across which one runs a drumstick",
5974,敕,U+6555,chi4|sou1,chì|sōu,variant of 敕[chi4],敕令|敕封
5975,敖,U+6556,ao2|ao4,áo|ào,surname Ao,敖包|敖廣|敖广
5976,敗,U+6557,bai4,bài,to defeat,一敗塗地|不分勝敗|不敗之地
5977,敘,U+6558,xu4,xù,abbr. for Syria 敘利亞|叙利亚[Xu4 li4 ya4],以敘|倒敘|埃敘
5978,教,U+6559,jiao4|jiao1,jiào|jiāo,surname Jiao,一神教|三夷教|三教
5979,敚,U+655A,duo2,duó,old variant of 奪|夺[duo2],
5980,敛,U+655B,lian3,liǎn,(literary) to hold back,内敛|征敛|征敛无度
5981,敜,U+655C,nie4,niè,to fill up or cover up a hole,
5982,敝,U+655D,bi4,bì,my (polite),凋敝|敝屣|敝屣尊榮
5983,敞,U+655E,chang3|cheng4|zheng4,chǎng|chèng|zhèng,open to the view of all,嘴敞|寬敞|宽敞
5984,敟,U+655F,dian3,diǎn,,
5985,敠,U+6560,duo1|que4,duō|què,,
5986,敡,U+6561,yi4,yì,,
5987,敢,U+6562,gan3,gǎn,to dare,不敢恭維|不敢恭维|不敢當
5988,散,U+6563,san4|san3|san1,sàn|sǎn|sān,variant of 散[san4],一哄而散|一拍兩散|一拍两散
5989,敤,U+6564,ke3,kě,,
5990,敥,U+6565,yan4|jiao3,yàn|jiǎo,,
5991,敦,U+6566,dun1|dui1|tuan2|diao1|dun4|dao4|zhun3|tun1|dui4|tun2,dūn|duī|tuán|diāo|dùn|dào|zhǔn|tūn|duì|tún,variant of 敦[dun1],亞當斯敦|亚当斯敦|京斯敦
5992,敧,U+6567,ji1|qi3,jī|qǐ,to pick up thing with chopsticks or pincers.,
5993,敨,U+6568,tou3,tǒu,,
5994,敩,U+6569,xiao4|xue2,xiào|xué,,
5995,敪,U+656A,duo1,duō,to weigh,直敪
5996,敫,U+656B,jiao3|qiao1|jiao4,jiǎo|qiāo|jiào,surname Jiao,
5997,敬,U+656C,jing4,jìng,(bound form) respectful; to respect,不敬|以利亞敬|以利亚敬
5998,敭,U+656D,yang2,yáng,variant of 揚|扬[yang2],
5999,敮,U+656E,xia2,xiá,,
6000,敯,U+656F,min3,mǐn,,
6001,数,U+6570,shu4|shu3|shuo4,shù|shǔ|shuò,to count,一夕数惊|一次函数|三角函数
6002,敱,U+6571,ai2|zhu2,ái|zhú,able (in administrating),
6003,敲,U+6572,qiao1,qiāo,to hit,不做虧心事，不怕鬼敲門|不做亏心事，不怕鬼敲门|平生不做虧心事，半夜敲門心不驚
6004,敳,U+6573,ai2,ái,able (in administrating),
6005,整,U+6574,zheng3,zhěng,(bound form) whole; complete; entire; (before a measure word) whole; (before or after number + measure word) exactly,休整|修整|勻整
6006,敵,U+6575,di2,dí,(bound form) enemy,不敵|亦敵亦友|人民公敵
6007,敶,U+6576,zhen4,zhèn,,
6008,敷,U+6577,fu1,fū,to spread,倉敷|仓敷|入不敷出
6009,數,U+6578,shu4|shu3|shuo4,shù|shǔ|shuò,to count,一夕數驚|一次函數|三角函數
6010,敹,U+6579,liao2,liáo,keep tidy and repaired,
6011,敺,U+657A,qu1|ou1,qū|ōu,variant of 驅|驱[qu1],
6012,敻,U+657B,xiong4,xiòng,surname Xiong,
6013,敼,U+657C,yi3,yǐ,,
6014,敽,U+657D,jiao3,jiǎo,old variant of 敿[jiao3],
6015,敾,U+657E,shan4,shàn,,
6016,敿,U+657F,jiao3,jiǎo,tie up (laces),
6017,斀,U+6580,zhuo2|zhu2,zhuó|zhú,,
6018,斁,U+6581,yi4|du4|tu2,yì|dù|tú,to be weary of,
6019,斂,U+6582,lian3|lian2,liǎn|lián,(literary) to hold back,內斂|征斂|征斂無度
6020,斃,U+6583,bi4,bì,to die,倒斃|勒斃|坐以待斃
6021,斄,U+6584,li2|tai2,lí|tái,ancient place name (a Han dynasty town in Shaanxi),
6022,斅,U+6585,xiao4|xue2,xiào|xué,,
6023,斆,U+6586,xiao4,xiào,,
6024,文,U+6587,wen2,wén,surname Wen,PO文|一文不值|一文不名
6025,斈,U+6588,xue2,xué,variant of 學|学[xue2],
6026,斉,U+6589,qi2,qí,old variant of 齊|齐[qi2],
6027,斊,U+658A,qi2,qí,,
6028,斋,U+658B,zhai1,zhāi,old variant of 齋|斋[zhai1],化斋|吃斋|四旬斋
6029,斌,U+658C,bin1,bīn,variant of 彬[bin1],楊斌|杨斌
6030,斍,U+658D,jue2,jué,,
6031,斎,U+658E,zhai1,zhāi,Japanese variant of 齋|斋[zhai1],
6032,斏,U+658F,lang2,láng,,
6033,斐,U+6590,fei3,fěi,phonetic fei or fi,傑斐遜城|杰斐逊城|布斐
6034,斑,U+6591,ban1,bān,spot,一斑|七帶石斑魚|七带石斑鱼
6035,斒,U+6592,ban1,bān,variegated,
6036,斓,U+6593,lan2,lán,used in 斑斕|斑斓[ban1 lan2],斑斓
6037,斔,U+6594,yu3,yǔ,old variant of 斞[yu3],
6038,斕,U+6595,lan2,lán,used in 斑斕|斑斓[ban1 lan2],斑斕
6039,斖,U+6596,wei3,wěi,,
6040,斗,U+6597,dou4|dou3|zhu3,dòu|dǒu|zhǔ,abbr. for the Big Dipper constellation 北斗星[Bei3 dou3 xing1],一对一斗牛|三对三斗牛|二虎相斗，必有一伤
6041,斘,U+6598,sheng1,shēng,,
6042,料,U+6599,liao4|liao2,liào|liáo,material,一如所料|下腳料|下脚料
6043,斚,U+659A,jia3,jiǎ,variant of 斝[jia3],
6044,斛,U+659B,hu2,hú,ancient measuring vessel,石斛
6045,斜,U+659C,xie2|xia2|cha2|ye2,xié|xiá|chá|yé,inclined,不偏斜|乜斜|偏斜
6046,斝,U+659D,jia3,jiǎ,small jade cup with ears,飛觥走斝|飞觥走斝
6047,斞,U+659E,yu3,yǔ,dry measure equivalent to 16 斗[dou3] or 160 liters,
6048,斟,U+659F,zhen1,zhēn,to pour,字斟句酌|斟酌|斟酌字句
6049,斠,U+65A0,jiao4,jiào,(old) instrument to even out the grain in a measuring vessel,
6050,斡,U+65A1,wo4|guan3,wò|guǎn,to turn,斡旋|梅里斯達斡爾族區|梅里斯达斡尔族区
6051,斢,U+65A2,tiao3|tou3,tiǎo|tǒu,(dialect) to exchange,
6052,斣,U+65A3,dou4,dòu,,
6053,斤,U+65A4,jin1,jīn,catty,公斤|千斤頂|千斤顶
6054,斥,U+65A5,chi4|che4|zhe4,chì|chè|zhè,to blame,互斥|充斥|同性相斥
6055,斦,U+65A6,yin2|zhi4,yín|zhì,,
6056,斧,U+65A7,fu3,fǔ,hatchet,不避斧鉞|不避斧钺|刀斧手
6057,斨,U+65A8,qiang1,qiāng,axe,
6058,斩,U+65A9,zhan3,zhǎn,to behead (as form of capital punishment),先斩后奏|两国相争，不斩来使|快刀斩乱麻
6059,斪,U+65AA,qu2,qú,,
6060,斫,U+65AB,zhuo2|chuo4,zhuó|chuò,to chop,斫喪|斫丧|斫營
6061,斬,U+65AC,zhan3|zhan4,zhǎn|zhàn,to behead (as form of capital punishment),先斬後奏|兩國相爭，不斬來使|快刀斬亂麻
6062,断,U+65AD,duan4,duàn,to break,一刀两断|不断|中断
6063,斮,U+65AE,cuo4|zhuo2,cuò|zhuó,cut off,
6064,斯,U+65AF,si1|shi3,sī|shǐ,Slovakia,中國伊斯蘭教協會|中国伊斯兰教协会|丹尼斯
6065,新,U+65B0,xin1,xīn,abbr. for Xinjiang 新疆[Xin1 jiang1],上新世|上海文廣新聞傳媒集團|上海文广新闻传媒集团
6066,斱,U+65B1,zhuo2,zhuó,,
6067,斲,U+65B2,zhuo2,zhuó,to chop,
6068,斳,U+65B3,qin2|jin3,qín|jǐn,,
6069,斴,U+65B4,lin2,lín,,
6070,斵,U+65B5,zhuo2,zhuó,variant of 斲|斫[zhuo2],
6071,斶,U+65B6,chu4,chù,,
6072,斷,U+65B7,duan4,duàn,to break,一刀兩斷|不斷|中斷
6073,斸,U+65B8,zhu3|zhu2,zhǔ|zhú,cut,
6074,方,U+65B9,fang1|fang2|fang3|pang2|wang3|feng1,fāng|fáng|fǎng|páng|wǎng|fēng,surname Fang,一方|一方面|一次方程
6075,斺,U+65BA,chan3|jie4,chǎn|jiè,,
6076,斻,U+65BB,hang2,háng,,
6077,於,U+65BC,yu2|yu1|wu1,yú|yū|wū,(of time or place) in; at; on,一年之計在於春|一日之計在於晨|不下於
6078,施,U+65BD,shi1|yi4|shi3,shī|yì|shǐ,surname Shi,付諸實施|付诸实施|倒行逆施
6079,斾,U+65BE,pei4,pèi,"variant of 旆, pennant",
6080,斿,U+65BF,you2|liu2,yóu|liú,scallops along lower edge of flag,
6081,旀,U+65C0,mei4,mèi,"phonetic ""myeo"" used in place names (Korean gugja)",
6082,旁,U+65C1,pang2|peng1|beng1|bang4,páng|pēng|bēng|bàng,one side,一旁|偏旁|側刀旁
6083,旂,U+65C2,qi2,qí,flag,
6084,旃,U+65C3,zhan1,zhān,felt,旃檀
6085,旄,U+65C4,mao2|mao4|wu4,máo|mào|wù,banner decorated with animal's tail,旄倪|旄期|旄車
6086,旅,U+65C5,lv3,lǚ,trip,三江生態旅遊區|三江生态旅游区|世界旅遊組織
6087,旆,U+65C6,pei4,pèi,pennant,征旆
6088,旇,U+65C7,pi1|bi4,pī|bì,,
6089,旈,U+65C8,liu2,liú,,
6090,旉,U+65C9,fu1,fū,,
6091,旊,U+65CA,fang3,fǎng,variant of 瓬[fang3],
6092,旋,U+65CB,xuan2|xuan4,xuán|xuàn,to revolve,下旋|下旋削球|主旋律
6093,旌,U+65CC,jing1,jīng,banner,旌德|旌德縣|旌德县
6094,旍,U+65CD,jing1,jīng,,
6095,旎,U+65CE,ni3,nǐ,used in 旖旎[yi3 ni3],旖旎|風光旖旎|风光旖旎
6096,族,U+65CF,zu2|sou3|cou4|zou4,zú|sǒu|còu|zòu,race,一族|三族|三江侗族自治縣
6097,旐,U+65D0,zhao4,zhào,banner,
6098,旑,U+65D1,yi3,yǐ,,
6099,旒,U+65D2,liu2,liú,tassel,
6100,旓,U+65D3,shao1,shāo,serrated edges on a Chinese flag,
6101,旔,U+65D4,jian4,jiàn,,
6102,旕,U+65D5,yu2,yú,,
6103,旖,U+65D6,yi3,yǐ,used in 旖旎[yi3 ni3],旖旎|風光旖旎|风光旖旎
6104,旗,U+65D7,qi2,qí,flag,三角旗|五星紅旗|五星红旗
6105,旘,U+65D8,zhi4,zhì,,
6106,旙,U+65D9,fan1,fān,,
6107,旚,U+65DA,piao1,piāo,,
6108,旛,U+65DB,fan1,fān,pennant,招魂旛
6109,旜,U+65DC,zhan1,zhān,,
6110,旝,U+65DD,kuai4,kuài,(literary) standard; banner (raised for battle),
6111,旞,U+65DE,sui4,suì,,
6112,旟,U+65DF,yu2,yú,banner with falcons,
6113,无,U+65E0,wu2|mo2,wú|mó,used in 南無|南无[na1 mo2],一事无成|一去无影踪|一夜无眠
6114,旡,U+65E1,ji4,jì,choke on something eaten,
6115,既,U+65E2,ji4|xi4,jì|xì,already,一如既往|一言既出，駟馬難追|一言既出，驷马难追
6116,旣,U+65E3,ji4,jì,variant of 既[ji4],
6117,旤,U+65E4,huo4,huò,old variant of 禍|祸[huo4],
6118,日,U+65E5,ri4,rì,"abbr. for 日本[Ri4 ben3], Japan",π日|一日三秋|一日三餐
6119,旦,U+65E6,dan4,dàn,(literary) dawn; daybreak,一旦|乾旦|信誓旦旦
6120,旧,U+65E7,jiu4,jiù,old,一切如旧|不念旧恶|仍旧
6121,旨,U+65E8,zhi3,zhǐ,imperial decree,主旨|主旨演講|主旨演讲
6122,早,U+65E9,zao3,zǎo,early,一大早|一大早兒|一大早儿
6123,旪,U+65EA,xie2,xié,old variant of 協|协[xie2],
6124,旫,U+65EB,tiao1,tiāo,,
6125,旬,U+65EC,xun2|jun1,xún|jūn,ten days,七旬老人|三旬九食|上旬
6126,旭,U+65ED,xu4,xù,dawn,張旭|张旭|旭日
6127,旮,U+65EE,ga1|xu4,gā|xù,used in 旮旯[ga1 la2],山旮旯|旮旯|旮旯兒
6128,旯,U+65EF,la2,lá,used in 旮旯[ga1 la2],山旮旯|旮旯|旮旯兒
6129,旰,U+65F0,gan4|han4,gàn|hàn,sunset,宵衣旰食
6130,旱,U+65F1,han4,hàn,drought,乾旱|干旱|乾旱土
6131,旲,U+65F2,tai2|ying1,tái|yīng,,
6132,旳,U+65F3,di4,dì,,
6133,旴,U+65F4,xu1,xū,dawn,
6134,旵,U+65F5,chan3,chǎn,(literary) (of sunlight) to beam down,
6135,时,U+65F6,shi2,shí,old variant of 時|时[shi2],一时|一时半刻|一时半晌
6136,旷,U+65F7,kuang4,kuàng,to neglect,久旷|夷旷|宽旷
6137,旸,U+65F8,yang2,yáng,rising sun,
6138,旹,U+65F9,shi2,shí,old variant of 時|时[shi2],
6139,旺,U+65FA,wang4,wàng,prosperous,人財兩旺|人财两旺|健旺
6140,旻,U+65FB,min2,mín,heaven,
6141,旼,U+65FC,min2,mín,gentle and affable,
6142,旽,U+65FD,tun1|zhun4,tūn|zhùn,"morning sun, sunrise",
6143,旾,U+65FE,chun1,chūn,old variant of 春[chun1],
6144,旿,U+65FF,wu3|wu4,wǔ|wù,,
6145,昀,U+6600,yun2,yún,sun light,紀昀|纪昀
6146,昁,U+6601,bei4,bèi,,
6147,昂,U+6602,ang2|yang4,áng|yàng,to lift,低昂|佩皮尼昂|卡斯蒂利亞·萊昂
6148,昃,U+6603,ze4,zè,afternoon,
6149,昄,U+6604,ban3,bǎn,great,
6150,昅,U+6605,jie2,jié,,
6151,昆,U+6606,kun1|hun2|kun4,kūn|hún|kùn,variant of 崑|昆[kun1],喀喇昆仑公路|喀喇昆仑山|喀喇昆仑山脉
6152,昇,U+6607,sheng1,shēng,to ascend; to rise (variant of 升[sheng1]),四海昇平|昇平|歌舞昇平
6153,昈,U+6608,hu4,hù,,
6154,昉,U+6609,fang3,fǎng,dawn,李昉
6155,昊,U+660A,hao4,hào,surname Hao,小昊|昊天|李元昊
6156,昋,U+660B,gui4|jiong3,guì|jiǒng,,
6157,昌,U+660C,chang1|chang4,chāng|chàng,surname Chang,丁汝昌|南昌|南昌市
6158,昍,U+660D,xuan1,xuān,,
6159,明,U+660E,ming2|meng4,míng|mèng,Ming Dynasty (1368–1644),三明|三明市|三明治
6160,昏,U+660F,hun1|hun4,hūn|hùn,muddle-headed,利令智昏|嚇昏|吓昏
6161,昐,U+6610,fen1,fēn,,
6162,昑,U+6611,qin3,qǐn,bright,
6163,昒,U+6612,hu1,hū,daybreak,
6164,易,U+6613,yi4,yì,surname Yi,一般貿易|一般贸易|上海證券交易所
6165,昔,U+6614,xi1|cuo4,xī|cuò,surname Xi,今不如昔|今昔|今非昔比
6166,昕,U+6615,xin1|xuan1,xīn|xuān,dawn,
6167,昖,U+6616,yan2,yán,,
6168,昗,U+6617,ze4,zè,,
6169,昘,U+6618,fang3,fǎng,,
6170,昙,U+6619,tan2|yu4,tán|yù,dark clouds,昙花|昙花一现|瞿昙
6171,昚,U+661A,shen4,shèn,old variant of 慎[shen4],
6172,昛,U+661B,ju4,jù,,
6173,昜,U+661C,yang2,yáng,old variant of 陽|阳[yang2],
6174,昝,U+661D,zan3,zǎn,surname Zan,那昝
6175,昞,U+661E,bing3|fang3,bǐng|fǎng,variant of 炳[bing3],
6176,星,U+661F,xing1,xīng,star,一星半點|一星半点|七姊妹星團
6177,映,U+6620,ying4|yang3,yìng|yǎng,to reflect (light),一一映射|上映|倒映
6178,昡,U+6621,xuan4,xuàn,long day,
6179,昢,U+6622,po4|pei4,pò|pèi,,
6180,昣,U+6623,zhen3,zhěn,(literary) bright,
6181,昤,U+6624,ling2,líng,sunshine,
6182,春,U+6625,chun1|chun3,chūn|chǔn,old variant of 春[chun1],一年之計在於春|一年之计在于春|三春
6183,昦,U+6626,hao4,hào,variant of 昊[hao4],
6184,昧,U+6627,mei4|wen3|mo4,mèi|wěn|mò,to conceal,三昧|不揣冒昧|冒昧
6185,昨,U+6628,zuo2,zuó,yesterday,昨兒|昨儿|昨兒個
6186,昩,U+6629,mo4,mò,,
6187,昪,U+662A,bian4,biàn,(literary) (of sunlight) bright,
6188,昫,U+662B,xu4|xiong3,xù|xiǒng,variant of 煦[xu4],劉昫|刘昫
6189,昬,U+662C,hun1,hūn,old variant of 昏[hun1],
6190,昭,U+662D,zhao1|zhao4,zhāo|zhào,bright,司馬昭|司马昭|司馬昭之心路人皆知
6191,昮,U+662E,zong4,zòng,,
6192,是,U+662F,shi4|ti2,shì|tí,to be (followed by substantives only),一是一，二是二|一無是處|一无是处
6193,昰,U+6630,shi4|xia4,shì|xià,variant of 是[shi4],
6194,昱,U+6631,yu4,yù,bright light,昱日|昱昱|程昱
6195,昲,U+6632,fei4,fèi,,
6196,昳,U+6633,die2|die4|yi4,dié|diè|yì,the declining sun in the west,
6197,昴,U+6634,mao3,mǎo,the Pleiades,昴宿星團|昴宿星团|昴星團
6198,昵,U+6635,ni4|ni3|zhi4,nì|nǐ|zhì,variant of 暱|昵[ni4],愛昵|爱昵|昵愛
6199,昶,U+6636,chang3,chǎng,(of the day) long,
6200,昷,U+6637,wen1,wēn,,
6201,昸,U+6638,dong1,dōng,,
6202,昹,U+6639,ai3,ǎi,,
6203,昺,U+663A,bing3,bǐng,bright,
6204,昻,U+663B,ang2,áng,variant of 昂[ang2],
6205,昼,U+663C,zhou4,zhòu,daytime,不分昼夜|俾夜作昼|俾昼作夜
6206,昽,U+663D,long2,lóng,used in 曚曨|曚昽[meng2 long2],曚昽
6207,显,U+663E,xian3,xiǎn,to make visible,不显山不露水|主显节|来电显示
6208,昿,U+663F,kuang4,kuàng,,
6209,晀,U+6640,tiao3,tiǎo,,
6210,晁,U+6641,chao2|zhao1|chao4,cháo|zhāo|chào,surname Chao,
6211,時,U+6642,shi2,shí,surname Shi,一時|一時半刻|一時半晌
6212,晃,U+6643,huang3|huang4,huǎng|huàng,variant of 晃[huang3],一晃|一瓶子不響，半瓶子晃蕩|一瓶子不响，半瓶子晃荡
6213,晄,U+6644,huang3,huǎng,old variant of 晃[huang3],
6214,晅,U+6645,xuan3|xuan1,xuǎn|xuān,light of the sun,
6215,晆,U+6646,kui2,kuí,,
6216,晇,U+6647,xu1|kua1,xū|kuā,,
6217,晈,U+6648,jiao3,jiǎo,,
6218,晉,U+6649,jin4,jìn,surname Jin,加官晉爵|加官晉級|古晉
6219,晊,U+664A,zhi4,zhì,,
6220,晋,U+664B,jin4,jìn,surname Jin,加官晋爵|加官晋级|古晋
6221,晌,U+664C,shang3,shǎng,part of the day,一時半晌|一时半晌|上半晌
6222,晍,U+664D,tong2,tóng,,
6223,晎,U+664E,hong3,hǒng,,
6224,晏,U+664F,yan4,yàn,surname Yan,晏嬰|晏婴|晏子
6225,晐,U+6650,gai1,gāi,,
6226,晑,U+6651,xiang3,xiǎng,bright,
6227,晒,U+6652,shai4,shài,variant of 曬|晒[shai4],三天打鱼，两天晒网|太阳晒屁股|摊晒
6228,晓,U+6653,xiao3,xiǎo,dawn,分晓|刘晓波|报晓
6229,晔,U+6654,ye4,yè,bright light,李晔|范晔|赵晔
6230,晕,U+6655,yun1|yun4,yūn|yùn,confused,乳晕|光晕|周围性眩晕
6231,晖,U+6656,hui1,huī,sunshine,春晖|晖映|珠晖
6232,晗,U+6657,han2,hán,before daybreak,吳晗|吴晗
6233,晘,U+6658,han4,hàn,,
6234,晙,U+6659,jun4,jùn,(literary) early morning,
6235,晚,U+665A,wan3,wǎn,evening,一天到晚|今晚|傍晚
6236,晛,U+665B,xian4,xiàn,to appear (of sun),
6237,晜,U+665C,kun1,kūn,descendant,
6238,晝,U+665D,zhou4,zhòu,daytime,不分晝夜|俾夜作晝|俾晝作夜
6239,晞,U+665E,xi1,xī,dawn,
6240,晟,U+665F,cheng2|sheng4|jing1,chéng|shèng|jīng,surname Cheng,
6241,晠,U+6660,sheng4,shèng,,
6242,晡,U+6661,bu1,bū,3-5 p.m.,
6243,晢,U+6662,zhe2|zhi4,zhé|zhì,bright,
6244,晣,U+6663,zhe2,zhé,,
6245,晤,U+6664,wu4,wù,to meet (socially),晤談|晤谈|晤面
6246,晥,U+6665,wan3,wǎn,old variant of 皖[Wan3],
6247,晦,U+6666,hui4,huì,(bound form) last day of a lunar month,悖晦|晦暗|晦氣
6248,晧,U+6667,hao4,hào,,
6249,晨,U+6668,chen2,chén,morning,一日之計在於晨|一日之计在于晨|今晨
6250,晩,U+6669,wan3,wǎn,variant of 晚[wan3],
6251,晪,U+666A,tian3,tiǎn,(literary) bright,
6252,晫,U+666B,zhuo2,zhuó,(literary) splendorous,
6253,晬,U+666C,zui4,zuì,1st birthday of a child,周晬
6254,晭,U+666D,zhou3,zhǒu,,
6255,普,U+666E,pu3,pǔ,general,中元普渡|中等普通教育|人口普查
6256,景,U+666F,jing3|ying3,jǐng|yǐng,surname Jing,不景氣|不景气|九寨溝風景名勝區
6257,晰,U+6670,xi1,xī,clear,明晰|清晰|清晰度
6258,晱,U+6671,shan3,shǎn,,
6259,晲,U+6672,ni3,nǐ,,
6260,晳,U+6673,xi1,xī,variant of 晰[xi1],
6261,晴,U+6674,qing2,qíng,clear,嶄晴|崭晴|放晴
6262,晵,U+6675,qi3|du4,qǐ|dù,,
6263,晶,U+6676,jing1,jīng,crystal,亮晶晶|偉晶岩|伟晶岩
6264,晷,U+6677,gui3,guǐ,sundial,寸晷|日晷|日無暇晷
6265,晸,U+6678,zheng3,zhěng,,
6266,晹,U+6679,yi4,yì,,
6267,智,U+667A,zhi4|zhi1,zhì|zhī,(literary) wise; wisdom,不智|不經一事，不長一智|不经一事，不长一智
6268,晻,U+667B,an4|an3|yan3,àn|ǎn|yǎn,variant of 暗[an4],
6269,晼,U+667C,wan3,wǎn,,
6270,晽,U+667D,lin2,lín,,
6271,晾,U+667E,liang4,liàng,to dry in the air,晾乾|晾干|晾曬
6272,晿,U+667F,chang1,chāng,(used in names),
6273,暀,U+6680,wang3|wang4,wǎng|wàng,,
6274,暁,U+6681,xiao3,xiǎo,Japanese variant of 曉|晓,
6275,暂,U+6682,zan4,zàn,temporary,暂且|暂住证|暂停
6276,暃,U+6683,fei1,fēi,,
6277,暄,U+6684,xuan1,xuān,genial and warm,寒暄|暄騰|暄腾
6278,暅,U+6685,geng4|xuan3,gèng|xuǎn,,
6279,暆,U+6686,yi2,yí,(of the sun) declining,帹暆
6280,暇,U+6687,xia2|xia4|jia3,xiá|xià|jiǎ,leisure,不暇|好整以暇|應接不暇
6281,暈,U+6688,yun1|yun4,yūn|yùn,confused,乳暈|光暈|周圍性眩暈
6282,暉,U+6689,hui1,huī,sunshine,春暉|暉映|珠暉
6283,暊,U+668A,xu3,xǔ,,
6284,暋,U+668B,min3|min2,mǐn|mín,unhappy,
6285,暌,U+668C,kui2,kuí,in opposition to,暌違|暌违|暌隔
6286,暍,U+668D,ye1,yē,hot,
6287,暎,U+668E,ying4,yìng,old variant of 映[ying4],
6288,暏,U+668F,shu3|du3,shǔ|dǔ,,
6289,暐,U+6690,wei3,wěi,the bright shining of the sun,
6290,暑,U+6691,shu3,shǔ,heat,中暑|冒暑|去暑
6291,暒,U+6692,qing2,qíng,old variant of 晴[qing2],
6292,暓,U+6693,mao4,mào,,
6293,暔,U+6694,nan2,nán,name of a country,
6294,暕,U+6695,jian3|lan2,jiǎn|lán,bright (light),
6295,暖,U+6696,nuan3|xuan1,nuǎn|xuān,old variant of 暖[nuan3],三溫暖|三温暖|世界變暖
6296,暗,U+6697,an4,àn,variant of 暗[an4],兼聽則明，偏信則暗|兼听则明，偏信则暗|名重識暗
6297,暘,U+6698,yang2,yáng,rising sun,
6298,暙,U+6699,chun1,chūn,,
6299,暚,U+669A,yao2,yáo,,
6300,暛,U+669B,suo3,suǒ,,
6301,暜,U+669C,pu3,pǔ,old variant of 普[pu3],
6302,暝,U+669D,ming2,míng,dark,
6303,暞,U+669E,jiao3,jiǎo,old variant of 曒[jiao3],
6304,暟,U+669F,kai3,kǎi,,
6305,暠,U+66A0,gao3|hao4,gǎo|hào,bright,
6306,暡,U+66A1,weng3,wěng,used in 暡曚[weng3 meng2],暡曚
6307,暢,U+66A2,chang4,chàng,free,充暢|寬暢|恬暢
6308,暣,U+66A3,qi4,qì,,
6309,暤,U+66A4,hao4,hào,,
6310,暥,U+66A5,yan4,yàn,,
6311,暦,U+66A6,li4,lì,Japanese variant of 曆|历[li4],
6312,暧,U+66A7,ai4|nuan3,ài|nuǎn,(of daylight) dim,暧昧|暧昧关系
6313,暨,U+66A8,ji4|jie4,jì|jiè,(literary) and; as well as,暨今|暨南大學|暨南大学
6314,暩,U+66A9,ji4,jì,,
6315,暪,U+66AA,men4,mèn,dark,
6316,暫,U+66AB,zan4,zàn,temporary,暫且|暫住證|暫停
6317,暬,U+66AC,xie4,xiè,,
6318,暭,U+66AD,hao4,hào,,
6319,暮,U+66AE,mu4,mù,evening,向暮|垂暮之年|日暮
6320,暯,U+66AF,mo4,mò,,
6321,暰,U+66B0,cong1,cōng,,
6322,暱,U+66B1,ni4,nì,familiar,暱稱|親暱
6323,暲,U+66B2,zhang1,zhāng,bright,
6324,暳,U+66B3,hui4,huì,,
6325,暴,U+66B4,bao4|pu4|bo2,bào|pù|bó,surname Bao,一暴十寒|不畏強暴|不畏强暴
6326,暵,U+66B5,han4,hàn,dry,
6327,暶,U+66B6,xuan2,xuán,(literary) bright,
6328,暷,U+66B7,chuan2,chuán,,
6329,暸,U+66B8,liao2,liáo,bright,
6330,暹,U+66B9,xian1,xiān,sunrise,暹粒|暹羅|暹罗
6331,暺,U+66BA,tan3,tǎn,,
6332,暻,U+66BB,jing3,jǐng,bright,
6333,暼,U+66BC,pie1,piē,,
6334,暽,U+66BD,lin2,lín,,
6335,暾,U+66BE,tun1,tūn,sun above the horizon,暾欲穀|暾欲谷
6336,暿,U+66BF,xi3|xi1,xǐ|xī,,
6337,曀,U+66C0,yi4,yì,obscure,
6338,曁,U+66C1,ji4,jì,,
6339,曂,U+66C2,huang4,huàng,,
6340,曃,U+66C3,dai4,dài,,
6341,曄,U+66C4,ye4,yè,bright light,李曄|范曄|趙曄
6342,曅,U+66C5,ye4,yè,,
6343,曆,U+66C6,li4,lì,calendar,公曆|四分曆|夏曆
6344,曇,U+66C7,tan2,tán,dark clouds,曇花|曇花一現|瞿曇
6345,曈,U+66C8,tong2,tóng,sun about to rise,
6346,曉,U+66C9,xiao3,xiǎo,dawn,分曉|劉曉波|報曉
6347,曊,U+66CA,fei4,fèi,,
6348,曋,U+66CB,shen3,shěn,,
6349,曌,U+66CC,zhao4,zhào,name invented for herself by Tang empress Wu Zetian 武則天|武则天[Wu3 Ze2 tian1],
6350,曍,U+66CD,hao4,hào,,
6351,曎,U+66CE,yi4,yì,,
6352,曏,U+66CF,xiang3|xiang4|shang3,xiǎng|xiàng|shǎng,variant of 向[xiang4],
6353,曐,U+66D0,xing1,xīng,old variant of 星[xing1],
6354,曑,U+66D1,shen1,shēn,old variant of 參|参[shen1],
6355,曒,U+66D2,jiao3,jiǎo,old variant of 皦[jiao3],
6356,曓,U+66D3,bao4,bào,old variant of 暴[bao4],
6357,曔,U+66D4,jing4,jìng,,
6358,曕,U+66D5,yan4,yàn,,
6359,曖,U+66D6,ai4,ài,(of daylight) dim,曖昧|曖昧關係
6360,曗,U+66D7,ye4,yè,,
6361,曘,U+66D8,ru2,rú,color of the sun,
6362,曙,U+66D9,shu3,shǔ,(bound form) daybreak; dawn,曙光|曙紅朱雀|曙红朱雀
6363,曚,U+66DA,meng2,méng,twilight before dawn,暡曚|曚曨|曚昽
6364,曛,U+66DB,xun1,xūn,twilight,
6365,曜,U+66DC,yao4,yào,bright,七曜|土曜日|日曜日
6366,曝,U+66DD,pu4|bao4,pù|bào,used in 曝光[bao4 guang1],一曝十寒|曝光|曝光表
6367,曞,U+66DE,li4,lì,,
6368,曟,U+66DF,chen2,chén,,
6369,曠,U+66E0,kuang4,kuàng,to neglect,久曠|夷曠|寬曠
6370,曡,U+66E1,die2,dié,variant of 疊|叠[die2],
6371,曢,U+66E2,liao3,liǎo,,
6372,曣,U+66E3,yan4,yàn,,
6373,曤,U+66E4,huo4,huò,,
6374,曥,U+66E5,lu2,lú,,
6375,曦,U+66E6,xi1,xī,(literary) sunlight (usu. in early morning),晨曦|朝曦
6376,曧,U+66E7,rong2,róng,,
6377,曨,U+66E8,long2,lóng,used in 曚曨|曚昽[meng2 long2],曚曨
6378,曩,U+66E9,nang3,nǎng,in former times,
6379,曪,U+66EA,luo3,luǒ,,
6380,曫,U+66EB,luan2,luán,,
6381,曬,U+66EC,shai4,shài,(of the sun) to shine on,三天打魚，兩天曬網|太陽曬屁股|攤曬
6382,曭,U+66ED,tang3,tǎng,,
6383,曮,U+66EE,yan3,yǎn,,
6384,曯,U+66EF,zhu2,zhú,,
6385,曰,U+66F0,yue1,yuē,to speak,子曰|美其名曰|號曰
6386,曱,U+66F1,yue1,yuē,used in 曱甴[yue1 zha2],曱甴
6387,曲,U+66F2,qu1|qu3,qū|qǔ,surname Qu,三次曲線|三次曲线|三部曲
6388,曳,U+66F3,ye4,yè,to drag,拖曳|拖曳傘|拖曳伞
6389,更,U+66F4,geng4|geng1,gèng|gēng,to change or replace,一更|三更|三更半夜
6390,曵,U+66F5,ye4,yè,,
6391,曶,U+66F6,hu1,hū,,
6392,曷,U+66F7,he2|e4|he4,hé|è|hè,why,
6393,書,U+66F8,shu1,shū,abbr. for 書經|书经[Shu1 jing1],K書|三聯書店|上書
6394,曹,U+66F9,cao2,cáo,surname Cao,三曹|市曹|我曹
6395,曺,U+66FA,cao2,cáo,,
6396,曻,U+66FB,sheng1,shēng,variant of 昇|升[sheng1],
6397,曼,U+66FC,man4,màn,handsome,伊士曼柯達公司|伊士曼柯达公司|伊斯曼
6398,曽,U+66FD,ceng1,cēng,Japanese variant of 曾[ceng2],
6399,曾,U+66FE,ceng2|zeng1,céng|zēng,surname Zeng,不曾|似曾相識|似曾相识
6400,替,U+66FF,ti4,tì,to substitute for,世代交替|世襲罔替|世袭罔替
6401,最,U+6700,zui4|cuo1,zuì|cuō,variant of 最[zui4],六方最密堆積|六方最密堆积|壓死駱駝的最後一根稻草
6402,朁,U+6701,can3|qian2|jian4,cǎn|qián|jiàn,"if, supposing, nevertheless",
6403,朂,U+6702,xu4,xù,,
6404,會,U+6703,hui4|kuai4|kuo4,huì|kuài|kuò,can; to have the skill; to know how to,一力降十會|一學就會|一時半會
6405,朄,U+6704,yin3,yǐn,,
6406,朅,U+6705,qie4,qiè,to leave,
6407,朆,U+6706,fen1,fēn,not yet (Wu dialect),
6408,朇,U+6707,pi2,pí,,
6409,月,U+6708,yue4|ru4,yuè|rù,moon,一月|一月份|七月
6410,有,U+6709,you3|you4|wei3,yǒu|yòu|wěi,to have; there is,一無所有|一无所有|三人行，則必有我師
6411,朊,U+670A,ruan3|wan3,ruǎn|wǎn,protein,朊毒體|朊毒体|朊病毒
6412,朋,U+670B,peng2,péng,friend,三朋四友|交朋友|呼朋引伴
6413,朌,U+670C,fen2|ban1,fén|bān,,
6414,服,U+670D,fu2|fu4|bi4|bo2,fú|fù|bì|bó,clothes,JK制服|一條龍服務|一条龙服务
6415,朎,U+670E,ling2,líng,,
6416,朏,U+670F,fei3|ku1,fěi|kū,(literary) (of the crescent moon) to begin to shine,
6417,朐,U+6710,qu2|xu1|xu4|chun3,qú|xū|xù|chǔn,surname Qu,臨朐|临朐|臨朐縣
6418,朑,U+6711,ti4,tì,,
6419,朒,U+6712,nv4,nǜ,,
6420,朓,U+6713,tiao3|tiao4|you2,tiǎo|tiào|yóu,(literary) the appearance of the moon in the west at the end of a lunar month,
6421,朔,U+6714,shuo4,shuò,beginning,撲朔|扑朔|撲朔迷離
6422,朕,U+6715,zhen4,zhèn,"(used by an emperor or king) I; me; we (royal ""we"")",朕兆
6423,朖,U+6716,lang3,lǎng,,
6424,朗,U+6717,lang3,lǎng,clear,丹布朗|伊朗|伊朗憲監會
6425,朘,U+6718,zui1|juan1,zuī|juān,(literary) to reduce,
6426,朙,U+6719,ming2,míng,old variant of 明[ming2],
6427,朚,U+671A,huang1|mang2|wang2|meng4,huāng|máng|wáng|mèng,,
6428,望,U+671B,wang4,wàng,full moon,一望無垠|一望无垠|一望無際
6429,朜,U+671C,tun1,tūn,,
6430,朝,U+671D,chao2|zhao1|zhu1,cháo|zhāo|zhū,abbr. for 朝鮮|朝鲜[Chao2 xian3] Korea,一朝一夕|一朝天子一朝臣|一朝被蛇咬，十年怕井繩
6431,朞,U+671E,ji1|qi1,jī|qī,variant of 期[qi1],
6432,期,U+671F,qi1|ji1,qī|jī,variant of 期[qi1],一年期|上個星期|上个星期
6433,朠,U+6720,ying1,yīng,(archaic) moonlight,
6434,朡,U+6721,zong1,zōng,,
6435,朢,U+6722,wang4,wàng,15th day of month (lunar calendar),
6436,朣,U+6723,tong2|chuang2,tóng|chuáng,light from the rising moon,
6437,朤,U+6724,lang3,lǎng,,
6438,朥,U+6725,lao2,láo,,
6439,朦,U+6726,meng2|mang3,méng|mǎng,used in 朦朧|朦胧[meng2 long2],朦在鼓裡|朦在鼓里|朦朧
6440,朧,U+6727,long2|long3,lóng|lǒng,used in 朦朧|朦胧[meng2 long2],朦朧|朦朧詩
6441,木,U+6728,mu4,mù,surname Mu,一木難支|一木难支|一號木桿
6442,朩,U+6729,deng3,děng,"one of the characters used in kwukyel (phonetic ""pin""), an ancient Korean writing system",
6443,未,U+672A,wei4,wèi,not yet,一波未平，一波又起|丁未|並未
6444,末,U+672B,mo4|me,mò|me,variant of 麼|么[me5],且末|且末縣|且末县
6445,本,U+672C,ben3|ben1,běn|bēn,(bound form) root; stem,一本正經|一本正经|一本萬利
6446,札,U+672D,zha2|ya4,zhá|yà,variant of 札[zha2],信札|吞米桑布札|手札
6447,朮,U+672E,shu4|zhu2,shù|zhú,variant of 術|术[shu4],朮赤|白朮
6448,术,U+672F,shu4|zhu2|shu2,shù|zhú|shú,method,不学无术|中国文学艺术界联合会|中国美术馆
6449,朰,U+6730,mu4,mù,"one of the characters used in kwukyel (phonetic ""teul""), an ancient Korean writing system",
6450,朱,U+6731,zhu1|shu1,zhū|shū,surname Zhu,中國白眉朱雀|中国白眉朱雀|北朱雀
6451,朲,U+6732,ren2,rén,,
6452,朳,U+6733,ba1,bā,tree,
6453,朴,U+6734,pu3|piao2|po4|pu1|po1,pǔ|piáo|pò|pū|pō,surname Piao,俭朴|凹朴皮|勤俭朴实
6454,朵,U+6735,duo3,duǒ,flower,克利斯朵夫|剛朵拉|刚朵拉
6455,朶,U+6736,duo3,duǒ,variant of 朵[duo3],
6456,朷,U+6737,dao1|mu4|tiao2,dāo|mù|tiáo,,
6457,朸,U+6738,li4,lì,,
6458,朹,U+6739,gui3|qiu2,guǐ|qiú,,
6459,机,U+673A,ji1|wei4,jī|wèi,surname Ji,BP机|一线生机|上海振华港口机械
6460,朻,U+673B,jiu1,jiū,,
6461,朼,U+673C,bi3,bǐ,,
6462,朽,U+673D,xiu3,xiǔ,rotten,三不朽|不朽|化腐朽為神奇
6463,朾,U+673E,cheng2|zheng1|cheng1|ting1,chéng|zhēng|chēng|tīng,to bump,
6464,朿,U+673F,ci4,cì,stab,
6465,杀,U+6740,sha1,shā,to kill; to slay; to murder; to attack,一笔抹杀|仇杀|他杀
6466,杁,U+6741,ru4,rù,,
6467,杂,U+6742,za2|duo3,zá|duǒ,variant of 雜|杂[za2],二氧杂芑|五味杂陈|冗杂
6468,权,U+6743,quan2,quán,surname Quan,三权分立|三权鼎立|不可侵犯权
6469,杄,U+6744,qian1,qiān,,
6470,杅,U+6745,yu2|wu1,yú|wū,bowl,
6471,杆,U+6746,gan1|gan3|gan4,gān|gǎn|gàn,pole,一杆进洞|一号木杆|三号木杆
6472,杇,U+6747,wu1,wū,to plaster,
6473,杈,U+6748,cha1|cha4,chā|chà,fork of a tree,丫杈|打杈|椏杈
6474,杉,U+6749,shan1|sha1,shān|shā,China fir,三尖杉酯鹼|三尖杉酯碱|加利福尼亞大學洛杉磯分校
6475,杊,U+674A,xun2,xún,,
6476,杋,U+674B,fan2,fán,,
6477,杌,U+674C,wu4|wo4,wù|wò,low stool,杌凳|杌隉|杌陧
6478,杍,U+674D,zi3,zǐ,,
6479,李,U+674E,li3,lǐ,surname Li,伯納斯·李|伯纳斯·李|刺兒李
6480,杏,U+674F,xing4,xìng,apricot,巴旦杏|杏仁|杏仁果
6481,材,U+6750,cai2,cái,material,不成材|不材|不見棺材不落淚
6482,村,U+6751,cun1,cūn,village,三家村|中村|中興新村
6483,杒,U+6752,ren4|er2,rèn|ér,,
6484,杓,U+6753,biao1|shao2|shuo2|di2|zhuo2,biāo|sháo|shuó|dí|zhuó,(literary) handle of a spoon or ladle,中杓鷸|中杓鹬|大杓鷸
6485,杔,U+6754,tuo1|zhe2,tuō|zhé,,
6486,杕,U+6755,di4|duo4,dì|duò,lone-standing tree,
6487,杖,U+6756,zhang4,zhàng,a staff,刑杖|手杖|拐杖
6488,杗,U+6757,mang2,máng,ridge-pole in roof,
6489,杘,U+6758,chi4,chì,,
6490,杙,U+6759,yi4,yì,post for tethering animals,
6491,杚,U+675A,gai4|ge2,gài|gé,,
6492,杛,U+675B,gong1,gōng,,
6493,杜,U+675C,du4|du3|tu2,dù|dǔ|tú,surname Du,亞歷山大·杜布切克|亚历山大·杜布切克|八聲杜鵑
6494,杝,U+675D,li2|zhi4|yi2|tuo4|duo4,lí|zhì|yí|tuò|duò,(tree),
6495,杞,U+675E,qi3,qǐ,"Qi, a Zhou Dynasty vassal state",杞人之憂|杞人之忧|杞人憂天
6496,束,U+675F,shu4,shù,surname Shu,不加拘束|光束|受約束
6497,杠,U+6760,gang1|gang4|gong1,gāng|gàng|gōng,flagpole,保险杠|反斜杠|吊杠
6498,条,U+6761,tiao2,tiáo,strip,一条心|一条绳上的蚂蚱|一条路走到黑
6499,杢,U+6762,jie2,jié,,
6500,杣,U+6763,mian2|shan1,mián|shān,,
6501,杤,U+6764,wan4,wàn,,
6502,来,U+6765,lai2,lái,to come,一来|一来二去|一直以来
6503,杦,U+6766,jiu3,jiǔ,,
6504,杧,U+6767,mang2,máng,used in 杧果[mang2 guo3],杧果
6505,杨,U+6768,yang2,yáng,surname Yang,垂杨柳|普通赤杨|桁杨
6506,杩,U+6769,ma4,mà,headboard,
6507,杪,U+676A,miao3,miǎo,the limit,月杪
6508,杫,U+676B,si4|zhi3|xi3,sì|zhǐ|xǐ,,
6509,杬,U+676C,yuan2|yuan4,yuán|yuàn,,
6510,杭,U+676D,hang2|kang4|kang1,háng|kàng|kāng,surname Hang,上有天堂，下有蘇杭|上有天堂，下有苏杭|上杭
6511,杮,U+676E,fei4|bei4,fèi|bèi,,
6512,杯,U+676F,bei1,bēi,cup,一杯羹|世界杯|乾杯
6513,杰,U+6770,jie2,jié,(bound form) hero,人杰|人杰地灵|伯杰
6514,東,U+6771,dong1,dōng,surname Dong,一東一西|三十年河東，三十年河西|上海浦東發展銀行
6515,杲,U+6772,gao3,gǎo,high,
6516,杳,U+6773,yao3,yǎo,dark and quiet,杳冥|杳如黃鶴|杳如黄鹤
6517,杴,U+6774,xian1|qian1,xiān|qiān,shovel,
6518,杵,U+6775,chu3,chǔ,pestle,只要功夫深，鐵杵磨成針|只要功夫深，铁杵磨成针|磨杵成針
6519,杶,U+6776,chun1,chūn,(tree),
6520,杷,U+6777,pa2|ba4,pá|bà,handle or shaft (of an axe etc),枇杷|枇杷膏
6521,杸,U+6778,shu1|dui4,shū|duì,to kill,
6522,杹,U+6779,hua4,huà,,
6523,杺,U+677A,xin1,xīn,,
6524,杻,U+677B,chou3|niu3,chǒu|niǔ,handcuffs,
6525,杼,U+677C,zhu4|shu4,zhù|shù,shuttle of a loom,機杼|机杼
6526,杽,U+677D,chou3,chǒu,a kind of wooden handcuffs,
6527,松,U+677E,song1,sōng,surname Song,丙酸氟替卡松|亞松森|亚松森
6528,板,U+677F,ban3,bǎn,board,一板一眼|一板三眼|七巧板
6529,枀,U+6780,song1,sōng,,
6530,极,U+6781,ji2,jí,extremely,三极管|二极管|位极人臣
6531,枂,U+6782,wo4|yue4,wò|yuè,,
6532,枃,U+6783,jin4,jìn,,
6533,构,U+6784,gou4,gòu,variant of 構|构[gou4],中国国家原子能机构|主谓结构|代数结构
6534,枅,U+6785,ji1,jī,,
6535,枆,U+6786,mao2,máo,,
6536,枇,U+6787,pi2|bi3|bi4|pi1,pí|bǐ|bì|pī,used in 枇杷[pi2 pa5],枇杷|枇杷膏
6537,枈,U+6788,bi4|pi1,bì|pī,,
6538,枉,U+6789,wang3|kuang2,wǎng|kuáng,to twist,不枉|冤枉|冤枉路
6539,枊,U+678A,ang4,àng,(literary) post for tethering a horse,
6540,枋,U+678B,fang1|fang3|bing3,fāng|fǎng|bǐng,Santalum album,枋寮|枋寮鄉|枋寮乡
6541,枌,U+678C,fen2,fén,(tree),
6542,枍,U+678D,yi4,yì,,
6543,枎,U+678E,fu2|fu1,fú|fū,,
6544,枏,U+678F,nan2,nán,variant of 楠[nan2],
6545,析,U+6790,xi1|si1,xī|sī,to separate,偏析|光譜分析|光谱分析
6546,枑,U+6791,hu4,hù,,
6547,枒,U+6792,ya1|ye1|ya2|ya4,yā|yē|yá|yà,the coconut tree,枝枒
6548,枓,U+6793,dou3|zhu3,dǒu|zhǔ,(architecture) square wooden bearing block used to support a bracket in a dougong 斗拱[dou3 gong3] bracket system,枓拱|枓栱
6549,枔,U+6794,xin2,xín,,
6550,枕,U+6795,zhen3|chen2,zhěn|chén,(bound form) pillow,U型枕|同床共枕|吹枕邊風
6551,枖,U+6796,yao1|yao3,yāo|yǎo,,
6552,林,U+6797,lin2,lín,surname Lin,三北防護林|三北防护林|上林
6553,枘,U+6798,rui4|nen4,ruì|nèn,tenon,圓鑿方枘|圆凿方枘|方枘圓鑿
6554,枙,U+6799,e3|e4,ě|è,tree knot,
6555,枚,U+679A,mei2,méi,surname Mei,不勝枚舉|不胜枚举|不可枚舉
6556,枛,U+679B,zhao4,zhào,,
6557,果,U+679C,guo3|luo3|guan4,guǒ|luǒ|guàn,fruit,乳果糖|乾果|干果
6558,枝,U+679D,zhi1|qi2,zhī|qí,branch,一枝獨秀|一枝独秀|分枝
6559,枞,U+679E,cong1|zong1,cōng|zōng,fir tree,枞树|枞阳|枞阳县
6560,枟,U+679F,yun4,yùn,wood streaks,
6561,枠,U+67A0,hua4,huà,,
6562,枡,U+67A1,sheng1,shēng,,
6563,枢,U+67A2,shu1,shū,(bound form) hinge; pivot (usu. fig.),中枢|中枢神经系统|交通枢纽
6564,枣,U+67A3,zao3,zǎo,(bound form) jujube; Chinese date (Zizyphus jujuba),南枣|囫囵吞枣|大枣
6565,枤,U+67A4,di4,dì,,
6566,枥,U+67A5,li4,lì,type of oak,老骥伏枥|老骥伏枥，志在千里
6567,枦,U+67A6,lu2,lú,,
6568,枧,U+67A7,jian3,jiǎn,bamboo conduit,
6569,枨,U+67A8,cheng2,chéng,door post,
6570,枩,U+67A9,song1,sōng,,
6571,枪,U+67AA,qiang1,qiāng,surname Qiang,一枪命中|中枪|来复枪
6572,枫,U+67AB,feng1,fēng,maple (genus Acer),八角枫|枫木|枫树
6573,枬,U+67AC,zhan1,zhān,,
6574,枭,U+67AD,xiao1,xiāo,owl,夜枭|枭雄|枭首
6575,枮,U+67AE,xian1|zhen1,xiān|zhēn,,
6576,枯,U+67AF,ku1|gu1,kū|gū,(of plants) withered,乾枯|干枯|塚中枯骨
6577,枰,U+67B0,ping2,píng,chess-like game,
6578,枱,U+67B1,tai2|si4|ci2,tái|sì|cí,old variant of 檯|台[tai2],
6579,枲,U+67B2,xi3,xǐ,male nettle-hemp,
6580,枳,U+67B3,zhi3|zhi1,zhǐ|zhī,(orange),枳實|枳实|枳殼
6581,枴,U+67B4,guai3,guǎi,cane,
6582,枵,U+67B5,xiao1,xiāo,(archaic) hollow of a tree,
6583,架,U+67B6,jia4,jià,to support,三腳架|三脚架|上架
6584,枷,U+67B7,jia1|jia4,jiā|jià,cangue (wooden collar like stocks used to restrain and punish criminals in China),枷板|枷銷|枷销
6585,枸,U+67B8,gou3|gou1|ju3|qu2,gǒu|gōu|jǔ|qú,bent,枸杞|枸杞子|枸橘
6586,枹,U+67B9,bao1|fu2,bāo|fú,Quercus glandulifera,
6587,枺,U+67BA,mo4,mò,,
6588,枻,U+67BB,yi4|xie4,yì|xiè,oar,
6589,枼,U+67BC,ye4,yè,,
6590,枽,U+67BD,ye4,yè,,
6591,枾,U+67BE,shi4,shì,,
6592,枿,U+67BF,nie4,niè,,
6593,柀,U+67C0,bi3,bǐ,,
6594,柁,U+67C1,duo4|tuo2|tuo3,duò|tuó|tuǒ,main beam of roof,
6595,柂,U+67C2,yi2|duo4|li2,yí|duò|lí,(literary) (botany) (a species of linden whose timber was used to make coffins in ancient times),
6596,柃,U+67C3,ling2,líng,Eurya japonica,
6597,柄,U+67C4,bing3,bǐng,handle or shaft (of an axe etc),劍柄|剑柄|國柄
6598,柅,U+67C5,ni3|chi4,nǐ|chì,(tree),
6599,柆,U+67C6,la1,lā,,
6600,柇,U+67C7,he2,hé,,
6601,柈,U+67C8,ban4|pan2|pan4,bàn|pán|pàn,plate,
6602,柉,U+67C9,fan2,fán,,
6603,柊,U+67CA,zhong1,zhōng,used in 柊葉|柊叶[zhong1 ye4],柊葉|柊叶
6604,柋,U+67CB,dai4,dài,,
6605,柌,U+67CC,ci2,cí,,
6606,柍,U+67CD,yang3|yang4|ying1,yǎng|yàng|yīng,,
6607,柎,U+67CE,fu1|fu3|fu4,fū|fǔ|fù,calyx of flower,
6608,柏,U+67CF,bai3|bo2|bo4,bǎi|bó|bò,surname Bai,刺柏|嘉柏隆里|圓柏
6609,某,U+67D0,mou3|mei2,mǒu|méi,some,某事|某些|某人
6610,柑,U+67D1,gan1|qian2,gān|qián,large tangerine,廣柑|广柑|柑橘
6611,柒,U+67D2,qi1,qī,seven (banker's anti-fraud numeral),
6612,染,U+67D3,ran3,rǎn,to dye,一塵不染|一尘不染|上呼吸道感染
6613,柔,U+67D4,rou2,róu,soft,以柔克剛|以柔克刚|優柔
6614,柕,U+67D5,mao4,mào,,
6615,柖,U+67D6,shao2|shao4,sháo|shào,,
6616,柗,U+67D7,song1,sōng,,
6617,柘,U+67D8,zhe4,zhè,a thorny tree,柘城|柘城縣|柘城县
6618,柙,U+67D9,xia2|jia3,xiá|jiǎ,cage,
6619,柚,U+67DA,you4|you2|zhou2,yòu|yóu|zhóu,pomelo (Citrus maxima or C. grandis),柚子|柚木|葡萄柚
6620,柛,U+67DB,shen1,shēn,,
6621,柜,U+67DC,gui4|ju3,guì|jǔ,variant of 櫃|柜[gui4],中转柜台|五斗柜|保险柜
6622,柝,U+67DD,tuo4,tuò,watchman's rattle,倪柝聲|倪柝声
6623,柞,U+67DE,zha4|zuo4|ze2,zhà|zuò|zé,used in 柞水[Zha4 shui3] (the name of a place in Shaanxi),柞櫟|柞栎|柞水
6624,柟,U+67DF,nan2|ran2,nán|rán,variant of 楠[nan2],
6625,柠,U+67E0,ning2|chu3|zhu4,níng|chǔ|zhù,used in 檸檬|柠檬[ning2 meng2],柠檬|柠檬水|柠檬汁
6626,柡,U+67E1,yong3,yǒng,,
6627,柢,U+67E2,di3|di4|chi2,dǐ|dì|chí,foundation,根柢|歸根結柢|归根结柢
6628,柣,U+67E3,zhi4|die2,zhì|dié,threshold,
6629,柤,U+67E4,zha1|zu3|zu1,zhā|zǔ|zū,(hawthorn),
6630,查,U+67E5,cha2|zha1|chai2,chá|zhā|chái,surname Zha,中國地質調查局|中国地质调查局|人口普查
6631,柦,U+67E6,dan4,dàn,a kind of wooden desk without legs,
6632,柧,U+67E7,gu1,gū,,
6633,柨,U+67E8,bu4|pu1,bù|pū,,
6634,柩,U+67E9,jiu4,jiù,bier,靈柩|灵柩
6635,柪,U+67EA,ao1|ao4,āo|ào,,
6636,柫,U+67EB,fu2,fú,,
6637,柬,U+67EC,jian3,jiǎn,"abbr. for 柬埔寨[Jian3 pu3 zhai4], Cambodia",書柬|书柬|柬吳哥王朝
6638,柭,U+67ED,ba1|fu2|bo2|bie1|pei4,bā|fú|bó|biē|pèi,,
6639,柮,U+67EE,duo4|zuo2|wu4,duò|zuó|wù,wood scraps,
6640,柯,U+67EF,ke1,kē,surname Ke,伊士曼柯達公司|伊士曼柯达公司|伐柯
6641,柰,U+67F0,nai4,nài,Chinese pearleaf crabapple (Malus asiatica),山柰|柰子
6642,柱,U+67F1,zhu4|zhu3,zhù|zhǔ,pillar,一柱擎天|三柱門|三柱门
6643,柲,U+67F2,bi4|bie2,bì|bié,weapon handle of bamboo strips,
6644,柳,U+67F3,liu3,liǔ,surname Liu,傍柳隨花|傍柳随花|冕柳鶯
6645,柴,U+67F4,chai2|ci1|zhai4|zi4,chái|cī|zhài|zì,surname Chai,不當家不知柴米貴|不当家不知柴米贵|劈柴
6646,柵,U+67F5,shan1|zha4,shān|zhà,fence,木柵|木柵線|柵子
6647,柶,U+67F6,si4,sì,spoon,
6648,柷,U+67F7,chu4|zhu4,chù|zhù,"percussion instrument, a tapering wooden box struck on the inside with a wooden stick",
6649,柸,U+67F8,pei1|bei1,pēi|bēi,to hate,
6650,柹,U+67F9,shi4|fei4,shì|fèi,old variant of 柿[shi4],
6651,柺,U+67FA,guai3,guǎi,variant of 枴|拐[guai3],
6652,査,U+67FB,zha1,zhā,Japanese variant of 查,
6653,柼,U+67FC,yao3,yǎo,,
6654,柽,U+67FD,cheng1|jue2,chēng|jué,tamarisk,
6655,柾,U+67FE,jiu4,jiù,,
6656,柿,U+67FF,shi4,shì,old variant of 柿[shi4],柿子|柿子挑軟的捏|柿子挑软的捏
6657,栀,U+6800,zhi1,zhī,gardenia,栀子|栀子花
6658,栁,U+6801,liu3,liǔ,old variant of 柳[liu3],
6659,栂,U+6802,mei2,méi,,
6660,栃,U+6803,li4,lì,"archaic variant of 櫪|枥, oak",
6661,栄,U+6804,rong2,róng,Japanese variant of 榮|荣[rong2],
6662,栅,U+6805,zha4|shan1|ce4,zhà|shān|cè,fence,木栅|木栅线|栅子
6663,栆,U+6806,zao3,zǎo,,
6664,标,U+6807,biao1,biāo,mark,上标|下标|不标准
6665,栈,U+6808,zhan4,zhàn,a wooden or bamboo pen for sheep or cattle,全栈|商栈|堆栈
6666,栉,U+6809,zhi4,zhì,comb,栉孔扇贝|栉比|栉水母
6667,栊,U+680A,long2,lóng,(literary) window,
6668,栋,U+680B,dong4,dòng,classifier for houses or buildings,吴作栋|栋梁|汗牛充栋
6669,栌,U+680C,lu2,lú,capital (of column),
6670,栍,U+680D,sheng1,shēng,,
6671,栎,U+680E,li4|yue4,lì|yuè,oak,柞栎|栓皮栎|槲栎
6672,栏,U+680F,lan2,lán,fence,三框栏|任务栏|布告栏
6673,栐,U+6810,yong3,yǒng,(archaic) a kind of tree whose timber was used to make ceremonial tablets 笏[hu4],
6674,树,U+6811,shu4,shù,tree,七叶树|不要在一棵树上吊死|二叉树
6675,栒,U+6812,xun2|sun3,xún|sǔn,cross bar,
6676,栓,U+6813,shuan1|shuan4|quan2,shuān|shuàn|quán,bottle stopper,月經棉栓|月经棉栓|栓劑
6677,栔,U+6814,qi4,qì,carve,
6678,栕,U+6815,zhen1,zhēn,,
6679,栖,U+6816,qi1|xi1,qī|xī,to perch,偏利共栖|两栖|两栖动物
6680,栗,U+6817,li4|lie4,lì|liè,(literary) cold; chilly,上栗|上栗縣|上栗县
6681,栘,U+6818,yi2,yí,shadbush or shadberry (genus Amelanchier),
6682,栙,U+6819,xiang2,xiáng,,
6683,栚,U+681A,zhen4,zhèn,,
6684,栛,U+681B,li4,lì,,
6685,栜,U+681C,se4|ci4,sè|cì,,
6686,栝,U+681D,gua1|tian3|kuo4,guā|tiǎn|kuò,Juniperus chinensis,檃栝
6687,栞,U+681E,kan1,kān,old variant of 刊[kan1],
6688,栟,U+681F,ben1|bing1,bēn|bīng,Trachycarpus excelsa,
6689,栠,U+6820,ren3,rěn,,
6690,校,U+6821,xiao4|jiao4|jiao3|qiao1,xiào|jiào|jiǎo|qiāo,to check; to collate; to proofread,上校|中央黨校|中央党校
6691,栢,U+6822,bai3,bǎi,variant of 柏[bai3],
6692,栣,U+6823,ren3,rěn,,
6693,栤,U+6824,bing4,bìng,,
6694,栥,U+6825,zi1,zī,,
6695,栦,U+6826,chou2,chóu,,
6696,栧,U+6827,yi4,yì,,
6697,栨,U+6828,ci4,cì,,
6698,栩,U+6829,xu3|yu3,xǔ|yǔ,used in 栩栩[xu3 xu3],栩栩|栩栩如生|栩栩生輝
6699,株,U+682A,zhu1,zhū,tree trunk,守株待兔|守株待兔，緣木求魚|守株待兔，缘木求鱼
6700,栫,U+682B,jian4|zun4,jiàn|zùn,fence,
6701,栬,U+682C,zui4,zuì,,
6702,栭,U+682D,er2,ér,tree mushroom,
6703,栮,U+682E,er3,ěr,,
6704,栯,U+682F,you3|yu4,yǒu|yù,,
6705,栰,U+6830,fa2,fá,variant of 筏[fa2],
6706,栱,U+6831,gong3,gǒng,post,枓栱
6707,栲,U+6832,kao3,kǎo,"chinquapin (Castanopsis fargesii and other spp.), genus of evergreen trees",栲屬|栲属|栲栳
6708,栳,U+6833,lao3,lǎo,basket,栲栳
6709,栴,U+6834,zhan1,zhān,used in 栴檀[zhan1 tan2],栴檀
6710,栵,U+6835,lie4,liè,hedge,
6711,栶,U+6836,yin1,yīn,,
6712,样,U+6837,yang4|yang2,yàng|yáng,manner,一个样|一天一个样|一模一样
6713,核,U+6838,he2|hu2|gai1|kai4,hé|hú|gāi|kài,pit,不擴散核武器條約|不扩散核武器条约|中國核能總公司
6714,根,U+6839,gen1,gēn,root,一根筋|一根繩上的螞蚱|一根绳上的蚂蚱
6715,栺,U+683A,yi4|zhi1|zhi3,yì|zhī|zhǐ,,
6716,栻,U+683B,shi4,shì,(tree),
6717,格,U+683C,ge2|luo4|he4|ge1,gé|luò|hè|gē,used in 格登[ge1 deng1],B格|丁格犬|不及格
6718,栽,U+683D,zai1|zai4,zāi|zài,to plant; to grow,一頭栽進|一头栽进|倒栽蔥
6719,栾,U+683E,luan2,luán,surname Luan,栾城|栾城区|栾川
6720,栿,U+683F,fu2,fú,,
6721,桀,U+6840,jie2,jié,(emperor of Xia dynasty),桀王|桀貪驁詐|桀贪骜诈
6722,桁,U+6841,heng2|hang2|hang4,héng|háng|hàng,cangue (stocks to punish criminals),桁架|桁梁|桁楊
6723,桂,U+6842,gui4,guì,surname Gui,丹桂|倪桂珍|吳三桂
6724,桃,U+6843,tao2|tiao1|zhao4,táo|tiāo|zhào,peach,世外桃源|世外桃花源|仙桃
6725,桄,U+6844,guang1|guang4,guāng|guàng,used in 桄榔[guang1 lang2],桄榔
6726,桅,U+6845,wei2|gui3,wéi|guǐ,mast,前桅|桅杆|桅竿
6727,框,U+6846,kuang1|kuang4|kuang2,kuāng|kuàng|kuáng,frame (e.g. door frame),三框欄|三框栏|區字框
6728,桇,U+6847,ru2,rú,,
6729,案,U+6848,an4,àn,(legal) case,不信任案|中蘇解決懸案大綱協定|中苏解决悬案大纲协定
6730,桉,U+6849,an1|an4,ān|àn,Eucalyptus globulus,桉樹|桉树|桉葉油
6731,桊,U+684A,juan4|quan1,juàn|quān,,
6732,桋,U+684B,yi2|ti2,yí|tí,(tree),
6733,桌,U+684C,zhuo1,zhuō,table,三屜桌|三屉桌|上桌
6734,桍,U+684D,ku1,kū,,
6735,桎,U+684E,zhi4,zhì,fetters,桎梏
6736,桏,U+684F,qiong2,qióng,,
6737,桐,U+6850,tong2|tong1|dong4,tóng|tōng|dòng,"tree name (variously Paulownia, Firmiana or Aleurites)",丘成桐|刺桐|南桐礦區
6738,桑,U+6851,sang1,sāng,surname Sang,亞利桑納州|亚利桑纳州|亞利桑那
6739,桒,U+6852,sang1,sāng,old variant of 桑[sang1],
6740,桓,U+6853,huan2,huán,surname Huan,張蔭桓|张荫桓|桓仁
6741,桔,U+6854,ju2|jie2|xie2,jú|jié|xié,used in 桔梗[jie2 geng3],桔子|桔梗|桔槔
6742,桕,U+6855,jiu4,jiù,Tallow tree,烏桕|乌桕
6743,桖,U+6856,xue4,xuè,,
6744,桗,U+6857,duo4,duò,,
6745,桘,U+6858,zhui4,zhuì,,
6746,桙,U+6859,yu2|mou2,yú|móu,,
6747,桚,U+685A,zan3,zǎn,old variant of 拶[zan3],
6748,桛,U+685B,桛,桛,,
6749,桜,U+685C,ying1,yīng,Japanese variant of 櫻|樱[ying1],
6750,桝,U+685D,jie2,jié,,
6751,桞,U+685E,liu3,liǔ,,
6752,桟,U+685F,zhan4,zhàn,Japanese variant of 棧|栈[zhan4],
6753,桠,U+6860,ya1,yā,forking branch,枝桠|桠杈
6754,桡,U+6861,rao2,ráo,(literary) to disturb,桡骨|阻桡
6755,桢,U+6862,zhen1,zhēn,(old) privet (genus Ligustrum),沈葆桢|竺可桢
6756,档,U+6863,dang4,dàng,(Tw) gear (variant of 擋|挡[dang3]),中档|低档|八点档
6757,桤,U+6864,qi1,qī,alder,桤木|桤树|红桤树
6758,桥,U+6865,qiao2,qiáo,bridge,H桥|五通桥|五通桥区
6759,桦,U+6866,hua4,huà,(botany) birch (genus Betula),桦南|桦南县|桦川
6760,桧,U+6867,gui4|hui4,guì|huì,used in 秦檜|秦桧[Qin2 Hui4],桧木|桧柏|秦桧
6761,桨,U+6868,jiang3,jiǎng,oar; paddle,划桨|桨手|桨板
6762,桩,U+6869,zhuang1,zhuāng,stump; stake; pile,件件桩桩|基桩|宁拆十座庙，不毁一桩婚
6763,桪,U+686A,xun2,xún,,
6764,桫,U+686B,suo1,suō,horse chestnut,桫欏|桫椤|陰桫
6765,桬,U+686C,sha1,shā,,
6766,桭,U+686D,zhen1|chen2|zhen4,zhēn|chén|zhèn,eaves,
6767,桮,U+686E,bei1,bēi,variant of 杯[bei1],
6768,桯,U+686F,ting1|ying2,tīng|yíng,bed side stand,
6769,桰,U+6870,kuo4,kuò,,
6770,桱,U+6871,jing4,jìng,,
6771,桲,U+6872,po|bo2,po|bó,flail,榲桲|榅桲
6772,桳,U+6873,ben4,bèn,,
6773,桴,U+6874,fu2,fú,beam,桴鼓相應|桴鼓相应
6774,桵,U+6875,rui2,ruí,,
6775,桶,U+6876,tong3,tǒng,bucket,便桶|冰桶|半桶水
6776,桷,U+6877,jue2,jué,rafter,袁桷
6777,桸,U+6878,xi1,xī,,
6778,桹,U+6879,lang2,láng,(palm),
6779,桺,U+687A,liu3,liǔ,old variant of 柳[liu3],
6780,桻,U+687B,feng1|feng4,fēng|fèng,,
6781,桼,U+687C,qi1,qī,,
6782,桽,U+687D,wen3,wěn,,
6783,桾,U+687E,jun1,jūn,,
6784,桿,U+687F,gan3|han4,gǎn|hàn,stick,一桿進洞|一號木桿|三號木桿
6785,梀,U+6880,su4|yin4,sù|yìn,,
6786,梁,U+6881,liang2,liáng,Liang Dynasty (502–557),丁字梁|上梁不正下梁歪|上梁
6787,梂,U+6882,qiu2,qiú,,
6788,梃,U+6883,ting3|ting4,tǐng|tìng,a club (weapon),
6789,梄,U+6884,you3,yǒu,,
6790,梅,U+6885,mei2,méi,surname Mei,三浦梅園|三浦梅园|不來梅
6791,梆,U+6886,bang1,bāng,watchman's rattle,喪梆|丧梆|梆子
6792,梇,U+6887,long4,lòng,,
6793,梈,U+6888,peng1,pēng,,
6794,梉,U+6889,zhuang1,zhuāng,,
6795,梊,U+688A,di4,dì,squeeze out of,
6796,梋,U+688B,xuan1|juan1|xie2,xuān|juān|xié,,
6797,梌,U+688C,tu2|cha2|tu1,tú|chá|tū,,
6798,梍,U+688D,zao4,zào,Chinese honey locust (Gleditsia sinensis),
6799,梎,U+688E,ao1|you4,āo|yòu,,
6800,梏,U+688F,gu4|jue2,gù|jué,braces (med.),桎梏
6801,梐,U+6890,bi4,bì,stockade,
6802,梑,U+6891,di2,dí,,
6803,梒,U+6892,han2,hán,,
6804,梓,U+6893,zi3,zǐ,"Chinese catalpa (Catalpa ovata), a tree that serves as a symbol of one's hometown and whose wood is used to make various items",付梓|吳敬梓|吴敬梓
6805,梔,U+6894,zhi1,zhī,gardenia,梔子|梔子花
6806,梕,U+6895,ren4,rèn,,
6807,梖,U+6896,bei4,bèi,,
6808,梗,U+6897,geng3,gěng,branch,作梗|凄梗|心梗
6809,梘,U+6898,jian3|xian4|jian4,jiǎn|xiàn|jiàn,bamboo conduit,
6810,梙,U+6899,huan4,huàn,,
6811,梚,U+689A,wan3,wǎn,,
6812,梛,U+689B,nuo2,nuó,,
6813,梜,U+689C,jia1,jiā,(old) chopsticks,梜提
6814,條,U+689D,tiao2|tiao1,tiáo|tiāo,strip,一條心|一條繩上的螞蚱|一條路走到黑
6815,梞,U+689E,ji4,jì,,
6816,梟,U+689F,xiao1,xiāo,owl,夜梟|梟雄|梟首
6817,梠,U+68A0,lv3,lǚ,beam at the eaves,
6818,梡,U+68A1,hun2|kuan3,hún|kuǎn,(tree),
6819,梢,U+68A2,shao1|shao4|xiao1|sao4,shāo|shào|xiāo|sào,tip of branch,尾梢|後梢|后梢
6820,梣,U+68A3,cen2|chen2|qin2,cén|chén|qín,Chinese ash (Fraxinus chinensis),梣樹|梣树
6821,梤,U+68A4,fen2,fén,,
6822,梥,U+68A5,song1,sōng,old variant of 松[song1],
6823,梦,U+68A6,meng4,mèng,"dream (CL:場|场[chang2],個|个[ge4])",中国梦|人生如梦|仲夏夜之梦
6824,梧,U+68A7,wu2|wu4|yu3,wú|wù|yǔ,Sterculia platanifolia,梧州|梧州市|梧桐
6825,梨,U+68A8,li2,lí,pear,亞洲梨|亚洲梨|刺梨
6826,梩,U+68A9,li2|si4|qi3,lí|sì|qǐ,basket for removing earth,
6827,梪,U+68AA,dou4,dòu,,
6828,梫,U+68AB,qin3|qin1,qǐn|qīn,,
6829,梬,U+68AC,ying3,yǐng,,
6830,梭,U+68AD,suo1|xun4,suō|xùn,(textiles) shuttle,太空梭|摩梭|摩梭族
6831,梮,U+68AE,ju1,jū,,
6832,梯,U+68AF,ti1|ti2,tī|tí,(bound form) ladder; stairs,人梯|南奧塞梯|南奥塞梯
6833,械,U+68B0,xie4,xiè,appliance,上海振華港口機械|上海振华港口机械|中國精密機械進出口公司
6834,梱,U+68B1,kun3|hun2,kǔn|hún,movable door sill,
6835,梲,U+68B2,zhuo2,zhuó,club (weapon),
6836,梳,U+68B3,shu1,shū,to comb,梳乎厘|梳妝|梳妆
6837,梴,U+68B4,chan1,chān,length (of a tree or beam),
6838,梵,U+68B5,fan4,fàn,abbr. for 梵教[Fan4 jiao4] Brahmanism,梵克雅寶|梵克雅宝|梵冊貝葉
6839,梶,U+68B6,wei3,wěi,,
6840,梷,U+68B7,jing4,jìng,,
6841,梸,U+68B8,li2,lí,old variant of 梨[li2],
6842,梹,U+68B9,bin1|bing1,bīn|bīng,variant of 檳|槟[bing1],
6843,梺,U+68BA,xia4,xià,,
6844,梻,U+68BB,fo2,fó,,
6845,梼,U+68BC,tao2,táo,dunce,梼杌
6846,梽,U+68BD,zhi4,zhì,,
6847,梾,U+68BE,lai2,lái,used in 棶木|梾木[lai2 mu4],梾木
6848,梿,U+68BF,lian2,lián,"see 槤枷|梿枷[lian2 jia1], flail",榴梿|榴梿果|梿枷
6849,检,U+68C0,jian3,jiǎn,to check,健康检查|健检|光检测器
6850,棁,U+68C1,zhuo1|tuo1|rui4,zhuō|tuō|ruì,(wooden) stick,
6851,棂,U+68C2,ling2,líng,(bound form) a (window) lattice; latticework,棂床|窗户棂|窗棂
6852,棃,U+68C3,li2,lí,"variant of 梨[li2], pear",
6853,棄,U+68C4,qi4,qì,to abandon,不離不棄|丟棄|丟盔棄甲
6854,棅,U+68C5,bing3,bǐng,,
6855,棆,U+68C6,lun2,lún,,
6856,棇,U+68C7,cong1|song1,cōng|sōng,,
6857,棈,U+68C8,qian4,qiàn,,
6858,棉,U+68C9,mian2,mián,generic term for cotton or kapok,採棉機|采棉机|月經棉栓
6859,棊,U+68CA,qi2,qí,variant of 棋[qi2],
6860,棋,U+68CB,qi2|ji1,qí|jī,variant of 棋[qi2],一盤棋|一盘棋|下棋
6861,棌,U+68CC,cai4,cài,,
6862,棍,U+68CD,gun4|hun4|ao1|gun3,gùn|hùn|āo|gǔn,stick; rod; truncheon,一棍子打死|二節棍|二节棍
6863,棎,U+68CE,chan2,chán,,
6864,棏,U+68CF,de2|zhe2,dé|zhé,,
6865,棐,U+68D0,fei3|fei2,fěi|féi,Torreya nucifera,
6866,棑,U+68D1,pai2|bei4|pei4,pái|bèi|pèi,raft,
6867,棒,U+68D2,bang4,bàng,stick,一級棒|一级棒|乏燃料棒
6868,棓,U+68D3,bang4|bei4|pou3|pei2|bei1,bàng|bèi|pǒu|péi|bēi,,
6869,棔,U+68D4,hun1,hūn,,
6870,棕,U+68D5,zong1,zōng,palm,棕三趾鶉|棕三趾鹑|棕喉雀鶥
6871,棖,U+68D6,cheng2|chang2,chéng|cháng,door post,
6872,棗,U+68D7,zao3,zǎo,(bound form) jujube; Chinese date (Zizyphus jujuba),南棗|囫圇吞棗|大棗
6873,棘,U+68D8,ji2,jí,thorns,披荊斬棘|披荆斩棘|棘手
6874,棙,U+68D9,li4|lie4,lì|liè,,
6875,棚,U+68DA,peng2,péng,shed,住棚節|住棚节|千里搭長棚，沒有不散的宴席
6876,棛,U+68DB,yu4,yù,,
6877,棜,U+68DC,yu4,yù,tray for carrying sacrificial meats,
6878,棝,U+68DD,gu4,gù,,
6879,棞,U+68DE,jun4,jùn,,
6880,棟,U+68DF,dong4,dòng,classifier for houses or buildings,吳作棟|棟梁|汗牛充棟
6881,棠,U+68E0,tang2,táng,cherry-apple,孫毓棠|孙毓棠|左宗棠
6882,棡,U+68E1,gang1,gāng,,
6883,棢,U+68E2,wang3,wǎng,,
6884,棣,U+68E3,di4|ti4|dai4,dì|tì|dài,Kerria japonica,唐棣|朱棣|柯棣華
6885,棤,U+68E4,cuo4,cuò,rough tree bark,
6886,棥,U+68E5,fan2,fán,,
6887,棦,U+68E6,cheng1,chēng,,
6888,棧,U+68E7,zhan4|zhan3|chen2,zhàn|zhǎn|chén,a wooden or bamboo pen for sheep or cattle,全棧|商棧|堆棧
6889,棨,U+68E8,qi3,qǐ,tally for going through a pass,
6890,棩,U+68E9,yuan1,yuān,crooked (tree),
6891,棪,U+68EA,yan3|yan4,yǎn|yàn,(tree),
6892,棫,U+68EB,yu4,yù,(oak),
6893,棬,U+68EC,quan1|juan4|quan2,quān|juàn|quán,bowl,
6894,棭,U+68ED,yi4,yì,,
6895,森,U+68EE,sen1,sēn,Mori (Japanese surname),亞松森|亚松森|保爾森
6896,棯,U+68EF,ren3|shen3,rěn|shěn,jujube tree,
6897,棰,U+68F0,chui2|duo3,chuí|duǒ,to flog,笞棰
6898,棱,U+68F1,leng2|leng1|ling2|leng4|cheng1,léng|lēng|líng|lèng|chēng,used in 刺棱[ci1 leng1],三棱草|三棱镜|丹棱
6899,棲,U+68F2,qi1|xi1,qī|xī,to perch,偏利共棲|兩棲|兩棲動物
6900,棳,U+68F3,zhuo1,zhuō,"small pillars that support the roof, those which rest on the main beam",
6901,棴,U+68F4,fu2|su4,fú|sù,,
6902,棵,U+68F5,ke1|kuan3|ke3,kē|kuǎn|kě,"classifier for trees, cabbages, plants etc",不要在一棵樹上吊死|不要在一棵树上吊死|塌棵菜
6903,棶,U+68F6,lai2,lái,used in 棶木|梾木[lai2 mu4],棶木
6904,棷,U+68F7,zou1|sou3,zōu|sǒu,,
6905,棸,U+68F8,zou1,zōu,surname Zou,
6906,棹,U+68F9,zhao4|zhuo1,zhào|zhuō,variant of 桌[zhuo1],
6907,棺,U+68FA,guan1|guan4,guān|guàn,coffin,不見棺材不落淚|不见棺材不落泪|冰棺
6908,棻,U+68FB,fen1,fēn,aromatic wood,令狐德棻
6909,棼,U+68FC,fen2|fen4|fen1,fén|fèn|fēn,beams in roof,治絲益棼|治丝益棼
6910,棽,U+68FD,shen1|chen1,shēn|chēn,,
6911,棾,U+68FE,qing2,qíng,,
6912,棿,U+68FF,ni2|nie4,ní|niè,,
6913,椀,U+6900,wan3,wǎn,variant of 碗[wan3],
6914,椁,U+6901,guo3,guǒ,outer coffin,棺椁
6915,椂,U+6902,lu4,lù,,
6916,椃,U+6903,hao2,háo,,
6917,椄,U+6904,jie1|jie2|qie4,jiē|jié|qiè,"(archaic) to graft (a branch, bud etc)",
6918,椅,U+6905,yi3|yi1,yǐ|yī,chair,交椅|人體工學椅|人体工学椅
6919,椆,U+6906,chou2|zhou4|diao1,chóu|zhòu|diāo,species of tree resistant to cold weather,木椆|椆水|椆苕
6920,椇,U+6907,ju3,jǔ,,
6921,椈,U+6908,ju2,jú,Fagus sylvatica,
6922,椉,U+6909,cheng2|sheng4,chéng|shèng,old variant of 乘[cheng2],
6923,椊,U+690A,zuo2|cui4,zuó|cuì,to fit a handle into a socket,
6924,椋,U+690B,liang2,liáng,used in 椋鳥|椋鸟[liang2 niao3],北椋鳥|北椋鸟|斑椋鳥
6925,椌,U+690C,qiang1|kong1,qiāng|kōng,(wooden mus. instr.),
6926,植,U+690D,zhi2,zhí,to plant,全民義務植樹日|全民义务植树日|冠狀動脈旁路移植手術
6927,椎,U+690E,chui2|zhui1,chuí|zhuī,hammer; mallet (variant of 槌[chui2]),古脊椎動物學|古脊椎动物学|圓口綱脊椎動物
6928,椏,U+690F,ya1|e3,yā|ě,forking branch,枝椏|椏杈
6929,椐,U+6910,ju1,jū,Zelkowa acuminata,
6930,椑,U+6911,bei1|pi2|bi4|pai2,bēi|pí|bì|pái,Fagus sylvatica,
6931,椒,U+6912,jiao1,jiāo,pepper,全椒|全椒縣|全椒县
6932,椓,U+6913,zhuo2,zhuó,beat,
6933,椔,U+6914,zi1,zī,,
6934,椕,U+6915,bin1,bīn,,
6935,椖,U+6916,peng2,péng,,
6936,椗,U+6917,ding4,dìng,variant of 碇[ding4],
6937,椘,U+6918,chu3,chǔ,,
6938,椙,U+6919,chang1,chāng,,
6939,椚,U+691A,men1,mēn,,
6940,椛,U+691B,hua1,huā,,
6941,検,U+691C,jian3,jiǎn,Japanese variant of 檢|检,
6942,椝,U+691D,gui1,guī,nonstandard simplified variant of 槼|规[gui1],
6943,椞,U+691E,xi4,xì,,
6944,椟,U+691F,du2,dú,cabinet,买椟还珠
6945,椠,U+6920,qian4,qiàn,wooden tablet,
6946,椡,U+6921,dao4,dào,,
6947,椢,U+6922,gui4,guì,,
6948,椣,U+6923,dian3,diǎn,,
6949,椤,U+6924,luo2,luó,see 桫欏|桫椤[suo1 luo2],桫椤
6950,椥,U+6925,zhi1,zhī,used in 檳椥|槟椥[Bin1 zhi1],檳椥|槟椥
6951,椦,U+6926,quan,quan,,
6952,椧,U+6927,ming4,mìng,,
6953,椨,U+6928,fu3,fǔ,,
6954,椩,U+6929,geng1,gēng,,
6955,椪,U+692A,peng4,pèng,used in 椪柑[peng4 gan1],椪柑|綠豆椪|绿豆椪
6956,椫,U+692B,shan4,shàn,(wood),
6957,椬,U+692C,yi2,yí,,
6958,椭,U+692D,tuo3,tuǒ,ellipse,参考椭球体|椭圆|椭圆函数
6959,椮,U+692E,sen1,sēn,lush growth (trees),
6960,椯,U+692F,duo3|chuan2,duǒ|chuán,,
6961,椰,U+6930,ye1,yē,(bound form) coconut palm,椰奶|椰子|椰子汁
6962,椱,U+6931,fu4,fù,,
6963,椲,U+6932,wei3|hui1,wěi|huī,,
6964,椳,U+6933,wei1,wēi,"the pivots, at the top and bottom of a Chinese door, on which the door turns",
6965,椴,U+6934,duan4,duàn,Chinese linden (Tilia chinensis),心葉椴|心叶椴
6966,椵,U+6935,jia3|jia1,jiǎ|jiā,(grapefruit),
6967,椶,U+6936,zong1,zōng,variant of 棕[zong1],
6968,椷,U+6937,jian1|han2,jiān|hán,(wooden) box,
6969,椸,U+6938,yi2,yí,clothes-horse,
6970,椹,U+6939,shen4|zhen1,shèn|zhēn,variant of 葚[shen4],
6971,椺,U+693A,xi2,xí,,
6972,椻,U+693B,yan4|ya4,yàn|yà,,
6973,椼,U+693C,yan3,yǎn,,
6974,椽,U+693D,chuan2,chuán,beam,出頭的椽子先爛|出头的椽子先烂|椽子
6975,椾,U+693E,jian1|zhan4,jiān|zhàn,variant of 箋|笺[jian1],
6976,椿,U+693F,chun1,chūn,Chinese toon (Toona sinensis),椿象|香椿
6977,楀,U+6940,yu3,yǔ,surname Yu,
6978,楁,U+6941,he2,hé,,
6979,楂,U+6942,zha1|cha2,zhā|chá,fell trees,山楂|山楂糕|榠楂
6980,楃,U+6943,wo4,wò,,
6981,楄,U+6944,pian2,pián,basket-couch in coffin,
6982,楅,U+6945,bi1,bī,ox yoke placed on the horns,
6983,楆,U+6946,yao1,yāo,,
6984,楇,U+6947,huo4|guo1|kua3,huò|guō|kuǎ,,
6985,楈,U+6948,xu1,xū,,
6986,楉,U+6949,ruo4,ruò,,
6987,楊,U+694A,yang2,yáng,surname Yang,垂楊柳|普通赤楊|桁楊
6988,楋,U+694B,la4,là,(archaic) species of tree mentioned in ancient texts,
6989,楌,U+694C,yan2,yán,,
6990,楍,U+694D,ben3,běn,old variant of 本[ben3],
6991,楎,U+694E,hui1,huī,clothes-horse,
6992,楏,U+694F,kui2,kuí,,
6993,楐,U+6950,jie4,jiè,,
6994,楑,U+6951,kui2,kuí,,
6995,楒,U+6952,si1,sī,,
6996,楓,U+6953,feng1|fan2,fēng|fán,maple (genus Acer),八角楓|楓木|楓樹
6997,楔,U+6954,xie1|xie4,xiē|xiè,wedge,扂楔|楔嘴鷯鶥|楔嘴鹩鹛
6998,楕,U+6955,tuo3,tuǒ,,
6999,楖,U+6956,zhi4|ji2,zhì|jí,,
7000,楗,U+6957,jian4|jian3,jiàn|jiǎn,"material (such as rocks, earth, bamboo etc) used to hastily repair a dike",
7001,楘,U+6958,mu4,mù,ornaments on chariot-shaft,
7002,楙,U+6959,mao4,mào,Cydonia japonica,
7003,楚,U+695A,chu3,chǔ,surname Chu,一清二楚|不清楚|中俄尼布楚條約
7004,楛,U+695B,hu4|ku3,hù|kǔ,(tree),
7005,楜,U+695C,hu2,hú,,
7006,楝,U+695D,lian4,liàn,Melia japonica,苦楝
7007,楞,U+695E,leng2|leng4,léng|lèng,variant of 稜|棱[leng2],巴音郭楞|巴音郭楞州|巴音郭楞蒙古自治州
7008,楟,U+695F,ting2,tíng,tree,
7009,楠,U+6960,nan2,nán,variant of 楠[nan2],楠木|楠格哈爾省|楠格哈尔省
7010,楡,U+6961,yu2,yú,,
7011,楢,U+6962,you2|you3,yóu|yǒu,Quercus glandulifera,
7012,楣,U+6963,mei2|mei3,méi|měi,lintel,倒楣|光耀門楣|光耀门楣
7013,楤,U+6964,song3|cong1,sǒng|cōng,,
7014,楥,U+6965,xuan4|yuan2,xuàn|yuán,(wooden) shoe last,
7015,楦,U+6966,xuan4,xuàn,(wooden) shoe last,搬楦頭|搬楦头|楦子
7016,楧,U+6967,yang3,yǎng,,
7017,楨,U+6968,zhen1,zhēn,(old) privet (genus Ligustrum),沈葆楨|竺可楨
7018,楩,U+6969,pian2,pián,(tree),
7019,楪,U+696A,ye4|die2,yè|dié,small dish,
7020,楫,U+696B,ji2,jí,oar (archaic),
7021,楬,U+696C,jie2|qia4,jié|qià,a peg,
7022,業,U+696D,ye4,yè,surname Ye,七大工業國集團|三無企業|三資企業
7023,楮,U+696E,chu3|zhu1,chǔ|zhū,Broussonetia kasinoki,楮紙|楮纸
7024,楯,U+696F,dun4|shun3|chun1,dùn|shǔn|chūn,draw forth,
7025,楰,U+6970,yu2,yú,(tree),
7026,楱,U+6971,zou4|cou1,zòu|cōu,,
7027,楲,U+6972,wei1,wēi,,
7028,楳,U+6973,mei2,méi,variant of 梅[mei2],
7029,楴,U+6974,ti4|di3|shi4,tì|dǐ|shì,,
7030,極,U+6975,ji2|ji3,jí|jǐ,extremely,三極管|二極管|位極人臣
7031,楶,U+6976,jie2,jié,,
7032,楷,U+6977,kai3|jie1|jie4,kǎi|jiē|jiè,Chinese pistachio tree (Pistacia chinensis),李澤楷|李泽楷|楷字
7033,楸,U+6978,qiu1,qiū,Catalpa,楸樹|楸树|湖北花楸
7034,楹,U+6979,ying2,yíng,pillar,楹聯|楹联|雕楹碧檻
7035,楺,U+697A,rou3|rou4,rǒu|ròu,,
7036,楻,U+697B,huang2,huáng,variant of 艎[huang2],
7037,楼,U+697C,lou2,lóu,surname Lou,上楼|下楼|世贸中心大楼
7038,楽,U+697D,le4,lè,Japanese variant of 樂|乐[le4],
7039,楾,U+697E,quan2,quán,,
7040,楿,U+697F,xiang1,xiāng,,
7041,榀,U+6980,pin3,pǐn,classifier for roof beams and trusses,
7042,榁,U+6981,shi3,shǐ,,
7043,概,U+6982,gai4|gui4|jie2,gài|guì|jié,(bound form) general; approximate,一概|一概而論|一概而论
7044,榃,U+6983,tan2,tán,raised path between fields,
7045,榄,U+6984,lan3,lǎn,(bound form) olive,原生橄榄油|山榄科|橄榄
7046,榅,U+6985,wen1|yun4,wēn|yùn,used in 榲桲|榅桲[wen1 po5],榅桲
7047,榆,U+6986,yu2,yú,elm,失之東隅，收之桑榆|失之东隅，收之桑榆|收之桑榆
7048,榇,U+6987,chen4,chèn,Sterculia plantanifolia,
7049,榈,U+6988,lv2,lǘ,palm tree,棕榈|棕榈属|棕榈树
7050,榉,U+6989,ju3,jǔ,Zeikowa acuminata,山毛榉|榉木
7051,榊,U+698A,shen2,shén,"(Japanese kokuji) sakaki (Cleyera japonica), evergreen tree used in Shinto to decorate sacred spaces",
7052,榋,U+698B,chu,chu,,
7053,榌,U+698C,bi1,bī,,
7054,榍,U+698D,xie4,xiè,,
7055,榎,U+698E,jia3,jiǎ,(evergreen shrub),
7056,榏,U+698F,yi4,yì,,
7057,榐,U+6990,zhan3|chan3|nian4|zhen4,zhǎn|chǎn|niàn|zhèn,,
7058,榑,U+6991,fu2|fu4|bo2,fú|fù|bó,,
7059,榒,U+6992,nuo4,nuò,,
7060,榓,U+6993,mi4,mì,,
7061,榔,U+6994,lang2|lang3,láng|lǎng,tall tree (archaic),東一榔頭西一棒子|东一榔头西一棒子|桄榔
7062,榕,U+6995,rong2,róng,"Rong, another name for Fuzhou 福州[Fu2 zhou1]",榕城|榕城區|榕城区
7063,榖,U+6996,gu3,gǔ,paper mulberry tree,
7064,榗,U+6997,jian4|jin4,jiàn|jìn,,
7065,榘,U+6998,ju3,jǔ,variant of 矩[ju3],韓復榘|韩复榘
7066,榙,U+6999,ta1,tā,,
7067,榚,U+699A,yao3,yǎo,,
7068,榛,U+699B,zhen1,zhēn,(bound form) hazelnut tree (Corylus heterophylla),斑尾榛雞|斑尾榛鸡|榛仁
7069,榜,U+699C,bang3|beng1|bang4|pang2|peng2,bǎng|bēng|bàng|páng|péng,notice or announcement,上榜|光榮榜|光荣榜
7070,榝,U+699D,sha1|xie4,shā|xiè,,
7071,榞,U+699E,yuan2,yuán,,
7072,榟,U+699F,zi3,zǐ,,
7073,榠,U+69A0,ming2,míng,used in 榠楂[ming2 zha1],榠楂
7074,榡,U+69A1,su4,sù,Quercus dentata,
7075,榢,U+69A2,jia4,jià,,
7076,榣,U+69A3,yao2,yáo,,
7077,榤,U+69A4,jie2,jié,a stump on which chickens roost,
7078,榥,U+69A5,huang4,huàng,screen,
7079,榦,U+69A6,gan4|han2,gàn|hán,tree trunk,
7080,榧,U+69A7,fei3,fěi,Torreya nucifera,粗榧|西雙版納粗榧|西双版纳粗榧
7081,榨,U+69A8,zha4,zhà,variant of 榨[zha4],壓榨|压榨|拶榨
7082,榩,U+69A9,qian2,qián,,
7083,榪,U+69AA,ma4|ma3,mà|mǎ,headboard,
7084,榫,U+69AB,sun3,sǔn,(cabinetmaking) tenon,卡榫|卯榫|榫卯
7085,榬,U+69AC,yuan2,yuán,,
7086,榭,U+69AD,xie4,xiè,pavilion,亭臺樓榭|亭台楼榭|香榭麗舍
7087,榮,U+69AE,rong2,róng,surname Rong,光榮|光榮榜|光榮革命
7088,榯,U+69AF,shi2,shí,,
7089,榰,U+69B0,zhi1,zhī,base of pillar,
7090,榱,U+69B1,cui1,cuī,rafter (classical),
7091,榲,U+69B2,wen1,wēn,used in 榲桲|榅桲[wen1 po5],榲桲
7092,榳,U+69B3,ting2,tíng,,
7093,榴,U+69B4,liu2,liú,pomegranate,安石榴|手榴彈|手榴弹
7094,榵,U+69B5,rong2,róng,,
7095,榶,U+69B6,tang2,táng,,
7096,榷,U+69B7,que4,què,footbridge,商榷
7097,榸,U+69B8,zhai1,zhāi,,
7098,榹,U+69B9,si1,sī,,
7099,榺,U+69BA,sheng4,shèng,,
7100,榻,U+69BB,ta4,tà,couch,下榻|榻床|榻榻米
7101,榼,U+69BC,ke1,kē,Pusaetha scandens,
7102,榽,U+69BD,xi1,xī,,
7103,榾,U+69BE,gu3,gǔ,scraps of wood,
7104,榿,U+69BF,qi1,qī,alder,榿木|榿樹|紅榿樹
7105,槀,U+69C0,gao3|kao4,gǎo|kào,variant of 槁[gao3],
7106,槁,U+69C1,gao3|kao4|gao1,gǎo|kào|gāo,variant of 槁[gao3],枯槁
7107,槂,U+69C2,sun1,sūn,,
7108,槃,U+69C3,pan2,pán,variant of 盤|盘,大本涅槃經|大本涅槃经|大般涅槃經
7109,槄,U+69C4,tao1,tāo,,
7110,槅,U+69C5,ge2,gé,,
7111,槆,U+69C6,chun1,chūn,,
7112,槇,U+69C7,dian1|zhen3|zhen1,diān|zhěn|zhēn,,
7113,槈,U+69C8,nou4,nòu,,
7114,槉,U+69C9,ji2,jí,,
7115,槊,U+69CA,shuo4,shuò,long lance,
7116,構,U+69CB,gou4|jue2,gòu|jué,to construct,中國國家原子能機構|主謂結構|代數結構
7117,槌,U+69CC,chui2|zhui4|dui1,chuí|zhuì|duī,mallet,一槌定音|凸槌|小槌
7118,槍,U+69CD,qiang1|cheng1|qiang3,qiāng|chēng|qiǎng,surname Qiang,一槍命中|中槍|來復槍
7119,槎,U+69CE,cha2,chá,a raft made of bamboo or wood,
7120,槏,U+69CF,qian3|xian4|lian2,qiǎn|xiàn|lián,,
7121,槐,U+69D0,huai2,huái,Chinese scholar tree (Sophora japonica),刺槐|國槐|国槐
7122,槑,U+69D1,mei2,méi,old variant of 梅[mei2],驚槑|惊槑
7123,槒,U+69D2,xu4,xù,,
7124,槓,U+69D3,gang4,gàng,coffin-bearing pole (old),保險槓|吊槓|單槓
7125,槔,U+69D4,gao1,gāo,used in 桔槔[jie2 gao1],桔槔
7126,槕,U+69D5,zhuo1,zhuō,old variant of 桌[zhuo1],
7127,槖,U+69D6,tuo2,tuó,variant of 橐[tuo2],
7128,槗,U+69D7,qiao2,qiáo,,
7129,様,U+69D8,yang4,yàng,Japanese variant of 樣|样,
7130,槙,U+69D9,dian1,diān,,
7131,槚,U+69DA,jia3,jiǎ,"Catalpa, a genus of mostly deciduous trees",
7132,槛,U+69DB,kan3|jian4,kǎn|jiàn,banister,下槛|朱云折槛|核门槛
7133,槜,U+69DC,zui4,zuì,see 槜李[zui4 li3],槜李
7134,槝,U+69DD,dao3,dǎo,,
7135,槞,U+69DE,long2,lóng,,
7136,槟,U+69DF,bin1|bing1,bīn|bīng,used in 檳子|槟子[bin1 zi5],槟城|槟子|槟州
7137,槠,U+69E0,zhu1,zhū,Quercus glanca,
7138,槡,U+69E1,sang1,sāng,,
7139,槢,U+69E2,xi2|die2,xí|dié,a hard wood,
7140,槣,U+69E3,ji1|gui1,jī|guī,,
7141,槤,U+69E4,lian2|lian3,lián|liǎn,"see 槤枷|梿枷[lian2 jia1], flail",榴槤|榴槤果|槤枷
7142,槥,U+69E5,hui4,huì,coffin,
7143,槦,U+69E6,yong1,yōng,,
7144,槧,U+69E7,qian4,qiàn,wooden tablet,
7145,槨,U+69E8,guo3,guǒ,outer coffin,棺槨
7146,槩,U+69E9,gai4,gài,old variant of 概[gai4],
7147,槪,U+69EA,gai4,gài,variant of 概[gai4],
7148,槫,U+69EB,tuan2|shuan4|quan2,tuán|shuàn|quán,,
7149,槬,U+69EC,hua4,huà,,
7150,槭,U+69ED,qi1|qi4|cu4|zu2|se4,qī|qì|cù|zú|sè,maple,槭木|槭樹|槭树
7151,槮,U+69EE,sen1|shen3,sēn|shěn,lush growth (trees),
7152,槯,U+69EF,cui1|zui3,cuī|zuǐ,,
7153,槰,U+69F0,peng2,péng,,
7154,槱,U+69F1,you3|chao3,yǒu|chǎo,ritual bonfire,
7155,槲,U+69F2,hu2,hú,Mongolian oak (Quercus dentata),槲寄生|槲樹|槲树
7156,槳,U+69F3,jiang3|jiang1,jiǎng|jiāng,oar; paddle,划槳|槳手|槳板
7157,槴,U+69F4,hu4,hù,,
7158,槵,U+69F5,huan4,huàn,soapberry (order Sapindales),槵子
7159,槶,U+69F6,gui4,guì,,
7160,槷,U+69F7,nie4|xie4|yi4,niè|xiè|yì,,
7161,槸,U+69F8,yi4,yì,,
7162,槹,U+69F9,gao1,gāo,variant of 槔[gao1],
7163,槺,U+69FA,kang1,kāng,empty space inside a building,榔槺
7164,槻,U+69FB,gui1,guī,zelkova tree,
7165,槼,U+69FC,gui1,guī,variant of 規|规[gui1],
7166,槽,U+69FD,cao2|zao1,cáo|zāo,trough,三馬同槽|三马同槽|倒槽
7167,槾,U+69FE,man4|wan4|man2,màn|wàn|mán,(tree),
7168,槿,U+69FF,jin3|qin2,jǐn|qín,Hibiscus syriacus,木槿|朴槿惠
7169,樀,U+6A00,di2|zhi2|zhe2|di1,dí|zhí|zhé|dī,,
7170,樁,U+6A01,zhuang1|chong1,zhuāng|chōng,stump; stake; pile,件件樁樁|基樁|寧拆十座廟，不毀一樁婚
7171,樂,U+6A02,le4|yue4|yao4|luo4|liao2,lè|yuè|yào|luò|liáo,surname Le,上海音樂學院|不亦樂乎|中國遊藝機遊樂園協會
7172,樃,U+6A03,lang3,lǎng,,
7173,樄,U+6A04,chen2,chén,,
7174,樅,U+6A05,cong1|zong1,cōng|zōng,fir tree,樅樹|樅陽|樅陽縣
7175,樆,U+6A06,li2|chi1,lí|chī,manjack or cordia (genus Cordia),
7176,樇,U+6A07,xiu1,xiū,,
7177,樈,U+6A08,qing2,qíng,,
7178,樉,U+6A09,shuang3,shuǎng,,
7179,樊,U+6A0A,fan2|fan4,fán|fàn,surname Fan,樊城|樊城區|樊城区
7180,樋,U+6A0B,tong1,tōng,,
7181,樌,U+6A0C,guan4,guàn,,
7182,樍,U+6A0D,ze2,zé,,
7183,樎,U+6A0E,su4,sù,manger,
7184,樏,U+6A0F,lei3|lei2,lěi|léi,(archaic) simple sedan chair for traveling in the mountains,
7185,樐,U+6A10,lu3,lǔ,old variant of 櫓|橹[lu3],
7186,樑,U+6A11,liang2,liáng,variant of 梁[liang2],上樑|懸樑刺股
7187,樒,U+6A12,mi4,mì,,
7188,樓,U+6A13,lou2|lv2,lóu|lǘ,surname Lou,上樓|下樓|世貿中心大樓
7189,樔,U+6A14,chao2|chao1|jiao3,cháo|chāo|jiǎo,,
7190,樕,U+6A15,su4,sù,shrub,
7191,樖,U+6A16,ke1,kē,,
7192,樗,U+6A17,chu1,chū,simaroubaceae,樗蒱
7193,樘,U+6A18,tang2|cheng1,táng|chēng,a pillar,
7194,標,U+6A19,biao1|biao4,biāo|biào,mark,上標|下標|不標準
7195,樚,U+6A1A,lu4|du2,lù|dú,,
7196,樛,U+6A1B,jiu1|liao2,jiū|liáo,surname Jiu,
7197,樜,U+6A1C,zhe4,zhè,,
7198,樝,U+6A1D,zha1,zhā,,
7199,樞,U+6A1E,shu1|ou1,shū|ōu,(bound form) hinge; pivot (usu. fig.),中樞|中樞神經系統|交通樞紐
7200,樟,U+6A1F,zhang1,zhāng,camphor,樟宜|樟木|樟樹
7201,樠,U+6A20,man2|lang3,mán|lǎng,elm,
7202,模,U+6A21,mo2|mu2,mó|mú,to imitate,一模一樣|一模一样|人模狗樣
7203,樢,U+6A22,niao3|mu4,niǎo|mù,,
7204,樣,U+6A23,yang4|xiang4,yàng|xiàng,manner,一個樣|一天一個樣|一模一樣
7205,樤,U+6A24,tiao2,tiáo,,
7206,樥,U+6A25,peng2,péng,,
7207,樦,U+6A26,zhu4,zhù,,
7208,樧,U+6A27,sha1,shā,Zanthoxylum ailanthoides,
7209,樨,U+6A28,xi1,xī,Osmanthus fragrans,
7210,権,U+6A29,quan2,quán,old variant of 權|权[quan2],
7211,横,U+6A2A,heng2|heng4|guang1|guang4|huang2|huang4,héng|hèng|guāng|guàng|huáng|huàng,horizontal,人无横财不富，马无夜草不肥|人行横道|人行横道线
7212,樫,U+6A2B,jian1,jiān,,
7213,樬,U+6A2C,cong1,cōng,,
7214,樭,U+6A2D,ji1,jī,,
7215,樮,U+6A2E,yan1,yān,,
7216,樯,U+6A2F,qiang2,qiáng,boom,
7217,樰,U+6A30,xue3,xuě,,
7218,樱,U+6A31,ying1,yīng,cherry,弃樱|樱井|樱岛
7219,樲,U+6A32,er4|zhi4,èr|zhì,acid variety of jujube plum,
7220,樳,U+6A33,xun2,xún,,
7221,樴,U+6A34,zhi2|yi4,zhí|yì,stake,
7222,樵,U+6A35,qiao2,qiáo,firewood,樵夫|樵子|漁樵
7223,樶,U+6A36,zui1,zuī,knag,
7224,樷,U+6A37,cong2,cóng,,
7225,樸,U+6A38,pu3|pu2,pǔ|pú,plain and simple,儉樸|勤儉樸實|勤儉樸素
7226,樹,U+6A39,shu4,shù,tree,七葉樹|不要在一棵樹上吊死|二叉樹
7227,樺,U+6A3A,hua4,huà,(botany) birch (genus Betula),樺南|樺南縣|樺川
7228,樻,U+6A3B,kui4,kuì,old variant of 櫃|柜[gui4],
7229,樼,U+6A3C,zhen1,zhēn,,
7230,樽,U+6A3D,zun1,zūn,goblet,入樽|折衝樽俎|折冲樽俎
7231,樾,U+6A3E,yue4,yuè,shade of trees,
7232,樿,U+6A3F,shan4,shàn,(wood),
7233,橀,U+6A40,xi1,xī,,
7234,橁,U+6A41,chun1,chūn,Fraxinus bungeana,
7235,橂,U+6A42,dian4,diàn,,
7236,橃,U+6A43,fa2|fei4,fá|fèi,large boat,
7237,橄,U+6A44,gan3,gǎn,used in 橄欖|橄榄[gan3 lan3],原生橄欖油|原生橄榄油|橄欖
7238,橅,U+6A45,mo2,mó,,
7239,橆,U+6A46,wu3|wu2,wǔ|wú,variant of 無|无[wu2],
7240,橇,U+6A47,qiao1,qiāo,sled,冰橇|阿拉斯加雪橇犬|雪橇
7241,橈,U+6A48,rao2|nao2,ráo|náo,(literary) to disturb,橈骨|阻橈
7242,橉,U+6A49,lin4,lìn,,
7243,橊,U+6A4A,liu2,liú,old variant of 榴[liu2],
7244,橋,U+6A4B,qiao2|jiao1|jiao4|qiao1|jiao3,qiáo|jiāo|jiào|qiāo|jiǎo,bridge,H橋|五通橋|五通橋區
7245,橌,U+6A4C,xian4,xiàn,,
7246,橍,U+6A4D,run4,rùn,,
7247,橎,U+6A4E,fan2,fán,a kind of tree,
7248,橏,U+6A4F,zhan3|jian3,zhǎn|jiǎn,,
7249,橐,U+6A50,tuo2|du4|luo4,tuó|dù|luò,sack,持橐簪筆|持橐簪笔|橐中裝
7250,橑,U+6A51,lao3|liao2,lǎo|liáo,,
7251,橒,U+6A52,yun2,yún,,
7252,橓,U+6A53,shun4,shùn,,
7253,橔,U+6A54,dun1|tui2,dūn|tuí,,
7254,橕,U+6A55,cheng1,chēng,a prop,
7255,橖,U+6A56,tang2|cheng1,táng|chēng,,
7256,橗,U+6A57,meng2,méng,,
7257,橘,U+6A58,ju2,jú,mandarin orange (Citrus reticulata),枸橘|柑橘|柑橘醬
7258,橙,U+6A59,cheng2|deng4|chen2,chéng|dèng|chén,orange tree,柳橙|柳橙汁|橙劑
7259,橚,U+6A5A,su4|xiao1|qiu1,sù|xiāo|qiū,tall and straight (of trees),
7260,橛,U+6A5B,jue2,jué,a peg,人家牽驢你拔橛|人家牵驴你拔橛|別人牽驢你拔橛子
7261,橜,U+6A5C,jue2,jué,old variant of 橛[jue2],
7262,橝,U+6A5D,dian4|tan2|xin2,diàn|tán|xín,,
7263,橞,U+6A5E,hui4,huì,,
7264,機,U+6A5F,ji1,jī,surname Ji,BP機|一線生機|上海振華港口機械
7265,橠,U+6A60,nuo3|nuo2,nuǒ|nuó,,
7266,橡,U+6A61,xiang4,xiàng,oak,丁腈橡膠|丁腈橡胶|合成橡膠
7267,橢,U+6A62,tuo3|duo3,tuǒ|duǒ,ellipse,參考橢球體|橢圓|橢圓函數
7268,橣,U+6A63,ning3,nǐng,,
7269,橤,U+6A64,rui3,ruǐ,variant of 蕊[rui3],
7270,橥,U+6A65,zhu1,zhū,Zelkova acuminata,揭橥
7271,橦,U+6A66,tong2|chuang2|zhong1|chong1,tóng|chuáng|zhōng|chōng,,
7272,橧,U+6A67,zeng1|ceng2,zēng|céng,dwelling on top of wooden stakes,
7273,橨,U+6A68,fen2|fen4|fei4,fén|fèn|fèi,,
7274,橩,U+6A69,qiong2,qióng,,
7275,橪,U+6A6A,ran3|yan1,rǎn|yān,,
7276,橫,U+6A6B,heng2,héng,horizontal,人無橫財不富，馬無夜草不肥|人行橫道|人行橫道線
7277,橬,U+6A6C,qian2|qin2,qián|qín,,
7278,橭,U+6A6D,gu1,gū,,
7279,橮,U+6A6E,liu3,liǔ,,
7280,橯,U+6A6F,lao4,lào,,
7281,橰,U+6A70,gao1,gāo,,
7282,橱,U+6A71,chu2,chú,wardrobe,壁橱|小型柜橱|书橱
7283,橲,U+6A72,xi3,xǐ,,
7284,橳,U+6A73,sheng4,shèng,,
7285,橴,U+6A74,zi3,zǐ,,
7286,橵,U+6A75,san,san,,
7287,橶,U+6A76,ji2,jí,,
7288,橷,U+6A77,dou1,dōu,,
7289,橸,U+6A78,jing1,jīng,,
7290,橹,U+6A79,lu3,lǔ,variant of 櫓|橹[lu3],摇橹|摇橹船|楼橹
7291,橺,U+6A7A,jian,jian,,
7292,橻,U+6A7B,chu,chu,,
7293,橼,U+6A7C,yuan2,yuán,used in 枸櫞|枸橼[ju3 yuan2] and 香櫞|香橼[xiang1 yuan2],枸橼|香橼
7294,橽,U+6A7D,ta4,tà,,
7295,橾,U+6A7E,shu1|qiao1|sao1,shū|qiāo|sāo,old variant of 鍬|锹[qiao1],
7296,橿,U+6A7F,jiang1,jiāng,Quercus glauca,
7297,檀,U+6A80,tan2|shan4,tán|shàn,surname Tan,微凹黃檀|微凹黄檀|旃檀
7298,檁,U+6A81,lin3,lǐn,cross-beam,
7299,檂,U+6A82,nong2,nóng,,
7300,檃,U+6A83,yin3,yǐn,tool used for shaping wood (old),檃栝
7301,檄,U+6A84,xi2,xí,dispatch,傳檄|传檄|檄文
7302,檅,U+6A85,hui4,huì,,
7303,檆,U+6A86,shan1,shān,,
7304,檇,U+6A87,zui4,zuì,wooden pestle or rammer,
7305,檈,U+6A88,xuan2,xuán,,
7306,檉,U+6A89,cheng1,chēng,tamarisk,
7307,檊,U+6A8A,gan4,gàn,Chinese mulberry,
7308,檋,U+6A8B,ju2,jú,,
7309,檌,U+6A8C,zui4,zuì,,
7310,檍,U+6A8D,yi4,yì,Quercus glauca,
7311,檎,U+6A8E,qin2,qín,used in 林檎[lin2 qin2],林檎
7312,檏,U+6A8F,pu3,pǔ,,
7313,檐,U+6A90,yan2|dan1,yán|dān,eaves,密檐塔|封檐板|屋檐
7314,檑,U+6A91,lei2|lei4,léi|lèi,logs rolled down in defense of city,
7315,檒,U+6A92,feng1,fēng,,
7316,檓,U+6A93,hui3,huǐ,,
7317,檔,U+6A94,dang4|dang1,dàng|dāng,(Tw) gear (variant of 擋|挡[dang3]),中檔|低檔|八點檔
7318,檕,U+6A95,ji4,jì,,
7319,檖,U+6A96,sui4,suì,(tree),
7320,檗,U+6A97,bo4|bi4,bò|bì,used in 黃檗|黄檗[huang2 bo4],黃檗|黄檗
7321,檘,U+6A98,ping2|bo4,píng|bò,,
7322,檙,U+6A99,cheng2,chéng,,
7323,檚,U+6A9A,chu3,chǔ,,
7324,檛,U+6A9B,zhua1,zhuā,,
7325,檜,U+6A9C,gui4|kuai4|hui4,guì|kuài|huì,used in 秦檜|秦桧[Qin2 Hui4],檜木|檜柏|秦檜
7326,檝,U+6A9D,ji2,jí,variant of 楫[ji2],
7327,檞,U+6A9E,jie3|xie4,jiě|xiè,,
7328,檟,U+6A9F,jia3,jiǎ,"Catalpa, a genus of mostly deciduous trees",
7329,檠,U+6AA0,qing2|jing4,qíng|jìng,instrument for straightening bows,
7330,檡,U+6AA1,zhai2|shi4|tu2,zhái|shì|tú,,
7331,檢,U+6AA2,jian3,jiǎn,to check,健康檢查|健檢|光檢測器
7332,檣,U+6AA3,qiang2,qiáng,boom,
7333,檤,U+6AA4,dao4,dào,,
7334,檥,U+6AA5,yi3,yǐ,variant of 艤|舣[yi3],
7335,檦,U+6AA6,biao3,biǎo,,
7336,檧,U+6AA7,song1,sōng,,
7337,檨,U+6AA8,she1,shē,mango,
7338,檩,U+6AA9,lin3,lǐn,cross-beam,
7339,檪,U+6AAA,li4,lì,old variant of 櫟|栎[li4],
7340,檫,U+6AAB,cha2|sa4,chá|sà,Chinese sassafras,
7341,檬,U+6AAC,meng2,méng,used in 檸檬|柠檬[ning2 meng2],檸檬|柠檬|檸檬水
7342,檭,U+6AAD,yin2,yín,,
7343,檮,U+6AAE,tao2|chou2|dao4,táo|chóu|dào,dunce,檮杌
7344,檯,U+6AAF,tai2,tái,desk; table; counter,上不了檯面|中轉櫃檯|乒乓球檯
7345,檰,U+6AB0,mian2,mián,,
7346,檱,U+6AB1,qi2,qí,,
7347,檲,U+6AB2,tuan2,tuán,,
7348,檳,U+6AB3,bin1|bing1,bīn|bīng,used in 檳子|槟子[bin1 zi5],檳城|檳子|檳州
7349,檴,U+6AB4,huo4|hua4,huò|huà,(tree),
7350,檵,U+6AB5,ji4,jì,"fringe flower (Loropetalum chinense), evergreen shrub",檵木|檵花
7351,檶,U+6AB6,qian1,qiān,,
7352,檷,U+6AB7,ni3|mi2,nǐ|mí,,
7353,檸,U+6AB8,ning2,níng,used in 檸檬|柠檬[ning2 meng2],檸檬|檸檬水|檸檬汁
7354,檹,U+6AB9,yi1,yī,,
7355,檺,U+6ABA,gao3,gǎo,,
7356,檻,U+6ABB,kan3|jian4,kǎn|jiàn,banister,下檻|朱雲折檻|核門檻
7357,檼,U+6ABC,yin4,yìn,,
7358,檽,U+6ABD,nou4|ruan3|ru2,nòu|ruǎn|rú,,
7359,檾,U+6ABE,qing3,qǐng,,
7360,檿,U+6ABF,yan3,yǎn,,
7361,櫀,U+6AC0,qi2,qí,,
7362,櫁,U+6AC1,mi4,mì,,
7363,櫂,U+6AC2,zhao4|di2,zhào|dí,oar (archaic),
7364,櫃,U+6AC3,gui4,guì,cupboard,中轉櫃檯|五斗櫃|保險櫃
7365,櫄,U+6AC4,chun1,chūn,,
7366,櫅,U+6AC5,ji1|ji4,jī|jì,,
7367,櫆,U+6AC6,kui2,kuí,"see 櫆師|櫆师[kui2 shi1] Polaris, the north star",櫆師|櫆师
7368,櫇,U+6AC7,po2,pó,,
7369,櫈,U+6AC8,deng4,dèng,variant of 凳[deng4],
7370,櫉,U+6AC9,chu2,chú,,
7371,櫊,U+6ACA,ge2,gé,,
7372,櫋,U+6ACB,mian2,mián,,
7373,櫌,U+6ACC,you1,yōu,harrow,
7374,櫍,U+6ACD,zhi4,zhì,,
7375,櫎,U+6ACE,huang3|guang4|guo3|gu3,huǎng|guàng|guǒ|gǔ,,
7376,櫏,U+6ACF,qian1,qiān,,
7377,櫐,U+6AD0,lei3,lěi,,
7378,櫑,U+6AD1,lei2|lei3,léi|lěi,,
7379,櫒,U+6AD2,sa4,sà,,
7380,櫓,U+6AD3,lu3,lǔ,scull (single oar worked from side to side over the stern of a boat),搖櫓|搖櫓船|樓櫓
7381,櫔,U+6AD4,li4,lì,,
7382,櫕,U+6AD5,cuan2,cuán,,
7383,櫖,U+6AD6,lv4|chu1,lǜ|chū,,
7384,櫗,U+6AD7,mie4|mei4,miè|mèi,,
7385,櫘,U+6AD8,hui4,huì,,
7386,櫙,U+6AD9,ou1,ōu,,
7387,櫚,U+6ADA,lv2,lǘ,palm tree,棕櫚|棕櫚屬|棕櫚樹
7388,櫛,U+6ADB,zhi4,zhì,comb,櫛孔扇貝|櫛比|櫛水母
7389,櫜,U+6ADC,gao1,gāo,weapon case,
7390,櫝,U+6ADD,du2,dú,cabinet,買櫝還珠
7391,櫞,U+6ADE,yuan2,yuán,used in 枸櫞|枸橼[ju3 yuan2] and 香櫞|香橼[xiang1 yuan2],枸櫞|香櫞
7392,櫟,U+6ADF,li4|luo4|yue4,lì|luò|yuè,oak,柞櫟|栓皮櫟|槲櫟
7393,櫠,U+6AE0,fei4,fèi,a variety of pomelo (old),
7394,櫡,U+6AE1,zhuo2|zhu4,zhuó|zhù,variant of 箸[zhu4],
7395,櫢,U+6AE2,sou3,sǒu,,
7396,櫣,U+6AE3,lian2,lián,,
7397,櫤,U+6AE4,jiang4,jiàng,,
7398,櫥,U+6AE5,chu2,chú,wardrobe,壁櫥|小型櫃櫥|書櫥
7399,櫦,U+6AE6,qing4,qìng,,
7400,櫧,U+6AE7,zhu1,zhū,Quercus glanca,
7401,櫨,U+6AE8,lu2|lv2,lú|lǘ,capital (of column),
7402,櫩,U+6AE9,yan2|yan3,yán|yǎn,,
7403,櫪,U+6AEA,li4,lì,type of oak,老驥伏櫪|老驥伏櫪，志在千里
7404,櫫,U+6AEB,zhu1,zhū,Zelkova acuminata,揭櫫
7405,櫬,U+6AEC,chen4|qin4|guan4,chèn|qìn|guàn,Sterculia plantanifolia,
7406,櫭,U+6AED,jie2|ji4,jié|jì,,
7407,櫮,U+6AEE,e4,è,,
7408,櫯,U+6AEF,su1,sū,,
7409,櫰,U+6AF0,huai2|gui1,huái|guī,,
7410,櫱,U+6AF1,nie4,niè,variant of 蘖[nie4],分櫱|櫱枝
7411,櫲,U+6AF2,yu4,yù,,
7412,櫳,U+6AF3,long2,lóng,(literary) window,
7413,櫴,U+6AF4,lai4,lài,,
7414,櫵,U+6AF5,jiao,jiao,,
7415,櫶,U+6AF6,xian3,xiǎn,,
7416,櫷,U+6AF7,gui1,guī,,
7417,櫸,U+6AF8,ju3,jǔ,Zeikowa acuminata,山毛櫸|櫸木
7418,櫹,U+6AF9,xiao1|qiu1|xiu1,xiāo|qiū|xiū,a type of big tree (archaic),
7419,櫺,U+6AFA,ling2,líng,(bound form) a (window) lattice; latticework,窗戶櫺|窗櫺|窗櫺子
7420,櫻,U+6AFB,ying1,yīng,cherry,棄櫻|櫻井|櫻島
7421,櫼,U+6AFC,jian1|shan1,jiān|shān,,
7422,櫽,U+6AFD,yin3,yǐn,tool used for shaping wood (old),
7423,櫾,U+6AFE,you2|you4,yóu|yòu,,
7424,櫿,U+6AFF,ying2,yíng,,
7425,欀,U+6B00,xiang1|rang4,xiāng|ràng,inner lining of wooden utensils,
7426,欁,U+6B01,nong2,nóng,,
7427,欂,U+6B02,bo2,bó,rafter,
7428,欃,U+6B03,chan2|zhan4,chán|zhàn,"sandalwood (Santalum album), a Nepalese tree producing valuable fragrant oil",
7429,欄,U+6B04,lan2|lian4,lán|liàn,fence,三框欄|任務欄|佈告欄
7430,欅,U+6B05,ju3,jǔ,,
7431,欆,U+6B06,shuang1,shuāng,,
7432,欇,U+6B07,she4,shè,,
7433,欈,U+6B08,wei2|zui4,wéi|zuì,,
7434,欉,U+6B09,cong2,cóng,,
7435,權,U+6B0A,quan2|guan4,quán|guàn,surname Quan,三權分立|三權鼎立|不可侵犯權
7436,欋,U+6B0B,qu2,qú,,
7437,欌,U+6B0C,cang2,cáng,,
7438,欍,U+6B0D,jiu4,jiù,,
7439,欎,U+6B0E,yu4,yù,old variant of 鬱|郁[yu4],
7440,欏,U+6B0F,luo2|luo3,luó|luǒ,see 桫欏|桫椤[suo1 luo2],桫欏
7441,欐,U+6B10,li4|li3,lì|lǐ,beam,
7442,欑,U+6B11,cuan2|zuan4,cuán|zuàn,gather,
7443,欒,U+6B12,luan2,luán,surname Luan,欒城|欒城區|欒川
7444,欓,U+6B13,dang3|tang3,dǎng|tǎng,,
7445,欔,U+6B14,jue2,jué,,
7446,欕,U+6B15,yan2,yán,,
7447,欖,U+6B16,lan3,lǎn,(bound form) olive,原生橄欖油|山欖科|橄欖
7448,欗,U+6B17,lan2,lán,,
7449,欘,U+6B18,zhu2,zhú,,
7450,欙,U+6B19,lei2|luo3,léi|luǒ,sedan,
7451,欚,U+6B1A,li3,lǐ,,
7452,欛,U+6B1B,ba4,bà,variant of 杷[ba4],
7453,欜,U+6B1C,nang2,náng,,
7454,欝,U+6B1D,yu4,yù,variant of 鬱|郁[yu4],
7455,欞,U+6B1E,ling2,líng,variant of 櫺|棂[ling2],欞床
7456,欟,U+6B1F,guang,guang,,
7457,欠,U+6B20,qian4,qiàn,to owe,互不相欠|兩不相欠|两不相欠
7458,次,U+6B21,ci4|zi1|ci2,cì|zī|cí,next in sequence,一次|一次函數|一次函数
7459,欢,U+6B22,huan1,huān,variant of 歡|欢[huan1],不受欢迎|不欢而散|交欢
7460,欣,U+6B23,xin1,xīn,happy,劉慈欣|刘慈欣|易卜拉欣
7461,欤,U+6B24,yu2,yú,"(literary) (final particle similar to 嗎|吗[ma5], 呢[ne5] or 啊[a1])",
7462,欥,U+6B25,yi4|huan1|yu4,yì|huān|yù,,
7463,欦,U+6B26,qian1|han1|xian1|qian2,qiān|hān|xiān|qián,,
7464,欧,U+6B27,ou1,ōu,Europe (abbr. for 歐洲|欧洲[Ou1 zhou1]),中欧|亚欧|亚欧大陆
7465,欨,U+6B28,xu1,xū,(literary) to blow or breathe upon,
7466,欩,U+6B29,chao1,chāo,,
7467,欪,U+6B2A,chu4|xi4|qu4,chù|xì|qù,,
7468,欫,U+6B2B,qi4,qì,,
7469,欬,U+6B2C,kai4|ai4,kài|ài,to cough,
7470,欭,U+6B2D,yi4|yin1,yì|yīn,,
7471,欮,U+6B2E,jue2,jué,,
7472,欯,U+6B2F,xi4|kai4,xì|kài,,
7473,欰,U+6B30,xu4,xù,,
7474,欱,U+6B31,he1|xia2,hē|xiá,variant of 喝[he1],
7475,欲,U+6B32,yu4,yù,desire,一逞獸欲|一逞兽欲|七情六欲
7476,欳,U+6B33,kui4,kuì,,
7477,欴,U+6B34,lang2,láng,,
7478,欵,U+6B35,kuan3,kuǎn,to treat well,
7479,欶,U+6B36,shuo4|sou4,shuò|sòu,to suck,
7480,欷,U+6B37,xi1,xī,to sob,欷吁|欷歔
7481,欸,U+6B38,ai1|ai3|ê1|ê2|ê3|ê4|xie4|ei2|ei3|ei4|ei1,āi|ǎi|ê̄|ế|ê̌|ề|xiè|éi|ěi|èi|ēi,(indicating response),欸乃
7482,欹,U+6B39,yi1|qi1,yī|qī,interjection,
7483,欺,U+6B3A,qi1,qī,to take unfair advantage of,仗勢欺人|仗势欺人|傲雪欺霜
7484,欻,U+6B3B,chua1|xu1|hu1,chuā|xū|hū,(onom.) crashing sound,
7485,欼,U+6B3C,chi3|chuai4,chǐ|chuài,drink,
7486,欽,U+6B3D,qin1|qin4|yin2,qīn|qìn|yín,surname Qin,令人欽佩|何應欽|尤爾欽科
7487,款,U+6B3E,kuan3|xin1,kuǎn|xīn,section,上款|下款|交款單
7488,欿,U+6B3F,kan3|qian4|dan4,kǎn|qiàn|dàn,discontented with oneself,欿然
7489,歀,U+6B40,kuan3,kuǎn,,
7490,歁,U+6B41,kan3|ke4|qian3,kǎn|kè|qiǎn,unsatisfied (of eating),
7491,歂,U+6B42,chuan3|chuan2,chuǎn|chuán,,
7492,歃,U+6B43,sha4|xia2,shà|xiá,to drink,歃血|歃血為盟|歃血为盟
7493,歄,U+6B44,gua1,guā,,
7494,歅,U+6B45,yin1,yīn,,
7495,歆,U+6B46,xin1,xīn,pleased,
7496,歇,U+6B47,xie1|ya4,xiē|yà,to rest,停歇|冬歇期|安歇
7497,歈,U+6B48,yu2,yú,songs,
7498,歉,U+6B49,qian4,qiàn,to apologize,抱歉|歉意|歉收
7499,歊,U+6B4A,xiao1,xiāo,vapor,
7500,歋,U+6B4B,ye4,yè,,
7501,歌,U+6B4C,ge1,gē,"song (CL:首[shou3],支[zhi1])",K歌|主打歌|主題歌
7502,歍,U+6B4D,wu1|yang1,wū|yāng,,
7503,歎,U+6B4E,tan4,tàn,variant of 嘆|叹[tan4],一倡三歎|付之一歎|悲歎
7504,歏,U+6B4F,jin4|qun1,jìn|qūn,,
7505,歐,U+6B50,ou1|ou3,ōu|ǒu,Europe (abbr. for 歐洲|欧洲[Ou1 zhou1]),中歐|亞歐|亞歐大陸
7506,歑,U+6B51,hu1,hū,,
7507,歒,U+6B52,ti4|xiao1,tì|xiāo,,
7508,歓,U+6B53,huan1,huān,old variant of 歡|欢[huan1],
7509,歔,U+6B54,xu1,xū,to snort,欷歔
7510,歕,U+6B55,pen1,pēn,old variant of 噴|喷[pen1],
7511,歖,U+6B56,xi3|yi3,xǐ|yǐ,,
7512,歗,U+6B57,xiao4,xiào,old variant of 嘯|啸[xiao4],
7513,歘,U+6B58,chua1|xu1,chuā|xū,variant of 欻[xu1],
7514,歙,U+6B59,she4|xi1|xie2,shè|xī|xié,name of a district in Anhui,歙縣|歙县
7515,歚,U+6B5A,shan4,shàn,,
7516,歛,U+6B5B,han1|lian3,hān|liǎn,to desire,
7517,歜,U+6B5C,chu4,chù,(person),
7518,歝,U+6B5D,yi4,yì,,
7519,歞,U+6B5E,e4,è,,
7520,歟,U+6B5F,yu2,yú,"(literary) (final particle similar to 嗎|吗[ma5], 呢[ne5] or 啊[a1])",
7521,歠,U+6B60,chuo4,chuò,(literary) to drink,
7522,歡,U+6B61,huan1,huān,joyous,不受歡迎|不歡而散|交歡
7523,止,U+6B62,zhi3,zhǐ,to stop,不止|不止一次|中止
7524,正,U+6B63,zheng4|zheng1,zhèng|zhēng,first month of the lunar year,一本正經|一本正经|上梁不正下梁歪
7525,此,U+6B64,ci3,cǐ,this; these,不僅如此|不仅如此|不分彼此
7526,步,U+6B65,bu4,bù,surname Bu,一步一個腳印|一步一个脚印|一步一趨
7527,武,U+6B66,wu3,wǔ,surname Wu,七武士|下寒武|下寒武統
7528,歧,U+6B67,qi2,qí,divergent,分歧|分歧點|分歧点
7529,歨,U+6B68,bu4,bù,old variant of 步[bu4],
7530,歩,U+6B69,bu4,bù,old variant of 步[bu4],
7531,歪,U+6B6A,wai1|wai3,wāi|wǎi,askew,七扭八歪|上梁不正下梁歪|口眼歪斜
7532,歫,U+6B6B,ju4,jù,old variant of 距[ju4],
7533,歬,U+6B6C,qian2,qián,,
7534,歭,U+6B6D,chi2|zhi4,chí|zhì,,
7535,歮,U+6B6E,se4,sè,old variant of 澀|涩[se4],
7536,歯,U+6B6F,chi3,chǐ,Japanese variant of 齒|齿,
7537,歰,U+6B70,se4|sha4,sè|shà,old variant of 澀|涩[se4],
7538,歱,U+6B71,zhong3,zhǒng,,
7539,歲,U+6B72,sui4|suo4,suì|suò,classifier for years (of age),今歲|卒歲|去歲
7540,歳,U+6B73,sui4,suì,Japanese variant of 歲|岁,
7541,歴,U+6B74,li4,lì,old variant of 歷|历[li4],
7542,歵,U+6B75,ze2,zé,,
7543,歶,U+6B76,yu2,yú,,
7544,歷,U+6B77,li4,lì,to experience,亞歷山大|亞歷山大·杜布切克|亞歷山大大帝
7545,歸,U+6B78,gui1|kui4|kui2,guī|kuì|kuí,surname Gui,一命歸天|一命歸西|一命歸陰
7546,歹,U+6B79,dai3|e4|dai1,dǎi|è|dāi,bad,不問好歹|不问好歹|不知好歹
7547,歺,U+6B7A,e4,è,second-round simplified character for 餐[can1],
7548,死,U+6B7B,si3,sǐ,to die,一把死拿|一棍子打死|一潭死水
7549,歼,U+6B7C,jian1,jiān,to annihilate,全歼|歼击|歼击机
7550,歽,U+6B7D,zhe2,zhé,,
7551,歾,U+6B7E,mo4|wen3,mò|wěn,to end,
7552,歿,U+6B7F,mo4,mò,to end,
7553,殀,U+6B80,yao1,yāo,(bound form) to die prematurely (also pr. [yao3]) (variant of 夭[yao1]),
7554,殁,U+6B81,mo4|wen3,mò|wěn,to end,
7555,殂,U+6B82,cu2,cú,to die,崩殂
7556,殃,U+6B83,yang1,yāng,calamity,城門失火，殃及池魚|城门失火，殃及池鱼|德不配位，必有災殃
7557,殄,U+6B84,tian3,tiǎn,to exterminate,暴殄天物
7558,殅,U+6B85,sheng1,shēng,,
7559,殆,U+6B86,dai4,dài,(literary) dangerous; perilous,危殆|喪失殆盡|丧失殆尽
7560,殇,U+6B87,shang1,shāng,to die in childhood,唐殇帝|国殇|夭殇
7561,殈,U+6B88,xu4,xù,damage egg so it does not hatch,
7562,殉,U+6B89,xun4,xùn,to be buried with the dead,因公殉職|因公殉职|殉國
7563,殊,U+6B8A,shu1,shū,(literary) to kill; to behead; to sever; to separate; to surpass,同途殊歸|同途殊归|懸殊
7564,残,U+6B8B,can2,cán,to destroy,中国残疾人联合会|中国残联|了此残生
7565,殌,U+6B8C,jue2,jué,,
7566,殍,U+6B8D,piao3|bi4,piǎo|bì,(literary) to die of starvation,餓殍|饿殍|餓殍載道
7567,殎,U+6B8E,qia4,qià,,
7568,殏,U+6B8F,qiu2,qiú,,
7569,殐,U+6B90,su4,sù,,
7570,殑,U+6B91,qing2|jing1|jing4,qíng|jīng|jìng,swoon,
7571,殒,U+6B92,yun3,yǔn,(literary) to perish; to die,殒命|殒落|殒身不恤
7572,殓,U+6B93,lian4,liàn,to prepare a dead body for coffin,入殓|殓房|殡殓
7573,殔,U+6B94,yi4,yì,,
7574,殕,U+6B95,fou3|ye4|bo2,fǒu|yè|bó,,
7575,殖,U+6B96,zhi2|shi|shi4,zhí|shi|shì,to grow,價值增殖|价值增殖|半封建半殖民地
7576,殗,U+6B97,ye4|yan4|yan1,yè|yàn|yān,sickness,殗殜
7577,殘,U+6B98,can2,cán,to destroy,中國殘疾人聯合會|中國殘聯|了此殘生
7578,殙,U+6B99,hun1|men4,hūn|mèn,to die by taking poison,
7579,殚,U+6B9A,dan1,dān,entirely,殚力|殚心|殚闷
7580,殛,U+6B9B,ji2,jí,to put to death,
7581,殜,U+6B9C,die2,dié,unwell,殗殜|殜殜
7582,殝,U+6B9D,zhen1,zhēn,,
7583,殞,U+6B9E,yun3,yǔn,(literary) to perish; to die,殞命|殞落|殞身不恤
7584,殟,U+6B9F,wen1,wēn,,
7585,殠,U+6BA0,chou4,chòu,variant of 臭[chou4],
7586,殡,U+6BA1,bin4,bìn,a funeral,出殡|殡仪|殡仪员
7587,殢,U+6BA2,ti4,tì,fatigue,
7588,殣,U+6BA3,jin4,jìn,die of hunger,
7589,殤,U+6BA4,shang1,shāng,to die in childhood,唐殤帝|國殤|夭殤
7590,殥,U+6BA5,yin2,yín,(archaic) remote area,
7591,殦,U+6BA6,diao1,diāo,,
7592,殧,U+6BA7,jiu4,jiù,,
7593,殨,U+6BA8,hui4|kui4,huì|kuì,to fester; to ulcerate (old variant of 潰|溃[hui4]),
7594,殩,U+6BA9,cuan4,cuàn,,
7595,殪,U+6BAA,yi4,yì,to exterminate,
7596,殫,U+6BAB,dan1,dān,entirely,殫力|殫心|殫悶
7597,殬,U+6BAC,du4,dù,,
7598,殭,U+6BAD,jiang1,jiāng,variant of 僵[jiang1],殭屍|殭屍粉|白殭蠶
7599,殮,U+6BAE,lian4,liàn,to prepare a dead body for coffin,入殮|殮房|殯殮
7600,殯,U+6BAF,bin4,bìn,a funeral,出殯|殯儀|殯儀員
7601,殰,U+6BB0,du2,dú,abortion,
7602,殱,U+6BB1,jian1,jiān,,
7603,殲,U+6BB2,jian1,jiān,to annihilate,全殲|殲擊|殲擊機
7604,殳,U+6BB3,shu1,shū,surname Shu,
7605,殴,U+6BB4,ou1,ōu,surname Ou,互殴|围殴|殴打
7606,段,U+6BB5,duan4,duàn,surname Duan,NG片段|一折兩段|一折两段
7607,殶,U+6BB6,zhu4,zhù,,
7608,殷,U+6BB7,yin1|yan1|yin3,yīn|yān|yǐn,surname Yin,孔殷|殷切|殷勤
7609,殸,U+6BB8,qing4|keng1|sheng1,qìng|kēng|shēng,variant of 磬[qing4],
7610,殹,U+6BB9,yi4,yì,(archaic) (meaning unclear),
7611,殺,U+6BBA,sha1|shai4|sa4|xie4|shi4,shā|shài|sà|xiè|shì,to kill; to slay; to murder; to attack,一筆抹殺|仇殺|他殺
7612,殻,U+6BBB,qiao4,qiào,variant of 殼|壳[qiao4],
7613,殼,U+6BBC,ke2|qiao4,ké|qiào,"(coll.) shell (of an egg, nut, crab etc)",介殼|借殼|卡殼
7614,殽,U+6BBD,xiao2|yao2|xiao4,xiáo|yáo|xiào,variant of 淆[xiao2],酒殽
7615,殾,U+6BBE,xun4,xùn,,
7616,殿,U+6BBF,dian4,diàn,palace hall,偏殿|大殿|大雄寶殿
7617,毀,U+6BC0,hui3,huǐ,to destroy; to ruin,千里之堤，毀於蟻穴|哀毀瘠立|哀毀骨立
7618,毁,U+6BC1,hui3|hui4,huǐ|huì,to destroy; to ruin,千里之堤，毁于蚁穴|哀毁瘠立|哀毁骨立
7619,毂,U+6BC2,gu3|gu1,gǔ|gū,used in 轂轆|毂辘[gu1 lu5],华毂|轮毂|轮毂罩
7620,毃,U+6BC3,qiao1,qiāo,,
7621,毄,U+6BC4,ji1,jī,,
7622,毅,U+6BC5,yi4,yì,firm and resolute,剛毅|刚毅|剛毅木訥
7623,毆,U+6BC6,ou1|kou1|qu1,ōu|kōu|qū,surname Ou,互毆|圍毆|毆打
7624,毇,U+6BC7,hui3,huǐ,,
7625,毈,U+6BC8,duan4,duàn,infertile egg,
7626,毉,U+6BC9,yi1,yī,variant of 醫|医[yi1],
7627,毊,U+6BCA,xiao1,xiāo,,
7628,毋,U+6BCB,wu2|mou2,wú|móu,surname Wu,不自由，毋寧死|不自由，毋宁死|卑之，毋甚高論
7629,毌,U+6BCC,guan4,guàn,old variant of 貫|贯[guan4],
7630,母,U+6BCD,mu3|mu2|wu3|wu2,mǔ|mú|wǔ|wú,mother,丈母|丈母娘|三十六字母
7631,毎,U+6BCE,mei3,měi,Japanese variant of 每,
7632,每,U+6BCF,mei3,měi,each,攤薄後每股盈利|摊薄后每股盈利|每下愈況
7633,毐,U+6BD0,ai3,ǎi,see historical character Lao Ai 嫪毐,嫪毐
7634,毑,U+6BD1,jie3,jiě,mother,
7635,毒,U+6BD2,du2|dai4,dú|dài,poison,2019冠狀病毒病|2019冠状病毒病|㐖毒
7636,毓,U+6BD3,yu4,yù,(literary) to produce; to foster; to nurture,孫毓棠|孙毓棠|毓婷
7637,比,U+6BD4,bi3|bi4|pi2|pi3,bǐ|bì|pí|pǐ,Belgium,不列顛哥倫比亞|不列颠哥伦比亚|不列顛哥倫比亞省
7638,毕,U+6BD5,bi4,bì,surname Bi,今日事今日毕|凶相毕露|内罗毕
7639,毖,U+6BD6,bi4,bì,careful,懲前毖後|惩前毖后
7640,毗,U+6BD7,pi2,pí,to adjoin,毗濕奴|毗湿奴|毗耶娑
7641,毘,U+6BD8,pi2,pí,variant of 毗[pi2],
7642,毙,U+6BD9,bi4,bì,to die,倒毙|勒毙|坐以待毙
7643,毚,U+6BDA,chan2,chán,cunning,
7644,毛,U+6BDB,mao2|mao4,máo|mào,surname Mao,一毛不拔|三毛貓|三毛猫
7645,毜,U+6BDC,hao2,háo,,
7646,毝,U+6BDD,cai3,cǎi,,
7647,毞,U+6BDE,pi2,pí,,
7648,毟,U+6BDF,lie3,liě,,
7649,毠,U+6BE0,jia1,jiā,,
7650,毡,U+6BE1,zhan1,zhān,felt (fabric),如坐针毡|书画毡|毛毡
7651,毢,U+6BE2,sai1,sāi,,
7652,毣,U+6BE3,mu4|mao4,mù|mào,,
7653,毤,U+6BE4,tuo4,tuò,,
7654,毥,U+6BE5,xun2|xun4,xún|xùn,,
7655,毦,U+6BE6,er3,ěr,,
7656,毧,U+6BE7,rong2,róng,down,
7657,毨,U+6BE8,xian3,xiǎn,,
7658,毩,U+6BE9,ju2,jú,,
7659,毪,U+6BEA,mu2,mú,a type of woolen fabric made in Tibet,毪子
7660,毫,U+6BEB,hao2,háo,hair,一分一毫|一絲一毫|一丝一毫
7661,毬,U+6BEC,qiu2,qiú,ball used for playing games (variant of 球[qiu2]),
7662,毭,U+6BED,dou4|nuo4,dòu|nuò,,
7663,毮,U+6BEE,sha1,shā,,
7664,毯,U+6BEF,tan3,tǎn,blanket,地毯|地毯式轟炸|地毯式轰炸
7665,毰,U+6BF0,pei2,péi,,
7666,毱,U+6BF1,ju2,jú,,
7667,毲,U+6BF2,duo1,duō,,
7668,毳,U+6BF3,cui4|qiao1|xia1,cuì|qiāo|xiā,crisp,
7669,毴,U+6BF4,bi1,bī,old variant of 屄[bi1],
7670,毵,U+6BF5,san1,sān,long-haired,
7671,毶,U+6BF6,san1,sān,,
7672,毷,U+6BF7,mao4,mào,restless,
7673,毸,U+6BF8,sai1|sui1,sāi|suī,,
7674,毹,U+6BF9,shu1|yu2,shū|yú,rug,
7675,毺,U+6BFA,shu1,shū,,
7676,毻,U+6BFB,tuo4,tuò,,
7677,毼,U+6BFC,he2|ke3|da1,hé|kě|dā,,
7678,毽,U+6BFD,jian4,jiàn,shuttlecock,毽子
7679,毾,U+6BFE,ta4,tà,"a coarse, woollen serge",
7680,毿,U+6BFF,san1,sān,long-haired,
7681,氀,U+6C00,lv2|shu1|yu2|dou1,lǘ|shū|yú|dōu,,
7682,氁,U+6C01,mu2,mú,,
7683,氂,U+6C02,mao2|li2,máo|lí,yak (Bos grunniens),氂牛
7684,氃,U+6C03,tong2,tóng,,
7685,氄,U+6C04,rong3|rong2,rǒng|róng,down or fine hair,
7686,氅,U+6C05,chang3,chǎng,overcoat,大氅
7687,氆,U+6C06,pu3,pǔ,used in 氆氌|氆氇[pu3 lu5],氆氌|氆氇
7688,氇,U+6C07,lu,lu,used in 氆氌|氆氇[pu3 lu5],氆氇
7689,氈,U+6C08,zhan1,zhān,felt (fabric),如坐針氈|書畫氈|毛氈
7690,氉,U+6C09,sao4,sào,"restless, melancholy",
7691,氊,U+6C0A,zhan1,zhān,variant of 氈|毡[zhan1],
7692,氋,U+6C0B,meng2,méng,,
7693,氌,U+6C0C,lu3,lǔ,used in 氆氌|氆氇[pu3 lu5],氆氌
7694,氍,U+6C0D,qu2,qú,woolen rug,
7695,氎,U+6C0E,die2,dié,,
7696,氏,U+6C0F,shi4|zhi1|jing1,shì|zhī|jīng,"(bound form) family name; surname (as in 王氏[Wang2 shi4] ""the Wang clan"")",亞伯氏症|亚伯氏症|亞氏保加
7697,氐,U+6C10,di1|di3|zhi1,dī|dǐ|zhī,name of an ancient tribe,
7698,民,U+6C11,min2,mín,surname Min,P民|三民|三民主義
7699,氒,U+6C12,jue2,jué,,
7700,氓,U+6C13,mang2|meng2,máng|méng,used in 流氓[liu2 mang2],愚氓|流氓|流氓國家
7701,气,U+6C14,qi4|qi3,qì|qǐ,gas; air,一口气|一口气儿|一团和气
7702,氕,U+6C15,pie1,piē,protium 1H,
7703,氖,U+6C16,nai3,nǎi,neon (chemistry),
7704,気,U+6C17,qi4,qì,Japanese variant of 氣|气,
7705,氘,U+6C18,dao1,dāo,deuterium 2H,氘核
7706,氙,U+6C19,xian1,xiān,xenon (chemistry),
7707,氚,U+6C1A,chuan1,chuān,(chemistry) tritium,
7708,氛,U+6C1B,fen1,fēn,miasma,氛圍|氛围|氣氛
7709,氜,U+6C1C,yang2|ri4,yáng|rì,"old name for 氦[hai4], helium",
7710,氝,U+6C1D,nei4,nèi,neon Ne (chemistry) (now written 氖[nai3]),
7711,氞,U+6C1E,bin,bin,,
7712,氟,U+6C1F,fu2,fú,fluorine (chemistry),三氟化硼|丙酸氟替卡松|六氟化硫
7713,氠,U+6C20,shen1,shēn,xenon (chemistry) (old),
7714,氡,U+6C21,dong1,dōng,radon (chemistry),
7715,氢,U+6C22,qing1,qīng,hydrogen (chemistry),丙酮酸脱氢酶|加氢油|四氢大麻酚
7716,氣,U+6C23,qi4|xi4,qì|xì,gas; air,一口氣|一口氣兒|一團和氣
7717,氤,U+6C24,yin1|yan2,yīn|yán,used in 氤氳|氤氲[yin1 yun1],氤氳|氤氲
7718,氥,U+6C25,xi1,xī,xenon (chemistry) (old),
7719,氦,U+6C26,hai4,hài,helium (chemistry),
7720,氧,U+6C27,yang3,yǎng,oxygen (chemistry),一氧化二氮|一氧化氮|一氧化碳
7721,氨,U+6C28,an1,ān,ammonia,丙氨酸|乙氨基|亮氨酸
7722,氩,U+6C29,ya4,yà,argon (chemistry),
7723,氪,U+6C2A,ke4,kè,krypton (chemistry),氪氣石|氪气石|氪肝
7724,氫,U+6C2B,qing1,qīng,hydrogen (chemistry),丙酮酸脫氫酶|加氫油|四氫大麻酚
7725,氬,U+6C2C,ya4,yà,argon (chemistry),
7726,氭,U+6C2D,dong1,dōng,,
7727,氮,U+6C2E,dan4,dàn,nitrogen (chemistry),一氧化二氮|一氧化氮|二氧化氮
7728,氯,U+6C2F,lv4,lǜ,chlorine (chemistry),三氯化磷|三氯化鐵|三氯化铁
7729,氰,U+6C30,qing2,qíng,cyanogen (CN)2,三氯氰胺|三聚氰胺|二氯異三聚氰酸鈉
7730,氱,U+6C31,yang3,yǎng,,
7731,氲,U+6C32,yun1|yun2,yūn|yún,used in 氤氳|氤氲[yin1 yun1],氤氲
7732,氳,U+6C33,yun1,yūn,used in 氤氳|氤氲[yin1 yun1],氤氳
7733,水,U+6C34,shui3,shuǐ,surname Shui,㵐水|一夜露水|一水兒
7734,氵,U+6C35,shui,shui,"""water"" radical in Chinese characters (Kangxi radical 85), occurring in 沒|没[mei2], 法[fa3], 流[liu2] etc",
7735,氶,U+6C36,zheng3|cheng2|zheng4,zhěng|chéng|zhèng,,
7736,氷,U+6C37,bing1,bīng,variant of 冰[bing1],
7737,永,U+6C38,yong3,yǒng,forever,一勞永逸|一劳永逸|含味雋永
7738,氹,U+6C39,dang4,dàng,variant of 凼[dang4],氹仔|路氹
7739,氺,U+6C3A,shui3,shuǐ,old variant of 水[shui3],
7740,氻,U+6C3B,le4,lè,,
7741,氼,U+6C3C,ni4|mei4,nì|mèi,old variant of 溺[ni4],
7742,氽,U+6C3D,tun3|qiu2,tǔn|qiú,to float,氽湯|氽汤|氽燙
7743,氾,U+6C3E,fan4|fan2,fàn|fán,used in given names and as a surname,氾濫
7744,氿,U+6C3F,gui3|jiu3|qiu2,guǐ|jiǔ|qiú,mountain spring,
7745,汀,U+6C40,ting1|ting4|ding4,tīng|tìng|dìng,sandbar,克汀病|克里斯汀|克里斯汀·貝爾
7746,汁,U+6C41,zhi1|xie2|shi2,zhī|xié|shí,juice,乳汁|出汁|原汁
7747,求,U+6C42,qiu2,qiú,to seek,不忮不求|不求人|不求收獲
7748,汃,U+6C43,bin1|pa4|pa1,bīn|pà|pā,,
7749,汄,U+6C44,ze4,zè,,
7750,汅,U+6C45,mian3,miǎn,old variant of 沔[mian3],
7751,汆,U+6C46,cuan1,cuān,quick-boil,
7752,汇,U+6C47,hui4,huì,to remit,中央汇金|交汇|交汇处
7753,汈,U+6C48,diao1,diāo,(used in place names),
7754,汉,U+6C49,han4,hàn,Han ethnic group,上古汉语|不到长城非好汉|中古汉语
7755,汊,U+6C4A,cha4,chà,branching stream,河汊
7756,汋,U+6C4B,zhuo2|yue4|que4|shuo4,zhuó|yuè|què|shuò,to pour,
7757,汌,U+6C4C,chuan4,chuàn,,
7758,汍,U+6C4D,wan2|huan2,wán|huán,shed tears,
7759,汎,U+6C4E,fan4|fa2,fàn|fá,variant of 泛[fan4],
7760,汏,U+6C4F,da4|tai4,dà|tài,to wash (dialect),
7761,汐,U+6C50,xi1,xī,night tides,汐止|汐止市|潮汐
7762,汑,U+6C51,tuo1,tuō,,
7763,汒,U+6C52,mang2|mang3,máng|mǎng,,
7764,汓,U+6C53,qiu2|you2,qiú|yóu,,
7765,汔,U+6C54,qi4,qì,near,
7766,汕,U+6C55,shan4|shuan4,shàn|shuàn,bamboo fish trap,汕尾|汕尾市|汕頭
7767,汖,U+6C56,pin4|chi2,pìn|chí,,
7768,汗,U+6C57,han4|han2|gan1,hàn|hán|gān,"see 可汗[ke4 han2], 汗國|汗国[han2 guo2]",一身汗|冷汗|出汗
7769,汘,U+6C58,qian1,qiān,,
7770,汙,U+6C59,wu1|yu2|wa1|yu1,wū|yú|wā|yū,variant of 污[wu1],汙垢|貪汙腐化
7771,汚,U+6C5A,wu1,wū,variant of 污[wu1],
7772,汛,U+6C5B,xun4,xùn,high water,伏汛|凌汛|春汛
7773,汜,U+6C5C,si4,sì,stream which returns after branching,
7774,汝,U+6C5D,ru3,rǔ,thou,丁汝昌|李汝珍|汝南
7775,汞,U+6C5E,gong3,gǒng,mercury (chemistry),升汞|毫米汞柱|氧化汞
7776,江,U+6C5F,jiang1,jiāng,surname Jiang,三江|三江並流|三江并流
7777,池,U+6C60,chi2|tuo2|che4,chí|tuó|chè,surname Chi,U型池|一號電池|一号电池
7778,污,U+6C61,wu1,wū,variant of 污[wu1],光污染|卑污|去污
7779,汢,U+6C62,tu,tu,,
7780,汣,U+6C63,jiu3,jiǔ,,
7781,汤,U+6C64,tang1|shang1,tāng|shāng,surname Tang,一颗老鼠屎坏了一锅汤|三拗汤|二汤
7782,汥,U+6C65,zhi1|ji4,zhī|jì,,
7783,汦,U+6C66,zhi3,zhǐ,,
7784,汧,U+6C67,qian1|yan2,qiān|yán,name of a river flowing through Gansu to Shaanxi Province,
7785,汨,U+6C68,mi4,mì,"name of a river, the southern tributary of Miluo river 汨羅江|汨罗江[Mi4 luo2 jiang1]",汨水|汨羅|汨罗
7786,汩,U+6C69,gu3|yu4|hu2,gǔ|yù|hú,confused,汩汩
7787,汪,U+6C6A,wang1|wang3|hong2,wāng|wǎng|hóng,surname Wang,單身汪|单身汪|姓蔣還是姓汪
7788,汫,U+6C6B,jing3,jǐng,old variant of 阱[jing3],汫濙|汫𣸨
7789,汬,U+6C6C,jing3,jǐng,,
7790,汭,U+6C6D,rui4|tun1,ruì|tūn,river-bend,
7791,汮,U+6C6E,jun1,jūn,,
7792,汯,U+6C6F,hong2,hóng,,
7793,汰,U+6C70,tai4,tài,to discard,優勝劣汰|优胜劣汰|刪汰
7794,汱,U+6C71,quan3|fu2,quǎn|fú,,
7795,汲,U+6C72,ji2|ji1,jí|jī,surname Ji,汲取|汲引|汲水
7796,汳,U+6C73,bian4,biàn,name of an ancient river in Henan,
7797,汴,U+6C74,bian4,biàn,name of a river in Henan,汴京|汴州|汴梁
7798,汵,U+6C75,gan4|han2|cen2,gàn|hán|cén,,
7799,汶,U+6C76,wen4|wen2|min2|men2,wèn|wén|mín|mén,Wen River in northwest Sichuan (same as 汶川),大汶口文化|帝汶島|帝汶岛
7800,汷,U+6C77,zhong1,zhōng,name of an ancient river in Hubei,
7801,汸,U+6C78,fang1|pang1,fāng|pāng,,
7802,汹,U+6C79,xiong1,xiōng,torrential rush,气势汹汹|波涛汹涌|汹涌
7803,決,U+6C7A,jue2|que1|xue4,jué|quē|xuè,to decide,一決雌雄|下定決心|下決心
7804,汻,U+6C7B,hu3|huang3,hǔ|huǎng,,
7805,汼,U+6C7C,niu2|you2,niú|yóu,,
7806,汽,U+6C7D,qi4|gai4|yi3,qì|gài|yǐ,steam,上汽|上海汽車工業集團|上海汽车工业集团
7807,汾,U+6C7E,fen2|pen2|fen1,fén|pén|fēn,name of a river,汾河|汾西|汾西縣
7808,汿,U+6C7F,xu4,xù,,
7809,沀,U+6C80,xu4,xù,,
7810,沁,U+6C81,qin4,qìn,to seep,喀喇沁|喀喇沁左翼蒙古族自治縣|喀喇沁左翼蒙古族自治县
7811,沂,U+6C82,yi2|yin2,yí|yín,"Yi River, Shandong",新沂|新沂市|沂南
7812,沃,U+6C83,wo4,wò,fertile,以湯沃沸|以汤沃沸|加沃特
7813,沄,U+6C84,yun2,yún,rushing of a torrent,
7814,沅,U+6C85,yuan2,yuán,Yuan river in Guizhou and Hunan,沅水|沅江|沅江九肋
7815,沆,U+6C86,hang4|hang2|kang4,hàng|háng|kàng,a ferry,沆瀣|沆瀣一氣|沆瀣一气
7816,沇,U+6C87,yan3|wei3,yǎn|wěi,surname Yan,
7817,沈,U+6C88,shen3|chen2|tan2,shěn|chén|tán,surname Shen,沈丘|沈丘縣|沈丘县
7818,沉,U+6C89,chen2,chén,variant of 沉[chen2],下沉|下沉市場|下沉市场
7819,沊,U+6C8A,dan4,dàn,,
7820,沋,U+6C8B,you2,yóu,,
7821,沌,U+6C8C,dun4|zhuan4|tun2|chun2,dùn|zhuàn|tún|chún,used in 混沌[hun4 dun4],混沌|混沌學|混沌学
7822,沍,U+6C8D,hu4|hu2,hù|hú,congealed,
7823,沎,U+6C8E,huo4,huò,,
7824,沏,U+6C8F,qi1|qie4,qī|qiè,to steep (tea),
7825,沐,U+6C90,mu4,mù,to bathe,休沐|櫛風沐雨|栉风沐雨
7826,沑,U+6C91,nv4|niu3,nǜ|niǔ,,
7827,沒,U+6C92,mei2,méi,(negative prefix for verbs) have not; not,三個和尚沒水吃|三個和尚沒水喝|不乾不淨，吃了沒病
7828,沓,U+6C93,da2|ta4,dá|tà,surname Ta,拖拖沓沓|拖沓|疲沓
7829,沔,U+6C94,mian3,miǎn,inundation,
7830,沕,U+6C95,mi4|wu4|fu1,mì|wù|fū,abstruse,
7831,沖,U+6C96,chong1,chōng,(of water) to dash against,倪嗣沖|八沖|回沖
7832,沗,U+6C97,pang1|tian1,pāng|tiān,,
7833,沘,U+6C98,bi3,bǐ,name of a river,
7834,沙,U+6C99,sha1|sha4|suo1,shā|shà|suō,surname Sha,一盤散沙|一盘散沙|三沙
7835,沚,U+6C9A,zhi3,zhǐ,islet,灣沚|湾沚|灣沚區
7836,沛,U+6C9B,pei4,pèi,copious,充沛|沛公|沛縣
7837,沜,U+6C9C,pan4,pàn,,
7838,沝,U+6C9D,zhui3|zi3,zhuǐ|zǐ,,
7839,沞,U+6C9E,za1,zā,,
7840,沟,U+6C9F,gou1,gōu,ditch,V沟|九寨沟|九寨沟县
7841,沠,U+6CA0,liu2,liú,,
7842,没,U+6CA1,mei2|mo4|me,méi|mò|me,(negative prefix for verbs) have not; not,三个和尚没水吃|三个和尚没水喝|不干不净，吃了没病
7843,沢,U+6CA2,ze2,zé,Japanese variant of 澤|泽,
7844,沣,U+6CA3,feng1,fēng,rainy,沣水
7845,沤,U+6CA4,ou1|ou4,ōu|òu,bubble,沤凼|沤步|沤肥
7846,沥,U+6CA5,li4,lì,to drip,剖肝沥胆|呕心沥血|披肝沥胆
7847,沦,U+6CA6,lun2,lún,"to sink (into ruin, oblivion)",沉沦|沦亡|沦丧
7848,沧,U+6CA7,cang1,cāng,"(bound form) (of water, esp. the ocean) deep blue-green",曾经沧海|曾经沧海难为水，除却巫山不是云|李沧
7849,沨,U+6CA8,feng1,fēng,(onom.) sound of flowing water,
7850,沩,U+6CA9,wei2,wéi,name of a river in Shanxi,
7851,沪,U+6CAA,hu4,hù,short name for Shanghai,京沪|京沪高铁|朱广沪
7852,沫,U+6CAB,mo4,mò,foam,以沫相濡|住宅泡沫|口沫
7853,沬,U+6CAC,mei4|hui4,mèi|huì,dawn,
7854,沭,U+6CAD,shu4,shù,river in Shandong,沭陽|沭阳|沭陽縣
7855,沮,U+6CAE,ju3|ju1|ju4|jian1|zu3,jǔ|jū|jù|jiān|zǔ,to destroy,沮喪|沮丧
7856,沯,U+6CAF,za2,zá,,
7857,沰,U+6CB0,tuo1|duo2,tuō|duó,to let drop,
7858,沱,U+6CB1,tuo2|duo4|chi2,tuó|duò|chí,tearful,沱沱河|沱灢|沱茶
7859,沲,U+6CB2,tuo2,tuó,,
7860,河,U+6CB3,he2,hé,"river (CL:條|条[tiao2],道[dao4])",七河州|七臺河|七台河
7861,沴,U+6CB4,li4|zhen3,lì|zhěn,miasma,
7862,沵,U+6CB5,mi3,mǐ,,
7863,沶,U+6CB6,yi2|chi2|shi4,yí|chí|shì,,
7864,沷,U+6CB7,fa1,fā,to remove evil,
7865,沸,U+6CB8,fei4|fu2,fèi|fú,to boil,人聲鼎沸|人声鼎沸|以湯沃沸
7866,油,U+6CB9,you2|you4,yóu|yòu,oil,三酸甘油酯|上刀山，下油鍋|上刀山，下油锅
7867,沺,U+6CBA,tian2,tián,turbulent,
7868,治,U+6CBB,zhi4|chi2,zhì|chí,to rule,三文治|三明治|三江侗族自治縣
7869,沼,U+6CBC,zhao3,zhǎo,pond,日本沼蝦|日本沼虾|池沼
7870,沽,U+6CBD,gu1|gu3,gū|gǔ,abbr. for Tianjin 天津 (also 津沽),塘沽|塘沽區|塘沽区
7871,沾,U+6CBE,zhan1|tian1|dian4|chan1,zhān|tiān|diàn|chān,to moisten,三不沾|不沾鍋|不沾锅
7872,沿,U+6CBF,yan2|yan3|yan4,yán|yǎn|yàn,along,前沿|帽沿|床沿
7873,泀,U+6CC0,si1,sī,,
7874,況,U+6CC1,kuang4,kuàng,moreover,何況|健康狀況|境況
7875,泂,U+6CC2,jiong3|ying2|ying3|jiong1,jiǒng|yíng|yǐng|jiōng,vast,
7876,泃,U+6CC3,ju1|gou1,jū|gōu,(the name of a river to the east of Beijing),泃河
7877,泄,U+6CC4,xie4|yi4,xiè|yì,variant of 洩|泄[xie4],傾泄|倾泄|外泄
7878,泅,U+6CC5,qiu2|you1,qiú|yōu,to swim (bound form),泅水|泅渡|泅游
7879,泆,U+6CC6,yi4|die2,yì|dié,"licentious, libertine, dissipate",流泆
7880,泇,U+6CC7,jia1,jiā,the name of a river that flows through Shandong and Jiangsu,泇河
7881,泈,U+6CC8,zhong1,zhōng,old variant of 汷[Zhong1],
7882,泉,U+6CC9,quan2,quán,spring (small stream),九泉|命歸黃泉|命归黄泉
7883,泊,U+6CCA,po1|bo2|po4,pō|bó|pò,to anchor,代客泊車|代客泊车|停泊
7884,泋,U+6CCB,hui4|hui3,huì|huǐ,,
7885,泌,U+6CCC,mi4|bi4,mì|bì,used in 泌陽|泌阳[Bi4 yang2] (the name of a place in Henan),內分泌|内分泌|內分泌腺
7886,泍,U+6CCD,ben1|ben4,bēn|bèn,,
7887,泎,U+6CCE,ze2,zé,,
7888,泏,U+6CCF,zhu2|ku1,zhú|kū,,
7889,泐,U+6CD0,le4,lè,to write,
7890,泑,U+6CD1,you1|ao1,yōu|āo,"the vitreous glaze on china, porcelain etc",
7891,泒,U+6CD2,gu1,gū,name of a river,
7892,泓,U+6CD3,hong2,hóng,clear,淵泓|渊泓
7893,泔,U+6CD4,gan1|han4,gān|hàn,slop from rinsing rice,泔水
7894,法,U+6CD5,fa3,fǎ,variant of 法[fa3],三法司|三藏法師|三藏法师
7895,泖,U+6CD6,mao3|liu3,mǎo|liǔ,still water,
7896,泗,U+6CD7,si4,sì,river in Shandong,嵊泗|嵊泗列島|嵊泗列岛
7897,泘,U+6CD8,hu1,hū,,
7898,泙,U+6CD9,ping2|peng1,píng|pēng,sound of water splashing,
7899,泚,U+6CDA,ci3|zi3,cǐ|zǐ,clear,
7900,泛,U+6CDB,fan4|feng3|fa2,fàn|fěng|fá,variant of 泛[fan4],學海泛舟|学海泛舟|寬泛
7901,泜,U+6CDC,zhi1|chi2|zhi4,zhī|chí|zhì,a river in Hebei province,
7902,泝,U+6CDD,su4,sù,variant of 溯[su4],泝源
7903,泞,U+6CDE,ning4|zhu4,nìng|zhù,muddy,泥泞
7904,泟,U+6CDF,cheng1,chēng,,
7905,泠,U+6CE0,ling2|ling3,líng|lǐng,surname Ling,
7906,泡,U+6CE1,pao4|pao1|pao2,pào|pāo|páo,puffed; swollen; spongy,一點水一個泡|一点水一个泡|住宅泡沫
7907,波,U+6CE2,bo1|bei1|bi4,bō|bēi|bì,(bound form) Poland (abbr. for 波蘭|波兰[Bo1 lan2]),一波三折|一波未平，一波又起|中波
7908,泣,U+6CE3,qi4|li4|se4,qì|lì|sè,to sob,可歌可泣|向隅而泣|哀泣
7909,泤,U+6CE4,si4,sì,,
7910,泥,U+6CE5,ni2|ni4|ni3|nie4|ning4,ní|nì|nǐ|niè|nìng,mud,出淤泥而不染|判若雲泥|判若云泥
7911,泦,U+6CE6,ju2,jú,,
7912,泧,U+6CE7,sa4|xue4,sà|xuè,,
7913,注,U+6CE8,zhu4|zhou4,zhù|zhòu,(bound form) to pour into; to flow into; to inject,三大紀律八項注意|三大纪律八项注意|下注
7914,泩,U+6CE9,sheng1,shēng,rising of water,
7915,泪,U+6CEA,lei4,lèi,(bound form) tears; teardrops,一字一泪|一把眼泪一把鼻涕|一掬同情之泪
7916,泫,U+6CEB,xuan4|xuan2|juan1,xuàn|xuán|juān,weep,
7917,泬,U+6CEC,jue2|xue4,jué|xuè,,
7918,泭,U+6CED,fu2,fú,a raft,
7919,泮,U+6CEE,pan4,pàn,(literary) to melt,勞拉西泮|劳拉西泮|地西泮
7920,泯,U+6CEF,min3|mian4,mǐn|miàn,variant of 泯[min3],泯沒|泯没|泯滅
7921,泰,U+6CF0,tai4,tài,Mt Tai 泰山[Tai4 Shan1] in Shandong,不識泰山|不识泰山|伏爾泰
7922,泱,U+6CF1,yang1,yāng,"agitated (wind, cloud)",泱泱|烏泱烏泱|乌泱乌泱
7923,泲,U+6CF2,ji3,jǐ,clear wine,
7924,泳,U+6CF3,yong3,yǒng,swimming,仰泳|北京國家游泳中心|北京国家游泳中心
7925,泴,U+6CF4,guan4,guàn,,
7926,泵,U+6CF5,beng4|pin4|liu2,bèng|pìn|liú,pump (loanword),抽水泵|氣動泵|气动泵
7927,泶,U+6CF6,xue2,xué,,
7928,泷,U+6CF7,long2|shuang1,lóng|shuāng,Shuang river in Hunan and Guangdong (modern Wu river 武水),泷水|泷泽|泷船
7929,泸,U+6CF8,lu2,lú,old name of a river in Jiangxi,泸定|泸定桥|泸定县
7930,泹,U+6CF9,dan4,dàn,,
7931,泺,U+6CFA,luo4|po1,luò|pō,name of a river,
7932,泻,U+6CFB,xie4,xiè,to flow out swiftly,上吐下泻|乳糜泻|倾泻
7933,泼,U+6CFC,po1,pō,to splash,撒泼|油泼扯面|油泼面
7934,泽,U+6CFD,ze2,zé,pool,一亲芳泽|任泽|任泽区
7935,泾,U+6CFE,jing1,jīng,Jing River,洋泾浜英语|泾川|泾川县
7936,泿,U+6CFF,yin2,yín,,
7937,洀,U+6D00,pan2|zhou1,pán|zhōu,,
7938,洁,U+6D01,jie2|ji2,jié|jí,clean,佳洁士|保洁|保洁箱
7939,洂,U+6D02,ye4,yè,,
7940,洃,U+6D03,hui1,huī,,
7941,洄,U+6D04,hui2|hui4,huí|huì,eddying,沿洄|洄游
7942,洅,U+6D05,zai4,zài,,
7943,洆,U+6D06,cheng2,chéng,,
7944,洇,U+6D07,yin1|yan1|ye1,yīn|yān|yē,variant of 湮[yan1],洇濕|洇湿
7945,洈,U+6D08,wei2,wéi,,
7946,洉,U+6D09,hou4,hòu,,
7947,洊,U+6D0A,jian4|cun2,jiàn|cún,flowing water,
7948,洋,U+6D0B,yang2|xiang2|yang3,yáng|xiáng|yǎng,ocean,三洋|下西洋|中國海洋石油總公司
7949,洌,U+6D0C,lie4,liè,pure,
7950,洍,U+6D0D,si4,sì,,
7951,洎,U+6D0E,ji4,jì,to reach,
7952,洏,U+6D0F,er2,ér,to flow (as water or tears),
7953,洐,U+6D10,xing2,xíng,,
7954,洑,U+6D11,fu2|fu4,fú|fù,undercurrent eddy,
7955,洒,U+6D12,sa3|xi3|xian3|sen3|cui3|xun4,sǎ|xǐ|xiǎn|sěn|cuǐ|xùn,to sprinkle,喷洒|喷洒器|布洒器
7956,洓,U+6D13,se4|qi4|suo3|zi4,sè|qì|suǒ|zì,,
7957,洔,U+6D14,zhi3,zhǐ,,
7958,洕,U+6D15,yin4,yìn,,
7959,洖,U+6D16,wu2,wú,,
7960,洗,U+6D17,xi3|xian3,xǐ|xiǎn,to wash; to bathe,一貧如洗|一贫如洗|上空洗車
7961,洘,U+6D18,kao3|kao4,kǎo|kào,,
7962,洙,U+6D19,zhu1,zhū,surname Zhu,韓昇洙|韩昇洙
7963,洚,U+6D1A,jiang4|hong2,jiàng|hóng,flood,
7964,洛,U+6D1B,luo4,luò,surname Luo,亨格洛|伊洛瓦底|伊金霍洛
7965,洜,U+6D1C,luo4,luò,,
7966,洝,U+6D1D,an4|yan4|e4,àn|yàn|è,,
7967,洞,U+6D1E,dong4|tong2,dòng|tóng,cave,一擊入洞|一击入洞|一桿進洞
7968,洟,U+6D1F,ti4,tì,nasal mucus,
7969,洠,U+6D20,mou2,móu,,
7970,洡,U+6D21,lei4|lei3,lèi|lěi,,
7971,洢,U+6D22,yi1,yī,"old name of a river in Henan, now written 伊河",
7972,洣,U+6D23,mi3,mǐ,"Mi river in Hunan, tributary of Xiangjiang 湘江",洣水
7973,洤,U+6D24,quan2,quán,,
7974,津,U+6D25,jin1,jīn,abbr. for Tianjin 天津[Tian1 jin1],京津|京津冀|兩頰生津
7975,洦,U+6D26,po4,pò,,
7976,洧,U+6D27,wei3,wěi,name of a river,洧水
7977,洨,U+6D28,xiao2,xiáo,Xiao River in Hebei province,洨河
7978,洩,U+6D29,xie4|yi4,xiè|yì,(bound form) to leak out; to discharge; (fig.) to divulge,宣洩|排洩系統|早洩
7979,洪,U+6D2A,hong2,hóng,surname Hong,于洪|于洪區|于洪区
7980,洫,U+6D2B,xu4|yi4,xù|yì,to ditch,
7981,洬,U+6D2C,su4|shuo4,sù|shuò,,
7982,洭,U+6D2D,kuang1,kuāng,ancient name of a river 洭河[Kuang1 He2] in present-day Guangdong,洭河
7983,洮,U+6D2E,tao2|yao2|dao4,táo|yáo|dào,to cleanse,洮北|洮北區|洮北区
7984,洯,U+6D2F,qie4|jie2,qiè|jié,,
7985,洰,U+6D30,ju4,jù,,
7986,洱,U+6D31,er3,ěr,see 洱海[Er3 hai3],寧洱|宁洱|寧洱哈尼族彝族自治縣
7987,洲,U+6D32,zhou1,zhōu,continent,三角洲|中美洲|五大洲
7988,洳,U+6D33,ru4|ru2,rù|rú,damp,
7989,洴,U+6D34,ping2|peng1,píng|pēng,wash,
7990,洵,U+6D35,xun2|xuan4,xún|xuàn,truly,蘇洵|苏洵
7991,洶,U+6D36,xiong1,xiōng,torrential rush,氣勢洶洶|波濤洶湧|洶湧
7992,洷,U+6D37,zhi4,zhì,,
7993,洸,U+6D38,guang1|huang4,guāng|huàng,sparkling water,
7994,洹,U+6D39,huan2,huán,name of a river,
7995,洺,U+6D3A,ming2,míng,name of a river,
7996,活,U+6D3B,huo2|guo1,huó|guō,to live,不知死活|你死我活|做活
7997,洼,U+6D3C,wa1|gui1,wā|guī,variant of 窪|洼[wa1],低洼|坑坑洼洼|坑洼
7998,洽,U+6D3D,qia4|he2,qià|hé,accord,博物洽聞|博物洽闻|博識洽聞
7999,派,U+6D3E,pai4|mai4|bai4|pa1,pài|mài|bài|pā,used in 派司[pa1 si5],一派胡言|一派謊言|一派谎言
8000,洿,U+6D3F,wu1|hu4,wū|hù,dig (a pond),
8001,浀,U+6D40,qu1,qū,,
8002,流,U+6D41,liu2,liú,to flow,一流|一股清流|三教九流
8003,浂,U+6D42,yi4,yì,,
8004,浃,U+6D43,jia1,jiā,soaked,汗流浃背|沦浃|沦肌浃髓
8005,浄,U+6D44,jing4,jìng,Japanese variant of 淨|净,
8006,浅,U+6D45,qian3|jian1,qiǎn|jiān,sound of moving water,中途搁浅|交情匪浅|交浅言深
8007,浆,U+6D46,jiang1|jiang4,jiāng|jiàng,thick liquid,乳浆|包浆|涂浆台
8008,浇,U+6D47,jiao1,jiāo,to pour liquid,借酒浇愁|浇冷水|浇水
8009,浈,U+6D48,zhen1,zhēn,river in Guangdong province,浈江|浈江区
8010,浉,U+6D49,shi1,shī,"Shi, name of river in Xinyang 信陽|信阳, Henan",浉河|浉河区
8011,浊,U+6D4A,zhuo2,zhuó,turbid,五浊|恶浊|扬清激浊
8012,测,U+6D4B,ce4,cè,to survey,三角测量法|不测|人心难测
8013,浌,U+6D4C,fa2,fá,,
8014,浍,U+6D4D,hui4|kuai4,huì|kuài,drain,
8015,济,U+6D4E,ji4|ji3,jì|jǐ,used in place names associated with the Ji River 濟水|济水[Ji3 Shui3],不济|世界经济|世界经济论坛
8016,浏,U+6D4F,liu2,liú,clear,浏海|浏览|浏览器
8017,浐,U+6D50,chan3,chǎn,name of a river in Shaanxi province,浐河
8018,浑,U+6D51,hun2,hún,muddy; turbid,吐谷浑|浑仪注|浑厚
8019,浒,U+6D52,hu3|xu3,hǔ|xǔ,bank of a river,水浒|水浒传|水浒全传
8020,浓,U+6D53,nong2,nóng,concentrated,低浓缩铀|淡妆浓抹|浓厚
8021,浔,U+6D54,xun2,xún,name of a river,南浔|南浔区|浔阳
8022,浕,U+6D55,jin4,jìn,river in Hubei province,
8023,浖,U+6D56,lie4,liè,,
8024,浗,U+6D57,qiu2,qiú,,
8025,浘,U+6D58,wei3,wěi,,
8026,浙,U+6D59,zhe4,zhè,abbr. for Zhejiang 浙江 province in east China,川魯粵蘇浙閩湘徽|川鲁粤苏浙闽湘徽|江浙
8027,浚,U+6D5A,jun4|xun4|cun2,jùn|xùn|cún,to dredge (a river),挖浚|浚泥船|浚渫
8028,浛,U+6D5B,han2|han4|gan1,hán|hàn|gān,,
8029,浜,U+6D5C,bang1|bin1,bāng|bīn,stream,沙家浜|洋涇浜英語|洋泾浜英语
8030,浝,U+6D5D,mang2,máng,,
8031,浞,U+6D5E,zhuo2,zhuó,(coll.) to drench,
8032,浟,U+6D5F,you2|di2,yóu|dí,,
8033,浠,U+6D60,xi1,xī,name of a river in Hubei,浠水|浠水縣|浠水县
8034,浡,U+6D61,bo2,bó,full,
8035,浢,U+6D62,dou4,dòu,,
8036,浣,U+6D63,huan4,huàn,to wash,上浣|下浣|浣女
8037,浤,U+6D64,hong2,hóng,sound of water surging,
8038,浥,U+6D65,yi4|ya4,yì|yà,damp,
8039,浦,U+6D66,pu3,pǔ,surname Pu,三浦|三浦梅園|三浦梅园
8040,浧,U+6D67,ying3|cheng2|ying2|zheng4|ying4,yǐng|chéng|yíng|zhèng|yìng,,
8041,浨,U+6D68,lan3,lǎn,,
8042,浩,U+6D69,hao4|gao3|ge2,hào|gǎo|gé,grand,二連浩特|二连浩特|二連浩特市
8043,浪,U+6D6A,lang4|lang2,làng|láng,wave,乘風破浪|乘风破浪|任憑風浪起，穩坐釣魚臺
8044,浫,U+6D6B,han3,hǎn,,
8045,浬,U+6D6C,li3|hai3,lǐ|hǎi,nautical mile,
8046,浭,U+6D6D,geng1,gēng,name of a river in Hebei,
8047,浮,U+6D6E,fu2,fú,to float,七級浮屠|七级浮屠|上浮
8048,浯,U+6D6F,wu2,wú,(name of several rivers in China),
8049,浰,U+6D70,lian4|li4,liàn|lì,to attend (official functions),
8050,浱,U+6D71,chun2,chún,,
8051,浲,U+6D72,feng2|hong2,féng|hóng,old variant of 漨[feng2],
8052,浳,U+6D73,yi4,yì,,
8053,浴,U+6D74,yu4,yù,bath,坐浴桶|坐浴盆|按摩浴缸
8054,浵,U+6D75,tong2,tóng,,
8055,浶,U+6D76,lao2,láo,,
8056,海,U+6D77,hai3,hǎi,surname Hai,上刀山，下火海|上海|上海交通大學
8057,浸,U+6D78,jin4|qin1,jìn|qīn,to immerse,受浸|沉浸|沉浸式
8058,浹,U+6D79,jia1|xia2,jiā|xiá,soaked,汗流浹背|淪浹|淪肌浹髓
8059,浺,U+6D7A,chong1,chōng,,
8060,浻,U+6D7B,jiong3|jiong1,jiǒng|jiōng,,
8061,浼,U+6D7C,mei3,měi,to ask a favor of,
8062,浽,U+6D7D,sui1|nei3,suī|něi,see 浽溦[sui1 wei1],浽溦
8063,浾,U+6D7E,cheng1,chēng,,
8064,浿,U+6D7F,pei4,pèi,,
8065,涀,U+6D80,xian4|jian3,xiàn|jiǎn,,
8066,涁,U+6D81,shen4,shèn,,
8067,涂,U+6D82,tu2|chu2|ye2,tú|chú|yé,to apply (paint etc),一塌糊涂|一败涂地|涂乙
8068,涃,U+6D83,kun4,kùn,,
8069,涄,U+6D84,ping1,pīng,(literary) runny; watery; fluid,
8070,涅,U+6D85,nie4,niè,(literary) alunite (formerly used as a black dye),入涅|勃列日涅夫|埃涅阿斯
8071,涆,U+6D86,han4,hàn,,
8072,涇,U+6D87,jing1|qing3,jīng|qǐng,Jing River,洋涇浜英語|涇川|涇川縣
8073,消,U+6D88,xiao1,xiāo,to diminish; to subside,三公消費|三公消费|不消
8074,涉,U+6D89,she4|die2,shè|dié,(literary) to wade across a body of water,不干涉|交涉|干涉
8075,涊,U+6D8A,nian3|ren3,niǎn|rěn,muddy water,
8076,涋,U+6D8B,tu1,tū,,
8077,涌,U+6D8C,yong3|chong1,yǒng|chōng,(used in place names),喷涌|掀涌|河涌
8078,涍,U+6D8D,xiao4,xiào,,
8079,涎,U+6D8E,xian2|yan4|dian4,xián|yàn|diàn,variant of 涎[xian2],垂涎|垂涎三尺|垂涎欲滴
8080,涏,U+6D8F,ting3,tǐng,,
8081,涐,U+6D90,e2,é,old name for the Dadu River 大渡河[Da4 du4 He2] in Sichuan,
8082,涑,U+6D91,su4|sou1|shu4,sù|sōu|shù,name of a river,
8083,涒,U+6D92,tun1|yun1,tūn|yūn,planet Jupiter,
8084,涓,U+6D93,juan1|yuan4|xuan4,juān|yuàn|xuàn,surname Juan,劉涓子|刘涓子|劉涓子鬼遺方
8085,涔,U+6D94,cen2|qian2|zan4,cén|qián|zàn,overflow,
8086,涕,U+6D95,ti4,tì,tears,一把眼淚一把鼻涕|一把眼泪一把鼻涕|感激涕零
8087,涖,U+6D96,li4,lì,river in Hebei,
8088,涗,U+6D97,shui4,shuì,,
8089,涘,U+6D98,si4,sì,river bank,
8090,涙,U+6D99,lei4,lèi,Japanese variant of 淚|泪[lei4],
8091,涚,U+6D9A,shui4,shuì,,
8092,涛,U+6D9B,tao1,tāo,big wave,世涛|波涛|波涛汹涌
8093,涜,U+6D9C,du2,dú,,
8094,涝,U+6D9D,lao4,lào,flooded,内涝|抗涝|排涝
8095,涞,U+6D9E,lai2,lái,brook,涞水|涞水县|涞源
8096,涟,U+6D9F,lian2,lián,ripple,泪水涟涟|涟水|涟水县
8097,涠,U+6DA0,wei2,wéi,still water,
8098,涡,U+6DA1,wo1|guo1,wō|guō,name of a river,旋涡|旋涡星系|旋涡星云
8099,涢,U+6DA2,yun2,yún,(name of a river in Hebei),
8100,涣,U+6DA3,huan4|hui4,huàn|huì,to dissipate,人心涣散|涣散|涣然
8101,涤,U+6DA4,di2,dí,to wash,合成洗涤剂|洗涤|洗涤剂
8102,涥,U+6DA5,heng1,hēng,,
8103,润,U+6DA6,run4,rùn,moist; glossy; sleek,光润|利润|利润率
8104,涧,U+6DA7,jian4,jiàn,variant of 澗|涧[jian4],南涧彝族自治县|山涧|清涧
8105,涨,U+6DA8,zhang3|zhang4,zhǎng|zhàng,"to rise (of prices, rivers)",上涨|冻涨|暴涨
8106,涩,U+6DA9,se4,sè,astringent,干涩|冷涩|囊中羞涩
8107,涪,U+6DAA,fu2|pou2,fú|póu,(name of a river),涪城|涪城區|涪城区
8108,涫,U+6DAB,guan4,guàn,(classical) to boil,
8109,涬,U+6DAC,xing4,xìng,watery expanse,
8110,涭,U+6DAD,shou4|tao1,shòu|tāo,,
8111,涮,U+6DAE,shuan4|shua1,shuàn|shuā,to rinse,涮涮鍋|涮涮锅|涮火鍋
8112,涯,U+6DAF,ya2,yá,border,吾生也有涯，而知也無涯|吾生也有涯，而知也无涯|咫尺天涯
8113,涰,U+6DB0,chuo4,chuò,,
8114,涱,U+6DB1,zhang4,zhàng,,
8115,液,U+6DB2,ye4|shi4,yè|shì,(bound form) a liquid,乳液|五糧液|五粮液
8116,涳,U+6DB3,kong1|nang2,kōng|náng,,
8117,涴,U+6DB4,wo4|yuan1|wan3,wò|yuān|wǎn,to soil,
8118,涵,U+6DB5,han2|han4,hán|hàn,to contain,內涵|内涵|內涵意義
8119,涶,U+6DB6,tuo1|tuo4,tuō|tuò,variant of 唾[tuo4],
8120,涷,U+6DB7,dong1,dōng,rainstorm,
8121,涸,U+6DB8,he2,hé,to dry,乾涸|干涸|涸澤而漁
8122,涹,U+6DB9,wo1,wō,,
8123,涺,U+6DBA,ju1,jū,,
8124,涻,U+6DBB,she4,shè,,
8125,涼,U+6DBC,liang2|liang4,liáng|liàng,"the five Liang of the Sixteen Kingdoms, namely: Former Liang 前涼|前凉 (314-376), Later Liang 後涼|后凉 (386-403), Northern Liang 北涼|北凉 (398-439), Southern Liang 南涼|南凉[Nan2 Liang2] (397-414), Western Liang 西涼|西凉 (400-421)",世態炎涼|乘涼|五涼
8126,涽,U+6DBD,hun1|hun4,hūn|hùn,,
8127,涾,U+6DBE,ta4,tà,,
8128,涿,U+6DBF,zhuo1|zhuo2,zhuō|zhuó,used in place names,涿州|涿州市|涿鹿
8129,淀,U+6DC0,dian4,diàn,(bound form) shallow lake (usu. in place names),动物淀粉|木薯淀粉|沉淀
8130,淁,U+6DC1,qie4|ji2,qiè|jí,,
8131,淂,U+6DC2,de2,dé,(river),
8132,淃,U+6DC3,juan4,juàn,,
8133,淄,U+6DC4,zi1,zī,black,淄博|淄博市|淄川
8134,淅,U+6DC5,xi1,xī,"(onom.) sound of rain, sleet etc",淅川|淅川縣|淅川县
8135,淆,U+6DC6,xiao2,xiáo,variant of 淆[xiao2],淆亂|淆乱|淆雜
8136,淇,U+6DC7,qi2,qí,name of a river,冰淇淋|淇淋|淇濱
8137,淈,U+6DC8,gu3|hu4,gǔ|hù,,
8138,淉,U+6DC9,guo3|guan4,guǒ|guàn,,
8139,淊,U+6DCA,yan1|han4|yan3|han2,yān|hàn|yǎn|hán,variant of 淹[yan1],
8140,淋,U+6DCB,lin2|lin4,lín|lìn,to sprinkle,冰淇淋|味淋|大汗淋漓
8141,淌,U+6DCC,tang3|chang4|chang3,tǎng|chàng|chǎng,to drip,流淌|淌下|淌口水
8142,淍,U+6DCD,zhou1|diao1,zhōu|diāo,,
8143,淎,U+6DCE,peng3,pěng,,
8144,淏,U+6DCF,hao4,hào,(literary) (of water) limpid,
8145,淐,U+6DD0,chang1,chāng,,
8146,淑,U+6DD1,shu1|chu4,shū|chù,(bound form) (of women) gentle; kind; lovely; admirable,周梁淑怡|嫻淑|娴淑
8147,淒,U+6DD2,qi1|qian4,qī|qiàn,intense cold,淒切|淒厲|淒婉
8148,淓,U+6DD3,fang1,fāng,name of a river,
8149,淔,U+6DD4,zhi2,zhí,,
8150,淕,U+6DD5,lu4,lù,,
8151,淖,U+6DD6,nao4|zhao4|zhuo1|chuo4,nào|zhào|zhuō|chuò,surname Nao,巴彥淖爾|巴彦淖尔|巴彥淖爾市
8152,淗,U+6DD7,ju2,jú,,
8153,淘,U+6DD8,tao2,táo,"to wash (rice, sand etc in water to remove impurities)",小淘氣|小淘气|末位淘汰
8154,淙,U+6DD9,cong2|shuang4,cóng|shuàng,noise of water,
8155,淚,U+6DDA,lei4|li4,lèi|lì,(bound form) tears; teardrops,一字一淚|一把眼淚一把鼻涕|一掬同情之淚
8156,淛,U+6DDB,zhe4,zhè,variant of 浙[Zhe4],
8157,淜,U+6DDC,ping2|peng2,píng|péng,roar of dashing waves,
8158,淝,U+6DDD,fei2,féi,name of a river,
8159,淞,U+6DDE,song1,sōng,name of a river in Jiangsu Province,吳淞|吴淞|蘆淞
8160,淟,U+6DDF,tian3,tiǎn,turbid,
8161,淠,U+6DE0,pi4|pei4,pì|pèi,luxuriant (of water plants),
8162,淡,U+6DE1,dan4|yan4|tan2,dàn|yàn|tán,insipid,冷淡|冷淡關係|冷淡关系
8163,淢,U+6DE2,yu4|xu4,yù|xù,moat,
8164,淣,U+6DE3,ni2,ní,,
8165,淤,U+6DE4,yu1,yū,silt,出淤泥而不染|淤傷|淤伤
8166,淥,U+6DE5,lu4,lù,clear (water),濕淥淥
8167,淦,U+6DE6,gan4|han2,gàn|hán,(archaic) water leaking into a boat,
8168,淧,U+6DE7,mi4,mì,,
8169,淨,U+6DE8,jing4|cheng2,jìng|chéng,clean,一乾二淨|不乾不淨|不乾不淨，吃了沒病
8170,淩,U+6DE9,ling2,líng,variant of 凌[ling2],
8171,淪,U+6DEA,lun2|lun3|guan1,lún|lǔn|guān,"to sink (into ruin, oblivion)",沉淪|淪亡|淪喪
8172,淫,U+6DEB,yin2|yan4|yao2,yín|yàn|yáo,excess,六淫|口淫|姦夫淫婦
8173,淬,U+6DEC,cui4|zu2,cuì|zú,dip into water,淬火
8174,淭,U+6DED,qu2,qú,,
8175,淮,U+6DEE,huai2,huái,name of a river,江淮官話|江淮官话|淮上
8176,淯,U+6DEF,yu4,yù,name of river,淯水
8177,淰,U+6DF0,nian3|shen3|na4,niǎn|shěn|nà,calm water,
8178,深,U+6DF1,shen1,shēn,old variant of 深[shen1],一往情深|交淺言深|交浅言深
8179,淲,U+6DF2,biao1|hu1|hu3,biāo|hū|hǔ,,
8180,淳,U+6DF3,chun2|zhun1|zhun3,chún|zhūn|zhǔn,genuine,淳于|淳化|淳化縣
8181,淴,U+6DF4,hu1,hū,,
8182,淵,U+6DF5,yuan1,yuān,deep pool,不啻天淵|九淵|劉淵
8183,淶,U+6DF6,lai2,lái,brook,淶水|淶水縣|淶源
8184,混,U+6DF7,hun4|gun3|hun2|kun1,hùn|gǔn|hún|kūn,muddy; turbid (variant of 渾|浑[hun2]),人車混行|人车混行|出來混遲早要還的
8185,淸,U+6DF8,qing1,qīng,variant of 清[qing1],
8186,淹,U+6DF9,yan1|yan3,yān|yǎn,to flood,淹博|淹死|淹水
8187,淺,U+6DFA,qian3|jian1|jian4|can2|zan4,qiǎn|jiān|jiàn|cán|zàn,sound of moving water,中途擱淺|交情匪淺|交淺言深
8188,添,U+6DFB,tian1|tian4,tiān|tiàn,to add; to increase; to replenish,二一添作五|加油添醋|加添
8189,淼,U+6DFC,miao3,miǎo,a flood,浩淼
8190,淽,U+6DFD,zhi3,zhǐ,,
8191,淾,U+6DFE,yin3,yǐn,,
8192,淿,U+6DFF,bo2,bó,,
8193,渀,U+6E00,ben4|ben1,bèn|bēn,,
8194,渁,U+6E01,yuan1,yuān,,
8195,渂,U+6E02,wen4|min2,wèn|mín,,
8196,渃,U+6E03,ruo4|re4,ruò|rè,,
8197,渄,U+6E04,fei1,fēi,,
8198,清,U+6E05,qing1|qing4,qīng|qìng,Qing (Wade-Giles: Ch'ing) dynasty of China (1644–1911),一清二楚|一清二白|一清如水
8199,渆,U+6E06,yuan1,yuān,,
8200,渇,U+6E07,ke3,kě,Japanese variant of 渴,
8201,済,U+6E08,ji4,jì,Japanese variant of 濟|济,
8202,渉,U+6E09,she4,shè,Japanese variant of 涉[she4],
8203,渊,U+6E0A,yuan1,yuān,deep pool,不啻天渊|九渊|刘渊
8204,渋,U+6E0B,se4,sè,Japanese variant of 澀|涩[se4],
8205,渌,U+6E0C,lu4,lù,clear (water),湿渌渌
8206,渍,U+6E0D,zi4,zì,to soak,墨渍|水渍|污渍
8207,渎,U+6E0E,du2,dú,disrespectful,冒渎|四渎|渎职
8208,渏,U+6E0F,yi1,yī,,
8209,渐,U+6E10,jian4|jian1,jiàn|jiān,to imbue,循序渐进|日渐|杜渐防萌
8210,渑,U+6E11,mian3|sheng2,miǎn|shéng,"used in 澠池|渑池[Mian3 chi2], a county in Henan",渑池|渑池县
8211,渒,U+6E12,pai4,pài,,
8212,渓,U+6E13,xi1,xī,Japanese variant of 溪[xi1],
8213,渔,U+6E14,yu2,yú,fisherman,南方澳渔港|坐收渔利|授之以鱼不如授之以渔
8214,渕,U+6E15,yuan1,yuān,variant of 淵|渊[yuan1],
8215,渖,U+6E16,shen3,shěn,old variant of 瀋|沈[shen3],
8216,渗,U+6E17,shen4,shèn,to seep,反渗透|反渗透法|渗人
8217,渘,U+6E18,rou2,róu,,
8218,渙,U+6E19,huan4,huàn,to dissipate,人心渙散|渙散|渙然
8219,渚,U+6E1A,zhu3,zhǔ,islet,汀渚|良渚|良渚文化
8220,減,U+6E1B,jian3,jiǎn,to lower,不減當年|偷工減料|光纖衰減
8221,渜,U+6E1C,nuan3|nuan2,nuǎn|nuán,,
8222,渝,U+6E1D,yu2|yu1,yú|yū,short name for Chongqing 重慶|重庆[Chong2 qing4],不渝|周渝民|堅持不渝
8223,渞,U+6E1E,qiu2|wu4,qiú|wù,,
8224,渟,U+6E1F,ting2|ting1,tíng|tīng,stagnant water,淵渟岳峙|渊渟岳峙
8225,渠,U+6E20,qu2|ju4,qú|jù,surname Qu,五家渠|五家渠市|夏敬渠
8226,渡,U+6E21,du4,dù,to cross,中元普渡|偷渡|偷渡者
8227,渢,U+6E22,fan2|feng2,fán|féng,(onom.) sound of flowing water,
8228,渣,U+6E23,zha1,zhā,slag (in mining or smelting),人渣|土得掉渣|學渣
8229,渤,U+6E24,bo2,bó,"same as 渤海[Bo2 Hai3], Bohai Sea between Liaoning and Shandong",渤海|渤海灣|渤海湾
8230,渥,U+6E25,wo4|ou4|wu1,wò|òu|wū,to enrich,優渥|优渥|渥堆
8231,渦,U+6E26,wo1|guo1,wō|guō,name of a river,旋渦|旋渦星系|旋渦星雲
8232,渧,U+6E27,di4|ti2|di1,dì|tí|dī,"to drop, as liquids",
8233,渨,U+6E28,wei1,wēi,cove,
8234,温,U+6E29,wen1|yun4,wēn|yùn,surname Wen,三温暖|不温不火|低温
8235,渪,U+6E2A,ru2,rú,,
8236,渫,U+6E2B,xie4|die2|zha2|yi4|qie4,xiè|dié|zhá|yì|qiè,surname Xie,浚渫
8237,測,U+6E2C,ce4,cè,to survey,三角測量法|不測|人心難測
8238,渭,U+6E2D,wei4,wèi,the Wei River in Shaanxi through the Guanzhong Plain 關中平原|关中平原[Guan1 zhong1 Ping2 yuan2],徐渭|涇渭分明|泾渭分明
8239,渮,U+6E2E,he2,hé,place name,
8240,港,U+6E2F,gang3|hong4,gǎng|hòng,Hong Kong (abbr. for 香港[Xiang1 gang3]),上海振華港口機械|上海振华港口机械|下港
8241,渰,U+6E30,yan3,yǎn,(of cloud) forming or rising,
8242,渱,U+6E31,hong2|gong4,hóng|gòng,,
8243,渲,U+6E32,xuan4,xuàn,wash (color),渲染
8244,渳,U+6E33,mi3,mǐ,,
8245,渴,U+6E34,ke3|jie2|kai4|he2,kě|jié|kài|hé,thirsty,乾渴|干渴|充飢止渴
8246,渵,U+6E35,mao2,máo,,
8247,渶,U+6E36,ying1,yīng,river in Shandong Province (old),
8248,渷,U+6E37,yan3,yǎn,,
8249,游,U+6E38,you2|liu2,yóu|liú,surname You,三江生态旅游区|上游|下游
8250,渹,U+6E39,hong1|qing4,hōng|qìng,,
8251,渺,U+6E3A,miao3,miǎo,(of an expanse of water) vast,前途渺茫|曠渺|旷渺
8252,渻,U+6E3B,sheng3,shěng,,
8253,渼,U+6E3C,mei3,měi,ripple pattern,
8254,渽,U+6E3D,zai1,zāi,,
8255,渾,U+6E3E,hun2|hun4|gun3,hún|hùn|gǔn,muddy; turbid,吐谷渾|渾儀註|渾厚
8256,渿,U+6E3F,nai4,nài,,
8257,湀,U+6E40,gui3,guǐ,,
8258,湁,U+6E41,chi4,chì,,
8259,湂,U+6E42,e4,è,,
8260,湃,U+6E43,pai4|ba2,pài|bá,used in 澎湃[peng2 pai4],心潮澎湃|澎湃
8261,湄,U+6E44,mei2,méi,(literary) shore; coast; bank,大湄公河次區域|大湄公河次区域|大湄公河次區域合作
8262,湅,U+6E45,lian4|lan4,liàn|làn,to boil raw silk (to soften and clean it),
8263,湆,U+6E46,qi4,qì,,
8264,湇,U+6E47,qi4,qì,,
8265,湈,U+6E48,mei2,méi,,
8266,湉,U+6E49,tian2,tián,"(literary) smoothly flowing, placid (water)",湉湉|載湉|载湉
8267,湊,U+6E4A,cou4,còu,"to gather together, pool or collect",七拼八湊|不湊巧|拼湊
8268,湋,U+6E4B,wei2,wéi,to flow back (of water),
8269,湌,U+6E4C,can1,cān,variant of 餐[can1],
8270,湍,U+6E4D,tuan1|zhuan1,tuān|zhuān,to rush (of water),湍急|湍流
8271,湎,U+6E4E,mian3,miǎn,drunk,沉湎|沉湎酒色
8272,湏,U+6E4F,hui4|min3,huì|mǐn,,
8273,湐,U+6E50,mo4,mò,,
8274,湑,U+6E51,xu1|xu4|xu3,xū|xù|xǔ,abundant,
8275,湒,U+6E52,ji2,jí,,
8276,湓,U+6E53,pen2|pen4,pén|pèn,flowing of water,
8277,湔,U+6E54,jian1|zan4|zhan3|qian2|jian4,jiān|zàn|zhǎn|qián|jiàn,to wash,湔洗|湔滌|湔涤
8278,湕,U+6E55,jian3,jiǎn,,
8279,湖,U+6E56,hu2,hú,lake,乍得湖|五大湖|五湖四海
8280,湗,U+6E57,feng4,fèng,,
8281,湘,U+6E58,xiang1,xiāng,abbr. for Hunan 湖南 province in south central China,川魯粵蘇浙閩湘徽|川鲁粤苏浙闽湘徽|梁湘
8282,湙,U+6E59,yi4,yì,,
8283,湚,U+6E5A,yin4,yìn,,
8284,湛,U+6E5B,zhan4|chen2|dan1|tan2|jin4|yin3|chen3|yin2|shen4,zhàn|chén|dān|tán|jìn|yǐn|chěn|yín|shèn,surname Zhan,李湛|湛江|湛江市
8285,湜,U+6E5C,shi2,shí,clear water,
8286,湝,U+6E5D,jie1|xie2,jiē|xié,flowing (of water),
8287,湞,U+6E5E,zhen1|cheng1,zhēn|chēng,river in Guangdong province,湞江|湞江區
8288,湟,U+6E5F,huang2|kuang4,huáng|kuàng,name of a river,湟水|湟源|湟源縣
8289,湠,U+6E60,tan4,tàn,,
8290,湡,U+6E61,yu2,yú,,
8291,湢,U+6E62,bi4,bì,public bathhouse,
8292,湣,U+6E63,min3|hun1|mian4,mǐn|hūn|miàn,(ancient character used in posthumous titles of monarchs),齊湣王|齐湣王
8293,湤,U+6E64,shi1,shī,,
8294,湥,U+6E65,tu1,tū,,
8295,湦,U+6E66,sheng1,shēng,,
8296,湧,U+6E67,yong3,yǒng,to bubble up,噴湧|掀湧|泉湧
8297,湨,U+6E68,ju2,jú,,
8298,湩,U+6E69,dong4|dong3|tong2,dòng|dǒng|tóng,milk,
8299,湪,U+6E6A,tuan4|nuan3,tuàn|nuǎn,,
8300,湫,U+6E6B,jiao3|qiu1|jiu4|jiu1|jiao1,jiǎo|qiū|jiù|jiū|jiāo,marsh,
8301,湬,U+6E6C,jiao3,jiǎo,,
8302,湭,U+6E6D,qiu2,qiú,,
8303,湮,U+6E6E,yan1|yin1,yān|yīn,(literary) to sink into oblivion,湮沒|湮没|湮沒無聞
8304,湯,U+6E6F,tang1|tang4|shang1|yang2,tāng|tàng|shāng|yáng,surname Tang,一顆老鼠屎壞了一鍋湯|三拗湯|二湯
8305,湰,U+6E70,long2,lóng,,
8306,湱,U+6E71,huo4,huò,dashing of waves,
8307,湲,U+6E72,yuan2,yuán,rushing (water),
8308,湳,U+6E73,nan3,nǎn,surname Nan,
8309,湴,U+6E74,ban4|pan2,bàn|pán,mud,
8310,湵,U+6E75,you3,yǒu,,
8311,湶,U+6E76,quan2,quán,,
8312,湷,U+6E77,zhuang1|hun2,zhuāng|hún,,
8313,湸,U+6E78,liang4,liàng,,
8314,湹,U+6E79,chan2,chán,,
8315,湺,U+6E7A,xian2,xián,,
8316,湻,U+6E7B,chun2,chún,old variant of 淳[chun2],
8317,湼,U+6E7C,nie4,niè,variant of 涅[nie4],沃羅湼日|菲湼耳透鏡
8318,湽,U+6E7D,zi1,zī,,
8319,湾,U+6E7E,wan1,wān,bay,七湾八拐|三湾|三湾乡
8320,湿,U+6E7F,shi1,shī,variant of 濕|湿[shi1],保湿|加湿器|吸湿
8321,満,U+6E80,man3,mǎn,Japanese variant of 滿|满,
8322,溁,U+6E81,ying2,yíng,(archaic) (of water) to swirl; to eddy,
8323,溂,U+6E82,la4,là,,
8324,溃,U+6E83,kui4|hui4,kuì|huì,used in 潰膿|溃脓[hui4 nong2],一触即溃|千里之堤，溃于蚁穴|崩溃
8325,溄,U+6E84,feng2,féng,,
8326,溅,U+6E85,jian4|jian1,jiàn|jiān,to splash,喷溅|四溅|泼溅
8327,溆,U+6E86,xu4,xù,name of a river,溆浦|溆浦县
8328,溇,U+6E87,lou2,lóu,see 漊水|溇水[Lou2 Shui3],溇水
8329,溈,U+6E88,wei2,wéi,name of a river in Shanxi,
8330,溉,U+6E89,gai4|xie4,gài|xiè,to irrigate,地面灌溉|溉滌|溉涤
8331,溊,U+6E8A,bo1,bō,,
8332,溋,U+6E8B,ying2,yíng,,
8333,溌,U+6E8C,po1,pō,,
8334,溍,U+6E8D,jin4,jìn,water,
8335,溎,U+6E8E,yan4|gui4,yàn|guì,name of a river,
8336,溏,U+6E8F,tang2,táng,half congealed,溏便|溏心
8337,源,U+6E90,yuan2,yuán,root,三江源|不可再生資源|不可再生资源
8338,溑,U+6E91,suo3,suǒ,,
8339,溒,U+6E92,yuan2,yuán,,
8340,溓,U+6E93,lian2|lian3|xian2|xian4|nian2|lin2,lián|liǎn|xián|xiàn|nián|lín,,
8341,溔,U+6E94,yao3,yǎo,,
8342,溕,U+6E95,meng2,méng,,
8343,準,U+6E96,zhun3|zhuo2,zhǔn|zhuó,accurate,一準|不標準|不準確
8344,溗,U+6E97,cheng2,chéng,,
8345,溘,U+6E98,ke4|kai4,kè|kài,suddenly,朝露溘至|溘先朝露|溘然
8346,溙,U+6E99,tai4,tài,,
8347,溚,U+6E9A,ta3|da2,tǎ|dá,,
8348,溛,U+6E9B,wa1,wā,to form hollow,
8349,溜,U+6E9C,liu1|liu4|liu2,liū|liù|liú,to slip away,一溜煙|一溜烟|光溜
8350,溝,U+6E9D,gou1|gang3|kou4,gōu|gǎng|kòu,ditch,V溝|九寨溝|九寨溝縣
8351,溞,U+6E9E,sao1,sāo,,
8352,溟,U+6E9F,ming2|ming3|mi4,míng|mǐng|mì,to drizzle,梁漱溟|溟島|溟岛
8353,溠,U+6EA0,zha4|zha1,zhà|zhā,name of a river,
8354,溡,U+6EA1,shi2,shí,,
8355,溢,U+6EA2,yi4,yì,to overflow,充溢|四溢|外溢
8356,溣,U+6EA3,lun4,lùn,,
8357,溤,U+6EA4,ma3,mǎ,name of a river,
8358,溥,U+6EA5,pu3|fu1|bu4|bo2|po4,pǔ|fū|bù|bó|pò,surname Pu,張溥|张溥|溥儀
8359,溦,U+6EA6,wei1|mei2,wēi|méi,drizzle,浽溦
8360,溧,U+6EA7,li4,lì,name of a river,溧陽|溧阳|溧陽市
8361,溨,U+6EA8,zai1,zāi,,
8362,溩,U+6EA9,wu4,wù,,
8363,溪,U+6EAA,xi1|qi1,xī|qī,creek,卓溪|卓溪鄉|卓溪乡
8364,溫,U+6EAB,wen1,wēn,surname Wen,三溫暖|不溫不火|低溫
8365,溬,U+6EAC,qiang1,qiāng,,
8366,溭,U+6EAD,ze2,zé,,
8367,溮,U+6EAE,shi1,shī,"Shi, name of river in Xinyang 信陽|信阳, Henan",溮河|溮河區
8368,溯,U+6EAF,su4|shuo4,sù|shuò,to go upstream,回溯|尋根溯源|寻根溯源
8369,溰,U+6EB0,ai2,ái,,
8370,溱,U+6EB1,qin2|zhen1,qín|zhēn,name of a river,
8371,溲,U+6EB2,sou1|sou3|shao1,sōu|sǒu|shāo,to urinate,牛溲馬勃|牛溲马勃
8372,溳,U+6EB3,yun2|yun3,yún|yǔn,(name of a river in Hebei),
8373,溴,U+6EB4,xiu4|chou4,xiù|chòu,bromine (chemistry),次溴酸|氫溴酸|氢溴酸
8374,溵,U+6EB5,yin1,yīn,"used in place-names, e.g. 溵水 was once the name of the Shahe River 沙河, Henan, and 溵州 was a Tang Dynasty prefecture",
8375,溶,U+6EB6,rong2,róng,to dissolve,不溶|即溶咖啡|可溶
8376,溷,U+6EB7,hun4|hun2,hùn|hún,privy,溷濁|溷浊
8377,溸,U+6EB8,su4,sù,,
8378,溹,U+6EB9,suo4|suo3|se4,suò|suǒ|sè,,
8379,溺,U+6EBA,ni4|ruo4|niao4,nì|ruò|niào,to drown,便溺|寵溺|宠溺
8380,溻,U+6EBB,ta1,tā,(of clothes) to be soaked with sweat,
8381,溼,U+6EBC,shi1,shī,variant of 濕|湿[shi1],溼地
8382,溽,U+6EBD,ru4|ru2,rù|rú,damp,
8383,溾,U+6EBE,ai1,āi,light rain,
8384,溿,U+6EBF,pan4,pàn,,
8385,滀,U+6EC0,chu4|xu4,chù|xù,,
8386,滁,U+6EC1,chu2,chú,name of a river in Anhui,滁州|滁州市
8387,滂,U+6EC2,pang1|peng1,pāng|pēng,rushing (water),涕泗滂沱|滂沱|滂沱大雨
8388,滃,U+6EC3,weng1|weng3,wēng|wěng,(of clouds) to rise,
8389,滄,U+6EC4,cang1,cāng,"(bound form) (of water, esp. the ocean) deep blue-green",曾經滄海|曾經滄海難為水，除卻巫山不是雲|李滄
8390,滅,U+6EC5,mie4,miè,to extinguish or put out,不可磨滅|亡國滅種|人不為己，天誅地滅
8391,滆,U+6EC6,ge2,gé,,
8392,滇,U+6EC7,dian1|tian2|zhen1,diān|tián|zhēn,abbr. for Yunnan Province 雲南|云南[Yun2 nan2] in southwest China,川滇藏|滇東|滇东
8393,滈,U+6EC8,hao4|xue4,hào|xuè,,
8394,滉,U+6EC9,huang4,huàng,bright expanse of water,
8395,滊,U+6ECA,xi4|xie1|qi4,xì|xiē|qì,name of a river,
8396,滋,U+6ECB,zi1|ci2|xuan2,zī|cí|xuán,to grow,不是滋味|喜滋滋|多力多滋
8397,滌,U+6ECC,di2,dí,to wash,合成洗滌劑|洗滌|洗滌劑
8398,滍,U+6ECD,zhi4,zhì,(used in place names),
8399,滎,U+6ECE,xing2|ying1|ying2,xíng|yīng|yíng,used in 滎陽|荥阳[Xing2 yang2] (the name of a place in Henan),滎經|滎經縣|滎陽
8400,滏,U+6ECF,fu3,fǔ,name of a river in Hebei,
8401,滐,U+6ED0,jie2,jié,,
8402,滑,U+6ED1,hua2|gu3,huá|gǔ,surname Hua,下滑|乳滑|光滑
8403,滒,U+6ED2,ge1,gē,,
8404,滓,U+6ED3,zi3,zǐ,(bound form) dregs; sediment,渣滓
8405,滔,U+6ED4,tao1,tāo,(bound form) to inundate; deluge; torrent,洪水滔滔|滔天|滔天大罪
8406,滕,U+6ED5,teng2,téng,vassal state of Zhou in Shandong,滕州|滕州市|滕斯貝格
8407,滖,U+6ED6,sui1,suī,,
8408,滗,U+6ED7,bi4,bì,to pour off (the liquid); to decant; to strain off,
8409,滘,U+6ED8,jiao4,jiào,place name in Guangdong,
8410,滙,U+6ED9,hui4,huì,variant of 匯|汇[hui4],
8411,滚,U+6EDA,gun3,gǔn,to boil,利滚利|回滚|圆滚滚
8412,滛,U+6EDB,yin2,yín,variant of 淫[yin2],
8413,滜,U+6EDC,gao1,gāo,,
8414,滝,U+6EDD,long2,lóng,Japanese variant of 瀧|泷[long2],
8415,滞,U+6EDE,zhi4,zhì,(bound form) sluggish; stagnant,停滞|停滞不前|凝滞
8416,滟,U+6EDF,yan4,yàn,tossing of billows,
8417,滠,U+6EE0,she4,shè,name of a river,
8418,满,U+6EE1,man3,mǎn,Manchu ethnic group,一着不慎，满盘皆输|不满|不满意
8419,滢,U+6EE2,ying2,yíng,clear,
8420,滣,U+6EE3,chun2,chún,,
8421,滤,U+6EE4,lv4,lǜ,to strain,渗滤|渗滤壶|滤光镜
8422,滥,U+6EE5,lan4,làn,overflowing,下三滥|俗滥|宁缺勿滥
8423,滦,U+6EE6,luan2,luán,river and county in Hebei Province,滦南|滦南县|滦州
8424,滧,U+6EE7,yao2|xiao4,yáo|xiào,(dialect) natural branching stream,
8425,滨,U+6EE8,bin1,bīn,(bound form) water's edge; bank; shore,三趾滨鹬|哈尔滨|哈尔滨工业大学
8426,滩,U+6EE9,tan1,tān,beach,冷水滩|冷水滩区|古董滩
8427,滪,U+6EEA,yu4,yù,(place name in Sichuan),
8428,滫,U+6EEB,xiu3,xiǔ,(literary) water that was used to rinse rice and has become smelly; befouled water,
8429,滬,U+6EEC,hu4,hù,short name for Shanghai,京滬|京滬高鐵|朱廣滬
8430,滭,U+6EED,bi4,bì,,
8431,滮,U+6EEE,biao1,biāo,flowing of water,
8432,滯,U+6EEF,zhi4|chi4,zhì|chì,(bound form) sluggish; stagnant,停滯|停滯不前|凝滯
8433,滰,U+6EF0,jiang4,jiàng,,
8434,滱,U+6EF1,kou4,kòu,,
8435,滲,U+6EF2,shen4|sen1|qin1|lin2,shèn|sēn|qīn|lín,to seep,反滲透|反滲透法|滲人
8436,滳,U+6EF3,shang1,shāng,,
8437,滴,U+6EF4,di1,dī,a drop,一點一滴|一点一滴|吊點滴
8438,滵,U+6EF5,mi4,mì,,
8439,滶,U+6EF6,ao2,áo,,
8440,滷,U+6EF7,lu3,lǔ,to stew in soy sauce and spices,滷味|滷壺|滷汁
8441,滸,U+6EF8,hu3|xu3,hǔ|xǔ,bank of a river,水滸|水滸傳|水滸全傳
8442,滹,U+6EF9,hu1|hu3,hū|hǔ,surname Hu,
8443,滺,U+6EFA,you1,yōu,,
8444,滻,U+6EFB,chan3,chǎn,name of a river in Shaanxi province,滻河
8445,滼,U+6EFC,fan4,fàn,,
8446,滽,U+6EFD,yong1,yōng,,
8447,滾,U+6EFE,gun3,gǔn,to boil,利滾利|回滾|圓滾滾
8448,滿,U+6EFF,man3|men4,mǎn|mèn,Manchu ethnic group,一著不慎，滿盤皆輸|不滿|不滿意
8449,漀,U+6F00,qing3|qing1,qǐng|qīng,,
8450,漁,U+6F01,yu2,yú,fisherman,南方澳漁港|坐收漁利|授之以魚不如授之以漁
8451,漂,U+6F02,piao1|piao4|piao3|biao1,piāo|piào|piǎo|biāo,to float,北漂|大陸漂移|大陆漂移
8452,漃,U+6F03,ji4,jì,,
8453,漄,U+6F04,ya2,yá,old variant of 涯[ya2],
8454,漅,U+6F05,chao2,cháo,,
8455,漆,U+6F06,qi1|qie4,qī|qiè,paint,一團漆黑|一团漆黑|乳膠漆
8456,漇,U+6F07,xi3,xǐ,,
8457,漈,U+6F08,ji4,jì,river bank,
8458,漉,U+6F09,lu4,lù,strain liquids,水漉漉|濕漉漉|湿漉漉
8459,漊,U+6F0A,lou2|lv3|lou3,lóu|lǚ|lǒu,see 漊水|溇水[Lou2 Shui3],漊水
8460,漋,U+6F0B,long2,lóng,,
8461,漌,U+6F0C,jin3,jǐn,,
8462,漍,U+6F0D,guo2,guó,,
8463,漎,U+6F0E,cong2|song3,cóng|sǒng,a place where small streams flow into a large one,
8464,漏,U+6F0F,lou4|lou2,lòu|lóu,to leak,一字不漏|偷漏|克漏字
8465,漐,U+6F10,zhi2,zhí,,
8466,漑,U+6F11,gai4,gài,,
8467,漒,U+6F12,qiang2,qiáng,,
8468,漓,U+6F13,li2,lí,pattering (of rain),大汗淋漓|淋漓|淋漓盡致
8469,演,U+6F14,yan3|yan4,yǎn|yàn,to perform (a play etc); to stage (a show),三國演義|三国演义|上演
8470,漕,U+6F15,cao2|cao4,cáo|cào,to transport (esp. grain) by water,漕河|漕糧|漕粮
8471,漖,U+6F16,jiao4,jiào,a tributary of a river (used in place names),
8472,漗,U+6F17,cong1,cōng,,
8473,漘,U+6F18,chun2,chún,shore,
8474,漙,U+6F19,tuan2|zhuan1,tuán|zhuān,heavy dew,
8475,漚,U+6F1A,ou1|ou4,ōu|òu,bubble,漚凼|漚步|漚肥
8476,漛,U+6F1B,teng2,téng,,
8477,漜,U+6F1C,ye3,yě,mud,
8478,漝,U+6F1D,xi2,xí,,
8479,漞,U+6F1E,mi4,mì,,
8480,漟,U+6F1F,tang2,táng,,
8481,漠,U+6F20,mo4,mò,desert,亞洲漠地林鶯|亚洲漠地林莺|冷漠
8482,漡,U+6F21,shang1|tang4,shāng|tàng,old variant of 湯|汤[shang1],
8483,漢,U+6F22,han4|tan1,hàn|tān,Han ethnic group,上古漢語|不到長城非好漢|中古漢語
8484,漣,U+6F23,lian2|lan2,lián|lán,ripple,淚水漣漣|漣水|漣水縣
8485,漤,U+6F24,lan3,lǎn,to soak (fruits) in hot water or limewater to remove astringent taste,
8486,漥,U+6F25,wa1,wā,variant of 窪|洼[wa1],
8487,漦,U+6F26,chi2|tai1,chí|tāi,go with current,
8488,漧,U+6F27,gan1,gān,,
8489,漨,U+6F28,feng2|peng2|beng3,féng|péng|běng,(name of an ancient river),
8490,漩,U+6F29,xuan2,xuán,whirlpool,泡漩|漩渦|漩涡
8491,漪,U+6F2A,yi1,yī,ripple,漣漪|涟漪|漣漪微漾
8492,漫,U+6F2B,man4,màn,free,動漫|动漫|國漫
8493,漬,U+6F2C,zi4|se4|qi4,zì|sè|qì,to soak,墨漬|水漬|污漬
8494,漭,U+6F2D,mang3,mǎng,vast,溟漭
8495,漮,U+6F2E,kang1,kāng,,
8496,漯,U+6F2F,luo4|ta4|lei3,luò|tà|lěi,"used in 漯河[Luo4 he2], a city in Henan",漯河|漯河市
8497,漰,U+6F30,peng1,pēng,noise of dashing waves,
8498,漱,U+6F31,shu4,shù,to rinse one's mouth with water,夏目漱石|枕岩漱流|枕石漱流
8499,漲,U+6F32,zhang3|zhang4|zhang1,zhǎng|zhàng|zhāng,"to rise (of prices, rivers)",上漲|凍漲|暴漲
8500,漳,U+6F33,zhang1,zhāng,Zhang river in Fujian,南漳|南漳縣|南漳县
8501,漴,U+6F34,zhuang4|chong2|shuang1|chuang2,zhuàng|chóng|shuāng|chuáng,,
8502,漵,U+6F35,xu4,xù,name of a river,漵浦|漵浦縣
8503,漶,U+6F36,huan4,huàn,"(of writing, pictures etc) indistinct due to deterioration (water damage etc)",漫漶
8504,漷,U+6F37,huo3|kuo4|huo4,huǒ|kuò|huò,clashing of two currents,
8505,漸,U+6F38,jian4|jian1|qian2|chan2,jiàn|jiān|qián|chán,to imbue,循序漸進|日漸|杜漸防萌
8506,漹,U+6F39,yan1,yān,(archaic) river name,
8507,漺,U+6F3A,shuang3|chuang3,shuǎng|chuǎng,,
8508,漻,U+6F3B,liao2|xiao4|liu2,liáo|xiào|liú,,
8509,漼,U+6F3C,cui3|cui1,cuǐ|cuī,having the appearance of depth,李漼
8510,漽,U+6F3D,ti2,tí,,
8511,漾,U+6F3E,yang4,yàng,to overflow,漣漪微漾|涟漪微漾|漾濞
8512,漿,U+6F3F,jiang1|jiang4,jiāng|jiàng,thick liquid,乳漿|包漿|塗漿檯
8513,潀,U+6F40,cong2,cóng,gather,
8514,潁,U+6F41,ying3,yǐng,surname Ying,潁上|潁上縣|潁州
8515,潂,U+6F42,hong2,hóng,,
8516,潃,U+6F43,xiu3,xiǔ,old variant of 滫[xiu3],
8517,潄,U+6F44,shu4,shù,variant of 漱[shu4],
8518,潅,U+6F45,guan4,guàn,,
8519,潆,U+6F46,ying2,yíng,eddy,
8520,潇,U+6F47,xiao1,xiāo,(of water) deep and clear,潇湘|潇潇|潇潇细雨
8521,潈,U+6F48,zong,zong,,
8522,潉,U+6F49,kun1,kūn,,
8523,潊,U+6F4A,xu4,xù,,
8524,潋,U+6F4B,lian4,liàn,full of water,
8525,潌,U+6F4C,zhi4,zhì,,
8526,潍,U+6F4D,wei2,wéi,name of a river,潍坊|潍坊市|潍城
8527,潎,U+6F4E,pi4|pie1|piao4,pì|piē|piào,rippling,
8528,潏,U+6F4F,yu4|jue2|shu4,yù|jué|shù,to bubble up,
8529,潐,U+6F50,jiao4|jiao3|qiao2,jiào|jiǎo|qiáo,,
8530,潑,U+6F51,po1|bo1,pō|bō,to splash,撒潑|油潑扯麵|油潑麵
8531,潒,U+6F52,dang4|xiang4|yang3,dàng|xiàng|yǎng,,
8532,潓,U+6F53,hui4,huì,,
8533,潔,U+6F54,jie2,jié,clean,佳潔士|保潔|保潔箱
8534,潕,U+6F55,wu3,wǔ,river in Henan,
8535,潖,U+6F56,pa2,pá,,
8536,潗,U+6F57,ji2,jí,friendly,
8537,潘,U+6F58,pan1|pan4|bo1|pan2|fan1,pān|pàn|bō|pán|fān,surname Pan,彼得潘|德維爾潘|德维尔潘
8538,潙,U+6F59,wei2|gui1,wéi|guī,,
8539,潚,U+6F5A,su4|xiao1|sou1,sù|xiāo|sōu,sound of rain and wind,
8540,潛,U+6F5B,qian2,qián,hidden,反潛|太平洋潛鳥|導彈核潛艇
8541,潜,U+6F5C,qian2,qián,hidden,反潜|太平洋潜鸟|导弹核潜艇
8542,潝,U+6F5D,xi1|ya4,xī|yà,to agree,
8543,潞,U+6F5E,lu4,lù,name of a river,
8544,潟,U+6F5F,xi4,xì,saline land,新潟|新潟縣|新潟县
8545,潠,U+6F60,xun4|sun4,xùn|sùn,spurt out of the mouth,
8546,潡,U+6F61,dun4,dùn,,
8547,潢,U+6F62,huang2|huang4|guang1,huáng|huàng|guāng,dye paper,室內裝潢|室内装潢|斷港絕潢
8548,潣,U+6F63,min3,mǐn,,
8549,潤,U+6F64,run4,rùn,moist; glossy; sleek,光潤|利潤|利潤率
8550,潥,U+6F65,su4,sù,,
8551,潦,U+6F66,lao3|liao2|lao4|lao2|liao3,lǎo|liáo|lào|láo|liǎo,flooded,潦倒|潦草|窮困潦倒
8552,潧,U+6F67,zhen1,zhēn,,
8553,潨,U+6F68,cong2|zong1,cóng|zōng,,
8554,潩,U+6F69,yi4,yì,,
8555,潪,U+6F6A,zhe4|zhi4,zhè|zhì,,
8556,潫,U+6F6B,wan1,wān,,
8557,潬,U+6F6C,shan4|tan1,shàn|tān,,
8558,潭,U+6F6D,tan2|xun2|yin3|dan4,tán|xún|yǐn|dàn,surname Tan,一潭死水|塗潭|涂潭
8559,潮,U+6F6E,chao2,cháo,tide,乾潮|干潮|人潮
8560,潯,U+6F6F,xun2|yin2,xún|yín,name of a river,南潯|南潯區|潯陽
8561,潰,U+6F70,kui4|xie4,kuì|xiè,used in 潰膿|溃脓[hui4 nong2],一觸即潰|千里之堤，潰於蟻穴|崩潰
8562,潱,U+6F71,ye1,yē,,
8563,潲,U+6F72,shao4,shào,driving rain,
8564,潳,U+6F73,tu2|zha1,tú|zhā,,
8565,潴,U+6F74,zhu1,zhū,pool,潴留
8566,潵,U+6F75,sa3|san4,sǎ|sàn,name of a river in Hebei Province,
8567,潶,U+6F76,hei1,hēi,,
8568,潷,U+6F77,bi4,bì,to pour off (the liquid); to decant; to strain off,
8569,潸,U+6F78,shan1,shān,tearfully,潸然淚下|潸然泪下
8570,潹,U+6F79,chan2,chán,,
8571,潺,U+6F7A,chan2,chán,flow,潺潺
8572,潻,U+6F7B,shu3,shǔ,,
8573,潼,U+6F7C,tong2|chong1|zhong1,tóng|chōng|zhōng,high,梓潼|梓潼縣|梓潼县
8574,潽,U+6F7D,pu1|pu3,pū|pǔ,to boil over,尹潽善
8575,潾,U+6F7E,lin2,lín,clear (as of water),
8576,潿,U+6F7F,wei2,wéi,still water,
8577,澀,U+6F80,se4,sè,astringent,乾澀|冷澀|囊中羞澀
8578,澁,U+6F81,se4,sè,old variant of 澀|涩[se4],
8579,澂,U+6F82,cheng2,chéng,variant of 澄[cheng2],
8580,澃,U+6F83,jiong3,jiǒng,clear,
8581,澄,U+6F84,cheng2|deng4,chéng|dèng,variant of 澄[cheng2],攬轡澄清|揽辔澄清|楊澄中
8582,澅,U+6F85,hua4,huà,,
8583,澆,U+6F86,jiao1|ao4|nao4,jiāo|ào|nào,to pour liquid,借酒澆愁|澆冷水|澆水
8584,澇,U+6F87,lao4|lao2,lào|láo,flooded,內澇|抗澇|排澇
8585,澈,U+6F88,che4,chè,clear (water),明澈|清澈|清澈見底
8586,澉,U+6F89,gan3|han4,gǎn|hàn,place name,
8587,澊,U+6F8A,cun1|cun2,cūn|cún,,
8588,澋,U+6F8B,hong4,hòng,,
8589,澌,U+6F8C,si1,sī,drain dry,
8590,澍,U+6F8D,shu4|zhu4,shù|zhù,moisture,
8591,澎,U+6F8E,peng1|peng2,pēng|péng,used in 澎湃[peng2 pai4],心潮澎湃|澎湃|澎湖
8592,澏,U+6F8F,han2,hán,,
8593,澐,U+6F90,yun2,yún,river waves,
8594,澑,U+6F91,liu4,liù,,
8595,澒,U+6F92,hong4,hòng,vast,
8596,澓,U+6F93,fu2,fú,,
8597,澔,U+6F94,hao4,hào,grand,
8598,澕,U+6F95,he2,hé,,
8599,澖,U+6F96,xian2,xián,,
8600,澗,U+6F97,jian4,jiàn,mountain stream,南澗彝族自治縣|山澗|清澗
8601,澘,U+6F98,shan1,shān,,
8602,澙,U+6F99,xi4,xì,variant of 潟[xi4],
8603,澚,U+6F9A,yu,yu,,
8604,澛,U+6F9B,lu3,lǔ,(used in place names),
8605,澜,U+6F9C,lan2,lán,swelling water,力挽狂澜|推波助澜|杨澜
8606,澝,U+6F9D,ning4,nìng,,
8607,澞,U+6F9E,yu2,yú,,
8608,澟,U+6F9F,lin3,lǐn,old variant of 凜|凛[lin3],
8609,澠,U+6FA0,mian3|sheng2,miǎn|shéng,"used in 澠池|渑池[Mian3 chi2], a county in Henan",澠池|澠池縣
8610,澡,U+6FA1,zao3|cao1,zǎo|cāo,bath,擦澡|沖澡|冲澡
8611,澢,U+6FA2,dang1,dāng,,
8612,澣,U+6FA3,huan4|han4,huàn|hàn,variant of 浣[huan4],
8613,澤,U+6FA4,ze2|shi4|yi4|duo2,zé|shì|yì|duó,pool,一親芳澤|任澤|任澤區
8614,澥,U+6FA5,xie4,xiè,(of porridge etc) to become watery,渤澥桑田
8615,澦,U+6FA6,yu4,yù,(place name in Sichuan),
8616,澧,U+6FA7,li3,lǐ,"Lishui River in north Hunan, flowing into Lake Dongting 洞庭湖[Dong4 ting2 Hu2]",澧水|澧縣|澧县
8617,澨,U+6FA8,shi4|cuo2,shì|cuó,bank,山陬海澨
8618,澩,U+6FA9,xue2|xiao4,xué|xiào,,
8619,澪,U+6FAA,ling2,líng,,
8620,澫,U+6FAB,wan4|man4|ou3,wàn|màn|ǒu,variant of 漫[man4],
8621,澬,U+6FAC,zi1|ci2,zī|cí,to rain continuously,
8622,澭,U+6FAD,yong1|yong3,yōng|yǒng,,
8623,澮,U+6FAE,hui4|kuai4|hua2,huì|kuài|huá,drain,
8624,澯,U+6FAF,can4,càn,,
8625,澰,U+6FB0,lian4,liàn,(literary) to moisten; to wet; to soak in water,
8626,澱,U+6FB1,dian4,diàn,to form sediment; to precipitate,動物澱粉|木薯澱粉|沈澱
8627,澲,U+6FB2,ye4,yè,,
8628,澳,U+6FB3,ao4|yu4,ào|yù,Macao (abbr. for 澳門|澳门[Ao4 men2]),中澳|南方澳漁港|南方澳渔港
8629,澴,U+6FB4,huan2|xuan4,huán|xuàn,to return (of waves),
8630,澵,U+6FB5,zhen1,zhēn,,
8631,澶,U+6FB6,chan2|dan4|zhan1,chán|dàn|zhān,still (as of water),
8632,澷,U+6FB7,man4,màn,,
8633,澸,U+6FB8,dan3,dǎn,,
8634,澹,U+6FB9,dan4|tan2|dan1|shan4,dàn|tán|dān|shàn,surname Tan,恬澹|慘澹|惨澹
8635,澺,U+6FBA,yi4,yì,,
8636,澻,U+6FBB,sui4,suì,,
8637,澼,U+6FBC,pi4,pì,bleach,
8638,澽,U+6FBD,ju4,jù,(name of a river in Shaanxi Province),
8639,澾,U+6FBE,ta4,tà,,
8640,澿,U+6FBF,qin2,qín,,
8641,激,U+6FC0,ji1|jiao4|jiao1,jī|jiào|jiāo,to arouse,並激|并激|偏激
8642,濁,U+6FC1,zhuo2,zhuó,turbid,五濁|惡濁|揚清激濁
8643,濂,U+6FC2,lian2|xian3,lián|xiǎn,name of a river in Hunan,宋濂
8644,濃,U+6FC3,nong2,nóng,concentrated,低濃縮鈾|淡妝濃抹|濃厚
8645,濄,U+6FC4,guo1|wo1,guō|wō,,
8646,濅,U+6FC5,jin4,jìn,,
8647,濆,U+6FC6,fen2|pen1,fén|pēn,edge of water,
8648,濇,U+6FC7,se4,sè,grating (of surfaces),
8649,濈,U+6FC8,ji2|sha4,jí|shà,many,
8650,濉,U+6FC9,sui1,suī,name of a river,濉溪|濉溪縣|濉溪县
8651,濊,U+6FCA,hui4|wei4|huo4,huì|wèi|huò,vast,濊貊
8652,濋,U+6FCB,chu3,chǔ,"name of an ancient river (in present-day Dingtao County 定陶縣|定陶县[Ding4 tao2 Xian4], Shandong)",
8653,濌,U+6FCC,ta4,tà,,
8654,濍,U+6FCD,song1,sōng,(onom.) sound of water,
8655,濎,U+6FCE,ding3|ting4,dǐng|tìng,,
8656,濏,U+6FCF,se4,sè,,
8657,濐,U+6FD0,zhu3,zhǔ,,
8658,濑,U+6FD1,lai4,lài,name of a river,
8659,濒,U+6FD2,bin1,bīn,to approach,濒危|濒危物种|濒危野生动植物种国际贸易公约
8660,濓,U+6FD3,lian2,lián,,
8661,濔,U+6FD4,mi3|mi2|ni3,mǐ|mí|nǐ,many,
8662,濕,U+6FD5,shi1|ta4|xi2,shī|tà|xí,moist,保濕|加濕器|吸濕
8663,濖,U+6FD6,shu4,shù,,
8664,濗,U+6FD7,mi4,mì,,
8665,濘,U+6FD8,ning4|ning2|ni4,nìng|níng|nì,muddy,泥濘
8666,濙,U+6FD9,ying2,yíng,used in 汫濙|汫𣸨[jing3 ying2],汫濙
8667,濚,U+6FDA,ying2,yíng,(archaic) (of water) to swirl; to eddy,
8668,濛,U+6FDB,meng2,méng,drizzle,凌濛初|濛鬆雨|迷濛
8669,濜,U+6FDC,jin4|jin1,jìn|jīn,river in Hubei province,
8670,濝,U+6FDD,qi2,qí,,
8671,濞,U+6FDE,bi4|pi4,bì|pì,used in place names,漾濞|漾濞彝族自治縣|漾濞彝族自治县
8672,濟,U+6FDF,ji4|ji3|qi2,jì|jǐ|qí,used in place names associated with the Ji River 濟水|济水[Ji3 Shui3],不濟|世界經濟|世界經濟論壇
8673,濠,U+6FE0,hao2,háo,trench,濠江|濠江區|濠江区
8674,濡,U+6FE1,ru2|ruan3|er2|nuan2|nuo4,rú|ruǎn|ér|nuán|nuò,dilatory,以沫相濡|沾濡|濡忍
8675,濢,U+6FE2,cui4|zui3,cuì|zuǐ,,
8676,濣,U+6FE3,wo4,wò,,
8677,濤,U+6FE4,tao1|chao2|shou4|dao4,tāo|cháo|shòu|dào,big wave,世濤|波濤|波濤洶湧
8678,濥,U+6FE5,yin3,yǐn,,
8679,濦,U+6FE6,yin3,yǐn,,
8680,濧,U+6FE7,dui4,duì,,
8681,濨,U+6FE8,ci2,cí,,
8682,濩,U+6FE9,huo4|hu4,huò|hù,cook,
8683,濪,U+6FEA,qing4,qìng,,
8684,濫,U+6FEB,lan4|jian4|lan3|lan2,làn|jiàn|lǎn|lán,overflowing,下三濫|俗濫|寧缺勿濫
8685,濬,U+6FEC,jun4|xun4,jùn|xùn,variant of 浚[jun4],
8686,濭,U+6FED,ai3|kai4|ke4,ǎi|kài|kè,,
8687,濮,U+6FEE,pu2,pú,name of a river,桑間濮上|桑间濮上|濮陽
8688,濯,U+6FEF,zhuo2|shuo4|zhao4,zhuó|shuò|zhào,variant of 櫂|棹[zhao4],洗濯|浣濯|濯濯
8689,濰,U+6FF0,wei2,wéi,name of a river,濰坊|濰坊市|濰城
8690,濱,U+6FF1,bin1,bīn,(bound form) water's edge; bank; shore,三趾濱鷸|哈爾濱|哈爾濱工業大學
8691,濲,U+6FF2,gu3,gǔ,name of a river in Hunan,
8692,濳,U+6FF3,qian2,qián,,
8693,濴,U+6FF4,ying2,yíng,,
8694,濵,U+6FF5,bin1,bīn,,
8695,濶,U+6FF6,kuo4,kuò,variant of 闊|阔[kuo4],
8696,濷,U+6FF7,fei4,fèi,,
8697,濸,U+6FF8,cang1,cāng,,
8698,濹,U+6FF9,me,me,,
8699,濺,U+6FFA,jian4|jian1|zan4,jiàn|jiān|zàn,to splash,噴濺|四濺|潑濺
8700,濻,U+6FFB,wei3,wěi,,
8701,濼,U+6FFC,luo4|po1|li4,luò|pō|lì,name of a river,
8702,濽,U+6FFD,zan4,zàn,,
8703,濾,U+6FFE,lv4,lǜ,to strain,滲濾|滲濾壺|濾光鏡
8704,濿,U+6FFF,li4,lì,variant of 砅[li4],
8705,瀀,U+7000,you1,yōu,,
8706,瀁,U+7001,yang4|yang3,yàng|yǎng,ripples,
8707,瀂,U+7002,lu3,lǔ,(used in place names),
8708,瀃,U+7003,si4,sì,,
8709,瀄,U+7004,zhi4,zhì,,
8710,瀅,U+7005,ying2|ying4|jiong1,yíng|yìng|jiōng,clear,
8711,瀆,U+7006,du2|dou4,dú|dòu,disrespectful,冒瀆|四瀆|瀆職
8712,瀇,U+7007,wang3|wang1,wǎng|wāng,,
8713,瀈,U+7008,hui1,huī,,
8714,瀉,U+7009,xie4,xiè,to flow out swiftly,上吐下瀉|乳糜瀉|傾瀉
8715,瀊,U+700A,pan2,pán,,
8716,瀋,U+700B,shen3|chen4|pan2,shěn|chèn|pán,short name for 瀋陽|沈阳[Shen3 yang2],瀋河|瀋河區|瀋陽
8717,瀌,U+700C,biao1,biāo,copious (of rain or snow),
8718,瀍,U+700D,chan2,chán,Chanshui river in Henan,李瀍|瀍水|瀍河
8719,瀎,U+700E,mo4|mie4,mò|miè,,
8720,瀏,U+700F,liu2|liu1,liú|liū,clear,瀏海|瀏覽|瀏覽器
8721,瀐,U+7010,jian1,jiān,,
8722,瀑,U+7011,pu4|bao4|bo2,pù|bào|bó,shower (rain),小瀑布|尼亞加拉瀑布|尼亚加拉瀑布
8723,瀒,U+7012,se4,sè,variant of 濇[se4],
8724,瀓,U+7013,cheng2,chéng,,
8725,瀔,U+7014,gu3,gǔ,river name in Henan province,
8726,瀕,U+7015,bin1,bīn,to approach,瀕危|瀕危物種|瀕危野生動植物種國際貿易公約
8727,瀖,U+7016,huo4,huò,,
8728,瀗,U+7017,xian4,xiàn,,
8729,瀘,U+7018,lu2,lú,old name of a river in Jiangxi,瀘定|瀘定橋|瀘定縣
8730,瀙,U+7019,qin4,qìn,,
8731,瀚,U+701A,han4,hàn,ocean,浩瀚
8732,瀛,U+701B,ying2,yíng,ocean,東瀛|东瀛|瀛洲
8733,瀜,U+701C,rong2,róng,,
8734,瀝,U+701D,li4,lì,to drip,剖肝瀝膽|嘔心瀝血|披肝瀝膽
8735,瀞,U+701E,jing4,jìng,(archaic) clean,
8736,瀟,U+701F,xiao1,xiāo,(of water) deep and clear,瀟湘|瀟瀟|瀟瀟細雨
8737,瀠,U+7020,ying2,yíng,eddy,
8738,瀡,U+7021,sui3,suǐ,slippery,
8739,瀢,U+7022,wei3|dui4,wěi|duì,,
8740,瀣,U+7023,xie4,xiè,mist,沆瀣|沆瀣一氣|沆瀣一气
8741,瀤,U+7024,huai2|wai1,huái|wāi,,
8742,瀥,U+7025,xue4,xuè,,
8743,瀦,U+7026,zhu1,zhū,pool,瀦留
8744,瀧,U+7027,long2|shuang1,lóng|shuāng,Shuang river in Hunan and Guangdong (modern Wu river 武水),瀧水|瀧澤|瀧船
8745,瀨,U+7028,lai4,lài,name of a river,
8746,瀩,U+7029,dui4,duì,,
8747,瀪,U+702A,fan2,fán,,
8748,瀫,U+702B,hu2,hú,,
8749,瀬,U+702C,lai4,lài,Japanese variant of 瀨|濑,
8750,瀭,U+702D,shu1,shū,,
8751,瀮,U+702E,ling,ling,,
8752,瀯,U+702F,ying2,yíng,,
8753,瀰,U+7030,mi2|mi3|ni3,mí|mǐ|nǐ,brimming or overflowing,瀰漫|瀰漫星雲
8754,瀱,U+7031,ji4,jì,(literary) spring water gushing out,
8755,瀲,U+7032,lian4,liàn,full of water,
8756,瀳,U+7033,jian4|zun4,jiàn|zùn,to arrive (of water),
8757,瀴,U+7034,ying2|ying3|ying4,yíng|yǐng|yìng,,
8758,瀵,U+7035,fen4,fèn,name of a river,
8759,瀶,U+7036,lin2,lín,,
8760,瀷,U+7037,yi4,yì,,
8761,瀸,U+7038,jian1,jiān,,
8762,瀹,U+7039,yue4|yao4,yuè|yào,to cleanse,
8763,瀺,U+703A,chan2,chán,sound of water,
8764,瀻,U+703B,dai4,dài,,
8765,瀼,U+703C,rang2|rang4|nang3,ráng|ràng|nǎng,dewy,
8766,瀽,U+703D,jian3,jiǎn,,
8767,瀾,U+703E,lan2,lán,swelling water,力挽狂瀾|推波助瀾|楊瀾
8768,瀿,U+703F,fan2,fán,,
8769,灀,U+7040,shuang4,shuàng,,
8770,灁,U+7041,yuan1,yuān,,
8771,灂,U+7042,zhuo2|ze2|jiao4,zhuó|zé|jiào,,
8772,灃,U+7043,feng1,fēng,rainy,灃水
8773,灄,U+7044,she4|ni4,shè|nì,name of a river,
8774,灅,U+7045,lei3,lěi,,
8775,灆,U+7046,lan2,lán,,
8776,灇,U+7047,cong2,cóng,,
8777,灈,U+7048,qu2,qú,ancient name of a river in Henan,
8778,灉,U+7049,yong1,yōng,name of a river,
8779,灊,U+704A,qian2,qián,,
8780,灋,U+704B,fa3,fǎ,old variant of 法[fa3],
8781,灌,U+704C,guan4|huan4,guàn|huàn,to irrigate,倒灌|全神灌注|噴灌
8782,灍,U+704D,jue2,jué,,
8783,灎,U+704E,yan4,yàn,,
8784,灏,U+704F,hao4,hào,vast (of water),
8785,灐,U+7050,ying2,yíng,,
8786,灑,U+7051,sa3|xian3|xi3|li2|shi1,sǎ|xiǎn|xǐ|lí|shī,to sprinkle,噴灑|噴灑器|布灑器
8787,灒,U+7052,zan4|cuan2|qian2|za1,zàn|cuán|qián|zā,"to spatter, to splash, to scatter",
8788,灓,U+7053,luan2|luan4,luán|luàn,,
8789,灔,U+7054,yan4,yàn,,
8790,灕,U+7055,li2,lí,name of a river,灕江
8791,灖,U+7056,mi3,mǐ,(used to describe flowing water),
8792,灗,U+7057,shan4,shàn,,
8793,灘,U+7058,tan1|han4|nan4,tān|hàn|nàn,beach,冷水灘|冷水灘區|古董灘
8794,灙,U+7059,dang3,dǎng,,
8795,灚,U+705A,jiao3,jiǎo,,
8796,灛,U+705B,chan3,chǎn,,
8797,灜,U+705C,ying2,yíng,,
8798,灝,U+705D,hao4,hào,vast (of water),
8799,灞,U+705E,ba4,bà,name of a river,灞橋|灞桥|灞橋區
8800,灟,U+705F,zhu2,zhú,,
8801,灠,U+7060,lan3|lan4,lǎn|làn,variant of 漤[lan3],
8802,灡,U+7061,lan2,lán,,
8803,灢,U+7062,nang3,nǎng,muddy,沱灢
8804,灣,U+7063,wan1,wān,bay,七灣八拐|三灣|三灣鄉
8805,灤,U+7064,luan2,luán,river and county in Hebei Province,灤南|灤南縣|灤州
8806,灥,U+7065,xun2|quan2|quan4,xún|quán|quàn,a group of springs,
8807,灦,U+7066,xian3,xiǎn,,
8808,灧,U+7067,yan4,yàn,,
8809,灨,U+7068,gan4,gàn,variant of 贛|赣[Gan4],
8810,灩,U+7069,yan4,yàn,tossing of billows,
8811,灪,U+706A,yu4,yù,(literary) (of waves) huge,
8812,火,U+706B,huo3|huo1,huǒ|huō,surname Huo,一團火|一团火|上刀山，下火海
8813,灬,U+706C,biao1|huo3,biāo|huǒ,"""fire"" radical in Chinese characters (Kangxi radical 86), occurring in 熙, 然, 熊 etc",
8814,灭,U+706D,mie4,miè,to extinguish or put out,不可磨灭|亡国灭种|人不为己，天诛地灭
8815,灮,U+706E,guang1,guāng,old variant of 光[guang1],
8816,灯,U+706F,deng1|ding1,dēng|dīng,lamp,五灯会元|交通灯|亮灯
8817,灰,U+7070,hui1,huī,ash,不費吹灰之力|不费吹灰之力|南灰伯勞
8818,灱,U+7071,xiao1,xiāo,,
8819,灲,U+7072,xiao1,xiāo,,
8820,灳,U+7073,hui1,huī,,
8821,灴,U+7074,hong1,hōng,"to bake, to roast",
8822,灵,U+7075,ling2,líng,quick,一灵真性|不灵|二斑百灵
8823,灶,U+7076,zao4,zào,kitchen stove,中灶|倒灶|分灶吃饭
8824,灷,U+7077,zhuan4,zhuàn,,
8825,灸,U+7078,jiu3,jiǔ,moxibustion (TCM),灸法|無病自灸|无病自灸
8826,灹,U+7079,zha4|yu4,zhà|yù,,
8827,灺,U+707A,xie4,xiè,(literary) candle stub,
8828,灻,U+707B,chi4,chì,,
8829,灼,U+707C,zhuo2,zhuó,to burn; to sear; to scorch,憂灼|忧灼|灼傷
8830,災,U+707D,zai1,zāi,disaster; calamity,受災|受災地區|回祿之災
8831,灾,U+707E,zai1,zāi,disaster; calamity,受灾|受灾地区|回禄之灾
8832,灿,U+707F,can4,càn,glorious,港灿|灿烂|灿烂多彩
8833,炀,U+7080,yang2,yáng,molten,炀金|隋炀帝
8834,炁,U+7081,qi4,qì,(Daoism) Qi; vital force; life force (variant of 氣|气[qi4]),坎炁
8835,炂,U+7082,zhong1,zhōng,,
8836,炃,U+7083,fen2|ben4,fén|bèn,,
8837,炄,U+7084,niu3,niǔ,,
8838,炅,U+7085,jiong3|gui4,jiǒng|guì,surname Gui,
8839,炆,U+7086,wen2,wén,(Cantonese) to simmer,朱允炆
8840,炇,U+7087,pu1,pū,,
8841,炈,U+7088,yi4,yì,,
8842,炉,U+7089,lu2,lú,stove,冶炼炉|出炉|卡式炉
8843,炊,U+708A,chui1,chuī,to cook food,巧婦難為無米之炊|巧妇难为无米之炊|炊事
8844,炋,U+708B,pi1,pī,,
8845,炌,U+708C,kai4,kài,flaming fire,
8846,炍,U+708D,pan4,pàn,,
8847,炎,U+708E,yan2|yan4|tan2,yán|yàn|tán,flame,丁型肝炎|世態炎涼|世态炎凉
8848,炏,U+708F,kai4|yan2,kài|yán,old variant of 炎[yan2],
8849,炐,U+7090,pang4|feng1,pàng|fēng,,
8850,炑,U+7091,mu4,mù,,
8851,炒,U+7092,chao3,chǎo,to sauté; to stir-fry,丁丁炒麵|丁丁炒面|快炒店
8852,炓,U+7093,liao4,liào,,
8853,炔,U+7094,gui4|que1|xue4,guì|quē|xuè,surname Gui,乙炔|氧乙炔|氧乙炔炬
8854,炕,U+7095,kang4|hang1,kàng|hāng,old variant of 炕[kang4],土炕|尿炕|炕床
8855,炖,U+7096,dun4|tun2,dùn|tún,to stew,清炖|炖煮|炖肉
8856,炗,U+7097,guang1,guāng,old variant of 光[guang1],
8857,炘,U+7098,xin1,xīn,mid-day glare,
8858,炙,U+7099,zhi4,zhì,to broil,炙手可熱|炙手可热|炙熱
8859,炚,U+709A,guang1,guāng,,
8860,炛,U+709B,guang1,guāng,,
8861,炜,U+709C,wei3,wěi,glowing,
8862,炝,U+709D,qiang4,qiàng,"to briefly boil (a vegetable etc), then dress with soy sauce, oil, vinegar etc",
8863,炞,U+709E,bian,bian,,
8864,炟,U+709F,da2,dá,(used in transliterating foreign words),
8865,炠,U+70A0,xia2,xiá,,
8866,炡,U+70A1,zheng1,zhēng,,
8867,炢,U+70A2,zhu2,zhú,,
8868,炣,U+70A3,ke3,kě,(literary) fire,
8869,炤,U+70A4,zhao4|zhao1|zhao3,zhào|zhāo|zhǎo,surname Zhao,
8870,炥,U+70A5,fu2,fú,,
8871,炦,U+70A6,ba2,bá,,
8872,炧,U+70A7,xie4,xiè,,
8873,炨,U+70A8,xie4,xiè,,
8874,炩,U+70A9,ling4,lìng,,
8875,炪,U+70AA,zhuo1|chu4,zhuō|chù,,
8876,炫,U+70AB,xuan4,xuàn,to dazzle,炫富|炫弄|炫技
8877,炬,U+70AC,ju4,jù,torch,付之一炬|氧乙炔炬|氧乙炔焊炬
8878,炭,U+70AD,tan4,tàn,wood charcoal,冰炭不相容|冰炭不言，冷熱自明|冰炭不言，冷热自明
8879,炮,U+70AE,pao4|bao1|pao2,pào|bāo|páo,to sauté,一炮打響|一炮打响|一炮而紅
8880,炯,U+70AF,jiong3,jiǒng,bright,楊炯|杨炯|炯炯
8881,炰,U+70B0,pao2|fou3,páo|fǒu,to roast,
8882,炱,U+70B1,tai2,tái,soot,
8883,炲,U+70B2,tai2,tái,variant of 炱[tai2],
8884,炳,U+70B3,bing3,bǐng,bright,彪炳|彪炳千古|炳文
8885,炴,U+70B4,yang3,yǎng,firelight; blaze,
8886,炵,U+70B5,tong1,tōng,,
8887,炶,U+70B6,shan3,shǎn,,
8888,炷,U+70B7,zhu4,zhù,wick of an oil lamp,艾炷|艾炷灸
8889,炸,U+70B8,zha4|zha2,zhà|zhá,to deep fry,地下核爆炸|地毯式轟炸|地毯式轰炸
8890,点,U+70B9,dian3,diǎn,to touch briefly; to tap,G点|一丁点|一星半点
8891,為,U+70BA,wei4|wei2,wèi|wéi,as (in the capacity of),一之為甚|一分為二|一吐為快
8892,炻,U+70BB,shi2,shí,stoneware,炻器
8893,炼,U+70BC,lian4,liàn,to refine,修炼|修炼成仙|冶炼
8894,炽,U+70BD,chi4,chì,to burn,旺炽|旺炽型|旺炽性
8895,炾,U+70BE,huang3,huǎng,bright and spacious,
8896,炿,U+70BF,zhou1,zhōu,,
8897,烀,U+70C0,hu1,hū,to cook in a small quantity of water,
8898,烁,U+70C1,shuo4,shuò,bright,熠烁|烁烁|金光闪烁
8899,烂,U+70C2,lan4,làn,soft; mushy,三寸不烂之舌|下三烂|出头的椽子先烂
8900,烃,U+70C3,ting1,tīng,hydrocarbon,氢氟烃|炔烃|烯烃
8901,烄,U+70C4,jiao3|yao4,jiǎo|yào,,
8902,烅,U+70C5,xu4,xù,,
8903,烆,U+70C6,heng2,héng,,
8904,烇,U+70C7,quan3,quǎn,,
8905,烈,U+70C8,lie4,liè,ardent,三貞九烈|三贞九烈|亞弗烈
8906,烉,U+70C9,huan4,huàn,old variant of 煥|焕[huan4],
8907,烊,U+70CA,yang2|yang4,yáng|yàng,molten,打烊|烊金
8908,烋,U+70CB,xiu1|xiao1,xiū|xiāo,to boil or fumigate,
8909,烌,U+70CC,xiu1,xiū,,
8910,烍,U+70CD,xian3,xiǎn,,
8911,烎,U+70CE,yin2,yín,,
8912,烏,U+70CF,wu1|ya1|wu4,wū|yā|wù,"abbr. for country names that begin with 烏|乌[wu1]: Ukraine 烏克蘭|乌克兰[Wu1 ke4 lan2], Uzbekistan 烏茲別克斯坦|乌兹别克斯坦[Wu1 zi1 bie2 ke4 si1 tan3] etc",三足烏|三足金烏|丟烏紗帽
8913,烐,U+70D0,zhou1,zhōu,,
8914,烑,U+70D1,yao2,yáo,,
8915,烒,U+70D2,shi4,shì,,
8916,烓,U+70D3,wei1,wēi,three-cornered stove,
8917,烔,U+70D4,tong2|dong4,tóng|dòng,hot,
8918,烕,U+70D5,mie4,miè,old variant of 滅|灭[mie4],
8919,烖,U+70D6,zai1,zāi,variant of 災|灾[zai1],
8920,烗,U+70D7,kai4,kài,to burn,
8921,烘,U+70D8,hong1,hōng,to bake,冬烘|暖烘烘|烘乾
8922,烙,U+70D9,lao4|luo4,lào|luò,to brand,炮烙|烙印|烙鐵
8923,烚,U+70DA,xia2,xiá,,
8924,烛,U+70DB,zhu2|chong2,zhú|chóng,candle,倒吊蜡烛|洞房花烛|洞房花烛夜
8925,烜,U+70DC,xuan3|xuan1|hui3,xuǎn|xuān|huǐ,brilliant,烜赫|烜赫一時|烜赫一时
8926,烝,U+70DD,zheng1,zhēng,multitudinous,烝民|烝黎
8927,烞,U+70DE,po4,pò,,
8928,烟,U+70DF,yan1|yin1,yān|yīn,cigarette or pipe tobacco,一溜烟|七窍生烟|不食人间烟火
8929,烠,U+70E0,hui2|hui3|ai3,huí|huǐ|ǎi,,
8930,烡,U+70E1,guang1,guāng,,
8931,烢,U+70E2,che4,chè,,
8932,烣,U+70E3,hui1,huī,,
8933,烤,U+70E4,kao3,kǎo,to roast; to grill; to broil; to bake; to toast (bread),北京烤鴨|北京烤鸭|土耳其旋轉烤肉
8934,烥,U+70E5,ju4,jù,,
8935,烦,U+70E6,fan2,fán,to feel vexed,不胜其烦|不厌其烦|不耐烦
8936,烧,U+70E7,shao1,shāo,to burn,串烧|低烧|全烧祭
8937,烨,U+70E8,ye4,yè,variant of 燁|烨[ye4],黄长烨
8938,烩,U+70E9,hui4,huì,to braise,外烩|大杂烩|烩饭
8939,烪,U+70EA,烪,烪,,
8940,烫,U+70EB,tang4,tàng,to scald,死猪不怕开水烫|氽烫|滚烫
8941,烬,U+70EC,jin4,jìn,(bound form) cinders; ashes,灰烬|余烬|骨烬
8942,热,U+70ED,re4,rè,to warm up,一头热|七日热|三分钟热度
8943,烮,U+70EE,lie4,liè,,
8944,烯,U+70EF,xi1,xī,alkene,丁二烯|丁烯|丙烯
8945,烰,U+70F0,fu2|fu1,fú|fū,,
8946,烱,U+70F1,jiong3,jiǒng,old variant of 炯[jiong3],
8947,烲,U+70F2,xie4|che4,xiè|chè,,
8948,烳,U+70F3,pu3,pǔ,to travel by the light of torch,
8949,烴,U+70F4,ting1|jing3,tīng|jǐng,hydrocarbon,氫氟烴|炔烴|烯烴
8950,烵,U+70F5,zhuo2,zhuó,,
8951,烶,U+70F6,ting3,tǐng,(literary) in flames,
8952,烷,U+70F7,wan2,wán,alkane,丁烷|三氯甲烷|丙烷
8953,烸,U+70F8,hai3,hǎi,,
8954,烹,U+70F9,peng1,pēng,to boil; to brew (tea),兔死狗烹|治大國若烹小鮮|治大国若烹小鲜
8955,烺,U+70FA,lang3,lǎng,blaze,
8956,烻,U+70FB,yan4|shan1,yàn|shān,,
8957,烼,U+70FC,xu4,xù,,
8958,烽,U+70FD,feng1,fēng,beacon fire,克孜爾尕哈烽火台|克孜尔尕哈烽火台|息烽
8959,烾,U+70FE,chi4,chì,,
8960,烿,U+70FF,rong2,róng,,
8961,焀,U+7100,hu2,hú,,
8962,焁,U+7101,xi1,xī,,
8963,焂,U+7102,shu1,shū,,
8964,焃,U+7103,he4|huo4,hè|huò,fiery,
8965,焄,U+7104,xun1|hun1,xūn|hūn,fumes from sacrifice,
8966,焅,U+7105,ku4|kao4,kù|kào,,
8967,焆,U+7106,juan1|ye4|yue4|yuan1,juān|yè|yuè|yuān,(literary) bright,
8968,焇,U+7107,xiao1,xiāo,,
8969,焈,U+7108,xi1,xī,old variant of 熙[xi1],
8970,焉,U+7109,yan1|yi2,yān|yí,where,不入虎穴，焉得虎子|割雞焉用牛刀|割鸡焉用牛刀
8971,焊,U+710A,han4,hàn,to weld,助焊劑|助焊剂|氣焊
8972,焋,U+710B,zhuang4,zhuàng,,
8973,焌,U+710C,jun4|qu1,jùn|qū,to set fire to,焌油|焌黑
8974,焍,U+710D,di4,dì,,
8975,焎,U+710E,xie4,xiè,,
8976,焏,U+710F,ji2|qi4,jí|qì,,
8977,焐,U+7110,wu4,wù,to warm sth up,
8978,焑,U+7111,yan1,yān,,
8979,焒,U+7112,lv3,lǚ,,
8980,焓,U+7113,han2,hán,enthalpy,熱焓|热焓|自由焓
8981,焔,U+7114,yan4,yàn,old variant of 焰[yan4],
8982,焕,U+7115,huan4,huàn,(bound form) shining; glowing; lustrous,全斗焕|容光焕发|彪焕
8983,焖,U+7116,men4,mèn,to cook in a covered vessel,焖烧锅
8984,焗,U+7117,ju2,jú,"(dialect) to cook in salt or sand, inside a sealed pot",焗油|焗油機|焗油机
8985,焘,U+7118,dao4|tao1,dào|tāo,cover over,张国焘|郭嵩焘
8986,焙,U+7119,bei4,bèi,to dry over a fire,炭焙|烘焙|烘焙師
8987,焚,U+711A,fen2|fen4,fén|fèn,to burn,心急如焚|慾火焚身|欲火焚身
8988,焛,U+711B,lin4,lìn,,
8989,焜,U+711C,kun1,kūn,brilliant,
8990,焝,U+711D,hun4,hùn,,
8991,焞,U+711E,tun1|tui1|jun4,tūn|tuī|jùn,bright,
8992,焟,U+711F,xi1,xī,dry,
8993,焠,U+7120,cui4,cuì,to temper (as steel),
8994,無,U+7121,wu2|mo2,wú|mó,used in 南無|南无[na1 mo2],一事無成|一去無影蹤|一夜無眠
8995,焢,U+7122,hong1,hōng,(archaic) angry appearance,焢肉
8996,焣,U+7123,chao3|ju4,chǎo|jù,,
8997,焤,U+7124,fu3,fǔ,,
8998,焥,U+7125,wo4|ai4,wò|ài,,
8999,焦,U+7126,jiao1|qiao2,jiāo|qiáo,surname Jiao,三焦|上焦|下焦
9000,焧,U+7127,cong1,cōng,,
9001,焨,U+7128,feng4,fèng,,
9002,焩,U+7129,ping2,píng,,
9003,焪,U+712A,qiong2,qióng,,
9004,焫,U+712B,ruo4|re4,ruò|rè,,
9005,焬,U+712C,xi1|yi4,xī|yì,,
9006,焭,U+712D,qiong2,qióng,,
9007,焮,U+712E,xin4,xìn,heat,
9008,焯,U+712F,chao1|zhuo1|zhuo2|chuo4,chāo|zhuō|zhuó|chuò,to blanch; to parboil,焯水
9009,焰,U+7130,yan4,yàn,flame,凶焰|口吐毒焰|囂張氣焰
9010,焱,U+7131,yan4|yi4,yàn|yì,variant of 焰[yan4],火炎焱燚
9011,焲,U+7132,yi4,yì,,
9012,焳,U+7133,jue2,jué,,
9013,焴,U+7134,yu4,yù,old variant of 煜[yu4],
9014,焵,U+7135,gang4,gàng,,
9015,然,U+7136,ran2,rán,correct,一目了然|一目瞭然|一臉茫然
9016,焷,U+7137,pi2,pí,,
9017,焸,U+7138,xiong4|ying1|gu3,xiòng|yīng|gǔ,,
9018,焹,U+7139,gang4,gàng,,
9019,焺,U+713A,sheng1,shēng,,
9020,焻,U+713B,chang4|gua1,chàng|guā,,
9021,焼,U+713C,shao1,shāo,old variant of 燒|烧[shao1],
9022,焽,U+713D,xiong3,xiǒng,,
9023,焾,U+713E,nian3,niǎn,,
9024,焿,U+713F,geng1,gēng,"variant of 羹[geng1], used in restaurants and night markets in Taiwan",
9025,煀,U+7140,wei,wei,,
9026,煁,U+7141,chen2,chén,brazier,
9027,煂,U+7142,he4,hè,,
9028,煃,U+7143,kui3,kuǐ,fiery,
9029,煄,U+7144,zhong3,zhǒng,,
9030,煅,U+7145,duan4,duàn,to calcine,暗煅|煅燒|煅烧
9031,煆,U+7146,xia1|xia4,xiā|xià,a raging fire,
9032,煇,U+7147,hui1|hun2|yun4|xun1|xuan4,huī|hún|yùn|xūn|xuàn,bright,
9033,煈,U+7148,feng4,fèng,,
9034,煉,U+7149,lian4|lan4,liàn|làn,to refine,修煉|修煉成仙|冶煉
9035,煊,U+714A,xuan1,xuān,variant of 暄[xuan1],煊赫
9036,煋,U+714B,xing1,xīng,(literary) (of a fire) fierce; intense; blazing,
9037,煌,U+714C,huang2,huáng,brilliant,敦煌|敦煌市|敦煌石窟
9038,煍,U+714D,jiao3,jiǎo,to color by smoke,
9039,煎,U+714E,jian1|jian4|jian3,jiān|jiàn|jiǎn,to pan fry,峇拉煎|水煎包|滾油煎心
9040,煏,U+714F,bi4,bì,(dialect) to dry by a fire,
9041,煐,U+7150,ying1,yīng,(used in names),
9042,煑,U+7151,zhu3,zhǔ,variant of 煮[zhu3],
9043,煒,U+7152,wei3|hui1,wěi|huī,glowing,
9044,煓,U+7153,tuan1,tuān,(literary) (of a fire) lively,
9045,煔,U+7154,shan3|qian2|shan1,shǎn|qián|shān,,
9046,煕,U+7155,xi1,xī,old variant of 熙,
9047,煖,U+7156,nuan3|xuan1,nuǎn|xuān,variant of 暖[nuan3],
9048,煗,U+7157,nuan3,nuǎn,"variant of 暖[nuan3], warm",
9049,煘,U+7158,chan2,chán,,
9050,煙,U+7159,yan1,yān,cigarette or pipe tobacco,一溜煙|七竅生煙|不食人間煙火
9051,煚,U+715A,jiong3,jiǒng,fire,
9052,煛,U+715B,jiong3,jiǒng,,
9053,煜,U+715C,yu4,yù,brilliant,李煜|煜煜|煜熠
9054,煝,U+715D,mei4,mèi,be radiant,
9055,煞,U+715E,sha1|sha4,shā|shà,to terminate,一筆抹煞|一笔抹煞|兇煞
9056,煟,U+715F,wei4,wèi,radiance of fire,
9057,煠,U+7160,zha2|ye4,zhá|yè,to fry in fat or oil,
9058,煡,U+7161,jin4,jìn,,
9059,煢,U+7162,qiong2,qióng,alone,煢煢孑立
9060,煣,U+7163,rou2|rou3,róu|rǒu,,
9061,煤,U+7164,mei2,méi,coal,元煤|原煤|塊煤
9062,煥,U+7165,huan4,huàn,(bound form) shining; glowing; lustrous,全斗煥|容光煥發|彪煥
9063,煦,U+7166,xu4|xiu1,xù|xiū,balmy,和煦|溫煦|温煦
9064,照,U+7167,zhao4,zhào,variant of 照[zhao4],L照|乏人照顧|乏人照顾
9065,煨,U+7168,wei1|yu4,wēi|yù,to simmer,
9066,煩,U+7169,fan2,fán,to feel vexed,不勝其煩|不厭其煩|不耐煩
9067,煪,U+716A,qiu2,qiú,,
9068,煫,U+716B,sui4,suì,,
9069,煬,U+716C,yang2|yang4,yáng|yàng,molten,煬金|隋煬帝
9070,煭,U+716D,lie4,liè,,
9071,煮,U+716E,zhu3,zhǔ,variant of 煮[zhu3],家庭煮夫|快煮壺|快煮壶
9072,煯,U+716F,jie1,jiē,,
9073,煰,U+7170,zao4,zào,dry (old variant of 燥[zao4]),
9074,煱,U+7171,gua1,guā,,
9075,煲,U+7172,bao1,bāo,to cook slowly over a low flame,海陸煲|海陆煲|煲湯
9076,煳,U+7173,hu2,hú,burnt,
9077,煴,U+7174,yun1|yun4|wen3,yūn|yùn|wěn,variant of 熨[yun4],
9078,煵,U+7175,nan3,nǎn,,
9079,煶,U+7176,shi4,shì,,
9080,煷,U+7177,liang,liang,,
9081,煸,U+7178,bian1,biān,to stir-fry before broiling or stewing,乾煸|干煸|乾煸四季豆
9082,煹,U+7179,gou4,gòu,,
9083,煺,U+717A,tui4,tuì,to pluck poultry or depilate pigs using hot water,
9084,煻,U+717B,tang2,táng,to warm,
9085,煼,U+717C,chao3,chǎo,,
9086,煽,U+717D,shan1,shān,to fan into a flame,反革命宣傳煽動罪|反革命宣传煽动罪|煽動
9087,煾,U+717E,en1|yun1,ēn|yūn,,
9088,煿,U+717F,bo2,bó,,
9089,熀,U+7180,huang3|ye4,huǎng|yè,bright,
9090,熁,U+7181,xie2,xié,(meaning uncertain),
9091,熂,U+7182,xi4,xì,,
9092,熃,U+7183,wu4,wù,,
9093,熄,U+7184,xi1,xī,to extinguish,吹熄|智熄|熄屏
9094,熅,U+7185,yun4,yùn,variant of 熨[yun4],
9095,熆,U+7186,he2,hé,,
9096,熇,U+7187,he4|xiao1|kao3|kao4,hè|xiāo|kǎo|kào,dry,
9097,熈,U+7188,xi1,xī,variant of 熙[xi1],
9098,熉,U+7189,yun2,yún,(yellow color),
9099,熊,U+718A,xiong2,xióng,surname Xiong,北極熊|北极熊|吃熊心豹子膽
9100,熋,U+718B,nai2,nái,,
9101,熌,U+718C,shan3,shǎn,,
9102,熍,U+718D,qiong2,qióng,,
9103,熎,U+718E,yao4,yào,,
9104,熏,U+718F,xun1|xun4,xūn|xùn,to smoke,利欲熏心|权欲熏心|濁臭熏天
9105,熐,U+7190,mi4,mì,,
9106,熑,U+7191,lian2|qian1,lián|qiān,,
9107,熒,U+7192,ying2|xing2|jiong3,yíng|xíng|jiǒng,a glimmer,熒光|熒光屏|熒光幕
9108,熓,U+7193,wu3,wǔ,,
9109,熔,U+7194,rong2,róng,to smelt,助熔劑|助熔剂|大熔爐
9110,熕,U+7195,gong1,gōng,,
9111,熖,U+7196,yan4,yàn,,
9112,熗,U+7197,qiang4,qiàng,"to briefly boil (a vegetable etc), then dress with soy sauce, oil, vinegar etc",
9113,熘,U+7198,liu1,liū,quick-fry,
9114,熙,U+7199,xi1|yi2,xī|yí,variant of 熙[xi1],劉熙|刘熙|康熙
9115,熚,U+719A,bi4,bì,,
9116,熛,U+719B,biao1,biāo,blaze,
9117,熜,U+719C,cong1|zong3,cōng|zǒng,chimney (old),
9118,熝,U+719D,lu4|ao1,lù|āo,,
9119,熞,U+719E,jian1,jiān,,
9120,熟,U+719F,shu2|shou2,shú|shóu,ripe; mature,一分熟|一回生二回熟|一回生兩回熟
9121,熠,U+71A0,yi4,yì,to glow,煌熠|煜熠|熠煜
9122,熡,U+71A1,lou2,lóu,,
9123,熢,U+71A2,peng2|beng4|feng1,péng|bèng|fēng,,
9124,熣,U+71A3,sui1|cui3,suī|cuǐ,,
9125,熤,U+71A4,yi4,yì,(person),
9126,熥,U+71A5,teng1|tong1,tēng|tōng,to heat up (cooked food) by baking or steaming,
9127,熦,U+71A6,jue2,jué,,
9128,熧,U+71A7,zong1,zōng,,
9129,熨,U+71A8,yun4|yu4|wei4,yùn|yù|wèi,reconciled,熨斗|熨法|熨燙
9130,熩,U+71A9,hu4,hù,,
9131,熪,U+71AA,yi2,yí,,
9132,熫,U+71AB,zhi4,zhì,,
9133,熬,U+71AC,ao2|ao1,áo|āo,to boil; to simmer,多年媳婦熬成婆|多年媳妇熬成婆|媳婦熬成婆
9134,熭,U+71AD,wei4,wèi,,
9135,熮,U+71AE,liu3,liǔ,,
9136,熯,U+71AF,han4|ran3,hàn|rǎn,to dry with fire,
9137,熰,U+71B0,ou1|ou4,ōu|òu,severe drought,
9138,熱,U+71B1,re4,rè,to warm up,一頭熱|七日熱|三分鐘熱度
9139,熲,U+71B2,jiong3,jiǒng,blaze,
9140,熳,U+71B3,man4,màn,used in 爛熳|烂熳[lan4 man4],爛熳|烂熳
9141,熴,U+71B4,kun1,kūn,variant of 焜[kun1],
9142,熵,U+71B5,shang1,shāng,entropy (character created in 1923),交叉熵|內熵|内熵
9143,熶,U+71B6,cuan4,cuàn,,
9144,熷,U+71B7,zeng1,zēng,,
9145,熸,U+71B8,jian1,jiān,to extinguish (of fire),
9146,熹,U+71B9,xi1,xī,bright,明熹宗|朱熹|熹平石經
9147,熺,U+71BA,xi1,xī,,
9148,熻,U+71BB,xi1,xī,,
9149,熼,U+71BC,yi4,yì,,
9150,熽,U+71BD,xiao4,xiào,,
9151,熾,U+71BE,chi4,chì,to burn,旺熾|旺熾型|旺熾性
9152,熿,U+71BF,huang2|huang3,huáng|huǎng,brilliant,
9153,燀,U+71C0,chan3|dan3|chan4,chǎn|dǎn|chàn,to make a fire,
9154,燁,U+71C1,ye4,yè,blaze of fire,黃長燁
9155,燂,U+71C2,tan2|xun2|qian2,tán|xún|qián,to heat,
9156,燃,U+71C3,ran2,rán,to burn,乏燃料|乏燃料棒|內燃
9157,燄,U+71C4,yan4,yàn,variant of 焰[yan4],
9158,燅,U+71C5,xun2,xún,,
9159,燆,U+71C6,qiao1|xiao1,qiāo|xiāo,,
9160,燇,U+71C7,jun4,jùn,old variant of 焌[jun4],
9161,燈,U+71C8,deng1,dēng,lamp,五燈會元|交通燈|亮燈
9162,燉,U+71C9,dun4|tun2|dun1,dùn|tún|dūn,to stew,清燉|燉煌|燉煮
9163,燊,U+71CA,shen1,shēn,brisk,
9164,燋,U+71CB,jiao1|qiao2|jue2|zhuo2,jiāo|qiáo|jué|zhuó,to cauterize,
9165,燌,U+71CC,fen2|ben4,fén|bèn,,
9166,燍,U+71CD,si1|xi1,sī|xī,,
9167,燎,U+71CE,liao2|liao3|liao4,liáo|liǎo|liào,to burn,心急火燎|星星之火，可以燎原|火燎
9168,燏,U+71CF,yu4,yù,radiance of fire,
9169,燐,U+71D0,lin2,lín,variant of 磷[lin2],
9170,燑,U+71D1,tong2,tóng,,
9171,燒,U+71D2,shao1|shao4,shāo|shào,to burn,串燒|低燒|全燒祭
9172,燓,U+71D3,fen2,fén,,
9173,燔,U+71D4,fan2|fen2,fán|fén,burn,
9174,燕,U+71D5,yan4|yan1,yàn|yān,"Yan, a vassal state of Zhou in present-day Hebei and Liaoning",乳燕|來鴻去燕|来鸿去燕
9175,燖,U+71D6,xun2|qian2,xún|qián,warm up (food),
9176,燗,U+71D7,lan4,làn,old variant of 爛|烂[lan4],
9177,燘,U+71D8,mei3,měi,,
9178,燙,U+71D9,tang4|dang4,tàng|dàng,to scald,死豬不怕開水燙|氽燙|滾燙
9179,燚,U+71DA,yi4,yì,to blaze,火炎焱燚
9180,燛,U+71DB,jiong3,jiǒng,,
9181,燜,U+71DC,men4,mèn,to cook in a covered vessel,燜燒鍋
9182,燝,U+71DD,jing,jing,,
9183,燞,U+71DE,jiao3,jiǎo,,
9184,營,U+71DF,ying2|cuo1,yíng|cuō,camp,中國經營報|五營|五營區
9185,燠,U+71E0,yu4|ao4,yù|ào,warm,
9186,燡,U+71E1,yi4,yì,blazing,
9187,燢,U+71E2,xue2,xué,,
9188,燣,U+71E3,lan2,lán,,
9189,燤,U+71E4,tai4|lie4,tài|liè,,
9190,燥,U+71E5,zao4|sao4,zào|sào,dry; parched,乾燥|干燥|乾燥劑
9191,燦,U+71E6,can4,càn,glorious,港燦|燦爛|燦爛多彩
9192,燧,U+71E7,sui4,suì,(bound form) material or tool used to light a fire by means of friction or the sun's rays,烽燧|燧人|燧人氏
9193,燨,U+71E8,xi1,xī,fire,
9194,燩,U+71E9,que4,què,,
9195,燪,U+71EA,zong3,zǒng,,
9196,燫,U+71EB,lian2,lián,,
9197,燬,U+71EC,hui3,huǐ,to destroy by fire,炸燬|焚燬|燒燬
9198,燭,U+71ED,zhu2|kuo4,zhú|kuò,candle,倒吊蠟燭|洞房花燭|洞房花燭夜
9199,燮,U+71EE,xie4,xiè,surname Xie,燮友|燮和|燮理
9200,燯,U+71EF,ling2,líng,,
9201,燰,U+71F0,wei1,wēi,old variant of 煨[wei1],
9202,燱,U+71F1,yi4,yì,,
9203,燲,U+71F2,xie2,xié,,
9204,燳,U+71F3,zhao4,zhào,,
9205,燴,U+71F4,hui4,huì,to braise,外燴|大雜燴|燴飯
9206,燵,U+71F5,da2,dá,,
9207,燶,U+71F6,nong2,nóng,(dialect) to burn,
9208,燷,U+71F7,lan2,lán,,
9209,燸,U+71F8,ru2|ruan3,rú|ruǎn,,
9210,燹,U+71F9,xian3|bing4,xiǎn|bìng,conflagration,
9211,燺,U+71FA,he4,hè,,
9212,燻,U+71FB,xun1,xūn,variant of 熏[xun1],煙燻|煙燻火燎|燻肉
9213,燼,U+71FC,jin4,jìn,(bound form) cinders; ashes,灰燼|餘燼|骨燼
9214,燽,U+71FD,chou2,chóu,salience,
9215,燾,U+71FE,dao4|tao1,dào|tāo,cover over,張國燾|郭嵩燾
9216,燿,U+71FF,yao4|shuo4|shao4,yào|shuò|shào,brilliant,
9217,爀,U+7200,he4,hè,,
9218,爁,U+7201,lan4,làn,,
9219,爂,U+7202,biao1,biāo,,
9220,爃,U+7203,rong2,róng,,
9221,爄,U+7204,li4|lie4,lì|liè,,
9222,爅,U+7205,mo4,mò,,
9223,爆,U+7206,bao4|bo2,bào|bó,to explode or burst,一夜爆紅|一夜爆红|傻爆眼
9224,爇,U+7207,ruo4,ruò,heat,
9225,爈,U+7208,lv4,lǜ,,
9226,爉,U+7209,la4|lie4,là|liè,,
9227,爊,U+720A,ao1,āo,variant of 熬[ao1],
9228,爋,U+720B,xun1,xūn,,
9229,爌,U+720C,kuang4|huang3|kuang3,kuàng|huǎng|kuǎng,old variant of 晃[huang3],爌肉
9230,爍,U+720D,shuo4|luo4|yue4,shuò|luò|yuè,bright,熠爍|爍爍|金光閃爍
9231,爎,U+720E,liao2,liáo,,
9232,爏,U+720F,li4,lì,,
9233,爐,U+7210,lu2,lú,stove,冶煉爐|出爐|卡式爐
9234,爑,U+7211,jue2,jué,,
9235,爒,U+7212,liao3,liǎo,,
9236,爓,U+7213,yan4|xun2,yàn|xún,flame,
9237,爔,U+7214,xi1,xī,(archaic) fire,
9238,爕,U+7215,xie4,xiè,old variant of 燮[xie4],
9239,爖,U+7216,long2,lóng,,
9240,爗,U+7217,ye4,yè,variant of 燁|烨[ye4],
9241,爘,U+7218,can1,cān,,
9242,爙,U+7219,rang3,rǎng,,
9243,爚,U+721A,yue4,yuè,bright,
9244,爛,U+721B,lan4,làn,soft; mushy,三寸不爛之舌|下三爛|出頭的椽子先爛
9245,爜,U+721C,cong2,cóng,,
9246,爝,U+721D,jue2|jiao4,jué|jiào,torch,
9247,爞,U+721E,chong2|tong2,chóng|tóng,,
9248,爟,U+721F,guan4,guàn,light a fire,
9249,爠,U+7220,ju,ju,,
9250,爡,U+7221,che4,chè,,
9251,爢,U+7222,mi2,mí,,
9252,爣,U+7223,tang3,tǎng,,
9253,爤,U+7224,lan4,làn,old variant of 爛|烂[lan4],
9254,爥,U+7225,zhu2,zhú,old variant of 燭|烛[zhu2],
9255,爦,U+7226,lan3,lǎn,,
9256,爧,U+7227,ling2,líng,,
9257,爨,U+7228,cuan4,cuàn,surname Cuan,炊爨
9258,爩,U+7229,yu4,yù,,
9259,爪,U+722A,zhao3|zhua3,zhǎo|zhuǎ,foot of a bird or animal,一鱗半爪|一鳞半爪|中爪哇
9260,爫,U+722B,zhao3,zhǎo,"""claw"" radical in Chinese characters (Kangxi radical 87)",
9261,爬,U+722C,pa2,pá,to crawl,人往高處爬，水往低處流|人往高处爬，水往低处流|吃裡爬外
9262,爭,U+722D,zheng1|zheng4,zhēng|zhèng,to strive for,丁卯戰爭|不正當競爭|不爭
9263,爮,U+722E,pao2,páo,,
9264,爯,U+722F,cheng1|cheng4,chēng|chèng,old variant of 稱|称[chen4],
9265,爰,U+7230,yuan2,yuán,surname Yuan,
9266,爱,U+7231,ai4,ài,to love; to be fond of; to like,三自爱国教会|三角恋爱|中国天主教爱国会
9267,爲,U+7232,wei4|wei2,wèi|wéi,variant of 為|为[wei2],
9268,爳,U+7233,han,han,,
9269,爴,U+7234,jue2,jué,,
9270,爵,U+7235,jue2,jué,ancient bronze wine holder with 3 legs and loop handle,世爵|五等爵位|伯爵
9271,父,U+7236,fu4|fu3,fù|fǔ,father,一日為師，終身為父|一日为师，终身为父|亞父
9272,爷,U+7237,ye2,yé,grandpa,七爷八爷|佛爷|侃爷
9273,爸,U+7238,ba4,bà,father,兔爸|奶爸|寶爸
9274,爹,U+7239,die1,diē,dad,乾爹|干爹|公爹
9275,爺,U+723A,ye2,yé,grandpa,七爺八爺|佛爺|侃爺
9276,爻,U+723B,yao2|xiao4,yáo|xiào,"the solid and broken lines of the eight trigrams 八卦[ba1 gua4], e.g. ☶",
9277,爼,U+723C,zu3,zǔ,,
9278,爽,U+723D,shuang3|shuang1,shuǎng|shuāng,bright,不爽|乾爽|干爽
9279,爾,U+723E,er3|mi3|ni3,ěr|mǐ|nǐ,thus,上艾瑟爾|不過爾爾|世界維吾爾代表大會
9280,爿,U+723F,pan2|qiang2,pán|qiáng,"""piece of wood"" radical in Chinese characters (Kangxi radical 90), mirror image of 片[pian4]",
9281,牀,U+7240,chuang2,chuáng,variant of 床[chuang2],
9282,牁,U+7241,ke1,kē,(used in place names),
9283,牂,U+7242,zang1,zāng,female sheep,
9284,牃,U+7243,die2,dié,,
9285,牄,U+7244,qiang1,qiāng,to walk rapidly,
9286,牅,U+7245,yong1,yōng,,
9287,牆,U+7246,qiang2,qiáng,"wall (CL:面[mian4],堵[du3])",不撞南牆不回頭|人牆|付費牆
9288,片,U+7247,pian4|pian1|pan4,piàn|piān|pàn,disk,A片|NG片段|三級片
9289,版,U+7248,ban3,bǎn,a register,丐版|中國大百科全書出版社|中国大百科全书出版社
9290,牉,U+7249,pan4,pàn,,
9291,牊,U+724A,chao2,cháo,,
9292,牋,U+724B,jian1,jiān,variant of 箋|笺[jian1],
9293,牌,U+724C,pai2,pái,signboard; plaque; plate; tablet (CL:塊|块[kuai4]),上牌|主品牌|主打品牌
9294,牍,U+724D,du2,dú,documents,尺牍|文牍|文牍主义
9295,牎,U+724E,chuang1,chuāng,old variant of 窗[chuang1],
9296,牏,U+724F,yu2,yú,short board,
9297,牐,U+7250,zha2,zhá,old variant of 閘|闸[zha2],
9298,牑,U+7251,bian1|mian4,biān|miàn,,
9299,牒,U+7252,die2,dié,(official) document,度牒|戒牒|文牒
9300,牓,U+7253,bang3|pang1,bǎng|pāng,variant of 榜[bang3],
9301,牔,U+7254,bo2,bó,,
9302,牕,U+7255,chuang1,chuāng,variant of 窗[chuang1],
9303,牖,U+7256,you3,yǒu,to enlighten,戶牖|户牖|蓬戶甕牖
9304,牗,U+7257,you3,yǒu,,
9305,牘,U+7258,du2,dú,documents,尺牘|文牘|文牘主義
9306,牙,U+7259,ya2|ya4,yá|yà,tooth,上牙膛|乳牙|以牙還牙
9307,牚,U+725A,cheng1|cheng4,chēng|chèng,variant of 撐|撑[cheng1],
9308,牛,U+725B,niu2,niú,surname Niu,一對一鬥牛|一对一斗牛|丁骨牛排
9309,牜,U+725C,niu2,niú,,
9310,牝,U+725D,pin4,pìn,"(of a bird, animal or plant) female",小牝牛|牝牡|牝牡驪黃
9311,牞,U+725E,jiu1|le4,jiū|lè,,
9312,牟,U+725F,mou2|mu4|mao4,móu|mù|mào,surname Mou,中牟|中牟縣|中牟县
9313,牠,U+7260,ta1|tuo2,tā|tuó,it (pronoun for an animal),
9314,牡,U+7261,mu3,mǔ,"(of a bird, animal or plant) male",天竺牡丹|牝牡|牝牡驪黃
9315,牢,U+7262,lao2|lao4|lou2,láo|lào|lóu,firm,亡羊補牢|亡羊补牢|吃牢飯
9316,牣,U+7263,ren4,rèn,fill up,
9317,牤,U+7264,mang1,māng,bull,牤牛
9318,牥,U+7265,fang1,fāng,,
9319,牦,U+7266,mao2,máo,yak (Bos grunniens),牦牛
9320,牧,U+7267,mu4,mù,surname Mu,冏牧|卑以自牧|吳自牧
9321,牨,U+7268,gang1,gāng,,
9322,物,U+7269,wu4,wù,(bound form) thing,一物降一物|一類保護動物|一类保护动物
9323,牪,U+726A,yan4,yàn,,
9324,牫,U+726B,ge1|qiu2|zang1,gē|qiú|zāng,,
9325,牬,U+726C,bei4,bèi,,
9326,牭,U+726D,si4,sì,,
9327,牮,U+726E,jian4,jiàn,to prop up,
9328,牯,U+726F,gu3,gǔ,bullock,
9329,牰,U+7270,you4|chou1,yòu|chōu,,
9330,牱,U+7271,ge1,gē,,
9331,牲,U+7272,sheng1,shēng,domestic animal,三牲|宰牲節|宰牲节
9332,牳,U+7273,mu3,mǔ,(bovine),
9333,牴,U+7274,di3|di1|zhai1,dǐ|dī|zhāi,to butt,牴牾|牴觸|牴触
9334,牵,U+7275,qian1,qiān,to lead along,人家牵驴你拔橛|别人牵驴你拔橛子|手牵手
9335,牶,U+7276,quan4,quàn,,
9336,牷,U+7277,quan2,quán,one-color bullock,
9337,牸,U+7278,zi4,zì,female of domestic animals,牸牛|牸馬|牸马
9338,特,U+7279,te4,tè,special,不特|不逮捕特權|不逮捕特权
9339,牺,U+727A,xi1,xī,sacrifice,伏牺|庖牺氏|牺牲
9340,牻,U+727B,mang2,máng,(literary) black and white cattle,牻牛兒苗科|牻牛儿苗科
9341,牼,U+727C,keng1,kēng,shank bone of ox,
9342,牽,U+727D,qian1|qian4,qiān|qiàn,to lead along,人家牽驢你拔橛|別人牽驢你拔橛子|手牽手
9343,牾,U+727E,wu3|wu2,wǔ|wú,to oppose,抵牾|牴牾
9344,牿,U+727F,gu4,gù,shed or pen for cattle,
9345,犀,U+7280,xi1,xī,rhinoceros,冠斑犀鳥|冠斑犀鸟|心有靈犀一點通
9346,犁,U+7281,li2,lí,plow,中俄伊犁條約|中俄伊犁条约|伊犁
9347,犂,U+7282,li2,lí,see 犂靬[Li2 jian1],犂靬
9348,犃,U+7283,pou3,pǒu,,
9349,犄,U+7284,ji1|yi1,jī|yī,ox-horns,犄角|犄角旮旯
9350,犅,U+7285,gang1,gāng,,
9351,犆,U+7286,zhi2|te4,zhí|tè,male animal,
9352,犇,U+7287,ben1,bēn,variant of 奔[ben1],
9353,犈,U+7288,quan2,quán,,
9354,犉,U+7289,chun2,chún,ox,
9355,犊,U+728A,du2,dú,calf,初生之犊不怕虎|初生之犊不畏虎|初生牛犊不怕虎
9356,犋,U+728B,ju4,jù,"unit of animal power (sufficient to pull a plow, harrow etc)",
9357,犌,U+728C,jia1,jiā,,
9358,犍,U+728D,jian1|qian2|jian3,jiān|qián|jiǎn,bullock,犍為|犍为|犍為縣
9359,犎,U+728E,feng1,fēng,zebu,犎牛
9360,犏,U+728F,pian1,piān,used in 犏牛[pian1 niu2],犏牛
9361,犐,U+7290,ke1,kē,,
9362,犑,U+7291,ju2,jú,,
9363,犒,U+7292,kao4,kào,"to reward or comfort with presents of food, drink etc",犒勞|犒劳|犒賞
9364,犓,U+7293,chu2,chú,,
9365,犔,U+7294,xi4,xì,,
9366,犕,U+7295,bei4,bèi,,
9367,犖,U+7296,luo4,luò,brindled ox,
9368,犗,U+7297,jie4,jiè,castrated bull,
9369,犘,U+7298,ma2,má,,
9370,犙,U+7299,san1,sān,,
9371,犚,U+729A,wei4,wèi,,
9372,犛,U+729B,mao2|li2,máo|lí,black ox,
9373,犜,U+729C,dun1,dūn,,
9374,犝,U+729D,tong2,tóng,,
9375,犞,U+729E,qiao2,qiáo,,
9376,犟,U+729F,jiang4,jiàng,variant of 強|强[jiang4],犟勁|犟劲|犟勁兒
9377,犠,U+72A0,xi1,xī,Japanese variant of 犧|牺,
9378,犡,U+72A1,li4,lì,,
9379,犢,U+72A2,du2,dú,calf,初生之犢不怕虎|初生之犢不畏虎|初生牛犢不怕虎
9380,犣,U+72A3,lie4,liè,,
9381,犤,U+72A4,pai2,pái,,
9382,犥,U+72A5,piao1|pao4,piāo|pào,,
9383,犦,U+72A6,bo2,bó,,
9384,犧,U+72A7,xi1|suo1,xī|suō,sacrifice,伏犧|庖犧氏|犧牲
9385,犨,U+72A8,chou1,chōu,panting of cow,
9386,犩,U+72A9,wei2,wéi,"ancient yak of southeast China, also known as 犪牛[kui2 niu2]",
9387,犪,U+72AA,kui2|rao2,kuí|ráo,used in 犪牛[kui2 niu2],犪牛
9388,犫,U+72AB,chou1,chōu,old variant of 犨[chou1],
9389,犬,U+72AC,quan3,quǎn,dog,㹴犬|一人得道，雞犬升天|一人得道，鸡犬升天
9390,犭,U+72AD,quan3,quǎn,three-stroke form of Kangxi radical 94 犬[quan3],
9391,犮,U+72AE,ba2,bá,old variant of 拔[ba2],
9392,犯,U+72AF,fan4,fàn,to violate,一犯再犯|不可侵犯|不可侵犯權
9393,犰,U+72B0,qiu2,qiú,used in 犰狳[qiu2 yu2],犰狳
9394,犱,U+72B1,ji3,jǐ,,
9395,犲,U+72B2,chai2,chái,,
9396,犳,U+72B3,zhuo2,zhuó,,
9397,犴,U+72B4,an4|han1|an2|jian4,àn|hān|án|jiàn,used in 狴犴[bi4 an4],狴犴
9398,犵,U+72B5,ge1|he2,gē|hé,name of a tribe,
9399,状,U+72B6,zhuang4,zhuàng,(bound form) form; appearance; shape,2019冠状病毒病|不可名状|不在状态
9400,犷,U+72B7,guang3,guǎng,rough,粗犷
9401,犸,U+72B8,ma4|ma3,mà|mǎ,used in 猛獁|猛犸[meng3 ma3],猛犸|猛犸象
9402,犹,U+72B9,you2|you4,yóu|yòu,as if,上犹|上犹县|反犹太主义
9403,犺,U+72BA,kang4|gang3,kàng|gǎng,fierce dog,
9404,犻,U+72BB,bo2|pei4|fei4,bó|pèi|fèi,,
9405,犼,U+72BC,hou3,hǒu,mythical man-eating creature resembling a dog,
9406,犽,U+72BD,ya4,yà,,
9407,犾,U+72BE,yin2,yín,,
9408,犿,U+72BF,huan1|fan1,huān|fān,,
9409,狀,U+72C0,zhuang4,zhuàng,(bound form) form; appearance; shape,2019冠狀病毒病|不可名狀|不在狀態
9410,狁,U+72C1,yun3,yǔn,name of a tribe,獫狁|猃狁
9411,狂,U+72C2,kuang2|jue2,kuáng|jué,mad,佯狂|倡狂|偏執狂
9412,狃,U+72C3,niu3|nv4,niǔ|nǜ,accustomed to,
9413,狄,U+72C4,di2|ti4,dí|tì,surname Di,俄狄浦斯|俄狄浦斯情結|俄狄浦斯情结
9414,狅,U+72C5,kuang2,kuáng,,
9415,狆,U+72C6,zhong4,zhòng,Pekingese,
9416,狇,U+72C7,mu4,mù,,
9417,狈,U+72C8,bei4,bèi,a legendary wolf,狼狈|狼狈不堪|狼狈为奸
9418,狉,U+72C9,pi1,pī,puppy badger,
9419,狊,U+72CA,ju2,jú,,
9420,狋,U+72CB,yi2|quan2|chi2,yí|quán|chí,,
9421,狌,U+72CC,sheng1|xing1,shēng|xīng,,
9422,狍,U+72CD,pao2,páo,Siberian roe deer (Capreolus pygargus),東方狍|东方狍|狍子
9423,狎,U+72CE,xia2,xiá,(bound form) (literary) to take liberties with sb or sth,狎妓|狎昵|玩狎
9424,狏,U+72CF,tuo2|yi2,tuó|yí,,
9425,狐,U+72D0,hu2,hú,fox,九尾狐|令狐|令狐德棻
9426,狑,U+72D1,ling2,líng,,
9427,狒,U+72D2,fei4,fèi,hamadryad baboon,狒狒|獅尾狒|狮尾狒
9428,狓,U+72D3,pi2|pi1,pí|pī,"used in the transcription of ""okapi"" 㺢㹢狓[huo4 jia1 pi2]",㺢㹢狓|霍加狓
9429,狔,U+72D4,ni3,nǐ,,
9430,狕,U+72D5,yao3,yǎo,,
9431,狖,U+72D6,you4,yòu,,
9432,狗,U+72D7,gou3,gǒu,dog,串串狗|京巴狗|人憎狗厭
9433,狘,U+72D8,xue4,xuè,jump,
9434,狙,U+72D9,ju1,jū,macaque,狙刺|狙擊|狙击
9435,狚,U+72DA,dan4,dàn,,
9436,狛,U+72DB,bo2,bó,,
9437,狜,U+72DC,ku3,kǔ,,
9438,狝,U+72DD,xian3,xiǎn,to hunt in autumn (archaic),秋狝
9439,狞,U+72DE,ning2,níng,fierce-looking,狰狞|狞笑|狞猫
9440,狟,U+72DF,huan2|xuan1|heng2,huán|xuān|héng,,
9441,狠,U+72E0,hen3|yan2|ken3|hang3,hěn|yán|kěn|hǎng,ruthless; fierce; ferocious,下狠心|兇狠|凶狠
9442,狡,U+72E1,jiao3|xiao4,jiǎo|xiào,crafty,奸狡|狡兔三窟|狡兔死走狗烹
9443,狢,U+72E2,he2|mo4,hé|mò,,
9444,狣,U+72E3,zhao4,zhào,,
9445,狤,U+72E4,ji2|jie2|kuai4,jí|jié|kuài,,
9446,狥,U+72E5,xun4,xùn,variant of 徇[xun4],
9447,狦,U+72E6,shan1,shān,(archaic) vicious dog,
9448,狧,U+72E7,ta4|shi4,tà|shì,,
9449,狨,U+72E8,rong2,róng,marmoset (zoology),
9450,狩,U+72E9,shou4,shòu,to hunt,狩獵|狩猎
9451,狪,U+72EA,tong2|dong4,tóng|dòng,,
9452,狫,U+72EB,lao3,lǎo,name of a tribe,
9453,独,U+72EC,du2,dú,alone,一枝独秀|不独|九宫格数独
9454,狭,U+72ED,xia2,xiá,narrow,二尖瓣狭窄|促狭|促狭鬼
9455,狮,U+72EE,shi1,shī,(bound form) lion,人头狮身|小狮座|山狮
9456,狯,U+72EF,kuai4,kuài,crafty,狡狯
9457,狰,U+72F0,zheng1,zhēng,used in 猙獰|狰狞[zheng1 ning2],狰狞
9458,狱,U+72F1,yu4,yù,prison,下狱|人间地狱|入狱
9459,狲,U+72F2,sun1,sūn,used in 猢猻|猢狲[hu2 sun1],兔狲|树倒猢狲散|猢狲
9460,狳,U+72F3,yu2,yú,used in 犰狳[qiu2 yu2],犰狳
9461,狴,U+72F4,bi4,bì,used in 狴犴[bi4 an4],狴犴
9462,狵,U+72F5,mang2|zhuo2,máng|zhuó,,
9463,狶,U+72F6,xi1|shi3,xī|shǐ,,
9464,狷,U+72F7,juan4,juàn,impetuous,
9465,狸,U+72F8,li2,lí,raccoon dog,果子狸|河狸|沼狸
9466,狹,U+72F9,xia2,xiá,narrow,二尖瓣狹窄|促狹|促狹鬼
9467,狺,U+72FA,yin2,yín,snarling of dogs,
9468,狻,U+72FB,suan1|xun4|jun4,suān|xùn|jùn,used in 狻猊[suan1 ni2],狻猊
9469,狼,U+72FC,lang2|lang3|lang4|hang3,láng|lǎng|làng|hǎng,wolf,中山狼傳|中山狼传|全身性紅斑狼瘡
9470,狽,U+72FD,bei4,bèi,a legendary wolf,狼狽|狼狽不堪|狼狽為奸
9471,狾,U+72FE,zhi4,zhì,,
9472,狿,U+72FF,yan2,yán,,
9473,猀,U+7300,sha1,shā,,
9474,猁,U+7301,li4,lì,used in 猞猁[she1 li4],猞猁
9475,猂,U+7302,han4,hàn,variant of 悍[han4],
9476,猃,U+7303,xian3,xiǎn,a kind of dog with a long snout,猃狁
9477,猄,U+7304,jing1,jīng,,
9478,猅,U+7305,pai2,pái,,
9479,猆,U+7306,fei1,fēi,,
9480,猇,U+7307,xiao1,xiāo,the scream or roar of a tiger,猇亭|猇亭區|猇亭区
9481,猈,U+7308,bai4|pi2,bài|pí,dog with short shinbone,
9482,猉,U+7309,qi2,qí,,
9483,猊,U+730A,ni2,ní,used in 狻猊[suan1 ni2],狻猊
9484,猋,U+730B,biao1,biāo,whirlwind,
9485,猌,U+730C,yin4,yìn,,
9486,猍,U+730D,lai2,lái,,
9487,猎,U+730E,lie4|xi1|que4,liè|xī|què,hunting,侠盗猎车手|偷猎|偷猎者
9488,猏,U+730F,jian1,jiān,,
9489,猐,U+7310,qiang1,qiāng,,
9490,猑,U+7311,kun1,kūn,,
9491,猒,U+7312,yan4,yàn,,
9492,猓,U+7313,guo3|luo3,guǒ|luǒ,monkey,
9493,猔,U+7314,zong4,zòng,,
9494,猕,U+7315,mi2,mí,used in 獼猴|猕猴[mi2 hou2],猕猴|猕猴桃
9495,猖,U+7316,chang1,chāng,ferocious,猖亂|猖乱|猖厲
9496,猗,U+7317,yi1|yi3|ji4|e1|wei1,yī|yǐ|jì|ē|wēi,(interj.),臨猗|临猗|臨猗縣
9497,猘,U+7318,zhi4,zhì,mad dog,
9498,猙,U+7319,zheng1,zhēng,used in 猙獰|狰狞[zheng1 ning2],猙獰
9499,猚,U+731A,ya2|wei4,yá|wèi,,
9500,猛,U+731B,meng3,měng,ferocious,兇猛|凶猛|勇猛
9501,猜,U+731C,cai1,cāi,to guess,兩小無猜|两小无猜|哥德巴赫猜想
9502,猝,U+731D,cu4,cù,abruptly; suddenly; unexpectedly,倉猝|仓猝|匆猝
9503,猞,U+731E,she1,shē,used in 猞猁[she1 li4],猞猁
9504,猟,U+731F,lie4,liè,Japanese variant of 獵|猎,
9505,猠,U+7320,dian3,diǎn,,
9506,猡,U+7321,luo2,luó,name of a tribe,
9507,猢,U+7322,hu2,hú,used in 猢猻|猢狲[hu2 sun1],樹倒猢猻散|树倒猢狲散|猢猻
9508,猣,U+7323,zong1,zōng,dog giving birth to three puppies,
9509,猤,U+7324,gui4,guì,,
9510,猥,U+7325,wei3|wei4,wěi|wèi,humble,淫猥|猥獕|猥瑣
9511,猦,U+7326,feng1,fēng,,
9512,猧,U+7327,wo1,wō,,
9513,猨,U+7328,yuan2,yuán,variant of 猿[yuan2],
9514,猩,U+7329,xing1,xīng,ape,倭黑猩猩|大猩猩|猩化
9515,猪,U+732A,zhu1,zhū,hog,不怕神一样的对手，就怕猪一样的队友|乳猪|亥猪
9516,猫,U+732B,mao1|miao2|mao2,māo|miáo|máo,cat (CL:隻|只[zhi1]),三毛猫|三脚猫|三色猫
9517,猬,U+732C,wei4,wèi,(bound form) hedgehog,刺猬
9518,猭,U+732D,chuan1|chuan4|shan1,chuān|chuàn|shān,ape,
9519,献,U+732E,xian4,xiàn,to offer,什一奉献|供献|借花献佛
9520,猯,U+732F,tuan1,tuān,,
9521,猰,U+7330,ya4|jia2|qie4,yà|jiá|qiè,,
9522,猱,U+7331,nao2,náo,(literary) a kind of gibbon,
9523,猲,U+7332,xie1|he4|ge2|hai4,xiē|hè|gé|hài,frightened,
9524,猳,U+7333,jia1,jiā,mythical ape,猳國|猳国
9525,猴,U+7334,hou2,hóu,monkey,僧帽猴|卷尾猴|嬰猴
9526,猵,U+7335,bian1|pian4,biān|piàn,a kind of otter,猵狙
9527,猶,U+7336,you2|yao2,yóu|yáo,as if,上猶|上猶縣|反猶太主義
9528,猷,U+7337,you2,yóu,to plan,
9529,猸,U+7338,mei2,méi,"used for ferret, badger or mongoose",猸子
9530,猹,U+7339,cha2,chá,Badger-like wild animal,
9531,猺,U+733A,yao2,yáo,Yao tribe,
9532,猻,U+733B,sun1,sūn,used in 猢猻|猢狲[hu2 sun1],兔猻|樹倒猢猻散|猢猻
9533,猼,U+733C,bo2|po4,bó|pò,,
9534,猽,U+733D,ming2,míng,,
9535,猾,U+733E,hua2,huá,sly,奸猾|油猾|狡猾
9536,猿,U+733F,yuan2,yuán,variant of 猿[yuan2],人猿|北京猿人|南方古猿
9537,獀,U+7340,sou1,sōu,dog (dial.),
9538,獁,U+7341,ma4|ma3,mà|mǎ,used in 猛獁|猛犸[meng3 ma3],猛獁|猛獁象
9539,獂,U+7342,yuan2,yuán,,
9540,獃,U+7343,dai1|ai2,dāi|ái,foolish; stupid (variant of 呆[dai1]),痴獃|老年性痴獃症|老年痴獃
9541,獄,U+7344,yu4,yù,prison,下獄|人間地獄|入獄
9542,獅,U+7345,shi1,shī,(bound form) lion,人頭獅身|小獅座|山獅
9543,獆,U+7346,hao2,háo,,
9544,獇,U+7347,qiang1,qiāng,,
9545,獈,U+7348,yi4,yì,,
9546,獉,U+7349,zhen1,zhēn,jungle,
9547,獊,U+734A,cang1,cāng,,
9548,獋,U+734B,hao2|gao1,háo|gāo,old variant of 嗥[hao2],
9549,獌,U+734C,man4,màn,,
9550,獍,U+734D,jing4,jìng,a mythical animal that eats its mother,
9551,獎,U+734E,jiang3,jiǎng,prize; award; bonus; reward,一等獎|中獎|優異獎
9552,獏,U+734F,mo4|mu2,mò|mú,variant of 貘[mo4],
9553,獐,U+7350,zhang1,zhāng,river deer,獐頭鼠目|獐头鼠目|香獐子
9554,獑,U+7351,chan2,chán,,
9555,獒,U+7352,ao2,áo,(bound form) mastiff,獒犬|藏獒|西藏獒犬
9556,獓,U+7353,ao2,áo,,
9557,獔,U+7354,hao2,háo,,
9558,獕,U+7355,cui1,cuī,used in 猥獕[wei3 cui1],猥獕
9559,獖,U+7356,ben4|fen4|fen2,bèn|fèn|fén,,
9560,獗,U+7357,jue2,jué,used in 猖獗[chang1 jue2],猖獗
9561,獘,U+7358,bi4,bì,to collapse,
9562,獙,U+7359,bi4,bì,used in 獙獙[bi4 bi4],獙獙
9563,獚,U+735A,huang2,huáng,spaniel,
9564,獛,U+735B,pu2,pú,,
9565,獜,U+735C,lin2|lin4,lín|lìn,firefly,
9566,獝,U+735D,xu4|yu4,xù|yù,(literary) (of birds) to scatter in fear,
9567,獞,U+735E,tong2|zhuang4,tóng|zhuàng,"old variant of 壯|壮, Zhuang ethnic group of Guangxi",
9568,獟,U+735F,yao4|xiao1,yào|xiāo,,
9569,獠,U+7360,liao2|lao3,liáo|lǎo,fierce,獠牙|青面獠牙
9570,獡,U+7361,shuo4,shuò,,
9571,獢,U+7362,xiao1,xiāo,dog,
9572,獣,U+7363,shou4,shòu,Japanese variant of 獸|兽,
9573,獤,U+7364,dun1,dūn,,
9574,獥,U+7365,jiao4,jiào,,
9575,獦,U+7366,ge2|xie1|lie4,gé|xiē|liè,,
9576,獧,U+7367,juan4,juàn,nimble,
9577,獨,U+7368,du2,dú,alone,一枝獨秀|不獨|九宮格數獨
9578,獩,U+7369,hui4,huì,,
9579,獪,U+736A,kuai4|hua2,kuài|huá,crafty,狡獪
9580,獫,U+736B,xian3,xiǎn,a kind of dog with a long snout,獫狁
9581,獬,U+736C,xie4|ha3|jie3,xiè|hǎ|jiě,see 獬豸[xie4 zhi4],獬豸
9582,獭,U+736D,ta3,tǎ,otter,旱獭|树獭|水獭
9583,獮,U+736E,xian3|mi2,xiǎn|mí,to hunt in autumn (archaic),秋獮
9584,獯,U+736F,xun1,xūn,used in 獯鬻[Xun1 yu4],獯鬻
9585,獰,U+7370,ning2,níng,fierce-looking,猙獰|獰笑|獰貓
9586,獱,U+7371,bian1,biān,old variant of 猵[bian1],
9587,獲,U+7372,huo4,huò,(literary) to catch; to capture,一無所獲|不勞而獲|不求收獲
9588,獳,U+7373,nou4|ru2,nòu|rú,angry dog,
9589,獴,U+7374,meng3|meng2,měng|méng,mongoose,灰獴|狐獴|獴科
9590,獵,U+7375,lie4,liè,hunting,俠盜獵車手|偷獵|偷獵者
9591,獶,U+7376,nao3|you1|nao2,nǎo|yōu|náo,,
9592,獷,U+7377,guang3|jing3,guǎng|jǐng,rough,粗獷
9593,獸,U+7378,shou4,shòu,beast,一逞獸欲|人面獸心|作鳥獸散
9594,獹,U+7379,lu2,lú,,
9595,獺,U+737A,ta3,tǎ,otter,旱獺|樹獺|水獺
9596,獻,U+737B,xian4|suo1|xi1,xiàn|suō|xī,to offer,什一奉獻|供獻|借花獻佛
9597,獼,U+737C,mi2,mí,used in 獼猴|猕猴[mi2 hou2],獼猴|獼猴桃
9598,獽,U+737D,rang2,ráng,,
9599,獾,U+737E,huan1|quan2,huān|quán,variant of 獾[huan1],狗獾|狼獾|蜜獾
9600,獿,U+737F,nao3|nao2,nǎo|náo,,
9601,玀,U+7380,luo2|e3,luó|ě,name of a tribe,
9602,玁,U+7381,xian3,xiǎn,variant of 獫|猃[xian3],
9603,玂,U+7382,qi2,qí,dog giving birth to a puppy,
9604,玃,U+7383,jue2,jué,"legendary ape of Sichuan and Yunnan, with a penchant for carrying off girls",猿玃|玃猿
9605,玄,U+7384,xuan2|xuan4,xuán|xuàn,black,九天玄女|唐玄宗|天地玄黃
9606,玅,U+7385,miao4|yao1,miào|yāo,variant of 妙[miao4],
9607,玆,U+7386,zi1|xuan2,zī|xuán,variant of 茲|兹[zi1],
9608,率,U+7387,lv4|shuai4|lve4,lǜ|shuài|lüè,(bound form) ratio; rate; proportion,上座率|低速率|倍率
9609,玈,U+7388,lu2,lú,black,
9610,玉,U+7389,yu4,yù,jade,不吝珠玉|亞比玉|亚比玉
9611,玊,U+738A,su4,sù,jade with a blemish,
9612,王,U+738B,wang2|wang4|yu4,wáng|wàng|yù,surname Wang,世宗大王|亞瑟王|亚瑟王
9613,玌,U+738C,qiu2,qiú,,
9614,玍,U+738D,ga3,gǎ,variant of 嘎[ga3],
9615,玎,U+738E,ding1,dīng,jingling,玎玲
9616,玏,U+738F,le4,lè,,
9617,玐,U+7390,ba1,bā,,
9618,玑,U+7391,ji1,jī,(literary) baroque pearl; irregular pearl,天玑|字字珠玑|珠玑
9619,玒,U+7392,hong2,hóng,(a kind of jade),
9620,玓,U+7393,di4,dì,pearly,玓瓅|玓𬍛
9621,玔,U+7394,chuan4,chuàn,jade ring,
9622,玕,U+7395,gan1,gān,(inferior gem),
9623,玖,U+7396,jiu3,jiǔ,black jade,
9624,玗,U+7397,yu2,yú,semiprecious stone,珣玗琪
9625,玘,U+7398,qi3,qǐ,type of jade ornament for court dress (old),
9626,玙,U+7399,yu2,yú,ornamental jade,
9627,玚,U+739A,chang4|yang2,chàng|yáng,,
9628,玛,U+739B,ma3,mǎ,used in 瑪瑙|玛瑙[ma3 nao3],伊玛目|伽玛|伽玛射线
9629,玜,U+739C,hong2,hóng,,
9630,玝,U+739D,wu3,wǔ,,
9631,玞,U+739E,fu1,fū,a kind of jade,
9632,玟,U+739F,wen2|min2,wén|mín,jade-like stone,李玟
9633,玠,U+73A0,jie4,jiè,jade tablet indicating rank,
9634,玡,U+73A1,ya2|ya4,yá|yà,variant of 琊[ya2],
9635,玢,U+73A2,bin1|fen1,bīn|fēn,(literary) a kind of jade,賽璐玢|赛璐玢
9636,玣,U+73A3,bian4,biàn,,
9637,玤,U+73A4,bang4,bàng,(gem),
9638,玥,U+73A5,yue4,yuè,pearl used in sacrifice,
9639,玦,U+73A6,jue2,jué,penannular jade pendant,玉玦
9640,玧,U+73A7,men2|yun3,mén|yǔn,,
9641,玨,U+73A8,jue2,jué,gems mounted together,
9642,玩,U+73A9,wan2,wán,to play,古玩|古玩店|吃喝玩樂
9643,玪,U+73AA,jian1|yin2|qian2|lin2,jiān|yín|qián|lín,,
9644,玫,U+73AB,mei2,méi,(fine jade),托勒玫|玫瑰|玫瑰念珠
9645,玬,U+73AC,dan3,dǎn,,
9646,玭,U+73AD,pin2,pín,pearl,
9647,玮,U+73AE,wei3,wěi,(reddish jade),瑰玮|范玮琪
9648,环,U+73AF,huan2,huán,surname Huan,上海环球金融中心|上环|丙环唑
9649,现,U+73B0,xian4,xiàn,to appear,丢人现眼|乍现|二十年目睹之怪现状
9650,玱,U+73B1,qiang1,qiāng,(onom.) tinkling of gems,
9651,玲,U+73B2,ling2,líng,(onom.) ting-a-ling (in compounds such as 玎玲 or 玲瓏|玲珑),丁玲|八面玲瓏|八面玲珑
9652,玳,U+73B3,dai4,dài,tortoise shell,玳瑁|玳瑁殼|玳瑁壳
9653,玴,U+73B4,yi4,yì,,
9654,玵,U+73B5,an2|gan1,án|gān,,
9655,玶,U+73B6,ping2,píng,name of one kind of jade,
9656,玷,U+73B7,dian4|dian1,diàn|diān,blemish,玷污|玷辱|瑕玷
9657,玸,U+73B8,fu2,fú,,
9658,玹,U+73B9,xuan2|xuan4|xian2,xuán|xuàn|xián,jadelike precious stone,
9659,玺,U+73BA,xi3,xǐ,ruler's seal,印玺|国玺|掌玺大臣
9660,玻,U+73BB,bo1,bō,see 玻璃[bo1 li5],不碎玻璃|中空玻璃|希格斯玻色子
9661,玼,U+73BC,ci3|ci1|cuo1,cǐ|cī|cuō,clear (as in a gem),
9662,玽,U+73BD,gou3,gǒu,,
9663,玾,U+73BE,jia3,jiǎ,,
9664,玿,U+73BF,shao2,sháo,(literary) a kind of fine jade,
9665,珀,U+73C0,po4,pò,used in 琥珀[hu3 po4],二硫基琥珀酸鈉|二硫基琥珀酸钠|史蒂芬·哈珀
9666,珁,U+73C1,ci2,cí,,
9667,珂,U+73C2,ke1,kē,jade-like stone,愛羅先珂|爱罗先珂|珂羅版
9668,珃,U+73C3,ran3,rǎn,(jade),
9669,珄,U+73C4,sheng1,shēng,,
9670,珅,U+73C5,shen1,shēn,a kind of jade,和珅
9671,珆,U+73C6,yi2|tai1,yí|tāi,,
9672,珇,U+73C7,zu3|ju4,zǔ|jù,carving on jade,
9673,珈,U+73C8,jia1,jiā,gamma,瑜珈
9674,珉,U+73C9,min2,mín,"alabaster, jade-like stone",玉珉
9675,珊,U+73CA,shan1,shān,coral,卡珊德拉|夜闌珊|夜阑珊
9676,珋,U+73CB,liu3,liǔ,(literary) lustrous precious stone,
9677,珌,U+73CC,bi4,bì,gem on scabbard,
9678,珍,U+73CD,zhen1,zhēn,precious thing,倪桂珍|八珍湯|八珍汤
9679,珎,U+73CE,zhen1,zhēn,variant of 珍[zhen1],
9680,珏,U+73CF,jue2,jué,gems mounted together,
9681,珐,U+73D0,fa4,fà,used in 琺瑯|珐琅[fa4 lang2],珐琅|珐琅质
9682,珑,U+73D1,long2,lóng,tinkling of gem-pendants,八面玲珑|小巧玲珑|玲珑
9683,珒,U+73D2,jin1,jīn,a kind of jade,
9684,珓,U+73D3,jiao4,jiào,pair of hemispherical objects used in divination,杯珓|碑珓
9685,珔,U+73D4,jian4,jiàn,(jade),
9686,珕,U+73D5,li4,lì,,
9687,珖,U+73D6,guang1,guāng,(jade),
9688,珗,U+73D7,xian1,xiān,,
9689,珘,U+73D8,zhou1,zhōu,,
9690,珙,U+73D9,gong3,gǒng,(gem),珙桐|珙縣|珙县
9691,珚,U+73DA,yan1,yān,a kind of jade,
9692,珛,U+73DB,xiu4,xiù,quickly-deteriorating jade,
9693,珜,U+73DC,yang2,yáng,,
9694,珝,U+73DD,xu3,xǔ,a kind of jade,
9695,珞,U+73DE,luo4|li4,luò|lì,neck-ornament,珞巴族|珞巴語|珞巴语
9696,珟,U+73DF,su4,sù,,
9697,珠,U+73E0,zhu1,zhū,bead,七龍珠|七龙珠|不吝珠玉
9698,珡,U+73E1,qin2,qín,"variant of 琴[qin2], guqin or zither",
9699,珢,U+73E2,yin2|ken4,yín|kèn,,
9700,珣,U+73E3,xun2,xún,(gem),珣玗琪
9701,珤,U+73E4,bao3,bǎo,,
9702,珥,U+73E5,er3,ěr,pearl or jade earring,約珥書|约珥书
9703,珦,U+73E6,xiang4,xiàng,a kind of jade,
9704,珧,U+73E7,yao2,yáo,mother-of-pearl,江珧柱
9705,珨,U+73E8,xia2,xiá,,
9706,珩,U+73E9,hang2|heng2,háng|héng,top gem of pendant from girdle,
9707,珪,U+73EA,gui1,guī,variant of 圭[gui1],
9708,珫,U+73EB,chong1,chōng,,
9709,珬,U+73EC,xu4,xù,,
9710,班,U+73ED,ban1,bān,surname Ban,三班倒|上下班|上班
9711,珮,U+73EE,pei4,pèi,girdle ornaments,珮林|高羅珮
9712,珯,U+73EF,lao3,lǎo,,
9713,珰,U+73F0,dang1,dāng,(literary) pendant ornament,
9714,珱,U+73F1,ying1,yīng,,
9715,珲,U+73F2,hui1|hun2,huī|hún,(fine jade),珲春|珲春市|瑷珲条约
9716,珳,U+73F3,wen2,wén,old variant of 玟[wen2],
9717,珴,U+73F4,e2,é,,
9718,珵,U+73F5,cheng2|ting3,chéng|tǐng,fine jade,
9719,珶,U+73F6,di4|ti2,dì|tí,white jade worn on belt,
9720,珷,U+73F7,wu3|wu4,wǔ|wù,inferior gem,
9721,珸,U+73F8,wu2,wú,,
9722,珹,U+73F9,cheng2,chéng,a kind of jade,
9723,珺,U+73FA,jun4,jùn,beautiful jade,
9724,珻,U+73FB,mei2,méi,old variant of 玫[mei2],
9725,珼,U+73FC,bei4,bèi,,
9726,珽,U+73FD,ting3,tǐng,scepter,
9727,現,U+73FE,xian4,xiàn,to appear,丟人現眼|乍現|二十年目睹之怪現狀
9728,珿,U+73FF,chu4,chù,,
9729,琀,U+7400,han2,hán,gems or pearls formerly put into the mouth of a corpse,
9730,琁,U+7401,xuan2|qiong2,xuán|qióng,beautiful jade,
9731,琂,U+7402,yan2,yán,,
9732,球,U+7403,qiu2,qiú,ball used for playing games (variant of 球[qiu2]),三分球|上海環球金融中心|上海环球金融中心
9733,琄,U+7404,xuan4,xuàn,,
9734,琅,U+7405,lang2|lang4,láng|làng,jade-like stone,挡琅|施琅|滿目琳琅
9735,理,U+7406,li3,lǐ,texture,不予理會|不予理会|不加理睬
9736,琇,U+7407,xiu4,xiù,(jade),
9737,琈,U+7408,fu2|fu1,fú|fū,(literary) a kind of jade,
9738,琉,U+7409,liu2,liú,precious stone,帛琉|琉特琴|琉球
9739,琊,U+740A,ya2,yá,"used in place names, notably 瑯琊山|琅琊山[Lang2 ya2 Shan1]",瑯琊|琅琊|瑯琊區
9740,琋,U+740B,xi1,xī,,
9741,琌,U+740C,ling2,líng,,
9742,琍,U+740D,li2,lí,(phonetic character used in transliteration of foreign names),
9743,琎,U+740E,jin4,jìn,jade-like stone,
9744,琏,U+740F,lian3,liǎn,sacrificial vessel used for grain offerings,
9745,琐,U+7410,suo3,suǒ,fragmentary,烦琐|猥琐|琐事
9746,琑,U+7411,suo3,suǒ,,
9747,琒,U+7412,feng1,fēng,,
9748,琓,U+7413,wan2,wán,,
9749,琔,U+7414,dian4,diàn,,
9750,琕,U+7415,pin2|bing3,pín|bǐng,,
9751,琖,U+7416,zhan3,zhǎn,wine cup,
9752,琗,U+7417,se4|cui4,sè|cuì,,
9753,琘,U+7418,min2,mín,,
9754,琙,U+7419,yu4,yù,,
9755,琚,U+741A,ju1,jū,ornamental gems for belt,
9756,琛,U+741B,chen1,chēn,precious stone,亞琛|亚琛|錢其琛
9757,琜,U+741C,lai2,lái,,
9758,琝,U+741D,min2,mín,old variant of 玟[min2],
9759,琞,U+741E,sheng4|wang4,shèng|wàng,,
9760,琟,U+741F,wei2|yu4,wéi|yù,,
9761,琠,U+7420,tian3|tian4,tiǎn|tiàn,gem used as ear plug,
9762,琡,U+7421,chu4,chù,,
9763,琢,U+7422,zuo2|zhuo2,zuó|zhuó,to cut (gems),切磋琢磨|琢磨|精雕細琢
9764,琣,U+7423,beng3|pei3,běng|pěi,,
9765,琤,U+7424,cheng1,chēng,tinkling of gems,琤瑽|琤𪻐
9766,琥,U+7425,hu3,hǔ,used in 琥珀[hu3 po4],二硫基琥珀酸鈉|二硫基琥珀酸钠|琥珀
9767,琦,U+7426,qi2,qí,(literary) fine jade,崔琦
9768,琧,U+7427,e4,è,,
9769,琨,U+7428,kun1,kūn,(jade),
9770,琩,U+7429,chang1,chāng,,
9771,琪,U+742A,qi2,qí,(literary) fine jade,安琪兒|安琪儿|斯沃琪
9772,琫,U+742B,beng3,běng,gem ornament of scabbard,
9773,琬,U+742C,wan3,wǎn,ensign of royalty,
9774,琭,U+742D,lu4,lù,(jade),
9775,琮,U+742E,cong2,cóng,surname Cong,玉琮
9776,琯,U+742F,guan3|gun4|guan1|guan4,guǎn|gùn|guān|guàn,mus. instr.,
9777,琰,U+7430,yan3,yǎn,gem,
9778,琱,U+7431,diao1,diāo,to engrave gems,
9779,琲,U+7432,bei4,bèi,necklace,
9780,琳,U+7433,lin2,lín,gem,傑奎琳|杰奎琳|傑奎琳·肯尼迪
9781,琴,U+7434,qin2,qín,guqin 古琴[gu3 qin2] (a type of zither),一琴一鶴|一琴一鹤|七弦琴
9782,琵,U+7435,pi2,pí,"see 琵琶, pipa lute",洋琵琶|琵嘴鴨|琵嘴鸭
9783,琶,U+7436,pa2,pá,"see 琵琶, pipa lute",洋琵琶|琵琶|琵琶行
9784,琷,U+7437,que4,què,,
9785,琸,U+7438,zhuo2,zhuó,,
9786,琹,U+7439,qin2,qín,"variant of 琴[qin2], guqin or zither",
9787,琺,U+743A,fa4,fà,used in 琺瑯|珐琅[fa4 lang2],琺瑯|琺瑯質
9788,琻,U+743B,jin1,jīn,,
9789,琼,U+743C,qiong2,qióng,abbr. for Hainan Province 海南[Hai3 nan2],仙山琼阁|布琼布拉|琼中
9790,琽,U+743D,du3,dǔ,,
9791,琾,U+743E,jie4,jiè,,
9792,琿,U+743F,hun2|hui1,hún|huī,(fine jade),琿春|琿春市|璦琿條約
9793,瑀,U+7440,yu3,yǔ,(chalcedony),
9794,瑁,U+7441,mao4,mào,(jade),玳瑁|玳瑁殼|玳瑁壳
9795,瑂,U+7442,mei2,méi,(stone which resembles jade),
9796,瑃,U+7443,chun1,chūn,(a kind of jade),
9797,瑄,U+7444,xuan1,xuān,ornamental piece of jade,銘瑄|铭瑄
9798,瑅,U+7445,ti2,tí,,
9799,瑆,U+7446,xing1,xīng,,
9800,瑇,U+7447,dai4,dài,variant of 玳[dai4],
9801,瑈,U+7448,rou2,róu,,
9802,瑉,U+7449,min2,mín,variant of 珉[min2],
9803,瑊,U+744A,jian1,jiān,,
9804,瑋,U+744B,wei3,wěi,(reddish jade),瑰瑋|范瑋琪
9805,瑌,U+744C,ruan3,ruǎn,,
9806,瑍,U+744D,huan4,huàn,,
9807,瑎,U+744E,xie2,xié,,
9808,瑏,U+744F,chuan1,chuān,(jade),
9809,瑐,U+7450,jian3,jiǎn,,
9810,瑑,U+7451,zhuan4,zhuàn,engraved lines,
9811,瑒,U+7452,chang4|yang2|dang4,chàng|yáng|dàng,,
9812,瑓,U+7453,lian4,liàn,,
9813,瑔,U+7454,quan2,quán,jade,
9814,瑕,U+7455,xia2,xiá,blemish,完美無瑕|完美无瑕|滌瑕
9815,瑖,U+7456,duan4,duàn,,
9816,瑗,U+7457,yuan4|huan2,yuàn|huán,large jade ring,
9817,瑘,U+7458,ya2,yá,,
9818,瑙,U+7459,nao3,nǎo,used in 瑪瑙|玛瑙[ma3 nao3],多瑙|多瑙河|瑙蒙短尾鶥
9819,瑚,U+745A,hu2,hú,used in 珊瑚[shan1 hu2],珊瑚|珊瑚潭|珊瑚礁
9820,瑛,U+745B,ying1,yīng,(literary) translucent stone similar to jade,周傳瑛|周传瑛|圓瑛
9821,瑜,U+745C,yu2,yú,excellence,一時瑜亮|一时瑜亮|周瑜
9822,瑝,U+745D,huang2,huáng,,
9823,瑞,U+745E,rui4,ruì,lucky,丹瑞|人瑞|伊利格瑞
9824,瑟,U+745F,se4,sè,"a type of standing harp, smaller than konghou 箜篌, with 5-25 strings",上艾瑟爾|上艾瑟尔|亞瑟
9825,瑠,U+7460,liu2,liú,old variant of 琉[liu2],
9826,瑡,U+7461,shi1,shī,,
9827,瑢,U+7462,rong2,róng,used in 瑽瑢|𪻐瑢[cong1 rong2],瑽瑢|𪻐瑢
9828,瑣,U+7463,suo3,suǒ,fragmentary,煩瑣|猥瑣|瑣事
9829,瑤,U+7464,yao2,yáo,Yao ethnic group of southwest China and southeast Asia,乳源瑤族自治縣|大化瑤族自治縣|富川瑤族自治縣
9830,瑥,U+7465,wen1,wēn,,
9831,瑦,U+7466,wu3,wǔ,,
9832,瑧,U+7467,zhen1,zhēn,(literary) a kind of jade,
9833,瑨,U+7468,jin4,jìn,(literary) jade-like stone,
9834,瑩,U+7469,ying2|ying3,yíng|yǐng,luster of gems,晶瑩|沈瑩|清瑩
9835,瑪,U+746A,ma3,mǎ,used in 瑪瑙|玛瑙[ma3 nao3],伊瑪目|伽瑪|伽瑪射線
9836,瑫,U+746B,tao1,tāo,,
9837,瑬,U+746C,liu2,liú,,
9838,瑭,U+746D,tang2,táng,(jade),
9839,瑮,U+746E,li4,lì,,
9840,瑯,U+746F,lang2,láng,used in 瑯琊|琅琊[Lang2 ya2],擋瑯|琳瑯|琳瑯滿目
9841,瑰,U+7470,gui1,guī,(semiprecious stone),玫瑰|玫瑰念珠|玫瑰戰爭
9842,瑱,U+7471,zhen4|tian4,zhèn|tiàn,"(literary) jade pendants attached to an official hat and hanging beside each ear, symbolizing refusal to listen to malicious talk",
9843,瑲,U+7472,qiang1|cheng1|cang1,qiāng|chēng|cāng,(onom.) tinkling of gems,
9844,瑳,U+7473,cuo1,cuō,luster of gems,
9845,瑴,U+7474,jue2,jué,,
9846,瑵,U+7475,zhao3,zhǎo,,
9847,瑶,U+7476,yao2,yáo,Yao ethnic group of southwest China and southeast Asia,乳源瑶族自治县|大化瑶族自治县|富川瑶族自治县
9848,瑷,U+7477,ai4,ài,fine quality jade,瑷珲条约
9849,瑸,U+7478,bin1,bīn,,
9850,瑹,U+7479,shu1|tu1,shū|tū,,
9851,瑺,U+747A,chang2,cháng,,
9852,瑻,U+747B,kun1,kūn,old variant of 琨[kun1],
9853,瑼,U+747C,zhuan1,zhuān,,
9854,瑽,U+747D,cong1,cōng,used in 瑽瑢|𪻐瑢[cong1 rong2] and 琤瑽|琤𪻐[cheng1 cong1],琤瑽|瑽瑢
9855,瑾,U+747E,jin3|jin4,jǐn|jìn,brilliancy (of gems),秋瑾
9856,瑿,U+747F,yi1,yī,a black stone like jade,
9857,璀,U+7480,cui3,cuǐ,luster of gems,璀璀|璀璨|璀璨奪目
9858,璁,U+7481,cong1,cōng,stone similar to jade,
9859,璂,U+7482,qi2,qí,,
9860,璃,U+7483,li2,lí,(phonetic character used in transliteration of foreign names),不碎玻璃|中空玻璃|擋風玻璃
9861,璄,U+7484,jing3,jǐng,,
9862,璅,U+7485,suo3|zao3,suǒ|zǎo,fragmentary,
9863,璆,U+7486,qiu2,qiú,(gem),
9864,璇,U+7487,xuan2,xuán,(jade),周璇|唐家璇|天璇
9865,璈,U+7488,ao2,áo,(mus. instr.),
9866,璉,U+7489,lian3|lian2,liǎn|lián,sacrificial vessel used for grain offerings,
9867,璊,U+748A,men2,mén,(gem),
9868,璋,U+748B,zhang1,zhāng,"jade tablet used in ceremonies, shaped like the left or right half of a ""gui"" 圭[gui1], also given to male infants to play with",弄璋|朱元璋
9869,璌,U+748C,yin2,yín,,
9870,璍,U+748D,ye4,yè,,
9871,璎,U+748E,ying1,yīng,necklace,璎珞
9872,璏,U+748F,wei4|zhi4,wèi|zhì,,
9873,璐,U+7490,lu4,lù,beautiful jade,賽璐玢|赛璐玢|賽璐珞
9874,璑,U+7491,wu2,wú,,
9875,璒,U+7492,deng1,dēng,,
9876,璓,U+7493,xiu4,xiù,,
9877,璔,U+7494,zeng1,zēng,,
9878,璕,U+7495,xun2,xún,,
9879,璖,U+7496,qu2,qú,,
9880,璗,U+7497,dang4,dàng,,
9881,璘,U+7498,lin2,lín,luster of gem,
9882,璙,U+7499,liao2,liáo,,
9883,璚,U+749A,qiong2|jue2,qióng|jué,half-circle jade ring,
9884,璛,U+749B,su4,sù,,
9885,璜,U+749C,huang2,huáng,semicircular jade ornament,唐璜|裝璜|装璜
9886,璝,U+749D,gui1,guī,variant of 瑰[gui1],
9887,璞,U+749E,pu2,pú,unpolished gem,反璞歸真|反璞归真|歸真返璞
9888,璟,U+749F,jing3,jǐng,luster of gem,
9889,璠,U+74A0,fan2,fán,(gem),
9890,璡,U+74A1,jin4|jin1,jìn|jīn,jade-like stone,
9891,璢,U+74A2,liu2,liú,old variant of 琉[liu2],
9892,璣,U+74A3,ji1,jī,(literary) baroque pearl; irregular pearl,天璣|字字珠璣|珠璣
9893,璤,U+74A4,hui4,huì,,
9894,璥,U+74A5,jing3,jǐng,(gem),
9895,璦,U+74A6,ai4,ài,fine quality jade,璦琿條約
9896,璧,U+74A7,bi4,bì,jade annulus,中西合璧|合璧|完璧
9897,璨,U+74A8,can4,càn,gem,璀璨|璀璨奪目|璀璨夺目
9898,璩,U+74A9,qu2,qú,surname Qu,
9899,璪,U+74AA,zao3,zǎo,pendant of pearls on coronet,
9900,璫,U+74AB,dang1,dāng,(literary) pendant ornament,
9901,璬,U+74AC,jiao3,jiǎo,jade pendant,
9902,璭,U+74AD,gun4,gùn,,
9903,璮,U+74AE,tan3,tǎn,a kind of jade,
9904,璯,U+74AF,hui4|kuai4,huì|kuài,jade ornament in the seams of cap,
9905,環,U+74B0,huan2|huan4,huán|huàn,surname Huan,上海環球金融中心|上環|丙環唑
9906,璱,U+74B1,se4,sè,bright (of jade),
9907,璲,U+74B2,sui4,suì,pendant girdle-ornaments,
9908,璳,U+74B3,tian2,tián,,
9909,璴,U+74B4,chu3,chǔ,,
9910,璵,U+74B5,yu2,yú,ornamental jade,
9911,璶,U+74B6,jin4,jìn,,
9912,璷,U+74B7,lu2|fu1,lú|fū,,
9913,璸,U+74B8,bin1|pian2,bīn|pián,(pearl),
9914,璹,U+74B9,shu2,shú,,
9915,璺,U+74BA,wen4,wèn,"a crack (in porcelain, glassware etc)",裂璺
9916,璻,U+74BB,zui3,zuǐ,,
9917,璼,U+74BC,lan2,lán,,
9918,璽,U+74BD,xi3,xǐ,ruler's seal,印璽|國璽|掌璽大臣
9919,璾,U+74BE,zi1|ji4,zī|jì,,
9920,璿,U+74BF,xuan2,xuán,variant of 璇[xuan2],
9921,瓀,U+74C0,ruan3,ruǎn,opaque,
9922,瓁,U+74C1,wo4,wò,uncarved jade,
9923,瓂,U+74C2,gai4,gài,,
9924,瓃,U+74C3,lei2,léi,,
9925,瓄,U+74C4,du2,dú,,
9926,瓅,U+74C5,li4,lì,brilliance (pearls),玓瓅
9927,瓆,U+74C6,zhi4,zhì,,
9928,瓇,U+74C7,rou2,róu,,
9929,瓈,U+74C8,li2|li,lí|li,variant of 璃[li2],
9930,瓉,U+74C9,zan4,zàn,,
9931,瓊,U+74CA,qiong2|xuan2,qióng|xuán,abbr. for Hainan Province 海南[Hai3 nan2],仙山瓊閣|布瓊布拉|瓊中
9932,瓋,U+74CB,ti4,tì,,
9933,瓌,U+74CC,gui1,guī,old variant of 瑰[gui1],
9934,瓍,U+74CD,sui2,suí,,
9935,瓎,U+74CE,la4,là,,
9936,瓏,U+74CF,long2,lóng,tinkling of gem-pendants,八面玲瓏|小巧玲瓏|玲瓏
9937,瓐,U+74D0,lu2,lú,,
9938,瓑,U+74D1,li4,lì,,
9939,瓒,U+74D2,zan4,zàn,libation cup,
9940,瓓,U+74D3,lan4,làn,,
9941,瓔,U+74D4,ying1,yīng,necklace,瓔珞
9942,瓕,U+74D5,mi2|xi3,mí|xǐ,,
9943,瓖,U+74D6,xiang1,xiāng,ornaments,
9944,瓗,U+74D7,qiong2|wei3|wei4,qióng|wěi|wèi,,
9945,瓘,U+74D8,guan4,guàn,jade used for making goblets,
9946,瓙,U+74D9,dao4,dào,,
9947,瓚,U+74DA,zan4,zàn,libation cup,
9948,瓛,U+74DB,huan2|ye4|yan3,huán|yè|yǎn,(old) jade tablet or scepter held by a duke at ceremonies,
9949,瓜,U+74DC,gua1,guā,melon; gourd; squash,佛手瓜|倭瓜|傻瓜
9950,瓝,U+74DD,bo2,bó,,
9951,瓞,U+74DE,die2,dié,(literary) small melon,綿綿瓜瓞|绵绵瓜瓞
9952,瓟,U+74DF,bo2|pao2,bó|páo,,
9953,瓠,U+74E0,hu4|hu2|huo4|gu1,hù|hú|huò|gū,gourd,瓠瓜
9954,瓡,U+74E1,zhi2|hu2,zhí|hú,,
9955,瓢,U+74E2,piao2,piáo,dipper,七星瓢蟲|七星瓢虫|依葫蘆畫瓢
9956,瓣,U+74E3,ban4,bàn,petal,三尖瓣|二尖瓣|二尖瓣狹窄
9957,瓤,U+74E4,rang2,ráng,pulp (of fruit),松瓤|棺材瓤子|瓤兒
9958,瓥,U+74E5,li4,lì,,
9959,瓦,U+74E6,wa3|wa4,wǎ|wà,roof tile,三天不打，上房揭瓦|三瓦兩舍|三瓦两舍
9960,瓧,U+74E7,瓧,瓧,decawatt (old),
9961,瓨,U+74E8,xiang2|hong2,xiáng|hóng,,
9962,瓩,U+74E9,qian1|wa3,qiān|wǎ,kilowatt (old),
9963,瓪,U+74EA,ban3,bǎn,,
9964,瓫,U+74EB,pen2,pén,,
9965,瓬,U+74EC,fang3,fǎng,potter,
9966,瓭,U+74ED,dan3|dan1,dǎn|dān,,
9967,瓮,U+74EE,weng4,wèng,variant of 甕|瓮[weng4],好酒沉瓮底|瓮中之鳖|瓮中捉鳖
9968,瓯,U+74EF,ou1,ōu,old name for Wenzhou City 溫州市|温州市[Wen1 zhou1 shi4] in Zhejiang 浙江[Zhe4 jiang1],建瓯|建瓯市|瓯海
9969,瓰,U+74F0,瓰,瓰,deciwatt (old),
9970,瓱,U+74F1,瓱,瓱,milliwatt (old),
9971,瓲,U+74F2,wa,wa,,
9972,瓳,U+74F3,hu2,hú,,
9973,瓴,U+74F4,ling2,líng,concave channels of tiling,破竹建瓴
9974,瓵,U+74F5,yi2,yí,earthen jar,
9975,瓶,U+74F6,ping2,píng,bottle,一瓶子不響，半瓶子晃蕩|一瓶子不响，半瓶子晃荡|保溫瓶
9976,瓷,U+74F7,ci2,cí,chinaware,半導瓷|半导瓷|搪瓷
9977,瓸,U+74F8,bai3,bǎi,hectowatt (old),
9978,瓹,U+74F9,juan1|juan4,juān|juàn,,
9979,瓺,U+74FA,chang2,cháng,,
9980,瓻,U+74FB,chi1,chī,large wine jar,
9981,瓼,U+74FC,瓼,瓼,centiwatt (old),
9982,瓽,U+74FD,dang4,dàng,,
9983,瓾,U+74FE,meng3,měng,,
9984,瓿,U+74FF,bu4|pou3,bù|pǒu,a kind of vase (old),安瓿|安瓿瓶
9985,甀,U+7500,zhui4,zhuì,vase with a small mouth,
9986,甁,U+7501,ping2,píng,variant of 瓶[ping2],
9987,甂,U+7502,bian1,biān,,
9988,甃,U+7503,zhou4,zhòu,brickwork of well,
9989,甄,U+7504,zhen1|zhen4|juan4,zhēn|zhèn|juàn,surname Zhen,推甄|甄別|甄别
9990,甅,U+7505,甅,甅,,
9991,甆,U+7506,ci2,cí,,
9992,甇,U+7507,ying1,yīng,earthen jar with long neck,
9993,甈,U+7508,qi4,qì,,
9994,甉,U+7509,xian2,xián,,
9995,甊,U+750A,lou3,lǒu,,
9996,甋,U+750B,di4,dì,a jar without ears,
9997,甌,U+750C,ou1|ou3,ōu|ǒu,old name for Wenzhou City 溫州市|温州市[Wen1 zhou1 shi4] in Zhejiang 浙江[Zhe4 jiang1],建甌|建甌市|甌海
9998,甍,U+750D,meng2,méng,rafters supporting tiles,鴟甍|鸱甍
9999,甎,U+750E,zhuan1|chuan2,zhuān|chuán,variant of 磚|砖[zhuan1],
10000,甏,U+750F,beng4,bèng,"a squat jar for holding wine, sauces etc",
10001,甐,U+7510,lin4,lìn,,
10002,甑,U+7511,zeng4,zèng,cauldron,
10003,甒,U+7512,wu3,wǔ,vase,
10004,甓,U+7513,pi4,pì,glazed tile,
10005,甔,U+7514,dan1|dan4,dān|dàn,big jar,
10006,甕,U+7515,weng4,wèng,surname Weng,好酒沉甕底|甕中之鱉|甕中捉鱉
10007,甖,U+7516,ying1,yīng,variant of 罌|罂[ying1],
10008,甗,U+7517,yan3,yǎn,earthenware vessel,
10009,甘,U+7518,gan1|han1,gān|hān,surname Gan,三酸甘油酯|上甘嶺|上甘岭
10010,甙,U+7519,dai4,dài,"old term for 糖苷[tang2 gan1], glycoside",
10011,甚,U+751A,shen4|shen2,shèn|shén,variant of 什[shen2],一之為甚|一之为甚|一之謂甚
10012,甛,U+751B,tian2,tián,old variant of 甜[tian2],
10013,甜,U+751C,tian2,tián,sweet,傻白甜|加甜|口甜
10014,甝,U+751D,han2,hán,white tiger,
10015,甞,U+751E,chang2,cháng,old variant of 嘗|尝[chang2],
10016,生,U+751F,sheng1,shēng,to be born,一回生二回熟|一回生兩回熟|一回生两回熟
10017,甠,U+7520,qing2,qíng,,
10018,甡,U+7521,shen1,shēn,multitude,
10019,產,U+7522,chan3,chǎn,to give birth,三無產品|不事生產|不動產
10020,産,U+7523,chan3,chǎn,variant of 產|产[chan3],
10021,甤,U+7524,rui2,ruí,,
10022,甥,U+7525,sheng1,shēng,(bound form) sister's son; nephew,外甥|外甥女|外甥女婿
10023,甦,U+7526,su1,sū,variant of 蘇|苏[su1],復甦|心肺復甦術|甦醒
10024,甧,U+7527,shen1,shēn,,
10025,用,U+7528,yong4,yòng,to use; to make use of; to employ,一心二用|一心多用|三用電表
10026,甩,U+7529,shuai3,shuǎi,to throw,沙拉甩乾器|沙拉甩干器|清倉大甩賣
10027,甪,U+752A,lu4,lù,surname Lu,甪端
10028,甫,U+752B,fu3|fu1|pu3,fǔ|fū|pǔ,(classical) barely,巴甫洛夫|李林甫|杜甫
10029,甬,U+752C,yong3|dong4,yǒng|dòng,Yong River 甬江[Yong3 Jiang1] in Ningbo 寧波|宁波[Ning2 bo1],甬江|甬路|甬道
10030,甭,U+752D,beng2|qi4,béng|qì,contracted form of 不用[bu4 yong4],甭管
10031,甮,U+752E,feng4,fèng,old variant of 甭[beng2],
10032,甯,U+752F,ning2|ning4,níng|nìng,variant of 寧|宁[ning2],
10033,田,U+7530,tian2,tián,surname Tian,三田|上田|中華田園犬
10034,由,U+7531,you2|yao1,yóu|yāo,to follow,三島由紀夫|三岛由纪夫|不分情由
10035,甲,U+7532,jia3,jiǎ,first of the ten Heavenly Stems 十天干[shi2 tian1 gan1],一甲|一甲子|三氯甲烷
10036,申,U+7533,shen1,shēn,old name for Shanghai 上海[Shang4 hai3],三令五申|丙申|伊留申
10037,甴,U+7534,zha2|you2,zhá|yóu,used in 曱甴[yue1 zha2],曱甴
10038,电,U+7535,dian4,diàn,lightning,一号电池|七号电池|三用电表
10039,甶,U+7536,fu2,fú,,
10040,男,U+7537,nan2,nán,(bound form) male,一男半女|亂搞男女關係|乱搞男女关系
10041,甸,U+7538,dian1|dian4|tian2|sheng4|ying4,diān|diàn|tián|shèng|yìng,surname Dian,伊甸園|伊甸园|坤甸
10042,甹,U+7539,ping1,pīng,chivalrous knight,
10043,町,U+753A,ting1|ting3|ding1|zheng4|tian3,tīng|tǐng|dīng|zhèng|tiǎn,(used in place names),大麥町|大麦町|室町
10044,画,U+753B,hua4,huà,to draw; to paint,下画线|中国画|乱画
10045,甼,U+753C,ting3,tǐng,,
10046,甽,U+753D,zhen4|quan3|zhun4,zhèn|quǎn|zhùn,"drain between fields, irrigation",
10047,甾,U+753E,zai1|zi1,zāi|zī,steroid nucleus,甾酮|甾醇|睾丸甾酮
10048,甿,U+753F,meng2|mang2,méng|máng,variant of 氓[meng2],
10049,畀,U+7540,bi4,bì,to confer on,
10050,畁,U+7541,bi4,bì,variant of 畀[bi4],
10051,畂,U+7542,liu4,liù,old variant of 畝|亩[mu3],
10052,畃,U+7543,xun2,xún,,
10053,畄,U+7544,liu2,liú,old variant of 留[liu2],
10054,畅,U+7545,chang4,chàng,free,充畅|宽畅|恬畅
10055,畆,U+7546,mu3,mǔ,old variant of 畝|亩[mu3],
10056,畇,U+7547,yun2|tian2,yún|tián,reclaimed land,
10057,畈,U+7548,fan4,fàn,field,
10058,畉,U+7549,fu2,fú,,
10059,畊,U+754A,geng1,gēng,variant of 耕[geng1],
10060,畋,U+754B,tian2,tián,to cultivate (land),畋獵|畋猎
10061,界,U+754C,jie4,jiè,(bound form) boundary; border,三個世界|三个世界|三千大千世界
10062,畍,U+754D,jie4,jiè,,
10063,畎,U+754E,quan3,quǎn,field drains,
10064,畏,U+754F,wei4|wei1|wei3,wèi|wēi|wěi,to fear,不畏|不畏強暴|不畏强暴
10065,畐,U+7550,fu2|bi4,fú|bì,,
10066,畑,U+7551,tian2,tián,"used in Japanese names with phonetic value hatake, bata etc",小畑健|高畑勛|高畑勋
10067,畒,U+7552,mu3,mǔ,old variant of 畝|亩[mu3],
10068,畓,U+7553,duo1,duō,phonetic dap or dābo,
10069,畔,U+7554,pan4,pàn,(bound form) side; edge; boundary,埃文河畔斯特拉特福|江畔|河畔
10070,畕,U+7555,jiang1,jiāng,,
10071,畖,U+7556,wa1,wā,,
10072,畗,U+7557,da2|fu2,dá|fú,,
10073,畘,U+7558,nan2,nán,,
10074,留,U+7559,liu2|liu4|liu3,liú|liù|liǔ,old variant of 留[liu2],久留|伊留申|保留
10075,畚,U+755A,ben3,běn,"a basket or pan used for earth, manure etc",畚斗|畚箕
10076,畛,U+755B,zhen3,zhěn,border,畛域
10077,畜,U+755C,chu4|xu4,chù|xù,livestock,人畜共患症|仔畜|公畜
10078,畝,U+755D,mu3|mou3,mǔ|mǒu,classifier for fields,一畝三分地|公畝|地畝
10079,畞,U+755E,mu3,mǔ,,
10080,畟,U+755F,ce4|ji4,cè|jì,sharp,
10081,畠,U+7560,tian2,tián,,
10082,畡,U+7561,gai1,gāi,,
10083,畢,U+7562,bi4,bì,surname Bi,今日事今日畢|兇相畢露|內羅畢
10084,畣,U+7563,da2,dá,,
10085,畤,U+7564,zhi4|chou2|shi4,zhì|chóu|shì,ancient sacrifice,
10086,略,U+7565,lve4,lüè,brief; sketchy,三略|中國小說史略|中国小说史略
10087,畦,U+7566,qi2,qí,small plot of farm land,菜畦
10088,畧,U+7567,lve4,lüè,variant of 略[lu:e4],
10089,畨,U+7568,pan1|fan1,pān|fān,,
10090,畩,U+7569,yi1,yī,,
10091,番,U+756A,fan1|pan1|fan2|bo1|po2|pan2|pan4|pi2,fān|pān|fán|bō|pó|pán|pàn|pí,surname Pan,三番五次|三番兩次|三番两次
10092,畫,U+756B,hua4,huà,to draw; to paint,下畫線|中國畫|亂畫
10093,畬,U+756C,she1|yu2,shē|yú,(literary) slash-and-burn agriculture,徐繼畬|徐继畬|斫畬
10094,畭,U+756D,yu2,yú,,
10095,畮,U+756E,mu3,mǔ,old variant of 畝|亩[mu3],
10096,畯,U+756F,jun4,jùn,overseer,
10097,異,U+7570,yi4,yì,different,二氯異三聚氰酸鈉|互異|亞硝酸異戊酯
10098,畱,U+7571,liu2,liú,old variant of 留[liu2],
10099,畲,U+7572,she1,shē,She ethnic group,景寧畲族自治縣|景宁畲族自治县|畲族
10100,畳,U+7573,die2,dié,Japanese variant of 疊|叠[die2],
10101,畴,U+7574,chou2,chóu,arable fields,寻来范畴|平畴|范畴
10102,畵,U+7575,hua4,huà,variant of 畫|画[hua4],
10103,當,U+7576,dang1|dang4|dang,dāng|dàng|dang,to be,一夫當關，萬夫莫開|一馬當先|上一次當，學一次乖
10104,畷,U+7577,zhui4,zhuì,raised path between fields,
10105,畸,U+7578,ji1|qi2,jī|qí,lopsided,正畸|畸型|畸形
10106,畹,U+7579,wan3|yuan3,wǎn|yuǎn,a field of 20 or 30 mu,沙畹
10107,畺,U+757A,jiang1|jiang4,jiāng|jiàng,old variant of 疆[jiang1],
10108,畻,U+757B,cheng2,chéng,,
10109,畼,U+757C,chang4,chàng,,
10110,畽,U+757D,tun3|tuan3,tǔn|tuǎn,place trodden by animals,
10111,畾,U+757E,lei2,léi,fields divided by dikes,
10112,畿,U+757F,ji1,jī,territory around the capital,京畿|京畿道|新畿內亞
10113,疀,U+7580,cha1,chā,,
10114,疁,U+7581,liu2,liú,,
10115,疂,U+7582,die2,dié,,
10116,疃,U+7583,tuan3,tuǎn,village,
10117,疄,U+7584,lin4|lin2,lìn|lín,,
10118,疅,U+7585,jiang1,jiāng,,
10119,疆,U+7586,jiang1|jiang4,jiāng|jiàng,border,北疆|南疆|大疆
10120,疇,U+7587,chou2,chóu,arable fields,尋來範疇|平疇|範疇
10121,疈,U+7588,pi4,pì,,
10122,疉,U+7589,die2,dié,variant of 疊|叠[die2],
10123,疊,U+758A,die2,dié,to pile up,三疊紀|二疊紀|動詞重疊
10124,疋,U+758B,pi3|shu1|ya3,pǐ|shū|yǎ,variant of 匹[pi3],
10125,疌,U+758C,jie2|qie4,jié|qiè,,
10126,疍,U+758D,dan4,dàn,variant of 蜑[Dan4],
10127,疎,U+758E,shu1,shū,variant of 疏[shu1],疎謀少略
10128,疏,U+758F,shu1,shū,variant of 疏[shu1],上疏|仗義疏財|仗义疏财
10129,疐,U+7590,zhi4|di4,zhì|dì,prostrate,跋前疐後|跋前疐后|跋胡疐尾
10130,疑,U+7591,yi2|ning2,yí|níng,(bound form) to doubt; to suspect,不容置疑|冘疑|半信半疑
10131,疒,U+7592,ne4,nè,sick,
10132,疓,U+7593,nai3,nǎi,,
10133,疔,U+7594,ding1|ne4,dīng|nè,boil,指疔|暗疔|趾疔
10134,疕,U+7595,bi3,bǐ,facial skin disease,
10135,疖,U+7596,jie1,jiē,pimple,疖子
10136,疗,U+7597,liao2,liáo,to treat,光照治疗|公费医疗|割股疗亲
10137,疘,U+7598,gang1|gong1,gāng|gōng,used in 脫疘|脱肛[tuo1 gang1],脫疘
10138,疙,U+7599,ge1|yi4,gē|yì,pimple,寶貝疙瘩|宝贝疙瘩|疙疸
10139,疚,U+759A,jiu4,jiù,chronic disease,內疚|内疚|愧疚
10140,疛,U+759B,zhou3,zhǒu,,
10141,疜,U+759C,xia4,xià,,
10142,疝,U+759D,shan4,shàn,hernia,疝氣|疝气
10143,疞,U+759E,xu1,xū,,
10144,疟,U+759F,nve4|yao4,nüè|yào,malaria,恶性疟原虫|痎疟|疟原虫
10145,疠,U+75A0,li4,lì,ulcer,瘴疠
10146,疡,U+75A1,yang2,yáng,ulcers,溃疡|疮疡
10147,疢,U+75A2,chen4,chèn,(disease),
10148,疣,U+75A3,you2|you4,yóu|yòu,nodule,尖銳濕疣|尖锐湿疣|濕疣
10149,疤,U+75A4,ba1,bā,scar,傷疤|伤疤|刀疤
10150,疥,U+75A5,jie4,jiè,scabies,疥瘡|疥疮
10151,疦,U+75A6,jue2|xue4,jué|xuè,,
10152,疧,U+75A7,qi2,qí,(literary) disease,
10153,疨,U+75A8,xia1|ya2,xiā|yá,,
10154,疩,U+75A9,cui4,cuì,,
10155,疪,U+75AA,bi4,bì,,
10156,疫,U+75AB,yi4,yì,(bound form) epidemic; plague,主動免疫|主动免疫|人類免疫缺陷病毒
10157,疬,U+75AC,li4,lì,used in 瘰癧|瘰疬[luo3 li4],瘰疬
10158,疭,U+75AD,zong4,zòng,used in 瘛瘲|瘛疭[chi4 zong4],瘛疭
10159,疮,U+75AE,chuang1,chuāng,sore,全身性红斑狼疮|冻疮|千疮百孔
10160,疯,U+75AF,feng1,fēng,insane,人来疯|吓疯|爱疯
10161,疰,U+75B0,zhu4,zhù,,
10162,疱,U+75B1,pao4,pào,pimple,单纯疱疹|单纯疱疹病毒|天疱疮
10163,疲,U+75B2,pi2,pí,weary,不知疲倦|慢性疲勞症候群|慢性疲劳症候群
10164,疳,U+75B3,gan1,gān,rickets,
10165,疴,U+75B4,ke1|e1|qia4,kē|ē|qià,(literary) disease,沉疴
10166,疵,U+75B5,ci1|zi1|zhai4|ji4,cī|zī|zhài|jì,blemish,吹毛求疵|大醇小疵|澡垢索疵
10167,疶,U+75B6,xue1,xuē,dysentery,
10168,疷,U+75B7,zhi1,zhī,,
10169,疸,U+75B8,dan3|da,dǎn|da,used in 疙疸[ge1 da5],八疸|八疸身面黃|八疸身面黄
10170,疹,U+75B9,zhen3|chen4,zhěn|chèn,measles,丘疹|單純皰疹|单纯疱疹
10171,疺,U+75BA,fa2|bian3,fá|biǎn,,
10172,疻,U+75BB,zhi3,zhǐ,,
10173,疼,U+75BC,teng2,téng,(it) hurts; sore,偏疼|好了傷疤忘了疼|好了伤疤忘了疼
10174,疽,U+75BD,ju1|ju3,jū|jǔ,gangrene,壞疽|坏疽|炭疽
10175,疾,U+75BE,ji2,jí,(bound form) disease; ailment,不疾不徐|中國殘疾人聯合會|中国残疾人联合会
10176,疿,U+75BF,fei4,fèi,variant of 痱[fei4],
10177,痀,U+75C0,ju1|gou1,jū|gōu,,
10178,痁,U+75C1,shan1,shān,malarial fever,
10179,痂,U+75C2,jia1,jiā,scab,乳痂|嗜痂成癖|痂皮
10180,痃,U+75C3,xuan2,xuán,,
10181,痄,U+75C4,zha4,zhà,mumps,
10182,病,U+75C5,bing4,bìng,illness,2019冠狀病毒病|2019冠状病毒病|一病不起
10183,痆,U+75C6,nie4|ni4|nian3,niè|nì|niǎn,,
10184,症,U+75C7,zheng4|zheng1,zhèng|zhēng,disease,21三體綜合症|21三体综合症|不孕症
10185,痈,U+75C8,yong1,yōng,carbuncle,养痈贻患|养痈遗患
10186,痉,U+75C9,jing4,jìng,spasm,气管痉挛|热痉挛|痉挛
10187,痊,U+75CA,quan2,quán,to recover (from illness),痊可|痊癒|痊愈
10188,痋,U+75CB,teng2|chong2,téng|chóng,,
10189,痌,U+75CC,tong1|tong2,tōng|tóng,moaning in pain,
10190,痍,U+75CD,yi2,yí,bruise,滿目瘡痍|满目疮痍|瘡痍
10191,痎,U+75CE,jie1,jiē,(archaic) tertian malaria,痎瘧|痎疟
10192,痏,U+75CF,wei3|you4|yu4,wěi|yòu|yù,a bruise or contusion,
10193,痐,U+75D0,hui2,huí,old variant of 蛔[hui2],
10194,痑,U+75D1,tan1|shi3,tān|shǐ,,
10195,痒,U+75D2,yang3|yang2,yǎng|yáng,variant of 癢|痒[yang3],七年之痒|不痛不痒|不知痛痒
10196,痓,U+75D3,chi4,chì,"(TCM) wind-related disease characterized by spasms, convulsions and stiffness",
10197,痔,U+75D4,zhi4,zhì,piles,痔瘡|痔疮
10198,痕,U+75D5,hen2|gen4,hén|gèn,scar,不落痕跡|不落痕迹|不著痕跡
10199,痖,U+75D6,ya3,yǎ,"mute, incapable of speech",
10200,痗,U+75D7,mei4,mèi,disease caused by anxiety,
10201,痘,U+75D8,dou4,dòu,pimple,水痘|爆痘|牛痘
10202,痙,U+75D9,jing4,jìng,spasm,氣管痙攣|熱痙攣|痙攣
10203,痚,U+75DA,xiao1,xiāo,asthma,
10204,痛,U+75DB,tong4,tòng,ache,不痛不癢|不痛不痒|不知痛癢
10205,痜,U+75DC,tu1,tū,old variant of 禿|秃[tu1],
10206,痝,U+75DD,mang2,máng,,
10207,痞,U+75DE,pi3,pǐ,constipation,兵痞|地痞|痞子
10208,痟,U+75DF,xiao1,xiāo,,
10209,痠,U+75E0,suan1,suān,variant of 酸[suan1],
10210,痡,U+75E1,fu1|pu1|pu4,fū|pū|pù,sick,
10211,痢,U+75E2,li4,lì,dysentery,洩痢|泄痢|痢疾
10212,痣,U+75E3,zhi4,zhì,birthmark,毛痣|蜘蛛痣|黃痣藪鶥
10213,痤,U+75E4,cuo2,cuó,acne,氯痤瘡|氯痤疮|痤瘡
10214,痥,U+75E5,duo2,duó,,
10215,痦,U+75E6,wu4|pi1,wù|pī,(flat) mole,痦子
10216,痧,U+75E7,sha1,shā,cholera,刮痧|喉痧|揪痧
10217,痨,U+75E8,lao2,láo,tuberculosis,五痨七伤|痨病|痨病鬼
10218,痩,U+75E9,shou4,shòu,Japanese variant of 瘦[shou4],
10219,痪,U+75EA,huan4|tuan3,huàn|tuǎn,used in 癱瘓|瘫痪[tan1 huan4],瘫痪|陷于瘫痪
10220,痫,U+75EB,xian2,xián,epilepsy,癫痫|癫痫发作|羊痫风
10221,痬,U+75EC,yi4,yì,,
10222,痭,U+75ED,beng1|peng2|bing4,bēng|péng|bìng,menorrhagia,
10223,痮,U+75EE,zhang4,zhàng,,
10224,痯,U+75EF,guan3,guǎn,ill-looking,
10225,痰,U+75F0,tan2,tán,phlegm,化痰|吐痰|咳痰
10226,痱,U+75F1,fei4|fei2|fei3,fèi|féi|fěi,variant of 痱[fei4],痱子|風痱|风痱
10227,痲,U+75F2,ma2,má,leprosy,小兒痲痺|小儿痲痹|痲疹
10228,痳,U+75F3,lin2|lin4|ma2,lín|lìn|má,hernia,
10229,痴,U+75F4,chi1,chī,imbecile,呢呢痴痴|如痴如醉|如醉如痴
10230,痵,U+75F5,ji4,jì,nervous start in sleep,
10231,痶,U+75F6,tian3|dian3,tiǎn|diǎn,,
10232,痷,U+75F7,an1|ye4|e4,ān|yè|è,,
10233,痸,U+75F8,chi4,chì,,
10234,痹,U+75F9,bi4,bì,paralysis,小儿痲痹|小儿麻痹|小儿麻痹病毒
10235,痺,U+75FA,bi4,bì,paralysis,小兒痲痺|小兒麻痺|小兒麻痺病毒
10236,痻,U+75FB,min2,mín,to be ill,
10237,痼,U+75FC,gu4,gù,obstinate disease,沉痼|痼疾|痼癖
10238,痽,U+75FD,dui1,duī,,
10239,痾,U+75FE,e1|ke1,ē|kē,(literary) disease,沉痾
10240,痿,U+75FF,wei3,wěi,atrophy,陽痿|阳痿
10241,瘀,U+7600,yu1,yū,hematoma (internal blood clot),瘀傷|瘀伤|瘀斑
10242,瘁,U+7601,cui4,cuì,care-worn,心力交瘁|神勞形瘁|神劳形瘁
10243,瘂,U+7602,ya3,yǎ,"mute, incapable of speech",
10244,瘃,U+7603,zhu2,zhú,chilblain,
10245,瘄,U+7604,cu4,cù,,
10246,瘅,U+7605,dan1|dan4,dān|dàn,(disease),彰善瘅恶
10247,瘆,U+7606,shen4,shèn,to terrify,瘆人|瘆得慌
10248,瘇,U+7607,zhong3,zhǒng,,
10249,瘈,U+7608,chi4|zhi4,chì|zhì,furious,
10250,瘉,U+7609,yu4,yù,to heal,
10251,瘊,U+760A,hou2,hóu,wart,瘊子
10252,瘋,U+760B,feng1,fēng,insane,人來瘋|嚇瘋|愛瘋
10253,瘌,U+760C,la4,là,scabies,
10254,瘍,U+760D,yang2|dang4,yáng|dàng,ulcers,潰瘍|瘡瘍
10255,瘎,U+760E,chen2,chén,,
10256,瘏,U+760F,tu2,tú,be injured,
10257,瘐,U+7610,yu3|yu4,yǔ|yù,to maltreat (as prisoners),瘐斃|瘐毙|瘐死
10258,瘑,U+7611,guo1,guō,,
10259,瘒,U+7612,wen2,wén,,
10260,瘓,U+7613,huan4,huàn,used in 癱瘓|瘫痪[tan1 huan4],癱瘓|陷於癱瘓
10261,瘔,U+7614,ku4,kù,,
10262,瘕,U+7615,jia3|xia1,jiǎ|xiā,obstruction in the intestine,
10263,瘖,U+7616,yin1|yin4,yīn|yìn,mute,
10264,瘗,U+7617,yi4,yì,bury,
10265,瘘,U+7618,lou4,lòu,fistula,瘘管
10266,瘙,U+7619,sao4,sào,itch,瘙癢|瘙痒|瘙癢病
10267,瘚,U+761A,jue2,jué,to hiccup,
10268,瘛,U+761B,chi4,chì,used in 瘛瘲|瘛疭[chi4 zong4],瘛瘲|瘛疭
10269,瘜,U+761C,xi1,xī,a polypus,瘜肉
10270,瘝,U+761D,guan1,guān,incapacitated,
10271,瘞,U+761E,yi4,yì,bury,
10272,瘟,U+761F,wen1|wo4|yun1,wēn|wò|yūn,epidemic; pestilence; plague,五瘟|五瘟神|暑瘟
10273,瘠,U+7620,ji2,jí,barren,哀毀瘠立|哀毁瘠立|瘠薄
10274,瘡,U+7621,chuang1,chuāng,sore,全身性紅斑狼瘡|凍瘡|千瘡百孔
10275,瘢,U+7622,ban1,bān,mark,痘瘢|瘢痕|麻瘢
10276,瘣,U+7623,hui4|lei3,huì|lěi,,
10277,瘤,U+7624,liu2,liú,tumor,乳頭瘤|乳头瘤|動脈瘤
10278,瘥,U+7625,chai4|cuo2,chài|cuó,to recover from disease,
10279,瘦,U+7626,shou4,shòu,thin,乾瘦|干瘦|削瘦
10280,瘧,U+7627,nve4|yao4,nüè|yào,malaria,惡性瘧原蟲|痎瘧|瘧原蟲
10281,瘨,U+7628,dian1|chen1,diān|chēn,convulsions,
10282,瘩,U+7629,da1|da|da2,dā|da|dá,sore,寶貝疙瘩|宝贝疙瘩|疙瘩
10283,瘪,U+762A,bie3|bie1,biě|biē,variant of 癟|瘪[bie3],干瘪|受瘪|吃瘪
10284,瘫,U+762B,tan1,tān,paralyzed,偏瘫|北京瘫|截瘫
10285,瘬,U+762C,zhang4,zhàng,,
10286,瘭,U+762D,biao1,biāo,whitlow,
10287,瘮,U+762E,shen4,shèn,to terrify,瘮人|瘮得慌
10288,瘯,U+762F,cu4,cù,(skin disease),
10289,瘰,U+7630,luo3,luǒ,used in 瘰癧|瘰疬[luo3 li4],瘰癧|瘰疬|瘰螈
10290,瘱,U+7631,yi4,yì,,
10291,瘲,U+7632,zong4,zòng,used in 瘛瘲|瘛疭[chi4 zong4],瘛瘲
10292,瘳,U+7633,chou1|lu4,chōu|lù,to convalesce,
10293,瘴,U+7634,zhang4,zhàng,malaria,烏煙瘴氣|乌烟瘴气|瘴癘
10294,瘵,U+7635,zhai4|ji4,zhài|jì,(literary) disease (esp. tuberculosis),勞瘵|劳瘵|癆瘵
10295,瘶,U+7636,sou4,sòu,,
10296,瘷,U+7637,se4,sè,,
10297,瘸,U+7638,que2,qué,lame,一瘸一拐|瘸子|瘸幫
10298,瘹,U+7639,diao4,diào,,
10299,瘺,U+763A,lou4,lòu,variant of 瘻|瘘[lou4],
10300,瘻,U+763B,lou4|lv2,lòu|lǘ,fistula,瘻管
10301,瘼,U+763C,mo4,mò,distress,
10302,瘽,U+763D,qin2,qín,,
10303,瘾,U+763E,yin3,yǐn,addiction,上瘾|吸毒成瘾|性瘾
10304,瘿,U+763F,ying3,yǐng,goiter,
10305,癀,U+7640,huang2,huáng,used in 癀病[huang2 bing4],癀病
10306,癁,U+7641,fu2,fú,,
10307,療,U+7642,liao2|liao4|shuo4,liáo|liào|shuò,to treat,光照治療|公費醫療|割股療親
10308,癃,U+7643,long2,lóng,infirmity,癃閉|癃闭
10309,癄,U+7644,qiao2,qiáo,old variant of 憔[qiao2],
10310,癅,U+7645,liu2,liú,old variant of 瘤[liu2],
10311,癆,U+7646,lao2|lao4,láo|lào,tuberculosis,五癆七傷|癆病|癆病鬼
10312,癇,U+7647,xian2,xián,epilepsy,癲癇|癲癇發作|羊癇風
10313,癈,U+7648,fei4,fèi,variant of 廢|废[fei4],
10314,癉,U+7649,dan1|dan4|dan3|tan2,dān|dàn|dǎn|tán,(disease),彰善癉惡
10315,癊,U+764A,yin4,yìn,,
10316,癋,U+764B,he4,hè,,
10317,癌,U+764C,ai2|yan2,ái|yán,cancer; (esp.) carcinoma,乳癌|乳腺癌|基底細胞癌
10318,癍,U+764D,ban1,bān,abnormal pigment deposit on the skin,
10319,癎,U+764E,xian2,xián,"variant of 癇|痫, epilepsy",
10320,癏,U+764F,guan1,guān,,
10321,癐,U+7650,gui4|wei1,guì|wēi,(literary) serious illness,
10322,癑,U+7651,nong4|nong2,nòng|nóng,,
10323,癒,U+7652,yu4,yù,variant of 愈[yu4],不治而癒|治癒|治癒系
10324,癓,U+7653,wei2,wéi,,
10325,癔,U+7654,yi4,yì,used in 癔病[yi4 bing4] and 癔症[yi4 zheng4],癔病|癔症
10326,癕,U+7655,yong1,yōng,old variant of 癰|痈[yong1],
10327,癖,U+7656,pi3,pǐ,habit,咬甲癖|嗜痂成癖|性癖
10328,癗,U+7657,lei3,lěi,,
10329,癘,U+7658,li4|lai4,lì|lài,ulcer,瘴癘
10330,癙,U+7659,shu3,shǔ,illness caused by worry,
10331,癚,U+765A,dan4,dàn,,
10332,癛,U+765B,lin3|bing3,lǐn|bǐng,,
10333,癜,U+765C,dian4,diàn,erythema,白癜風|白癜风
10334,癝,U+765D,lin3,lǐn,,
10335,癞,U+765E,lai4,lài,scabies,癞疮|癞皮狗|癞皮病
10336,癟,U+765F,bie3|bie2|bie1,biě|bié|biē,deflated,乾癟|受癟|吃癟
10337,癠,U+7660,ji4,jì,sick,
10338,癡,U+7661,chi1,chī,variant of 痴[chi1],呢呢癡癡|如癡如醉|如醉如癡
10339,癢,U+7662,yang3,yǎng,to itch,七年之癢|不痛不癢|不知痛癢
10340,癣,U+7663,xuan3,xuǎn,ringworm,干癣|牛皮癣|股癣
10341,癤,U+7664,jie1,jiē,pimple,癤子
10342,癥,U+7665,zheng1,zhēng,abdominal tumor,癥結
10343,癦,U+7666,me,me,,
10344,癧,U+7667,li4,lì,used in 瘰癧|瘰疬[luo3 li4],瘰癧
10345,癨,U+7668,huo4,huò,,
10346,癩,U+7669,lai4|la4,lài|là,scabies,癩瘡|癩皮狗|癩皮病
10347,癪,U+766A,ji1,jī,spasms,
10348,癫,U+766B,dian1,diān,mentally deranged,子癫前症|疯疯癫癫|疯癫
10349,癬,U+766C,xuan3,xuǎn,ringworm,乾癬|牛皮癬|股癬
10350,癭,U+766D,ying3,yǐng,goiter,
10351,癮,U+766E,yin3,yǐn,addiction,上癮|吸毒成癮|性癮
10352,癯,U+766F,qu2,qú,thin,清癯|癯瘦
10353,癰,U+7670,yong1,yōng,carbuncle,養癰貽患|養癰遺患
10354,癱,U+7671,tan1,tān,paralyzed,偏癱|北京癱|截癱
10355,癲,U+7672,dian1,diān,mentally deranged,子癲前症|瘋瘋癲癲|瘋癲
10356,癳,U+7673,luo3,luǒ,,
10357,癴,U+7674,luan2,luán,,
10358,癵,U+7675,luan2,luán,,
10359,癶,U+7676,bo1,bō,"Kangxi radical 105, known as 登字頭|登字头[deng1 zi4 tou2]",
10360,癷,U+7677,bo1,bō,,
10361,癸,U+7678,gui3,guǐ,tenth of the ten Heavenly Stems 十天干[shi2 tian1 gan1],天癸|癸丑|癸亥
10362,癹,U+7679,ba2,bá,,
10363,発,U+767A,fa1,fā,Japanese variant of 發|发,
10364,登,U+767B,deng1|de2,dēng|dé,to scale (a height),一步登天|不登大雅之堂|五穀豐登
10365,發,U+767C,fa1|bo1,fā|bō,to send out,一發不可收拾|一發而不可收|一觸即發
10366,白,U+767D,bai2|bo2,bái|bó,surname Bai,一清二白|一窮二白|一穷二白
10367,百,U+767E,bai3|bo2|mo4,bǎi|bó|mò,surname Bai,一了百了|一傳十，十傳百|一传十，十传百
10368,癿,U+767F,qie2|bie2,qié|bié,(used in place names),
10369,皀,U+7680,ji2|xiang1|bi1,jí|xiāng|bī,one grain,豆皀
10370,皁,U+7681,zao4,zào,black,
10371,皂,U+7682,zao4,zào,soap,不分皂白|不分青紅皂白|不分青红皂白
10372,皃,U+7683,mao4,mào,variant of 貌[mao4],
10373,的,U+7684,de|di1|di2|di4,de|dī|dí|dì,of; ~'s (possessive particle),一根繩上的螞蚱|一根绳上的蚂蚱|一條繩上的螞蚱
10374,皅,U+7685,pa1|ba4,pā|bà,,
10375,皆,U+7686,jie1,jiē,all,一著不慎，滿盤皆輸|一着不慎，满盘皆输|人人皆知
10376,皇,U+7687,huang2|wang3,huáng|wǎng,surname Huang,三皇|三皇五帝|三皇炮捶
10377,皈,U+7688,gui1,guī,to comply with,皈依|皈依者
10378,皉,U+7689,ci3,cǐ,,
10379,皊,U+768A,ling2,líng,,
10380,皋,U+768B,gao1|hao2|gu1,gāo|háo|gū,bank,如皋|如皋市|嵐皋
10381,皌,U+768C,mo4,mò,see 開皌|开皌[kai1 mo4],開皌|开皌
10382,皍,U+768D,ji2,jí,,
10383,皎,U+768E,jiao3,jiǎo,bright,明皎|皎厲|皎厉
10384,皏,U+768F,peng3,pěng,,
10385,皐,U+7690,gao1,gāo,high riverbank,
10386,皑,U+7691,ai2,ái,(literary) white as snow,白雪皑皑|皑皑
10387,皒,U+7692,e2,é,see 皒皒[e2 e2],皒皒
10388,皓,U+7693,hao4|hui1,hào|huī,variant of 皓[hao4],明眸皓齒|明眸皓齿|皓白
10389,皔,U+7694,han4,hàn,,
10390,皕,U+7695,bi4,bì,two-hundred (rarely used),
10391,皖,U+7696,wan3|huan4,wǎn|huàn,short name for Anhui Province 安徽省[An1 hui1 Sheng3],皖南事變|皖南事变|皖系軍閥
10392,皗,U+7697,chou2,chóu,,
10393,皘,U+7698,qian4,qiàn,white,
10394,皙,U+7699,xi1,xī,(literary) fair-skinned; of light complexion,白皙
10395,皚,U+769A,ai2,ái,(literary) white as snow,白雪皚皚|皚皚
10396,皛,U+769B,xiao3|jiao3|po4,xiǎo|jiǎo|pò,,
10397,皜,U+769C,hao4,hào,variant of 皓[hao4],
10398,皝,U+769D,huang4,huàng,luminous,
10399,皞,U+769E,hao4,hào,bright,
10400,皟,U+769F,ze2,zé,,
10401,皠,U+76A0,cui3,cuǐ,,
10402,皡,U+76A1,hao4,hào,,
10403,皢,U+76A2,xiao3,xiǎo,,
10404,皣,U+76A3,ye4,yè,,
10405,皤,U+76A4,po2|pan2,pó|pán,white,
10406,皥,U+76A5,hao4,hào,,
10407,皦,U+76A6,jiao3,jiǎo,surname Jiao,
10408,皧,U+76A7,ai4,ài,,
10409,皨,U+76A8,xing1,xīng,old variant of 星[xing1],
10410,皩,U+76A9,huang4,huàng,,
10411,皪,U+76AA,li4|luo4|bo1,lì|luò|bō,luster (of pearls),
10412,皫,U+76AB,piao3,piǎo,white,
10413,皬,U+76AC,he2,hé,,
10414,皭,U+76AD,jiao4,jiào,pure,
10415,皮,U+76AE,pi2,pí,surname Pi,一肚皮|三個臭皮匠，勝過一個諸葛亮|三个臭皮匠，胜过一个诸葛亮
10416,皯,U+76AF,gan3,gǎn,,
10417,皰,U+76B0,pao4,pào,pimple,單純皰疹|單純皰疹病毒|天皰瘡
10418,皱,U+76B1,zhou4,zhòu,to wrinkle,弄皱|折皱|皱巴巴
10419,皲,U+76B2,jun1,jūn,to chap,皲裂
10420,皳,U+76B3,qiu2,qiú,,
10421,皴,U+76B4,cun1,cūn,chapped,皴裂
10422,皵,U+76B5,que4,què,,
10423,皶,U+76B6,zha1,zhā,,
10424,皷,U+76B7,gu3,gǔ,old variant of 鼓[gu3],
10425,皸,U+76B8,jun1,jūn,to chap,皸裂
10426,皹,U+76B9,jun1,jūn,,
10427,皺,U+76BA,zhou4|zhou1,zhòu|zhōu,to wrinkle,弄皺|折皺|皺巴巴
10428,皻,U+76BB,zha1|cu3,zhā|cǔ,chapped skin,
10429,皼,U+76BC,gu3,gǔ,,
10430,皽,U+76BD,zhao1|zhan3|dan3,zhāo|zhǎn|dǎn,(literary) dead skin cells on the surface of the skin,
10431,皾,U+76BE,du2,dú,,
10432,皿,U+76BF,min3|ming3,mǐn|mǐng,(bound form) dish; vessel; shallow container,器皿|培養皿|培养皿
10433,盀,U+76C0,qi3,qǐ,,
10434,盁,U+76C1,ying2,yíng,,
10435,盂,U+76C2,yu2,yú,basin,水盂|瓶盂|痰盂
10436,盃,U+76C3,bei1,bēi,variant of 杯[bei1],亞洲盃|超級盃|靠盃
10437,盄,U+76C4,zhao1,zhāo,,
10438,盅,U+76C5,zhong1|chong1,zhōng|chōng,handleless cup,色盅|酒盅|陶盅
10439,盆,U+76C6,pen2,pén,basin,二連盆地|二连盆地|伊犁盆地
10440,盇,U+76C7,he2,hé,variant of 盍[he2],
10441,盈,U+76C8,ying2,yíng,full,充盈|喜盈盈|堆案盈几
10442,盉,U+76C9,he2,hé,"vessel similar to a kettle, but with three or four legs, used in ancient times for warming wine",
10443,益,U+76CA,yi4,yì,surname Yi,公益|公益事業|公益事业
10444,盋,U+76CB,bo1,bō,obscure variant of 缽|钵[bo1],
10445,盌,U+76CC,wan3,wǎn,variant of 碗[wan3],
10446,盍,U+76CD,he2|ke3,hé|kě,variant of 盍[he2],
10447,盎,U+76CE,ang4,àng,(literary) ancient earthenware container with a big belly and small mouth,生意盎然|生機盎然|生机盎然
10448,盏,U+76CF,zhan3,zhǎn,a small cup,推杯换盏|灯盏|马拉盏
10449,盐,U+76D0,yan2,yán,salt,乙酸盐|井盐|亚硝酸盐
10450,监,U+76D1,jian1|jian4,jiān|jiàn,to supervise,三宝太监|中国保险监督管理委员会|中国证券监督管理委员会
10451,盒,U+76D2,he2|an1,hé|ān,small box,保險盒|保险盒|八音盒
10452,盓,U+76D3,yu1|wu1,yū|wū,,
10453,盔,U+76D4,kui1,kuī,helmet,丟盔棄甲|丢盔弃甲|扣屎盔子
10454,盕,U+76D5,fan4,fàn,,
10455,盖,U+76D6,gai4|ge3,gài|gě,surname Ge,三八大盖|井盖|倾盖
10456,盗,U+76D7,dao4,dào,to steal,二连巨盗龙|伶盗龙|侠盗猎车手
10457,盘,U+76D8,pan2,pán,tray; plate; dish,C盘|U盘|一盘散沙
10458,盙,U+76D9,fu3,fǔ,,
10459,盚,U+76DA,qiu2,qiú,surname Qiu,
10460,盛,U+76DB,sheng4|cheng2,shèng|chéng,surname Sheng,久負盛名|久负盛名|全盛
10461,盜,U+76DC,dao4,dào,to steal,二連巨盜龍|伶盜龍|俠盜獵車手
10462,盝,U+76DD,lu4,lù,box case,
10463,盞,U+76DE,zhan3,zhǎn,a small cup,推杯換盞|燈盞|馬拉盞
10464,盟,U+76DF,meng2|meng4|ming2,méng|mèng|míng,oath,不結盟|不结盟|不結盟運動
10465,盠,U+76E0,li2,lí,,
10466,盡,U+76E1,jin3|jin4,jǐn|jìn,to use up,一網打盡|一言難盡|一飲而盡
10467,盢,U+76E2,xu4,xù,,
10468,監,U+76E3,jian1|jian4|kan4,jiān|jiàn|kàn,to supervise,三寶太監|中國保險監督管理委員會|中國證券監督管理委員會
10469,盤,U+76E4,pan2|xuan2,pán|xuán,tray; plate; dish,C盤|U盤|一盤散沙
10470,盥,U+76E5,guan4,guàn,to wash (especially hands),濯盥|盥洗|盥洗室
10471,盦,U+76E6,an1,ān,container,
10472,盧,U+76E7,lu2|lv2|lei2,lú|lǘ|léi,surname Lu,佉盧文|圖瓦盧|圖盧斯
10473,盨,U+76E8,xu3,xǔ,,
10474,盩,U+76E9,zhou1|chou2,zhōu|chóu,name of a district in Shaanxi,
10475,盪,U+76EA,dang4,dàng,variant of 蕩|荡[dang4],動盪|回腸盪氣|懸盪
10476,盫,U+76EB,an1,ān,,
10477,盬,U+76EC,gu3|gu4|gu1,gǔ|gù|gū,covered pot,
10478,盭,U+76ED,li4,lì,unreasonable,
10479,目,U+76EE,mu4,mù,eye,一目了然|一目十行|一目瞭然
10480,盯,U+76EF,ding1|cheng2,dīng|chéng,to watch attentively,盯住|盯市|盯梢
10481,盰,U+76F0,gan4,gàn,,
10482,盱,U+76F1,xu1,xū,surname Xu,盱眙|盱眙縣|盱眙县
10483,盲,U+76F2,mang2,máng,blind,半文盲|問道於盲|问道于盲
10484,盳,U+76F3,wang4|mang2,wàng|máng,,
10485,直,U+76F4,zhi2,zhí,surname Zhi,一往直前|一直|一直以來
10486,盵,U+76F5,qi4,qì,surname Qi,
10487,盶,U+76F6,yuan3,yuǎn,,
10488,盷,U+76F7,tian2|xian2|min2,tián|xián|mín,,
10489,相,U+76F8,xiang1|xiang4,xiāng|xiàng,surname Xiang,一相情願|一相情愿|一脈相承
10490,盹,U+76F9,dun3|zhun1,dǔn|zhūn,doze,打盹|打盹兒|打盹儿
10491,盺,U+76FA,xin1,xīn,,
10492,盻,U+76FB,xi4|pan3,xì|pǎn,to glare at,
10493,盼,U+76FC,pan4|fen2,pàn|fén,to hope for,企盼|切盼|奢盼
10494,盽,U+76FD,feng1,fēng,,
10495,盾,U+76FE,dun4|shun3|yun3,dùn|shǔn|yǔn,shield,U盾|人民內部矛盾|人民内部矛盾
10496,盿,U+76FF,min2,mín,,
10497,眀,U+7700,ming2,míng,,
10498,省,U+7701,sheng3|xing3|xian3,shěng|xǐng|xiǎn,to save; to economize; to be frugal,不列顛哥倫比亞省|不列颠哥伦比亚省|不省人事
10499,眂,U+7702,shi4,shì,old variant of 視|视[shi4],
10500,眃,U+7703,yun2|hun4,yún|hùn,,
10501,眄,U+7704,mian3|mian4,miǎn|miàn,to ogle at,恩眄|流眄|眄眄
10502,眅,U+7705,pan1,pān,show the whites of eyes,
10503,眆,U+7706,fang3,fǎng,,
10504,眇,U+7707,miao3|miao4,miǎo|miào,blind in one eye,杳眇|眇小|眇眇
10505,眈,U+7708,dan1|chen3,dān|chěn,used in 眈眈[dan1 dan1],眈眈|虎視眈眈|虎视眈眈
10506,眉,U+7709,mei2,méi,eyebrow,三道眉草鵐|三道眉草鹀|不讓鬚眉
10507,眊,U+770A,mao4|mei4,mào|mèi,having poor eyesight,
10508,看,U+770B,kan4|kan1,kàn|kān,to look after,一切向錢看|一切向钱看|一眼看穿
10509,県,U+770C,xian4,xiàn,Japanese variant of 縣|县,
10510,眍,U+770D,kou1,kōu,to sink in (of eyes),眍䁖
10511,眎,U+770E,shi4,shì,variant of 視|视[shi4],
10512,眏,U+770F,yang1|yang3|ying4,yāng|yǎng|yìng,,
10513,眐,U+7710,zheng1,zhēng,,
10514,眑,U+7711,yao3|ao1|ao3,yǎo|āo|ǎo,sunken eyes,
10515,眒,U+7712,shen1,shēn,,
10516,眓,U+7713,huo4,huò,,
10517,眔,U+7714,da4,dà,,
10518,眕,U+7715,zhen3,zhěn,to restrain anger,
10519,眖,U+7716,kuang4,kuàng,,
10520,眗,U+7717,ju1|xu1|kou1,jū|xū|kōu,,
10521,眘,U+7718,shen4,shèn,,
10522,眙,U+7719,yi2|chi4,yí|chì,place name,盱眙|盱眙縣|盱眙县
10523,眚,U+771A,sheng3,shěng,cataract of the eye,
10524,眛,U+771B,mei4,mèi,blind,
10525,眜,U+771C,mo4|mie4,mò|miè,,
10526,眝,U+771D,zhu4,zhù,,
10527,眞,U+771E,zhen1,zhēn,variant of 真[zhen1],
10528,真,U+771F,zhen1,zhēn,really,一靈真性|一灵真性|不識廬山真面目
10529,眠,U+7720,mian2|mian3|min3,mián|miǎn|mǐn,to sleep,一夜無眠|一夜无眠|不眠不休
10530,眡,U+7721,shi4,shì,old variant of 視|视[shi4],
10531,眢,U+7722,yuan1,yuān,inflamed eyelids,
10532,眣,U+7723,die2|chou1,dié|chōu,prominent eyes,
10533,眤,U+7724,ni4,nì,,
10534,眥,U+7725,zi4,zì,(anatomy) corner of the eye; canthus,以眥睚殺人|內眥|外眥
10535,眦,U+7726,zi4,zì,(anatomy) corner of the eye; canthus,以眦睚杀人|内眦|外眦
10536,眧,U+7727,chao3,chǎo,,
10537,眨,U+7728,zha3,zhǎ,to blink,一眨眼|殺人不眨眼|杀人不眨眼
10538,眩,U+7729,xuan4|huan4|juan4,xuàn|huàn|juàn,(literary) dizzy,周圍性眩暈|周围性眩晕|暈眩
10539,眪,U+772A,bing3|fang3,bǐng|fǎng,,
10540,眫,U+772B,mi3|pan4,mǐ|pàn,,
10541,眬,U+772C,long2,lóng,used in 矇矓|蒙眬[meng2 long2],蒙眬
10542,眭,U+772D,sui1|hui1|xie2|wei4,suī|huī|xié|wèi,surname Sui,
10543,眮,U+772E,tong2,tóng,,
10544,眯,U+772F,mi1|mi2|mi3|mi4,mī|mí|mǐ|mì,to blind (as with dust),眯縫|眯缝|眯眼
10545,眰,U+7730,die4|zhi4,diè|zhì,old variant of 眣[die2],
10546,眱,U+7731,di4,dì,,
10547,眲,U+7732,ne4,nè,,
10548,眳,U+7733,ming2,míng,space between the eyebrows and the eyelashes,眳睛
10549,眴,U+7734,xuan4|shun4|xun2,xuàn|shùn|xún,dazzled,
10550,眵,U+7735,chi1,chī,(bound form) sleep (dried mucus in the corner of the eye),眵目糊|眼眵
10551,眶,U+7736,kuang4,kuàng,(bound form) eye socket,灰眶雀鶥|灰眶雀鹛|熱淚盈眶
10552,眷,U+7737,juan4,juàn,"(bound form) one's family, esp. wife and children",僑眷|侨眷|內眷
10553,眸,U+7738,mou2,móu,pupil (of the eye),回眸|明眸皓齒|明眸皓齿
10554,眹,U+7739,zhen4,zhèn,pupil,
10555,眺,U+773A,tiao4,tiào,to gaze into the distance,憑眺|凭眺|眺望
10556,眻,U+773B,yang2,yáng,,
10557,眼,U+773C,yan3|wen3,yǎn|wěn,"eye (CL:隻|只[zhi1],雙|双[shuang1])",一把眼淚一把鼻涕|一把眼泪一把鼻涕|一板一眼
10558,眽,U+773D,mo4|mi4,mò|mì,to gaze,眽眽
10559,眾,U+773E,zhong4,zhòng,"abbr. for 眾議院|众议院[Zhong4 yi4 yuan4], House of Representatives",一覽眾山小|不孚眾望|不負眾望
10560,眿,U+773F,mo4,mò,,
10561,着,U+7740,zhe|zhao1|zhao2|zhuo2,zhe|zhāo|zháo|zhuó,a move in chess (Taiwan pr. [zhuo2]),一着不慎，满盘皆输|丈二和尚，摸不着头脑|丈二金刚摸不着头脑
10562,睁,U+7741,zheng1,zhēng,to open (one's eyes),目睁口呆|眼睁睁|睁一眼闭一眼
10563,睂,U+7742,mei2,méi,old variant of 眉[mei2],
10564,睃,U+7743,suo1|jun4|juan1,suō|jùn|juān,to throw a glance at; to peer at,睃巡
10565,睄,U+7744,shao4|qiao2|xiao1,shào|qiáo|xiāo,to look at (old variant of 瞧[qiao2]),
10566,睅,U+7745,han4,hàn,protuberant eyes,
10567,睆,U+7746,huan4|huan3,huàn|huǎn,good-looking,
10568,睇,U+7747,di4|ti1|ti2,dì|tī|tí,(literary) to cast a sidelong glance,凝睇|唔好睇|好睇
10569,睈,U+7748,cheng3,chěng,,
10570,睉,U+7749,cuo2|zhuai4,cuó|zhuài,,
10571,睊,U+774A,juan4,juàn,look,
10572,睋,U+774B,e2,é,,
10573,睌,U+774C,man3,mǎn,,
10574,睍,U+774D,xian4,xiàn,goggle-eyed,
10575,睎,U+774E,xi1,xī,to long for,
10576,睏,U+774F,kun4,kùn,sleepy,犯睏|發睏|睏意
10577,睐,U+7750,lai4,lài,to glance,盼睐|眄睐|青睐
10578,睑,U+7751,jian3,jiǎn,eyelid,上眼睑|上睑|下眼睑
10579,睒,U+7752,shan3,shǎn,furtively glance,鍾睒睒|钟睒睒
10580,睓,U+7753,tian3,tiǎn,variant of 㥏[tian3],
10581,睔,U+7754,gun4|huan2|lun3,gùn|huán|lǔn,,
10582,睕,U+7755,wan3|wan4|wan1,wǎn|wàn|wān,,
10583,睖,U+7756,leng4|cheng1,lèng|chēng,to stare blankly,
10584,睗,U+7757,shi4,shì,,
10585,睘,U+7758,qiong2,qióng,variant of 瞏[qiong2],
10586,睙,U+7759,lie4,liè,to roll the eyeballs to look,
10587,睚,U+775A,ya2,yá,(literary) corner of the eye; canthus,以眥睚殺人|以眦睚杀人|眥睚
10588,睛,U+775B,jing1|jing3,jīng|jǐng,eye; eyeball,不長眼睛|不长眼睛|吸睛
10589,睜,U+775C,zheng1,zhēng,to open (one's eyes),目睜口呆|眼睜睜|睜一眼閉一眼
10590,睝,U+775D,li2,lí,,
10591,睞,U+775E,lai4,lài,to glance,盼睞|眄睞|青睞
10592,睟,U+775F,sui4|zui4,suì|zuì,bright eye,
10593,睠,U+7760,juan4,juàn,(literary) to regard with love and affection; to feel concern for (variant of 眷[juan4]),
10594,睡,U+7761,shui4,shuì,to sleep,入睡|午睡|吃喝拉撒睡
10595,睢,U+7762,sui1|hui1|wei3,suī|huī|wěi,surname Sui,恣睢|暴戾恣睢|睢寧
10596,督,U+7763,du1,dū,(bound form) to supervise,中國保險監督管理委員會|中国保险监督管理委员会|中國證券監督管理委員會
10597,睤,U+7764,bi4,bì,,
10598,睥,U+7765,pi4,pì,used in 睥睨[pi4 ni4],睥睨
10599,睦,U+7766,mu4,mù,amicable,不睦|修睦|和睦
10600,睧,U+7767,hun1,hūn,,
10601,睨,U+7768,ni4,nì,to look askance at,傲睨|嗔睨|斜睨
10602,睩,U+7769,lu4,lù,,
10603,睪,U+776A,yi4|ze2|du4|gao1,yì|zé|dù|gāo,to spy out,睪丸
10604,睫,U+776B,jie2|she4,jié|shè,eyelashes,交睫|倒睫|目不交睫
10605,睬,U+776C,cai3,cǎi,variant of 睬[cai3],不加理睬|不理不睬|不瞅不睬
10606,睭,U+776D,zhou3,zhǒu,,
10607,睮,U+776E,yu2,yú,,
10608,睯,U+776F,hun1,hūn,gloomy; depressed,
10609,睰,U+7770,ma4,mà,,
10610,睱,U+7771,xia4|xia2,xià|xiá,,
10611,睲,U+7772,xing3|xing4,xǐng|xìng,,
10612,睳,U+7773,hui1,huī,,
10613,睴,U+7774,gun4,gùn,,
10614,睵,U+7775,zai1,zāi,,
10615,睶,U+7776,chun3,chǔn,,
10616,睷,U+7777,jian1,jiān,,
10617,睸,U+7778,mei4,mèi,,
10618,睹,U+7779,du3,dǔ,to observe,一睹|二十年目睹之怪現狀|二十年目睹之怪现状
10619,睺,U+777A,hou2,hóu,"(appears as phonetic ho, especially in words taken from Sanskrit)",摩睺羅伽|摩睺罗伽|羅睺
10620,睻,U+777B,xuan1,xuān,,
10621,睼,U+777C,tian4,tiàn,,
10622,睽,U+777D,kui2|kui4|ji4,kuí|kuì|jì,separated,眾目睽睽|众目睽睽|睽違
10623,睾,U+777E,gao1|hao4,gāo|hào,(bound form) testicle,睾丸|睾丸扭轉|睾丸扭转
10624,睿,U+777F,rui4,ruì,variant of 睿[rui4],唐睿宗|睿智
10625,瞀,U+7780,mao4|wu2,mào|wú,indistinct vision,佝瞀
10626,瞁,U+7781,xu4,xù,,
10627,瞂,U+7782,fa2,fá,,
10628,瞃,U+7783,wo4,wò,,
10629,瞄,U+7784,miao2,miáo,to take aim,望遠瞄準鏡|望远瞄准镜|瞄一眼
10630,瞅,U+7785,chou3,chǒu,(dialect) to look at,不瞅不睬|東瞧西瞅|东瞧西瞅
10631,瞆,U+7786,kui4,kuì,,
10632,瞇,U+7787,mi1|mi3|mi4,mī|mǐ|mì,to narrow one's eyes,瞇眼|瞇瞇眼|色瞇瞇
10633,瞈,U+7788,weng3,wěng,see 瞈矇|瞈蒙[weng3 meng2],瞈矇|瞈蒙
10634,瞉,U+7789,kou4|ji4,kòu|jì,,
10635,瞊,U+778A,dang4,dàng,,
10636,瞋,U+778B,chen1|tian2|tian4|shen4,chēn|tián|tiàn|shèn,(literary) to stare angrily; to glare,瞋目
10637,瞌,U+778C,ke1,kē,used in 瞌睡[ke1 shui4],打瞌睡|瞌睡|瞌睡蟲
10638,瞍,U+778D,sou3,sǒu,blind,
10639,瞎,U+778E,xia1,xiā,blind,抓瞎|熊瞎子|白瞎
10640,瞏,U+778F,qiong2|huan2,qióng|huán,(literary) to gaze in terror,
10641,瞐,U+7790,mo4,mò,,
10642,瞑,U+7791,ming2|meng2|mian2,míng|méng|mián,to close (the eyes),死不瞑目|瞑想|瞑目
10643,瞒,U+7792,man2,mán,to conceal from,哄瞒|实不相瞒|欺瞒
10644,瞓,U+7793,fen4,fèn,to sleep (Cantonese),眼瞓|瞓覺|瞓觉
10645,瞔,U+7794,ze2,zé,,
10646,瞕,U+7795,zhang4,zhàng,cataract in the eye,
10647,瞖,U+7796,yi4,yì,variant of 翳[yi4],
10648,瞗,U+7797,diao1|dou1,diāo|dōu,,
10649,瞘,U+7798,kou1,kōu,to sink in (of eyes),瞘瞜
10650,瞙,U+7799,mo4,mò,,
10651,瞚,U+779A,shun4,shùn,,
10652,瞛,U+779B,cong1,cōng,,
10653,瞜,U+779C,lou1|lou2|lv2,lōu|lóu|lǘ,to glance at,瞘瞜
10654,瞝,U+779D,chi1,chī,,
10655,瞞,U+779E,man2|men2|men4,mán|mén|mèn,to conceal from,哄瞞|實不相瞞|欺瞞
10656,瞟,U+779F,piao3|piao4|piao1,piǎo|piào|piāo,to cast a glance,
10657,瞠,U+77A0,cheng1|zheng4,chēng|zhèng,stare at sth beyond reach,瞠目|瞠目以對|瞠目以对
10658,瞡,U+77A1,gui1,guī,,
10659,瞢,U+77A2,meng2|mang2|meng4,méng|máng|mèng,eyesight obscured,
10660,瞣,U+77A3,wan4,wàn,,
10661,瞤,U+77A4,run2|shun4,rún|shùn,twitch (muscle or eyelid),目瞤|瞤息
10662,瞥,U+77A5,pie1|bi4,piē|bì,to shoot a glance,一瞥|瞥見|瞥见
10663,瞦,U+77A6,xi1,xī,,
10664,瞧,U+77A7,qiao2,qiáo,to look at,吃著碗裡，瞧著鍋裡|吃着碗里，瞧着锅里|小瞧
10665,瞨,U+77A8,pu2,pú,,
10666,瞩,U+77A9,zhu3,zhǔ,to gaze at,瞩望|瞩目|举世瞩目
10667,瞪,U+77AA,deng4,dèng,to open (one's eyes) wide,乾瞪眼|干瞪眼|吹鬍子瞪眼
10668,瞫,U+77AB,shen3,shěn,surname Shen,
10669,瞬,U+77AC,shun4,shùn,to wink,一瞬|一瞬間|一瞬间
10670,瞭,U+77AD,liao3|liao4,liǎo|liào,(of eyes) bright,一目瞭然|明瞭|瞭哨
10671,瞮,U+77AE,che4,chè,,
10672,瞯,U+77AF,xian2|jian4,xián|jiàn,,
10673,瞰,U+77B0,kan4,kàn,to look down from a height,俯瞰|俯瞰圖|俯瞰图
10674,瞱,U+77B1,ye4,yè,,
10675,瞲,U+77B2,xu4|xue4,xù|xuè,,
10676,瞳,U+77B3,tong2,tóng,pupil of the eye,瞳人|瞳仁|瞳孔
10677,瞴,U+77B4,mou2|wu3|mi2,móu|wǔ|mí,,
10678,瞵,U+77B5,lin2|lin4|lian2,lín|lìn|lián,to stare at,
10679,瞶,U+77B6,gui4|wei4|kui4,guì|wèi|kuì,,
10680,瞷,U+77B7,jian4|xian2,jiàn|xián,to spy,
10681,瞸,U+77B8,ye4,yè,,
10682,瞹,U+77B9,ai4,ài,variant of 曖|暧[ai4],
10683,瞺,U+77BA,hui4,huì,,
10684,瞻,U+77BB,zhan1,zhān,to gaze,前瞻|前瞻性|動見觀瞻
10685,瞼,U+77BC,jian3,jiǎn,eyelid,上眼瞼|上瞼|下眼瞼
10686,瞽,U+77BD,gu3,gǔ,blind,瞽者|瞽闍|瞽阇
10687,瞾,U+77BE,zhao4,zhào,,
10688,瞿,U+77BF,qu2|ju4|ji2,qú|jù|jí,surname Qu,瞿塘峽|瞿塘峡|瞿曇
10689,矀,U+77C0,mei2,méi,,
10690,矁,U+77C1,chou3,chǒu,old variant of 瞅[chou3],
10691,矂,U+77C2,sao4,sào,,
10692,矃,U+77C3,ning3|cheng1,nǐng|chēng,,
10693,矄,U+77C4,xun1,xūn,,
10694,矅,U+77C5,yao4,yào,,
10695,矆,U+77C6,huo4|xue1|yue4|wo4,huò|xuē|yuè|wò,,
10696,矇,U+77C7,meng2|meng3|meng1,méng|měng|mēng,to deceive,啟矇|愚矇|欺矇
10697,矈,U+77C8,mian2,mián,,
10698,矉,U+77C9,pin2,pín,to glare angrily,
10699,矊,U+77CA,mian2,mián,,
10700,矋,U+77CB,lei3,lěi,,
10701,矌,U+77CC,kuang4|guo1,kuàng|guō,,
10702,矍,U+77CD,jue2,jué,surname Jue,矍鑠|矍铄
10703,矎,U+77CE,xuan1|xuan4,xuān|xuàn,,
10704,矏,U+77CF,mian2,mián,,
10705,矐,U+77D0,huo4,huò,,
10706,矑,U+77D1,lu2,lú,,
10707,矒,U+77D2,meng2,méng,,
10708,矓,U+77D3,long2,lóng,used in 矇矓|蒙眬[meng2 long2],矇矓
10709,矔,U+77D4,guan4|quan2,guàn|quán,brilliant (of eyes),
10710,矕,U+77D5,man3|man2,mǎn|mán,,
10711,矖,U+77D6,xi3|li2,xǐ|lí,,
10712,矗,U+77D7,chu4,chù,lofty,矗立|高矗
10713,矘,U+77D8,tang3,tǎng,,
10714,矙,U+77D9,kan4,kàn,variant of 瞰[kan4],
10715,矚,U+77DA,zhu3,zhǔ,to gaze at,矚望|矚目|舉世矚目
10716,矛,U+77DB,mao2,máo,spear,丈八蛇矛|人民內部矛盾|人民内部矛盾
10717,矜,U+77DC,jin1|qin2|guan1,jīn|qín|guān,to boast,哀矜|弔詭矜奇|吊诡矜奇
10718,矝,U+77DD,jin1,jīn,,
10719,矞,U+77DE,yu4|jue2|xu4,yù|jué|xù,grand,
10720,矟,U+77DF,shuo4,shuò,lance,
10721,矠,U+77E0,ze2|zhuo2,zé|zhuó,(old) spear,
10722,矡,U+77E1,jue2,jué,,
10723,矢,U+77E2,shi3,shǐ,arrow,一矢中的|么並矢|幺并矢
10724,矣,U+77E3,yi3|xian2,yǐ|xián,"classical final particle, similar to modern 了[le5]",命不久矣|往事已矣
10725,矤,U+77E4,shen3,shěn,,
10726,知,U+77E5,zhi1|zhi4,zhī|zhì,to know,一問三不知|一问三不知|一望而知
10727,矦,U+77E6,hou2,hóu,old variant of 侯[hou2],
10728,矧,U+77E7,shen3,shěn,(interrog.),
10729,矨,U+77E8,ying3,yǐng,short and small,
10730,矩,U+77E9,ju3,jǔ,variant of 矩[ju3],不以規矩，不能成方圓|不以规矩，不能成方圆|中心矩
10731,矪,U+77EA,zhou1,zhōu,,
10732,矫,U+77EB,jiao3|jiao2,jiǎo|jiáo,surname Jiao,牙齿矫正器|矫健|矫味剂
10733,矬,U+77EC,cuo2,cuó,short,矬子裡拔將軍|矬子里拔将军|矮矬
10734,短,U+77ED,duan3,duǎn,short,一長一短|一长一短|三長兩短
10735,矮,U+77EE,ai3,ǎi,(of a person) short,低矮|棕矮星|白矮星
10736,矯,U+77EF,jiao3|jiao1|jiao2,jiǎo|jiāo|jiáo,surname Jiao,牙齒矯正器|矯健|矯味劑
10737,矰,U+77F0,zeng1,zēng,arrow with a streamer,
10738,矱,U+77F1,yue1,yuē,standard,
10739,矲,U+77F2,ba4,bà,,
10740,石,U+77F3,shi2|dan4,shí|dàn,surname Shi,一石二鳥|一石二鸟|七帶石斑魚
10741,矴,U+77F4,ding4,dìng,variant of 碇[ding4],
10742,矵,U+77F5,qi4|diao1,qì|diāo,,
10743,矶,U+77F6,ji1,jī,breakwater,加利福尼亚大学洛杉矶分校|栗腹矶鸫|洛杉矶
10744,矷,U+77F7,zi3,zǐ,(a kind of stone),
10745,矸,U+77F8,gan1|gan4|gan3|han4,gān|gàn|gǎn|hàn,used in 矸石[gan1 shi2],煤矸石|矸子|矸石
10746,矹,U+77F9,wu4,wù,,
10747,矺,U+77FA,zhe2|da1,zhé|dā,,
10748,矻,U+77FB,ku1|qia4,kū|qià,used in 矻矻[ku1 ku1],孜孜矻矻|矻矻
10749,矼,U+77FC,gang1|kong4|qiang1,gāng|kòng|qiāng,stone bridge,
10750,矽,U+77FD,xi4|xi1,xì|xī,(Tw) silicon (chemistry),矽利康|矽晶片|矽橡膠
10751,矾,U+77FE,fan2,fán,alum,明矾|白矾|皂矾
10752,矿,U+77FF,kuang4,kuàng,mineral deposit; ore deposit,井陉矿区|人矿|南山矿区
10753,砀,U+7800,dang4,dàng,stone with color veins,砀山|砀山县
10754,码,U+7801,ma3,mǎ,(archaic) agate,中文标准交换码|乱码|二维码
10755,砂,U+7802,sha1,shā,sand,丹砂|噴砂|喷砂
10756,砃,U+7803,dan1,dān,white stone,
10757,砄,U+7804,jue2,jué,stone,
10758,砅,U+7805,li4,lì,cross stream by stepping on stones,
10759,砆,U+7806,fu1,fū,agate,
10760,砇,U+7807,min2,mín,,
10761,砈,U+7808,e3,ě,astatine (chemistry) (Tw),
10762,砉,U+7809,huo4|hua1|xu1,huò|huā|xū,sound of a thing flying fast by,
10763,砊,U+780A,kang1|kang4,kāng|kàng,,
10764,砋,U+780B,zhi3,zhǐ,,
10765,砌,U+780C,qi4|qie4,qì|qiè,to build by laying bricks or stones,堆砌|壘砌|垒砌
10766,砍,U+780D,kan3,kǎn,to chop,濫砍濫伐|滥砍滥伐|砍伐
10767,砎,U+780E,jie4,jiè,,
10768,砏,U+780F,bin1|fen1|pin1,bīn|fēn|pīn,,
10769,砐,U+7810,e4,è,,
10770,砑,U+7811,ya4,yà,to calender,
10771,砒,U+7812,pi1,pī,arsenic,甲之蜜糖，乙之砒霜|白砒|砒霜
10772,砓,U+7813,zhe2,zhé,,
10773,研,U+7814,yan2|yan4|xing2,yán|yàn|xíng,to grind,中國教育和科研計算機網|中国教育和科研计算机网|中央研究院
10774,砕,U+7815,sui4,suì,variant of 碎[sui4],
10775,砖,U+7816,zhuan1,zhuān,variant of 甎|砖[zhuan1],冰砖|地板砖|地砖
10776,砗,U+7817,che1,chē,used in 硨磲|砗磲[che1 qu2],砗磲
10777,砘,U+7818,dun4,dùn,(agriculture) to compact loose soil with a stone roller after sowing seeds,砘子
10778,砙,U+7819,wa3,wǎ,,
10779,砚,U+781A,yan4,yàn,ink-stone,古砚|同砚|墨砚
10780,砛,U+781B,jin1,jīn,,
10781,砜,U+781C,feng1,fēng,sulfone,
10782,砝,U+781D,fa2|fa3|jie2|ge2,fá|fǎ|jié|gé,used in 砝碼|砝码[fa3 ma3],砝碼|砝码
10783,砞,U+781E,mo4,mò,,
10784,砟,U+781F,zha3|zha4|zuo2,zhǎ|zhà|zuó,fragments,
10785,砠,U+7820,ju1|zu1,jū|zū,rocky hill,
10786,砡,U+7821,yu4,yù,,
10787,砢,U+7822,ke1|luo3,kē|luǒ,used in 砢磣|砢碜[ke1 chen5],砢磣|砢碜
10788,砣,U+7823,tuo2,tuó,steelyard weight,夯砣|砣子|碾砣
10789,砤,U+7824,tuo2,tuó,,
10790,砥,U+7825,di3|zhi3,dǐ|zhǐ,baffle (pier),中流砥柱|砥礪|砥砺
10791,砦,U+7826,zhai4,zhài,variant of 寨[zhai4],
10792,砧,U+7827,zhen1,zhēn,anvil,砧木|砧板|砧骨
10793,砨,U+7828,e4,è,,
10794,砩,U+7829,fu2|fei4,fú|fèi,dam up water with rocks,
10795,砪,U+782A,mu3,mǔ,,
10796,砫,U+782B,zhu4|zhu3,zhù|zhǔ,ancestral tablet,
10797,砬,U+782C,la2|li4|la1,lá|lì|lā,a huge boulder,白石砬子
10798,砭,U+782D,bian1,biān,ancient stone acupuncture needle,攻砭|痛砭|痛砭時弊
10799,砮,U+782E,nu3|nu2,nǔ|nú,flint,
10800,砯,U+782F,ping1,pīng,(old) (onom.) sound of water against rocks,
10801,砰,U+7830,peng1|ping1|peng4,pēng|pīng|pèng,(onom.) bang; thump,心砰砰跳|砰砰
10802,砱,U+7831,ling2,líng,,
10803,砲,U+7832,pao4|bao2|pu1,pào|báo|pū,variant of 炮[pao4],丟輪扯砲|大沽口砲臺|大沽砲臺
10804,砳,U+7833,le4,lè,rocky,
10805,破,U+7834,po4,pò,broken,一語破的|一语破的|一語道破
10806,砵,U+7835,bo1|e4,bō|è,alms bowl,
10807,砶,U+7836,po4,pò,,
10808,砷,U+7837,shen1,shēn,arsenic (chemistry),二甲基砷酸|亞砷|亚砷
10809,砸,U+7838,za2,zá,to smash,亂石砸死|乱石砸死|小婊砸
10810,砹,U+7839,ai4,ài,astatine (chemistry),
10811,砺,U+783A,li4,lì,grind,再接再砺|砥砺|磨砺
10812,砻,U+783B,long2,lóng,(dialect) tool used to hull rice (similar to a grain mill),雅砻江
10813,砼,U+783C,tong2,tóng,concrete (building material),
10814,砽,U+783D,yong4,yòng,,
10815,砾,U+783E,li4,lì,(bound form) gravel; small stone,沙砾|漂砾|火山砾
10816,砿,U+783F,kuang4,kuàng,,
10817,础,U+7840,chu3,chǔ,foundation,基础|基础问题|基础教育
10818,硁,U+7841,keng1,kēng,obstinate,
10819,硂,U+7842,quan2,quán,,
10820,硃,U+7843,zhu1,zhū,(bound form) cinnabar,皓齒硃唇|硃砂
10821,硄,U+7844,kuang1|guang1,kuāng|guāng,,
10822,硅,U+7845,gui1|he4,guī|hè,silicon (chemistry),二氧化硅|可控硅|四氟化硅
10823,硆,U+7846,e4,è,,
10824,硇,U+7847,nao2,náo,used in 硇砂[nao2 sha1],硇砂
10825,硈,U+7848,qia4,qià,,
10826,硉,U+7849,lu4,lù,,
10827,硊,U+784A,wei3|hui4|gui4,wěi|huì|guì,,
10828,硋,U+784B,ai4,ài,,
10829,硌,U+784C,ge4|luo4|li4,gè|luò|lì,(coll.) (of sth hard or rough) to press against some part of one's body causing discomfort (like a small stone in one's shoe),
10830,硍,U+784D,xian4|yin2|ken4|keng1|yin3,xiàn|yín|kèn|kēng|yǐn,rumbling of rolling stones,
10831,硎,U+784E,xing2|keng1,xíng|kēng,whetstone,
10832,硏,U+784F,yan2|yan4,yán|yàn,variant of 研[yan2],
10833,硐,U+7850,dong4|tong2|liu2,dòng|tóng|liú,variant of 洞[dong4],硐室
10834,硑,U+7851,peng1|ping2,pēng|píng,old variant of 砰[peng1],
10835,硒,U+7852,xi1,xī,selenium (chemistry),硒鼓
10836,硓,U+7853,lao3,lǎo,,
10837,硔,U+7854,hong2|gong3,hóng|gǒng,,
10838,硕,U+7855,shuo4,shuò,(bound form) large; big,企业管理硕士|企管硕士|健硕
10839,硖,U+7856,xia2,xiá,place name,
10840,硗,U+7857,qiao1,qiāo,stony soil,
10841,硘,U+7858,qing,qing,,
10842,硙,U+7859,wei2|wei4,wéi|wèi,used in 磑磑|硙硙[ai2 ai2],硙硙
10843,硚,U+785A,qiao2,qiáo,used in place names,硚口|硚口区|硚头
10844,硛,U+785B,yi4,yì,,
10845,硜,U+785C,keng1|qing4,kēng|qìng,obstinate,
10846,硝,U+785D,xiao1|qiao4,xiāo|qiào,saltpeter,三硝基甲苯|亞硝胺|亚硝胺
10847,硞,U+785E,que4|ke4|ku4,què|kè|kù,,
10848,硟,U+785F,chan4,chàn,,
10849,硠,U+7860,lang2,láng,,
10850,硡,U+7861,hong1,hōng,,
10851,硢,U+7862,yu2,yú,,
10852,硣,U+7863,xiao1,xiāo,,
10853,硤,U+7864,xia2,xiá,place name,
10854,硥,U+7865,mang3|bang4,mǎng|bàng,,
10855,硦,U+7866,luo4|long4,luò|lòng,,
10856,硧,U+7867,yong3|tong2,yǒng|tóng,,
10857,硨,U+7868,che1,chē,used in 硨磲|砗磲[che1 qu2],硨磲
10858,硩,U+7869,che4,chè,,
10859,硪,U+786A,wo4|e2|yi3,wò|é|yǐ,see 石硪[shi2 wo4],石硪
10860,硫,U+786B,liu2|chu4,liú|chù,sulfur (chemistry),乙硫醇|二氧化硫|二硫化碳
10861,硬,U+786C,ying4|geng3,yìng|gěng,hard; stiff; solid,來硬的|来硬的|僵硬
10862,硭,U+786D,mang2,máng,crude saltpeter,
10863,确,U+786E,que4,què,variant of 確|确[que4],上确界|下确界|不明确
10864,硯,U+786F,yan4,yàn,ink-stone,古硯|同硯|墨硯
10865,硰,U+7870,sha1,shā,,
10866,硱,U+7871,kun3,kǔn,,
10867,硲,U+7872,yu4,yù,,
10868,硳,U+7873,chi4,chì,,
10869,硴,U+7874,hua1,huā,,
10870,硵,U+7875,lu3,lǔ,sal ammoniac,
10871,硶,U+7876,chen3|cen2,chěn|cén,,
10872,硷,U+7877,jian3,jiǎn,variant of 鹼|碱[jian3],烟硷
10873,硸,U+7878,nve4,nüè,,
10874,硹,U+7879,song1,sōng,,
10875,硺,U+787A,zhuo2,zhuó,,
10876,硻,U+787B,keng1|keng3,kēng|kěng,obstinate,
10877,硼,U+787C,peng2|peng1,péng|pēng,boron (chemistry),三氟化硼|硼砂|硼酸
10878,硽,U+787D,yan1|yan3,yān|yǎn,,
10879,硾,U+787E,zhui4|duo3,zhuì|duǒ,iodide,
10880,硿,U+787F,kong1|kong4,kōng|kòng,,
10881,碀,U+7880,cheng2,chéng,,
10882,碁,U+7881,qi2,qí,variant of 棋[qi2],宏碁|宏碁集團|宏碁集团
10883,碂,U+7882,zong4|cong2,zòng|cóng,,
10884,碃,U+7883,qing4,qìng,(stone),
10885,碄,U+7884,lin2,lín,,
10886,碅,U+7885,jun1,jūn,,
10887,碆,U+7886,bo1,bō,,
10888,碇,U+7887,ding4,dìng,variant of 碇[ding4],石碇|石碇鄉|石碇乡
10889,碈,U+7888,min2|hun1,mín|hūn,old variant of 珉[min2],
10890,碉,U+7889,diao1,diāo,rock cave (archaic),碉堡
10891,碊,U+788A,jian1|zhan4,jiān|zhàn,,
10892,碋,U+788B,he4,hè,,
10893,碌,U+788C,lu4|liu4|luo4,lù|liù|luò,used in 碌碡[liu4 zhou5],一骨碌|勞碌|劳碌
10894,碍,U+788D,ai4,ài,to hinder,分裂情感性障碍|创伤后应激障碍|勃起功能障碍
10895,碎,U+788E,sui4,suì,(transitive or intransitive) to break into pieces; to shatter; to crumble,七零八碎|不碎玻璃|切碎
10896,碏,U+788F,que4|xi1,què|xī,(gems),
10897,碐,U+7890,leng2,léng,,
10898,碑,U+7891,bei1,bēi,a monument,五人墓碑記|五人墓碑记|人民英雄紀念碑
10899,碒,U+7892,yin2,yín,,
10900,碓,U+7893,dui4|dui1,duì|duī,pestle,
10901,碔,U+7894,wu3,wǔ,inferior gem,
10902,碕,U+7895,qi2|qi1|qi3,qí|qī|qǐ,,
10903,碖,U+7896,lun3|lun4|lun2,lǔn|lùn|lún,,
10904,碗,U+7897,wan3,wǎn,variant of 碗[wan3],一碗水端平|丟飯碗|丢饭碗
10905,碘,U+7898,dian3,diǎn,iodine (chemistry),放射性碘|碘化鈉|碘化钠
10906,碙,U+7899,nao2|gang1,náo|gāng,,
10907,碚,U+789A,bei4,bèi,(used in place names),北碚|北碚區|北碚区
10908,碛,U+789B,qi4,qì,(bound form) moraine; rocks in shallow water,冰碛|沙碛
10909,碜,U+789C,chen3,chěn,gritty (of food),寒碜|牙碜|砢碜
10910,碝,U+789D,ruan3,ruǎn,jade-like stone,
10911,碞,U+789E,yan2,yán,cliff,
10912,碟,U+789F,die2|she2,dié|shé,dish,光碟|光磁碟|光磁碟機
10913,碠,U+78A0,ding4,dìng,,
10914,碡,U+78A1,du2|zhou2,dú|zhóu,"stone roller (for threshing grain, leveling ground etc)",碌碡
10915,碢,U+78A2,tuo2,tuó,,
10916,碣,U+78A3,jie2|ke3|ya4,jié|kě|yà,stone tablet,碑碣
10917,碤,U+78A4,ying1,yīng,,
10918,碥,U+78A5,bian3,biǎn,dangerous rocks jutting out over rapids,
10919,碦,U+78A6,ke4,kè,,
10920,碧,U+78A7,bi4,bì,green jade,倩碧|天水碧|小家碧玉
10921,碨,U+78A8,wei4|wei3,wèi|wěi,,
10922,碩,U+78A9,shuo4,shuò,(bound form) large; big,企業管理碩士|企管碩士|健碩
10923,碪,U+78AA,zhen1|an3|kan4,zhēn|ǎn|kàn,variant of 砧[zhen1],
10924,碫,U+78AB,duan4,duàn,coarse stone (used for whetstone),
10925,碬,U+78AC,xia2,xiá,whetstone,
10926,碭,U+78AD,dang4,dàng,stone with color veins,碭山|碭山縣
10927,碮,U+78AE,ti2|di1,tí|dī,,
10928,碯,U+78AF,nao3,nǎo,variant of 瑙[nao3],
10929,碰,U+78B0,peng4,pèng,variant of 碰[peng4],單方過失碰撞|单方过失碰撞|對對碰
10930,碱,U+78B1,jian3|xian2,jiǎn|xián,variant of 鹼|碱[jian3],三尖杉酯碱|乙酰胆碱|千碱基对
10931,碲,U+78B2,di4,dì,tellurium (chemistry),
10932,碳,U+78B3,tan4,tàn,carbon (chemistry),一氧化碳|七碳糖|三碳糖
10933,碴,U+78B4,cha2|cha1,chá|chā,fault,不對碴兒|不对碴儿|冰碴
10934,碵,U+78B5,tian2,tián,,
10935,碶,U+78B6,qi4,qì,,
10936,碷,U+78B7,dun4,dùn,,
10937,碸,U+78B8,feng1,fēng,sulfone,
10938,碹,U+78B9,xuan4,xuàn,,
10939,確,U+78BA,que4,què,authenticated,上確界|下確界|不明確
10940,碻,U+78BB,que4|qiao1,què|qiāo,solid,
10941,碼,U+78BC,ma3,mǎ,(archaic) agate,中文標準交換碼|亂碼|二維碼
10942,碽,U+78BD,gong1,gōng,,
10943,碾,U+78BE,nian3,niǎn,stone roller,水碾|汽碾|碾坊
10944,碿,U+78BF,su4|xie4,sù|xiè,,
10945,磀,U+78C0,e2,é,,
10946,磁,U+78C1,ci2,cí,magnetic,光磁|光磁碟|光磁碟機
10947,磂,U+78C2,liu2|liu4,liú|liù,,
10948,磃,U+78C3,si1|ti2,sī|tí,,
10949,磄,U+78C4,tang2,táng,,
10950,磅,U+78C5,bang4|pang2|pang1,bàng|páng|pāng,scale (instrument for weighing),台磅|磅刷|磅礡
10951,磆,U+78C6,hua2|ke3|gu1,huá|kě|gū,,
10952,磇,U+78C7,pi1,pī,,
10953,磈,U+78C8,wei3|kui3,wěi|kuǐ,rocky,
10954,磉,U+78C9,sang3,sǎng,stone plinth,
10955,磊,U+78CA,lei3,lěi,lumpy,丁磊|光明磊落|磊磊
10956,磋,U+78CB,cuo1,cuō,"(old) to polish bones, horns, ivory etc into tools",切磋|切磋琢磨|磋商
10957,磌,U+78CC,tian2,tián,,
10958,磍,U+78CD,xia2|qia4|ya4,xiá|qià|yà,,
10959,磎,U+78CE,xi1|qi1,xī|qī,mountain stream,
10960,磏,U+78CF,lian2|qian1,lián|qiān,,
10961,磐,U+78D0,pan2,pán,firm,堅如磐石|坚如磐石|堅若磐石
10962,磑,U+78D1,wei2|wei4|ai2|gai4,wéi|wèi|ái|gài,used in 磑磑|硙硙[ai2 ai2],磑磑
10963,磒,U+78D2,yun3,yǔn,,
10964,磓,U+78D3,dui1|zhui4,duī|zhuì,,
10965,磔,U+78D4,zhe2,zhé,"old term for the right-falling stroke in Chinese characters (e.g. the last stroke of 大[da4]), now called 捺[na4]",
10966,磕,U+78D5,ke1|ke3,kē|kě,to tap,死磕|磕碰|磕磕
10967,磖,U+78D6,la2|la1,lá|lā,old variant of 砬[la2],
10968,磗,U+78D7,zhuan1,zhuān,,
10969,磘,U+78D8,yao2,yáo,,
10970,磙,U+78D9,gun3,gǔn,roller,石磙
10971,磚,U+78DA,zhuan1|tuan2|tuo2,zhuān|tuán|tuó,brick,冰磚|地板磚|地磚
10972,磛,U+78DB,chan2,chán,cliff,
10973,磜,U+78DC,qi4|qi1,qì|qī,(used in place names),
10974,磝,U+78DD,ao2|qiao1,áo|qiāo,,
10975,磞,U+78DE,peng1,pēng,,
10976,磟,U+78DF,liu4|lu4,liù|lù,variant of 碌[liu4],
10977,磠,U+78E0,lu3,lǔ,sal ammoniac,
10978,磡,U+78E1,kan4,kàn,dangerous sea-cliff,紅磡|红磡
10979,磢,U+78E2,chuang3,chuǎng,,
10980,磣,U+78E3,chen3|ca4,chěn|cà,gritty (of food),寒磣|牙磣|砢磣
10981,磤,U+78E4,yin3|yin1,yǐn|yīn,(onom.) sound of thunder,
10982,磥,U+78E5,lei3|lei2,lěi|léi,a heap of stones,
10983,磦,U+78E6,biao1,biāo,,
10984,磧,U+78E7,qi4,qì,(bound form) moraine; rocks in shallow water,冰磧|沙磧
10985,磨,U+78E8,mo2|mo4,mó|mò,to rub,不可磨滅|不可磨灭|刀不磨要生鏽，人不學要落後
10986,磩,U+78E9,qi4|zhu2,qì|zhú,,
10987,磪,U+78EA,cui1,cuī,a high mountain,
10988,磫,U+78EB,zong1,zōng,,
10989,磬,U+78EC,qing4|qing3,qìng|qǐng,"chime stones, ancient percussion instrument made of stone or jade pieces hung in a row and struck as a xylophone",磬竭|編磬|编磬
10990,磭,U+78ED,chuo4,chuò,big lip,
10991,磮,U+78EE,lun2,lún,,
10992,磯,U+78EF,ji1,jī,breakwater,加利福尼亞大學洛杉磯分校|栗腹磯鶇|洛杉磯
10993,磰,U+78F0,shan4,shàn,,
10994,磱,U+78F1,lao2,láo,,
10995,磲,U+78F2,qu2,qú,used in 硨磲|砗磲[che1 qu2],硨磲|砗磲
10996,磳,U+78F3,zeng1,zēng,,
10997,磴,U+78F4,deng4|deng1,dèng|dēng,cliff-ledge,磴口|磴口縣|磴口县
10998,磵,U+78F5,jian4,jiàn,variant of 澗|涧[jian4],
10999,磶,U+78F6,xi4,xì,,
11000,磷,U+78F7,lin2|lin4|lin3|ling2,lín|lìn|lǐn|líng,variant of 磷[lin2],三氯化磷|三氯氧磷|三磷酸腺苷
11001,磸,U+78F8,ding4,dìng,,
11002,磹,U+78F9,tan2|dian4,tán|diàn,stone wedge,
11003,磺,U+78FA,huang2|kuang4|gong3,huáng|kuàng|gǒng,sulfur,二硫基丙磺酸鈉|二硫基丙磺酸钠|烷基苯磺酸鈉
11004,磻,U+78FB,pan2|bo1,pán|bō,name of a river in Shaanxi,
11005,磼,U+78FC,za2|she2,zá|shé,,
11006,磽,U+78FD,qiao1|qiao3|qiao4|ao2,qiāo|qiǎo|qiào|áo,stony soil,
11007,磾,U+78FE,di1,dī,,
11008,磿,U+78FF,li4,lì,,
11009,礀,U+7900,jian4,jiàn,variant of 澗|涧[jian4],
11010,礁,U+7901,jiao1,jiāo,reef,堡礁|大堡礁|斯卡伯勒礁
11011,礂,U+7902,xi1,xī,,
11012,礃,U+7903,zhang3,zhǎng,,
11013,礄,U+7904,qiao2,qiáo,used in place names,礄口|礄口區|礄頭
11014,礅,U+7905,dun1,dūn,stone block,
11015,礆,U+7906,jian3|xian3,jiǎn|xiǎn,variant of 鹼|碱[jian3],煙礆|菸礆
11016,礇,U+7907,yu4,yù,,
11017,礈,U+7908,zhui4,zhuì,,
11018,礉,U+7909,he2|qiao1|qiao4|ao2,hé|qiāo|qiào|áo,,
11019,礊,U+790A,ke4|huo4,kè|huò,,
11020,礋,U+790B,ze2,zé,,
11021,礌,U+790C,lei2|lei4|lei3,léi|lèi|lěi,used in 礌石[lei2 shi2],礌石
11022,礍,U+790D,jie2,jié,,
11023,礎,U+790E,chu3,chǔ,foundation,基礎|基礎問題|基礎教育
11024,礏,U+790F,ye4,yè,,
11025,礐,U+7910,que4|hu2,què|hú,(arch.) precious stone,
11026,礑,U+7911,dang4,dàng,,
11027,礒,U+7912,yi3,yǐ,,
11028,礓,U+7913,jiang1,jiāng,a small stone,砂礓
11029,礔,U+7914,pi1,pī,,
11030,礕,U+7915,pi1,pī,,
11031,礖,U+7916,yu4,yù,,
11032,礗,U+7917,pin1,pīn,sound of crushed stone,
11033,礘,U+7918,e4|qi4,è|qì,,
11034,礙,U+7919,ai4|yi2,ài|yí,to hinder,分裂情感性障礙|創傷後應激障礙|勃起功能障礙
11035,礚,U+791A,ke1,kē,variant of 磕[ke1],
11036,礛,U+791B,jian1,jiān,,
11037,礜,U+791C,yu4,yù,arsenic,礜石
11038,礝,U+791D,ruan3,ruǎn,old variant of 碝[ruan3],
11039,礞,U+791E,meng2,méng,(mineral),
11040,礟,U+791F,pao4,pào,,
11041,礠,U+7920,ci2,cí,,
11042,礡,U+7921,bo2,bó,used in 磅礡|磅礴[pang2 bo2],磅礡
11043,礢,U+7922,yang3,yǎng,,
11044,礣,U+7923,ma4,mà,,
11045,礤,U+7924,ca3,cǎ,shredder,礤床|礤床兒|礤床儿
11046,礥,U+7925,xian2|xin2,xián|xín,,
11047,礦,U+7926,kuang4|gong3,kuàng|gǒng,mineral deposit; ore deposit,井陘礦區|人礦|南山礦區
11048,礧,U+7927,lei2|lei4|lei3,léi|lèi|lěi,roll stone down hill,
11049,礨,U+7928,lei3,lěi,,
11050,礩,U+7929,zhi4,zhì,,
11051,礪,U+792A,li4,lì,grind,再接再礪|砥礪|磨礪
11052,礫,U+792B,li4|luo4,lì|luò,(bound form) gravel; small stone,沙礫|漂礫|火山礫
11053,礬,U+792C,fan2,fán,alum,明礬|白礬|皂礬
11054,礭,U+792D,que4,què,,
11055,礮,U+792E,pao4,pào,ancient ballista for throwing heavy stones,
11056,礯,U+792F,ying1,yīng,,
11057,礰,U+7930,li4,lì,,
11058,礱,U+7931,long2,lóng,(dialect) tool used to hull rice (similar to a grain mill),雅礱江
11059,礲,U+7932,long2,lóng,old variant of 礱|砻[long2],
11060,礳,U+7933,mo4,mò,,
11061,礴,U+7934,bo2,bó,used in 磅礡|磅礴[pang2 bo2],磅礴
11062,礵,U+7935,shuang1,shuāng,arsenic,
11063,礶,U+7936,guan4,guàn,,
11064,礷,U+7937,lan2,lán,,
11065,礸,U+7938,ca3,cǎ,,
11066,礹,U+7939,yan2|yan3,yán|yǎn,,
11067,示,U+793A,shi4|qi2|zhi4|shi2,shì|qí|zhì|shí,to show,不甘示弱|以示警戒|來示
11068,礻,U+793B,shi4,shì,,
11069,礼,U+793C,li3,lǐ,surname Li,下水礼|以礼相待|伴手礼
11070,礽,U+793D,reng2,réng,blessings,
11071,社,U+793E,she4,shè,(bound form) society; organization; agency,上流社會|上流社会|中國大百科全書出版社
11072,礿,U+793F,yue4,yuè,spring imperial ancestral sacrifice,
11073,祀,U+7940,si4,sì,to sacrifice,奉祀|祀物|祀神
11074,祁,U+7941,qi2|zhi3,qí|zhǐ,surname Qi,宋祁|朱祁鈺|朱祁钰
11075,祂,U+7942,ta1,tā,(third person pronoun for a divine being),
11076,祃,U+7943,ma4,mà,(arch.) religious ritual on setting out for war,
11077,祄,U+7944,xie4,xiè,to bless,
11078,祅,U+7945,yao1,yāo,evil spirit,
11079,祆,U+7946,xian1,xiān,"Ahura Mazda, the creator deity in Zoroastrianism",祆教
11080,祇,U+7947,qi2|chi2|zhi1|zhi3,qí|chí|zhī|zhǐ,variant of 只[zhi3],地祇|神祇
11081,祈,U+7948,qi2|gui3,qí|guǐ,to implore,啟應祈禱|启应祈祷|祈仙台
11082,祉,U+7949,zhi3,zhǐ,felicity,潭祉|祉祿|祉禄
11083,祊,U+794A,beng1|fang1,bēng|fāng,side altar inside ancestral temple,
11084,祋,U+794B,dui4,duì,,
11085,祌,U+794C,zhong4|chong1,zhòng|chōng,,
11086,祍,U+794D,ren4,rèn,old variant of 衽[ren4],
11087,祎,U+794E,yi1,yī,excellent,
11088,祏,U+794F,shi2,shí,stone shrine,
11089,祐,U+7950,you4,yòu,(of divinity) to bless,保祐|庇祐
11090,祑,U+7951,zhi4,zhì,,
11091,祒,U+7952,tiao2,tiáo,,
11092,祓,U+7953,fu2|fei4,fú|fèi,to cleanse,祓濯|祓禊|祓除
11093,祔,U+7954,fu4,fù,worship ancestors,
11094,祕,U+7955,mi4|bi4,mì|bì,variant of 秘[mi4],大便祕結|奧祕|怪祕
11095,祖,U+7956,zu3|jie1,zǔ|jiē,surname Zu,五祖拳|伯叔祖母|伯叔祖父
11096,祗,U+7957,zhi1,zhī,respectful (ly),
11097,祘,U+7958,suan4,suàn,"variant of 算[suan4], to calculate",
11098,祙,U+7959,mei4,mèi,,
11099,祚,U+795A,zuo4,zuò,blessing,亨祚|國祚|国祚
11100,祛,U+795B,qu1,qū,sacrifice to drive away calamity,祛寒|祛暑|祛淤
11101,祜,U+795C,hu4,hù,celestial blessing,孟連傣族拉祜族佤族自治縣|孟连傣族拉祜族佤族自治县|拉祜族
11102,祝,U+795D,zhu4|zhou4|chu4,zhù|zhòu|chù,surname Zhu,天祝|天祝縣|天祝县
11103,神,U+795E,shen2|shen1,shén|shēn,God,一神教|一神論|一神论
11104,祟,U+795F,sui4,suì,evil spirit,作祟|邪祟|除祟
11105,祠,U+7960,ci2|si4,cí|sì,shrine,土穀祠|土谷祠|宗祠
11106,祡,U+7961,chai2,chái,,
11107,祢,U+7962,mi2|ni3,mí|nǐ,you (used to address a deity),
11108,祣,U+7963,lv3,lǚ,,
11109,祤,U+7964,yu3,yǔ,,
11110,祥,U+7965,xiang2,xiáng,auspicious,不祥|不祥之兆|吉祥
11111,祦,U+7966,wu2,wú,happy,
11112,祧,U+7967,tiao1,tiāo,ancestral hall,
11113,票,U+7968,piao4|piao1,piào|piāo,ticket,三聯式發票|三联式发票|不信任投票
11114,祩,U+7969,zhu4,zhù,,
11115,祪,U+796A,gui3,guǐ,,
11116,祫,U+796B,xia2,xiá,triennial sacrifice to ancestors,
11117,祬,U+796C,zhi1,zhī,,
11118,祭,U+796D,ji4|zhai4,jì|zhài,surname Zhai,主祭|全燒祭|全烧祭
11119,祮,U+796E,gao4,gào,,
11120,祯,U+796F,zhen1,zhēn,auspicious,崇祯|徐祯卿
11121,祰,U+7970,gao4,gào,,
11122,祱,U+7971,shui4|lei4,shuì|lèi,,
11123,祲,U+7972,jin4,jìn,evil force,
11124,祳,U+7973,shen4,shèn,,
11125,祴,U+7974,gai1,gāi,,
11126,祵,U+7975,kun3,kǔn,,
11127,祶,U+7976,di4,dì,,
11128,祷,U+7977,dao3,dǎo,prayer,主祷文|代祷|做祷告
11129,祸,U+7978,huo4,huò,old variant of 禍|祸[huo4],人祸|兵连祸结|包藏祸心
11130,祹,U+7979,tao2,táo,,
11131,祺,U+797A,qi2,qí,(literary) good luck; good fortune,商祺|段祺瑞
11132,祻,U+797B,gu4,gù,"variant of 禍|祸, disaster",
11133,祼,U+797C,guan4,guàn,pour out libation,
11134,祽,U+797D,zui4,zuì,,
11135,祾,U+797E,ling2,líng,,
11136,祿,U+797F,lu4,lù,good fortune,世祿|世祿之家|他加祿語
11137,禀,U+7980,bing3,bǐng,to make a report (to a superior),入禀|回禀|天赋异禀
11138,禁,U+7981,jin4|jin1,jìn|jīn,to endure,不禁|令行禁止|全面禁止
11139,禂,U+7982,dao3,dǎo,to pray,
11140,禃,U+7983,zhi2,zhí,,
11141,禄,U+7984,lu4,lù,good fortune,世禄|世禄之家|他加禄语
11142,禅,U+7985,chan2|shan4,chán|shàn,dhyana (Sanskrit),刘禅|参禅|受禅
11143,禆,U+7986,bi4,bì,,
11144,禇,U+7987,zhe3,zhě,erroneous form of 褚,
11145,禈,U+7988,hui1,huī,,
11146,禉,U+7989,you3,yǒu,,
11147,禊,U+798A,xi4,xì,semiannual ceremony of purification,修禊|祓禊
11148,禋,U+798B,yin1,yīn,sacrifice,
11149,禌,U+798C,zi1,zī,,
11150,禍,U+798D,huo4,huò,disaster,人禍|兵連禍結|包藏禍心
11151,禎,U+798E,zhen1|zheng1,zhēn|zhēng,auspicious,崇禎|徐禎卿
11152,福,U+798F,fu2|fu4,fú|fù,surname Fu,一飽眼福|一饱眼福|五福臨門
11153,禐,U+7990,yuan4,yuàn,,
11154,禑,U+7991,wu2,wú,happy,
11155,禒,U+7992,xian3,xiǎn,,
11156,禓,U+7993,yang2|shang1,yáng|shāng,,
11157,禔,U+7994,zhi1,zhī,well-being,
11158,禕,U+7995,yi1,yī,excellent,
11159,禖,U+7996,mei2,méi,heir-requesting sacrifice,
11160,禗,U+7997,si1,sī,,
11161,禘,U+7998,di4,dì,imperial ancestral sacrifice,
11162,禙,U+7999,bei4,bèi,,
11163,禚,U+799A,zhuo2,zhuó,place name,
11164,禛,U+799B,zhen1,zhēn,to receive blessings in a sincere spirit,王士禛
11165,禜,U+799C,yong3|ying2,yǒng|yíng,sacrifice,
11166,禝,U+799D,ji4,jì,old variant of 稷[ji4],
11167,禞,U+799E,gao4,gào,,
11168,禟,U+799F,tang2,táng,,
11169,禠,U+79A0,si1,sī,felicity,
11170,禡,U+79A1,ma4,mà,(arch.) religious ritual on setting out for war,
11171,禢,U+79A2,ta4,tà,surname Ta,
11172,禣,U+79A3,fu4,fù,,
11173,禤,U+79A4,xuan1,xuān,surname Xuan,
11174,禥,U+79A5,qi2,qí,old variant of 祺[qi2],
11175,禦,U+79A6,yu4,yù,(bound form) to defend; to resist,兄弟鬩於墻，外禦其侮|守禦|抵禦
11176,禧,U+79A7,xi3|xi1,xǐ|xī,joy,千禧一代|千禧年|延禧攻略
11177,禨,U+79A8,ji1|ji4|qi2,jī|jì|qí,omen,
11178,禩,U+79A9,si4,sì,variant of 祀[si4],
11179,禪,U+79AA,chan2|shan4|tan2,chán|shàn|tán,dhyana (Sanskrit),劉禪|參禪|受禪
11180,禫,U+79AB,dan4,dàn,sacrifice at the end of mourning,
11181,禬,U+79AC,gui4,guì,,
11182,禭,U+79AD,sui4,suì,,
11183,禮,U+79AE,li3,lǐ,surname Li,下水禮|以禮相待|伴手禮
11184,禯,U+79AF,nong2,nóng,,
11185,禰,U+79B0,mi2|ni3|xian3,mí|nǐ|xiǎn,surname Mi,
11186,禱,U+79B1,dao3,dǎo,prayer,主禱文|代禱|做禱告
11187,禲,U+79B2,li4,lì,,
11188,禳,U+79B3,rang2,ráng,sacrifice for avoiding calamity,祈福禳災|祈福禳灾|禳解
11189,禴,U+79B4,yue4,yuè,spring imperial ancestral sacrifice,
11190,禵,U+79B5,ti2,tí,,
11191,禶,U+79B6,zan4,zàn,,
11192,禷,U+79B7,lei4,lèi,,
11193,禸,U+79B8,rou2,róu,trample,
11194,禹,U+79B9,yu3,yǔ,"Yu the Great (c. 21st century BC), mythical leader who tamed the floods",劉禹錫|刘禹锡|夏禹
11195,禺,U+79BA,yu2|yu4,yú|yù,old variant of 偶[ou3],曹禺|番禺|番禺區
11196,离,U+79BB,li2|chi1,lí|chī,mythical beast (archaic),三句话不离本行|不即不离|不可分离
11197,禼,U+79BC,xie4,xiè,,
11198,禽,U+79BD,qin2,qín,(bound form) birds; fowl,家禽|捕禽人|水禽
11199,禾,U+79BE,he2,hé,cereal,嘉禾|嘉禾縣|嘉禾县
11200,禿,U+79BF,tu1,tū,bald (lacking hair or feathers),光禿禿|圓禿|對著和尚罵賊禿
11201,秀,U+79C0,xiu4,xiù,(bound form) refined; elegant; graceful; beautiful,一枝獨秀|一枝独秀|上菜秀
11202,私,U+79C1,si1,sī,personal,中飽私囊|中饱私囊|以權謀私
11203,秂,U+79C2,ren2,rén,,
11204,秃,U+79C3,tu1,tū,bald (lacking hair or feathers),光秃秃|圆秃|对着和尚骂贼秃
11205,秄,U+79C4,zi3|zi4,zǐ|zì,,
11206,秅,U+79C5,cha2|na2,chá|ná,,
11207,秆,U+79C6,gan3,gǎn,stalks of grain,禾秆|秸秆|草秆
11208,秇,U+79C7,yi4|zhi2,yì|zhí,,
11209,秈,U+79C8,xian1,xiān,common rice,
11210,秉,U+79C9,bing3,bǐng,surname Bing,一秉虔誠|一秉虔诚|公秉
11211,秊,U+79CA,nian2,nián,grain,
11212,秋,U+79CB,qiu1,qiū,surname Qiu,一日三秋|一日不見，如隔三秋|一日不见，如隔三秋
11213,秌,U+79CC,qiu1,qiū,old variant of 秋[qiu1],
11214,种,U+79CD,zhong3|chong2|zhong4,zhǒng|chóng|zhòng,seed,一种|丙种射线|乙种
11215,秎,U+79CE,fen4,fèn,,
11216,秏,U+79CF,hao4|mao4,hào|mào,variant of 耗[hao4],
11217,秐,U+79D0,yun2,yún,,
11218,科,U+79D1,ke1|ke4,kē|kè,branch of study,中國國防科技信息中心|中国国防科技信息中心|中國大百科全書出版社
11219,秒,U+79D2,miao3,miǎo,second (unit of time),三秒膠|三秒胶|分秒必爭
11220,秓,U+79D3,zhi1,zhī,,
11221,秔,U+79D4,jing1,jīng,variant of 粳[jing1],
11222,秕,U+79D5,bi3,bǐ,grain not fully grown,秕子|秕穀|秕谷
11223,秖,U+79D6,zhi1,zhī,grain that has begun to ripen,
11224,秗,U+79D7,yu4,yù,,
11225,秘,U+79D8,mi4|bi4|bie2,mì|bì|bié,variant of 秘[mi4],一秘|便秘|副秘書長
11226,秙,U+79D9,ku4,kù,,
11227,秚,U+79DA,ban4,bàn,old variant of 拌[ban4],
11228,秛,U+79DB,pi1,pī,,
11229,秜,U+79DC,ni2|ni4,ní|nì,self-sown rice,
11230,秝,U+79DD,li4,lì,,
11231,秞,U+79DE,you2,yóu,,
11232,租,U+79DF,zu1|ju1,zū|jū,to hire,公租房|出租|出租司機
11233,秠,U+79E0,pi1,pī,(millet),
11234,秡,U+79E1,bo2,bó,,
11235,秢,U+79E2,ling2,líng,,
11236,秣,U+79E3,mo4,mò,feed a horse with grain,糧秣|粮秣|芻秣
11237,秤,U+79E4,cheng4|cheng1|ping2,chèng|chēng|píng,to weigh (variant of 稱|称[cheng1]),假秤|天秤|天秤座
11238,秥,U+79E5,nian2,nián,,
11239,秦,U+79E6,qin2,qín,surname Qin,先秦|前秦|大秦
11240,秧,U+79E7,yang1,yāng,sapling; seedling; sprout; (esp.) rice seedling,拔秧|插秧|普通秧雞
11241,秨,U+79E8,zuo2,zuó,,
11242,秩,U+79E9,zhi4,zhì,(literary) salary according to rank,公共秩序|品秩|無秩序
11243,秪,U+79EA,zhi1,zhī,,
11244,秫,U+79EB,shu2,shú,broomcorn millet (Panicum spp.),秫米
11245,秬,U+79EC,ju4,jù,black millet,
11246,秭,U+79ED,zi3,zǐ,billion,秭歸|秭归|秭歸縣
11247,秮,U+79EE,huo2,huó,,
11248,积,U+79EF,ji1|zhi3,jī|zhǐ,to amass; to accumulate; to store up,不定积分|乘积|内积
11249,称,U+79F0,cheng1|chen4|cheng4,chēng|chèn|chèng,to fit; to match; to suit,不对称|并称|交口称誉
11250,秱,U+79F1,tong2,tóng,,
11251,秲,U+79F2,zhi4|shi4,zhì|shì,,
11252,秳,U+79F3,huo2|kuo4,huó|kuò,,
11253,秴,U+79F4,he2|ge2,hé|gé,,
11254,秵,U+79F5,yin1,yīn,,
11255,秶,U+79F6,zi1,zī,,
11256,秷,U+79F7,zhi4,zhì,sound of reaping,
11257,秸,U+79F8,jie1|ji2,jiē|jí,grain stalks left after threshing,秸稈|秸秆|麥秸
11258,秹,U+79F9,ren3,rěn,,
11259,秺,U+79FA,du4,dù,,
11260,移,U+79FB,yi2|chi3|yi4,yí|chǐ|yì,to move,不移|中國移動通信|中国移动通信
11261,秼,U+79FC,zhu1,zhū,,
11262,秽,U+79FD,hui4,huì,(bound form) dirty; filthy,污秽|污言秽语|淫秽
11263,秾,U+79FE,nong2,nóng,lush flora,
11264,秿,U+79FF,fu4|bu1|pu1,fù|bū|pū,,
11265,稀,U+7A00,xi1,xī,sparse; scattered,人煙稀少|人烟稀少|依稀
11266,稁,U+7A01,gao3,gǎo,,
11267,稂,U+7A02,lang2,láng,grass,不稂不莠
11268,稃,U+7A03,fu1,fū,husk,內稃|内稃|外稃
11269,稄,U+7A04,xun4|ze4,xùn|zè,,
11270,稅,U+7A05,shui4,shuì,taxes,上稅|人頭稅|保稅
11271,稆,U+7A06,lv3,lǚ,variant of 穭|穞[lu:3],
11272,稇,U+7A07,kun3,kǔn,,
11273,稈,U+7A08,gan3,gǎn,stalks of grain,禾稈|秸稈|草稈
11274,稉,U+7A09,jing1,jīng,variant of 粳[jing1],
11275,稊,U+7A0A,ti2,tí,grass,
11276,程,U+7A0B,cheng2,chéng,surname Cheng,一次方程|一次方程式|一級方程式
11277,稌,U+7A0C,tu2|shu3,tú|shǔ,sticky rice,
11278,稍,U+7A0D,shao1|shao4,shāo|shào,somewhat,稍候|稍嫌|稍安勿躁
11279,税,U+7A0E,shui4|tuo1|tui4|tuan4,shuì|tuō|tuì|tuàn,taxes,上税|人头税|保税
11280,稏,U+7A0F,ya4,yà,,
11281,稐,U+7A10,lun3,lǔn,,
11282,稑,U+7A11,lu4,lù,late-planted early-ripening grain,
11283,稒,U+7A12,gu4,gù,,
11284,稓,U+7A13,zuo2,zuó,,
11285,稔,U+7A14,ren3,rěn,(literary) ripe grain; ripe; harvest; year,熟稔|稔知
11286,稕,U+7A15,zhun4|zhun3,zhùn|zhǔn,,
11287,稖,U+7A16,bang4,bàng,,
11288,稗,U+7A17,bai4,bài,barnyard millet (Echinochloa crus-galli),稗官
11289,稘,U+7A18,ji1|qi2,jī|qí,,
11290,稙,U+7A19,zhi1|zhi4,zhī|zhì,early-planted crop,足利義稙|足利义稙
11291,稚,U+7A1A,zhi4,zhì,infantile,幼稚|幼稚園|幼稚园
11292,稛,U+7A1B,kun3,kǔn,full,
11293,稜,U+7A1C,leng2|leng4|ling2,léng|lèng|líng,arris; edge,三稜草|三稜鏡|丹稜
11294,稝,U+7A1D,peng2,péng,,
11295,稞,U+7A1E,ke1|hua4,kē|huà,(wheat),青稞
11296,稟,U+7A1F,bing3|lin3,bǐng|lǐn,to make a report (to a superior),入稟|回稟|天賦異稟
11297,稠,U+7A20,chou2|tiao2|diao4,chóu|tiáo|diào,dense,人口稠密|人煙稠密|人烟稠密
11298,稡,U+7A21,zui4|zu2|su1,zuì|zú|sū,,
11299,稢,U+7A22,yu4,yù,,
11300,稣,U+7A23,su1,sū,archaic variant of 蘇|苏[su1],耶稣|耶稣光|耶稣升天节
11301,稤,U+7A24,lve4,lüè,,
11302,稥,U+7A25,xiang1,xiāng,,
11303,稦,U+7A26,yi1,yī,,
11304,稧,U+7A27,xi4|qie4,xì|qiè,,
11305,稨,U+7A28,bian3,biǎn,see 稨豆[bian3 dou4],稨豆
11306,稩,U+7A29,ji4,jì,,
11307,稪,U+7A2A,fu2,fú,,
11308,稫,U+7A2B,pi4|bi4,pì|bì,,
11309,稬,U+7A2C,nuo4,nuò,variant of 糯[nuo4],
11310,稭,U+7A2D,jie1,jiē,variant of 秸[jie1],
11311,種,U+7A2E,zhong3|chong2|zhong4,zhǒng|chóng|zhòng,seed,一種|丙種射線|乙種
11312,稯,U+7A2F,zong1|zong3,zōng|zǒng,,
11313,稰,U+7A30,xu3|xu1,xǔ|xū,,
11314,稱,U+7A31,cheng1|chen4|cheng4,chēng|chèn|chèng,to fit; to match; to suit,不對稱|並稱|交口稱譽
11315,稲,U+7A32,dao4,dào,variant of 稻[dao4],
11316,稳,U+7A33,wen3,wěn,settled; steady; stable,不稳|不稳平衡|不稳性
11317,稴,U+7A34,xian2|jian1|lian4|lian3,xián|jiān|liàn|liǎn,,
11318,稵,U+7A35,zi1|jiu1,zī|jiū,,
11319,稶,U+7A36,yu4,yù,,
11320,稷,U+7A37,ji4|ze4,jì|zè,millet,匡扶社稷|社稷|稷山
11321,稸,U+7A38,xu4,xù,,
11322,稹,U+7A39,zhen3|zhen1|bian1,zhěn|zhēn|biān,to accumulate,
11323,稺,U+7A3A,zhi4,zhì,old variant of 稚[zhi4],
11324,稻,U+7A3B,dao4,dào,paddy,再生稻|壓死駱駝的最後一根稻草|压死骆驼的最后一根稻草
11325,稼,U+7A3C,jia4,jià,to sow grain,稼穡|稼穑|莊稼
11326,稽,U+7A3D,ji1|qi3,jī|qǐ,surname Ji,滑天下之大稽|滑稽|無稽
11327,稾,U+7A3E,gao3|kao4|gao4|jiao4,gǎo|kào|gào|jiào,variant of 稿[gao3],
11328,稿,U+7A3F,gao3,gǎo,variant of 稿[gao3],供稿|修改稿|初稿
11329,穀,U+7A40,gu3,gǔ,grain,五穀|五穀豐登|全穀物
11330,穁,U+7A41,rong2,róng,,
11331,穂,U+7A42,sui4,suì,Japanese variant of 穗[sui4],
11332,穃,U+7A43,rong,rong,,
11333,穄,U+7A44,ji4,jì,(millet),
11334,穅,U+7A45,kang1,kāng,variant of 糠[kang1],
11335,穆,U+7A46,mu4,mù,surname Mu,亞穆蘇克羅|亚穆苏克罗|周穆王
11336,穇,U+7A47,can3|shan1|cen1,cǎn|shān|cēn,panicum frumentaceum,
11337,穈,U+7A48,mei2|men2|mi2,méi|mén|mí,porridge,
11338,穉,U+7A49,zhi4|chi2|ti2,zhì|chí|tí,variant of 稚[zhi4],
11339,穊,U+7A4A,ji4,jì,dense,
11340,穋,U+7A4B,lu4|jiu1,lù|jiū,late-planted early-ripening grain,
11341,穌,U+7A4C,su1,sū,archaic variant of 蘇|苏[su1],耶穌|耶穌光|耶穌升天節
11342,積,U+7A4D,ji1,jī,to amass; to accumulate; to store up,不定積分|乘積|內積
11343,穎,U+7A4E,ying3,yǐng,head of grain,孔穎達|新穎|王穎
11344,穏,U+7A4F,wen3,wěn,Japanese variant of 穩|稳,
11345,穐,U+7A50,qiu1,qiū,,
11346,穑,U+7A51,se4,sè,gather in harvest,稼穑
11347,穒,U+7A52,he4,hè,,
11348,穓,U+7A53,yi4,yì,,
11349,穔,U+7A54,huang2,huáng,,
11350,穕,U+7A55,qie4,qiè,,
11351,穖,U+7A56,ji3|ji4,jǐ|jì,,
11352,穗,U+7A57,sui4,suì,abbr. for Guangzhou 廣州|广州[Guang3 zhou1],三穗|三穗縣|三穗县
11353,穘,U+7A58,xiao1|rao4,xiāo|rào,,
11354,穙,U+7A59,pu2,pú,,
11355,穚,U+7A5A,jiao1,jiāo,,
11356,穛,U+7A5B,zhuo1|bo2,zhuō|bó,,
11357,穜,U+7A5C,zhong3|tong2|zhong4,zhǒng|tóng|zhòng,early-planted late-ripening grain,
11358,穝,U+7A5D,zui,zui,,
11359,穞,U+7A5E,lv3,lǚ,wild grain,
11360,穟,U+7A5F,sui4,suì,ear of grain,
11361,穠,U+7A60,nong2,nóng,lush flora,
11362,穡,U+7A61,se4,sè,gather in harvest,稼穡
11363,穢,U+7A62,hui4,huì,(bound form) dirty; filthy,污穢|污言穢語|淫穢
11364,穣,U+7A63,rang2,ráng,Japanese variant of 穰[rang2],
11365,穤,U+7A64,nuo4,nuò,variant of 糯[nuo4],
11366,穥,U+7A65,yu4|yu3,yù|yǔ,,
11367,穦,U+7A66,pin1,pīn,,
11368,穧,U+7A67,ji4|zi4,jì|zì,stack grain stalks evenly,
11369,穨,U+7A68,tui2,tuí,variant of 頹|颓[tui2],
11370,穩,U+7A69,wen3,wěn,settled; steady; stable,不穩|不穩平衡|不穩性
11371,穪,U+7A6A,cheng1|bie2,chēng|bié,,
11372,穫,U+7A6B,huo4|hu4,huò|hù,(bound form) to reap; to harvest,一分耕耘，一分收穫|收穫|收穫節
11373,穬,U+7A6C,kuang4,kuàng,,
11374,穭,U+7A6D,lv3,lǚ,wild grain,
11375,穮,U+7A6E,biao1|pao1,biāo|pāo,to weed,
11376,穯,U+7A6F,se4,sè,old variant of 穡|穑[se4],
11377,穰,U+7A70,rang2|rang3|reng2,ráng|rǎng|réng,surname Rang,人煙浩穰|人烟浩穰|司馬穰苴
11378,穱,U+7A71,zhuo1|jue2,zhuō|jué,,
11379,穲,U+7A72,li2,lí,,
11380,穳,U+7A73,cuan2|zan4,cuán|zàn,,
11381,穴,U+7A74,xue2|jue2,xué|jué,cave,不入虎穴，焉得虎子|俞穴|八會穴
11382,穵,U+7A75,wa1|ya4,wā|yà,to dig,
11383,究,U+7A76,jiu1|jiu4,jiū|jiù,after all,一探究竟|中央研究院|中美文化研究中心
11384,穷,U+7A77,qiong2,qióng,poor,一穷二白|不穷|人穷志不穷
11385,穸,U+7A78,xi1,xī,tomb,窀穸
11386,穹,U+7A79,qiong2|qiong1|kong1,qióng|qiōng|kōng,vault,熔岩穹丘|穹丘|穹廬
11387,空,U+7A7A,kong1|kong4|kong3,kōng|kòng|kǒng,empty,一場空|一场空|一掃而空
11388,穻,U+7A7B,yu1|yu3,yū|yǔ,,
11389,穼,U+7A7C,shen1,shēn,,
11390,穽,U+7A7D,jing3,jǐng,variant of 阱[jing3],
11391,穾,U+7A7E,yao4|yao3,yào|yǎo,,
11392,穿,U+7A7F,chuan1|chuan4|yuan1,chuān|chuàn|yuān,to wear,一眼看穿|亂穿馬路|乱穿马路
11393,窀,U+7A80,zhun1|tun2,zhūn|tún,to bury,窀穸
11394,突,U+7A81,tu1,tū,to dash,乳突|乳突竇|乳突窦
11395,窂,U+7A82,lao2,láo,variant of 牢[lao2],
11396,窃,U+7A83,qie4,qiè,to steal,偷窃|偷香窃玉|剽窃
11397,窄,U+7A84,zhai3,zhǎi,narrow,二尖瓣狹窄|二尖瓣狭窄|冤家路窄
11398,窅,U+7A85,yao3,yǎo,sunken eyes,窅然
11399,窆,U+7A86,bian3,biǎn,to put a coffin in the grave,
11400,窇,U+7A87,bao2,báo,,
11401,窈,U+7A88,yao3|yao4,yǎo|yào,(literary) deep; profound; dim (variant of 杳[yao3]),窈冥|窈窈|窈窕
11402,窉,U+7A89,bing3,bǐng,,
11403,窊,U+7A8A,wa1,wā,lowland swamp,
11404,窋,U+7A8B,zhu2|ku1,zhú|kū,in a hole,
11405,窌,U+7A8C,jiao4|pao4|liao2|liu4,jiào|pào|liáo|liù,cellar,
11406,窍,U+7A8D,qiao4,qiào,hole,一窍不通|七窍|七窍生烟
11407,窎,U+7A8E,diao4,diào,(literary) distant,
11408,窏,U+7A8F,wu1,wū,,
11409,窐,U+7A90,gui1|wa1,guī|wā,,
11410,窑,U+7A91,yao2,yáo,kiln,土窑|破瓦寒窑|砖窑
11411,窒,U+7A92,zhi4|die2,zhì|dié,to obstruct,窒息|窒息性毒劑|窒息性毒剂
11412,窓,U+7A93,chuang1,chuāng,variant of 窗[chuang1],
11413,窔,U+7A94,yao4|yao3,yào|yǎo,dark,
11414,窕,U+7A95,tiao3|tiao1,tiǎo|tiāo,quiet and secluded,窈窕|窕邃|輕窕
11415,窖,U+7A96,jiao4|zao4,jiào|zào,cellar,冰窖|地窖|墓窖
11416,窗,U+7A97,chuang1|cong1,chuāng|cōng,old variant of 窗[chuang1],兩耳不聞窗外事|两耳不闻窗外事|前庭窗
11417,窘,U+7A98,jiong3,jiǒng,distressed,受窘|困窘|發窘
11418,窙,U+7A99,xiao1,xiāo,,
11419,窚,U+7A9A,cheng2,chéng,,
11420,窛,U+7A9B,kou4,kòu,,
11421,窜,U+7A9C,cuan4,cuàn,to flee,乱窜|奔窜|抱头鼠窜
11422,窝,U+7A9D,wo1,wō,nest,一窝蜂|兔子不吃窝边草|卵巢窝
11423,窞,U+7A9E,dan4,dàn,pit,
11424,窟,U+7A9F,ku1,kū,cave,吳哥窟|吴哥窟|四大石窟
11425,窠,U+7AA0,ke1,kē,nest,不落窠臼|窠臼|臼窠
11426,窡,U+7AA1,zhuo2,zhuó,,
11427,窢,U+7AA2,xu1,xū,,
11428,窣,U+7AA3,su1,sū,used in 窸窣[xi1 su1],窸窣
11429,窤,U+7AA4,guan1,guān,,
11430,窥,U+7AA5,kui1,kuī,to peep,一窥端倪|偷窥|偷窥狂
11431,窦,U+7AA6,dou4,dòu,surname Dou,乳突窦|利玛窦|利马窦
11432,窧,U+7AA7,zhuo,zhuo,,
11433,窨,U+7AA8,xun1|yin4|yin1,xūn|yìn|yīn,to scent tea with flowers,地窨|地窨子|窨井
11434,窩,U+7AA9,wo1,wō,nest,一窩蜂|兔子不吃窩邊草|卵巢窩
11435,窪,U+7AAA,wa1,wā,depression; low-lying area,低窪|坑坑窪窪|坑窪
11436,窫,U+7AAB,ya4|ye1,yà|yē,,
11437,窬,U+7AAC,yu2|dou1,yú|dōu,hole in a wall,
11438,窭,U+7AAD,ju4,jù,poor,
11439,窮,U+7AAE,qiong2,qióng,poor,一窮二白|不窮|人窮志不窮
11440,窯,U+7AAF,yao2|yao4|qiao1,yáo|yào|qiāo,kiln,土窯|破瓦寒窯|磚窯
11441,窰,U+7AB0,yao2,yáo,variant of 窯|窑[yao2],窰場
11442,窱,U+7AB1,tiao3,tiǎo,,
11443,窲,U+7AB2,chao2,cháo,,
11444,窳,U+7AB3,yu3|yu2,yǔ|yú,bad,窳敗|窳败
11445,窴,U+7AB4,tian2,tián,fill in,
11446,窵,U+7AB5,diao4,diào,(literary) distant,
11447,窶,U+7AB6,ju4|lou2,jù|lóu,poor,
11448,窷,U+7AB7,liao4,liào,,
11449,窸,U+7AB8,xi1,xī,used in 窸窣[xi1 su1],窸窣
11450,窹,U+7AB9,wu4,wù,,
11451,窺,U+7ABA,kui1|kui3,kuī|kuǐ,to peep,一窺端倪|偷窺|偷窺狂
11452,窻,U+7ABB,chuang1,chuāng,variant of 窗[chuang1],
11453,窼,U+7ABC,zhao1|ke1,zhāo|kē,,
11454,窽,U+7ABD,kuan3,kuǎn,,
11455,窾,U+7ABE,kuan3|cuan4,kuǎn|cuàn,to conceal,批郤導窾|批郤导窾
11456,窿,U+7ABF,long2,lóng,cavity,大耳窿|穹窿|窟窿
11457,竀,U+7AC0,cheng1|cheng4,chēng|chèng,,
11458,竁,U+7AC1,cui4,cuì,dig a hole,
11459,竂,U+7AC2,liao2,liáo,,
11460,竃,U+7AC3,zao4,zào,old variant of 灶[zao4],
11461,竄,U+7AC4,cuan4|cuan1,cuàn|cuān,to flee,亂竄|奔竄|抱頭鼠竄
11462,竅,U+7AC5,qiao4,qiào,hole,一竅不通|七竅|七竅生煙
11463,竆,U+7AC6,qiong2,qióng,,
11464,竇,U+7AC7,dou4|du2,dòu|dú,surname Dou,乳突竇|利瑪竇|利馬竇
11465,竈,U+7AC8,zao4,zào,variant of 灶[zao4],分竈吃飯|吃小竈|跨竈
11466,竉,U+7AC9,long3,lǒng,,
11467,竊,U+7ACA,qie4,qiè,to steal,偷竊|偷香竊玉|剽竊
11468,立,U+7ACB,li4|wei4,lì|wèi,surname Li,三十而立|三權分立|三权分立
11469,竌,U+7ACC,chu4,chù,,
11470,竍,U+7ACD,shi2,shí,,
11471,竎,U+7ACE,fu4,fù,,
11472,竏,U+7ACF,qian1,qiān,,
11473,竐,U+7AD0,chu4,chù,,
11474,竑,U+7AD1,hong2,hóng,large,
11475,竒,U+7AD2,qi2,qí,,
11476,竓,U+7AD3,hao2,háo,,
11477,竔,U+7AD4,sheng1,shēng,,
11478,竕,U+7AD5,fen1,fēn,,
11479,竖,U+7AD6,shu4,shù,variant of 豎|竖[shu4],横七竖八|横三竖四|横挑鼻子竖挑眼
11480,竗,U+7AD7,miao4,miào,,
11481,竘,U+7AD8,qu3|kou3,qǔ|kǒu,,
11482,站,U+7AD9,zhan4|zhan1,zhàn|zhān,station,B站|一站式|下一站
11483,竚,U+7ADA,zhu4,zhù,to stand for a long time (variant of 佇|伫[zhu4]),
11484,竛,U+7ADB,ling2,líng,,
11485,竜,U+7ADC,long2|neng2,lóng|néng,Japanese variant of 龍|龙,
11486,竝,U+7ADD,bing4,bìng,variant of 並|并[bing4],
11487,竞,U+7ADE,jing4,jìng,to compete,不正当竞争|公平竞争|市场竞争
11488,竟,U+7ADF,jing4,jìng,unexpectedly,一探究竟|有志竟成|有志者事竟成
11489,章,U+7AE0,zhang1|zhang4,zhāng|zhàng,surname Zhang,九章算術|九章算术|做文章
11490,竡,U+7AE1,bai3,bǎi,hectoliter (old),
11491,竢,U+7AE2,si4,sì,variant of 俟[si4],
11492,竣,U+7AE3,jun4,jùn,complete,告竣|竣工
11493,竤,U+7AE4,hong2,hóng,,
11494,童,U+7AE5,tong2|zhong1,tóng|zhōng,surname Tong,乩童|仙童|兒童
11495,竦,U+7AE6,song3,sǒng,respectful,竦然
11496,竧,U+7AE7,jing4|zhen3,jìng|zhěn,,
11497,竨,U+7AE8,diao4,diào,,
11498,竩,U+7AE9,yi4,yì,,
11499,竪,U+7AEA,shu4,shù,variant of 豎|竖[shu4],
11500,竫,U+7AEB,jing4,jìng,,
11501,竬,U+7AEC,qu3,qǔ,,
11502,竭,U+7AED,jie2,jié,to exhaust,再衰三竭|匱竭|匮竭
11503,竮,U+7AEE,ping1,pīng,,
11504,端,U+7AEF,duan1,duān,(bound form) tip; end; extremity,一碗水端平|一窺端倪|一窥端倪
11505,竰,U+7AF0,li2,lí,,
11506,竱,U+7AF1,zhuan3,zhuǎn,,
11507,竲,U+7AF2,ceng2,céng,,
11508,竳,U+7AF3,deng1,dēng,,
11509,竴,U+7AF4,cun1,cūn,,
11510,竵,U+7AF5,wai1|hua1,wāi|huā,,
11511,競,U+7AF6,jing4,jìng,to compete,不正當競爭|公平競爭|市場競爭
11512,竷,U+7AF7,kan3|kan4,kǎn|kàn,,
11513,竸,U+7AF8,jing4,jìng,,
11514,竹,U+7AF9,zhu2,zhú,(bound form) bamboo,勢如破竹|势如破竹|南竹
11515,竺,U+7AFA,zhu2|du3,zhú|dǔ,surname Zhu,天竺|天竺牡丹|天竺葵
11516,竻,U+7AFB,le4|jin1,lè|jīn,,
11517,竼,U+7AFC,peng2,péng,,
11518,竽,U+7AFD,yu2,yú,"free reed wind instrument similar to the sheng 笙[sheng1], used in ancient China",吹竽手|濫竽|滥竽
11519,竾,U+7AFE,chi2,chí,variant of 篪[chi2],
11520,竿,U+7AFF,gan1|gan4|gan3,gān|gàn|gǎn,pole,八竿子打不著|八竿子打不着|北竿
11521,笀,U+7B00,mang2,máng,old variant of 芒[mang2],
11522,笁,U+7B01,zhu2,zhú,,
11523,笂,U+7B02,wan2,wán,,
11524,笃,U+7B03,du3,dǔ,(bound form) sincere; genuine,危笃|本笃十六世|本笃会
11525,笄,U+7B04,ji1,jī,15 years old,及笄|笄冠|笄年
11526,笅,U+7B05,jiao3,jiǎo,,
11527,笆,U+7B06,ba1,bā,an article made of bamboo strips,竹籬笆|竹篱笆|笆斗
11528,笇,U+7B07,suan4,suàn,,
11529,笈,U+7B08,ji2,jí,trunks (for books),秘笈|負笈|负笈
11530,笉,U+7B09,qin3,qǐn,smiling countenance,
11531,笊,U+7B0A,zhao4,zhào,loosely woven bamboo ladle,笊籬|笊篱
11532,笋,U+7B0B,sun3,sǔn,variant of 筍|笋[sun3],冬笋|春笋|玉米笋
11533,笌,U+7B0C,ya2,yá,,
11534,笍,U+7B0D,zhui4|rui4,zhuì|ruì,,
11535,笎,U+7B0E,yuan2,yuán,bamboo with black patches,
11536,笏,U+7B0F,hu4|wen3|wu4,hù|wěn|wù,(old) ceremonial tablet (held by officials at an audience),
11537,笐,U+7B10,hang2|hang4,háng|hàng,bamboos placed across wooden frames on which grain may be stored in damp climates,
11538,笑,U+7B11,xiao4,xiào,old variant of 笑[xiao4],一笑了之|一笑置之|一顰一笑
11539,笒,U+7B12,cen2|jin4|han2,cén|jìn|hán,,
11540,笓,U+7B13,bi4|pi2|bi1,bì|pí|bī,to comb,
11541,笔,U+7B14,bi3,bǐ,pen,一笔不苟|一笔勾销|一笔带过
11542,笕,U+7B15,jian3,jiǎn,bamboo conduit,
11543,笖,U+7B16,yi3,yǐ,,
11544,笗,U+7B17,dong1,dōng,,
11545,笘,U+7B18,shan1,shān,,
11546,笙,U+7B19,sheng1,shēng,"sheng, a free reed wind instrument with vertical bamboo pipes",排笙|杜月笙|竹笙
11547,笚,U+7B1A,da1|xia2|na4,dā|xiá|nà,,
11548,笛,U+7B1B,di2,dí,flute,哨笛|木笛|汽笛
11549,笜,U+7B1C,zhu2,zhú,,
11550,笝,U+7B1D,na4,nà,,
11551,笞,U+7B1E,chi1,chī,to whip with bamboo strips,榜笞|笞刑|笞掠
11552,笟,U+7B1F,gu1,gū,,
11553,笠,U+7B20,li4,lì,bamboo rain hat,床笠|斗笠
11554,笡,U+7B21,qie4,qiè,,
11555,笢,U+7B22,min3,mǐn,,
11556,笣,U+7B23,bao1,bāo,,
11557,笤,U+7B24,tiao2|shao4,tiáo|shào,broom,笤帚
11558,笥,U+7B25,si4,sì,square bamboo container for food or clothing,橐笥|篋笥|箧笥
11559,符,U+7B26,fu2,fú,surname Fu,不相符|不符|二分音符
11560,笧,U+7B27,ce4|shan4,cè|shàn,,
11561,笨,U+7B28,ben4,bèn,stupid,呆笨|嘴笨|大笨象
11562,笩,U+7B29,fa2,fá,,
11563,笪,U+7B2A,da2,dá,surname Da,
11564,笫,U+7B2B,zi3,zǐ,bamboo mat,床笫|床笫之事|床笫之私
11565,第,U+7B2C,di4,dì,"(prefix indicating ordinal number, as in 第六[di4 liu4] ""sixth"")",上第|不第|世界第一
11566,笭,U+7B2D,ling2,líng,bamboo screen,
11567,笮,U+7B2E,ze2|zuo2|zha4,zé|zuó|zhà,board under tiles on roof,
11568,笯,U+7B2F,nu2,nú,(literary) birdcage,
11569,笰,U+7B30,fu2|fei4,fú|fèi,duster,
11570,笱,U+7B31,gou3,gǒu,basket for trapping fish,
11571,笲,U+7B32,fan2,fán,osier basket of brides,
11572,笳,U+7B33,jia1,jiā,whistle made of reed,
11573,笴,U+7B34,gan3,gǎn,,
11574,笵,U+7B35,fan4,fàn,bamboo mold,
11575,笶,U+7B36,shi3,shǐ,,
11576,笷,U+7B37,mao3,mǎo,,
11577,笸,U+7B38,po3,pǒ,flat basket-tray,
11578,笹,U+7B39,ti4,tì,,
11579,笺,U+7B3A,jian1,jiān,variant of 箋|笺[jian1],便笺|信笺|笺注
11580,笻,U+7B3B,qiong2,qióng,variant of 筇[qiong2],
11581,笼,U+7B3C,long2|long3,lóng|lǒng,"enclosing frame made of bamboo, wire etc; cage; basket",出笼|囚笼|回笼
11582,笽,U+7B3D,min3,mǐn,,
11583,笾,U+7B3E,bian1,biān,bamboo tazza used in ancient times to hold dry food for sacrifices or at banquets,
11584,笿,U+7B3F,luo4,luò,,
11585,筀,U+7B40,gui4,guì,bamboo (archaic),筀竹
11586,筁,U+7B41,qu1,qū,,
11587,筂,U+7B42,chi2,chí,,
11588,筃,U+7B43,yin1,yīn,a kind of bamboo,
11589,筄,U+7B44,yao4,yào,,
11590,筅,U+7B45,xian3,xiǎn,bamboo brush for utensils,筅帚
11591,筆,U+7B46,bi3,bǐ,pen,一筆不苟|一筆勾銷|一筆帶過
11592,筇,U+7B47,qiong2,qióng,(in ancient texts) type of bamboo sometimes used as a staff,
11593,筈,U+7B48,kuo4,kuò,arrow end,
11594,等,U+7B49,deng3,děng,to wait for; to await,一等|一等一|一等獎
11595,筊,U+7B4A,xiao2|jiao3|jiao4,xiáo|jiǎo|jiào,bamboo rope,擲筊|掷筊|杯筊
11596,筋,U+7B4B,jin1|qian2,jīn|qián,muscle,一根筋|中筋麵粉|中筋面粉
11597,筌,U+7B4C,quan2,quán,bamboo fish trap,得魚忘筌|得鱼忘筌
11598,筍,U+7B4D,sun3|yun2|xun4,sǔn|yún|xùn,bamboo shoot,冬筍|春筍|玉米筍
11599,筎,U+7B4E,ru2,rú,thin outside skin of bamboo,
11600,筏,U+7B4F,fa2,fá,variant of 筏[fa2],救生筏|木筏|皮筏
11601,筐,U+7B50,kuang1,kuāng,basket,一籮筐|一箩筐|筐篋
11602,筑,U+7B51,zhu4|zhu2,zhù|zhú,short name for Guiyang 貴陽|贵阳[Gui4 yang2],上层建筑|修筑|债台高筑
11603,筒,U+7B52,tong3|dong4|tong2,tǒng|dòng|tóng,tube,信筒|傳聲筒|传声筒
11604,筓,U+7B53,ji1,jī,,
11605,答,U+7B54,da2|da1,dá|dā,"bound form having the same meaning as the free word 答[da2], used in 答應|答应[da1 ying5], 答理[da1 li5] etc",作答|來電答鈴|来电答铃
11606,筕,U+7B55,hang2,háng,see 筕篖[hang2 tang2],筕篖
11607,策,U+7B56,ce4,cè,surname Ce,一個中國政策|一个中国政策|三光政策
11608,筗,U+7B57,zhong4,zhòng,,
11609,筘,U+7B58,kou4,kòu,(a measure of width of cloth),
11610,筙,U+7B59,lai2,lái,,
11611,筚,U+7B5A,bi4,bì,wicker,筚路蓝缕|筚门闺窦|蓬筚
11612,筛,U+7B5B,shai1,shāi,(bound form) a sieve,分子筛|快筛|快速筛检
11613,筜,U+7B5C,dang1,dāng,used in 篔簹|筼筜[yun2 dang1],筼筜|筼筜湖
11614,筝,U+7B5D,zheng1,zhēng,see 古箏|古筝[gu3 zheng1],古筝|断线风筝|朝鲜筝
11615,筞,U+7B5E,ce4,cè,variant of 策[ce4],
11616,筟,U+7B5F,fu1,fū,,
11617,筠,U+7B60,yun2|jun1,yún|jūn,skin of bamboo,筠連|筠连|筠連縣
11618,筡,U+7B61,tu2,tú,,
11619,筢,U+7B62,pa2,pá,bamboo rake,筢子
11620,筣,U+7B63,li2,lí,,
11621,筤,U+7B64,lang2|lang4,láng|làng,young bamboo,
11622,筥,U+7B65,ju3,jǔ,round bamboo basket,
11623,筦,U+7B66,guan3,guǎn,surname Guan,
11624,筧,U+7B67,jian3|xian4,jiǎn|xiàn,bamboo conduit,
11625,筨,U+7B68,han2,hán,,
11626,筩,U+7B69,tong2|tong3|yong3|dong4,tóng|tǒng|yǒng|dòng,variant of 筒[tong3],
11627,筪,U+7B6A,xia2,xiá,,
11628,筫,U+7B6B,zhi4|zhi3,zhì|zhǐ,,
11629,筬,U+7B6C,cheng2,chéng,,
11630,筭,U+7B6D,suan4,suàn,to regard as,
11631,筮,U+7B6E,shi4,shì,divine by stalk,卜筮
11632,筯,U+7B6F,zhu4,zhù,variant of 箸[zhu4],
11633,筰,U+7B70,zuo2,zuó,cable,
11634,筱,U+7B71,xiao3,xiǎo,dwarf bamboo,
11635,筲,U+7B72,shao1,shāo,pot-scrubbing brush made of bamboo strips,斗筲|斗筲之人|斗筲之器
11636,筳,U+7B73,ting2,tíng,bamboo pole,
11637,筴,U+7B74,ce4|jia1,cè|jiā,variant of 策[ce4],
11638,筵,U+7B75,yan2,yán,bamboo mat for sitting,別筵|别筵|喜筵
11639,筶,U+7B76,gao4|gao3,gào|gǎo,,
11640,筷,U+7B77,kuai4,kuài,chopstick,免洗筷|公筷|公筷母匙
11641,筸,U+7B78,gan1,gān,used in 鎮筸|镇筸[Zhen4 gan1],鎮筸|镇筸
11642,筹,U+7B79,chou2,chóu,chip (in gambling); token (for counting); ticket,一筹莫展|更胜一筹|略胜一筹
11643,筺,U+7B7A,kuang1,kuāng,,
11644,筻,U+7B7B,gang4,gàng,,
11645,筼,U+7B7C,yun2,yún,used in 篔簹|筼筜[yun2 dang1],筼筜|筼筜湖
11646,筽,U+7B7D,ou1|wu2,ōu|wú,,
11647,签,U+7B7E,qian1,qiān,to sign one's name,中签|便签|价格标签
11648,筿,U+7B7F,xiao3,xiǎo,,
11649,简,U+7B80,jian3,jiǎn,simple,不简单|二简|删简压缩
11650,箁,U+7B81,pou2|bu4|fu2|pu2,póu|bù|fú|pú,,
11651,箂,U+7B82,lai2,lái,(bamboo),
11652,箃,U+7B83,zou1,zōu,,
11653,箄,U+7B84,bi3|bei1|bi1|bi4|pai2,bǐ|bēi|bī|bì|pái,,
11654,箅,U+7B85,bi4,bì,(bound form) bamboo grid for steaming food,箅子
11655,箆,U+7B86,bi4,bì,,
11656,箇,U+7B87,ge4,gè,variant of 個|个[ge4],
11657,箈,U+7B88,tai2|chi2,tái|chí,,
11658,箉,U+7B89,guai3|dai4,guǎi|dài,,
11659,箊,U+7B8A,yu1,yū,bamboo with thin,
11660,箋,U+7B8B,jian1,jiān,letter,便箋|信箋|箋注
11661,箌,U+7B8C,dao4|zhao4,dào|zhào,,
11662,箍,U+7B8D,gu1,gū,hoop,帽箍兒|帽箍儿|打箍
11663,箎,U+7B8E,chi2|hu3,chí|hǔ,bamboo flute with 8 holes,
11664,箏,U+7B8F,zheng1,zhēng,see 古箏|古筝[gu3 zheng1],古箏|斷線風箏|朝鮮箏
11665,箐,U+7B90,qing4|jing1|qiang1,qìng|jīng|qiāng,to draw a bamboo bow or crossbow,大箐山
11666,箑,U+7B91,sha4|zha2,shà|zhá,fan,
11667,箒,U+7B92,zhou3,zhǒu,variant of 帚[zhou3],
11668,箓,U+7B93,lu4,lù,record book; archive,符箓
11669,箔,U+7B94,bo2,bó,"plaited matting (of rushes, bamboo etc)",洋鐵箔|洋铁箔|珠箔
11670,箕,U+7B95,ji1,jī,winnow basket,克紹箕裘|克绍箕裘|南箕北斗
11671,箖,U+7B96,lin2|lin3,lín|lǐn,,
11672,算,U+7B97,suan4,suàn,to regard as,上算|不划算|不算
11673,箘,U+7B98,jun4|qun1,jùn|qūn,bamboo shoots,
11674,箙,U+7B99,fu2,fú,quiver,
11675,箚,U+7B9A,zha2,zhá,,
11676,箛,U+7B9B,gu1,gū,(bamboo),
11677,箜,U+7B9C,kong1,kōng,used in 箜篌[kong1 hou2],箜篌|箜簧
11678,箝,U+7B9D,qian2,qián,pliers,
11679,箞,U+7B9E,qian1,qiān,,
11680,箟,U+7B9F,jun4,jùn,,
11681,箠,U+7BA0,chui2|zhui1,chuí|zhuī,variant of 棰[chui2],
11682,管,U+7BA1,guan3,guǎn,variant of 管[guan3],三不管|三極管|三极管
11683,箢,U+7BA2,yuan1|wan3,yuān|wǎn,used in 箢箕[yuan1 ji1] and 箢篼[yuan1 dou1],箢箕|箢篼
11684,箣,U+7BA3,ce4,cè,,
11685,箤,U+7BA4,zu2,zú,,
11686,箥,U+7BA5,bo3,bǒ,,
11687,箦,U+7BA6,ze2,zé,reed mat,
11688,箧,U+7BA7,qie4,qiè,chest,倾箱倒箧|书箧|盈箱累箧
11689,箨,U+7BA8,tuo4,tuò,sheath around joints of bamboo,
11690,箩,U+7BA9,luo2,luó,basket,一箩筐|折箩|淘箩
11691,箪,U+7BAA,dan1,dān,round basket for cooked rice,疏水箪瓢|箪笥|箪食壶浆
11692,箫,U+7BAB,xiao1,xiāo,"xiao, a vertical bamboo flute",吴市吹箫|吹箫|吹箫乞食
11693,箬,U+7BAC,ruo4|na4,ruò|nà,(bamboo),
11694,箭,U+7BAD,jian4,jiàn,arrow,一箭之仇|一箭雙鵰|一箭双雕
11695,箮,U+7BAE,xuan1,xuān,bamboo flower,
11696,箯,U+7BAF,bian1,biān,bamboo sedan chair,
11697,箰,U+7BB0,sun3,sǔn,,
11698,箱,U+7BB1,xiang1,xiāng,box,保潔箱|保洁箱|保管箱
11699,箲,U+7BB2,xian3,xiǎn,,
11700,箳,U+7BB3,ping2,píng,,
11701,箴,U+7BB4,zhen1|jian3,zhēn|jiǎn,to warn,官箴|箴言
11702,箵,U+7BB5,xing1|xing3|sheng3,xīng|xǐng|shěng,,
11703,箶,U+7BB6,hu2,hú,,
11704,箷,U+7BB7,yi2|shi1,yí|shī,,
11705,箸,U+7BB8,zhu4|zhuo2,zhù|zhuó,variant of 箸[zhu4],下箸|借箸
11706,箹,U+7BB9,yue1|yao4|chuo4,yuē|yào|chuò,,
11707,箺,U+7BBA,chun1,chūn,,
11708,箻,U+7BBB,lv4,lǜ,,
11709,箼,U+7BBC,wu1,wū,,
11710,箽,U+7BBD,dong3,dǒng,,
11711,箾,U+7BBE,shuo4|xiao1|qiao4,shuò|xiāo|qiào,to hit sb with a pole,
11712,箿,U+7BBF,ji2,jí,,
11713,節,U+7BC0,jie2|jie1,jié|jiē,see 節骨眼|节骨眼[jie1 gu5 yan3],一節詩|七夕節|三八節
11714,篁,U+7BC1,huang2,huáng,(bamboo),
11715,篂,U+7BC2,xing1,xīng,,
11716,篃,U+7BC3,mei4,mèi,a kind of bamboo,
11717,範,U+7BC4,fan4,fàn,pattern,不規範|中等師範學校|典範
11718,篅,U+7BC5,chuan2|duan1,chuán|duān,,
11719,篆,U+7BC6,zhuan4,zhuàn,seal (of office),大篆|小篆|秦篆
11720,篇,U+7BC7,pian1,piān,sheet,中篇小說|中篇小说|千篇一律
11721,篈,U+7BC8,feng1,fēng,,
11722,築,U+7BC9,zhu4|zhu2,zhù|zhú,to build,上層建築|修築|債臺高築
11723,篊,U+7BCA,huang2|hong2,huáng|hóng,,
11724,篋,U+7BCB,qie4,qiè,chest,傾箱倒篋|書篋|盈箱累篋
11725,篌,U+7BCC,hou2,hóu,used in 箜篌[kong1 hou2],箜篌
11726,篍,U+7BCD,qiu1,qiū,,
11727,篎,U+7BCE,miao3,miǎo,,
11728,篏,U+7BCF,qian4,qiàn,,
11729,篐,U+7BD0,gu1,gū,,
11730,篑,U+7BD1,kui4,kuì,basket for carrying soil,功亏一篑
11731,篒,U+7BD2,shi,shi,,
11732,篓,U+7BD3,lou3,lǒu,basket,字纸篓|字纸篓子|篓子
11733,篔,U+7BD4,yun2|xun1,yún|xūn,used in 篔簹|筼筜[yun2 dang1],篔簹|篔簹湖
11734,篕,U+7BD5,he2,hé,,
11735,篖,U+7BD6,tang2,táng,see 筕篖[hang2 tang2],筕篖
11736,篗,U+7BD7,yue4,yuè,,
11737,篘,U+7BD8,chou1,chōu,basket for straining,
11738,篙,U+7BD9,gao1,gāo,pole for punting boats,篙子|船篙
11739,篚,U+7BDA,fei3,fěi,round covered basket,
11740,篛,U+7BDB,ruo4,ruò,cuticle of bamboo plant,
11741,篜,U+7BDC,zheng1,zhēng,bamboo,
11742,篝,U+7BDD,gou1,gōu,bamboo frame for drying clothes,篝火|篝火狐鳴|篝火狐鸣
11743,篞,U+7BDE,nie4,niè,,
11744,篟,U+7BDF,qian4,qiàn,luxuriant growth of bamboo,
11745,篠,U+7BE0,xiao3,xiǎo,dwarf bamboo,
11746,篡,U+7BE1,cuan4,cuàn,to seize,篡位|篡奪|篡夺
11747,篢,U+7BE2,long3|gong1|gan3,lǒng|gōng|gǎn,bamboo hat,
11748,篣,U+7BE3,peng2|pang2,péng|páng,,
11749,篤,U+7BE4,du3,dǔ,(bound form) sincere; genuine,危篤|本篤十六世|本篤會
11750,篥,U+7BE5,li4,lì,bamboos good for poles,觱篥
11751,篦,U+7BE6,bi4|pi2,bì|pí,fine-toothed comb,梳篦|竹篦|篦子
11752,篧,U+7BE7,zhuo2|huo4,zhuó|huò,creel for trapping fish,
11753,篨,U+7BE8,chu2,chú,crude bamboo mat,
11754,篩,U+7BE9,shai1|shi1,shāi|shī,(bound form) a sieve,分子篩|快篩|快速篩檢
11755,篪,U+7BEA,chi2,chí,bamboo flute with 7 or 8 holes,楊潔篪|杨洁篪
11756,篫,U+7BEB,zhu4,zhù,,
11757,篬,U+7BEC,qiang1|cang1,qiāng|cāng,,
11758,篭,U+7BED,long2,lóng,old variant of 籠|笼[long2],
11759,篮,U+7BEE,lan2,lán,basket (receptacle),上篮|吊篮|女篮
11760,篯,U+7BEF,jian1,jiān,surname Jian,
11761,篰,U+7BF0,bu4,bù,sieve-like utensil,
11762,篱,U+7BF1,li2,lí,a fence,傍人篱壁|围篱|寄人篱下
11763,篲,U+7BF2,hui4|sui4,huì|suì,variant of 彗[hui4],
11764,篳,U+7BF3,bi4,bì,wicker,篳路藍縷|篳門閨竇|蓬篳
11765,篴,U+7BF4,di2|zhu2,dí|zhú,flute,
11766,篵,U+7BF5,cong1,cōng,,
11767,篶,U+7BF6,yan1,yān,black bamboo,
11768,篷,U+7BF7,peng2,péng,sail,大篷車|大篷车|天篷
11769,篸,U+7BF8,can3|cen1|zan1,cǎn|cēn|zān,,
11770,篹,U+7BF9,zhuan4|suan3|zuan3,zhuàn|suǎn|zuǎn,ancient bamboo basket for food,
11771,篺,U+7BFA,pi2,pí,,
11772,篻,U+7BFB,piao3|biao1,piǎo|biāo,,
11773,篼,U+7BFC,dou1,dōu,"bamboo, rattan or wicker basket",箢篼
11774,篽,U+7BFD,yu4,yù,,
11775,篾,U+7BFE,mie4,miè,the outer layer of a stalk of bamboo (or reed or sorghum); a thin bamboo strip,竹篾|篾匠|篾席
11776,篿,U+7BFF,tuan2|zhuan1,tuán|zhuān,,
11777,簀,U+7C00,ze2|zhai4,zé|zhài,reed mat,
11778,簁,U+7C01,shai1,shāi,sieve,
11779,簂,U+7C02,gui4|guo2,guì|guó,,
11780,簃,U+7C03,yi2,yí,small house connected to large one,
11781,簄,U+7C04,hu4,hù,,
11782,簅,U+7C05,chan3,chǎn,,
11783,簆,U+7C06,kou4,kòu,healds of a loom,
11784,簇,U+7C07,cu4|chuo4|cou4,cù|chuò|còu,(bound form) to cluster; to pile up,代數簇|代数簇|抗原決定簇
11785,簈,U+7C08,ping2,píng,,
11786,簉,U+7C09,zao4|chou4,zào|chòu,deputy,簉室
11787,簊,U+7C0A,ji1,jī,,
11788,簋,U+7C0B,gui3,guǐ,ancient bronze food vessel with a round mouth and two or four handles,
11789,簌,U+7C0C,su4,sù,used in 簌簌[su4 su4],簌簌|簌簌發抖|簌簌发抖
11790,簍,U+7C0D,lou3|lv3|ju4,lǒu|lǚ|jù,basket,字紙簍|字紙簍子|簍子
11791,簎,U+7C0E,ce4|ji2,cè|jí,,
11792,簏,U+7C0F,lu4,lù,box,
11793,簐,U+7C10,nian3,niǎn,,
11794,簑,U+7C11,suo1,suō,variant of 蓑[suo1],
11795,簒,U+7C12,cuan4,cuàn,old variant of 篡[cuan4],
11796,簓,U+7C13,diao1,diāo,,
11797,簔,U+7C14,suo1,suō,,
11798,簕,U+7C15,le4,lè,used in 簕竹[le4 zhu2],簕竹
11799,簖,U+7C16,duan4,duàn,bamboo fish trap,
11800,簗,U+7C17,zhu4,zhù,erroneous variant of 築|筑[zhu4],
11801,簘,U+7C18,xiao1,xiāo,,
11802,簙,U+7C19,bo2,bó,,
11803,簚,U+7C1A,mi4,mì,,
11804,簛,U+7C1B,shai1|si1,shāi|sī,,
11805,簜,U+7C1C,dang4|tang1,dàng|tāng,(bamboo),
11806,簝,U+7C1D,liao2,liáo,bamboo receptacle used to hold meat for temple sacrifices in ancient times,
11807,簞,U+7C1E,dan1,dān,round basket for cooked rice,疏水簞瓢|簞笥|簞食壺漿
11808,簟,U+7C1F,dian4,diàn,fine woven grass mat,
11809,簠,U+7C20,fu3,fǔ,basket used in state worship,
11810,簡,U+7C21,jian3,jiǎn,simple,不簡單|二簡|刪簡壓縮
11811,簢,U+7C22,min3,mǐn,,
11812,簣,U+7C23,kui4,kuì,basket for carrying soil,功虧一簣
11813,簤,U+7C24,dai4,dài,,
11814,簥,U+7C25,jiao1,jiāo,large pipe,
11815,簦,U+7C26,deng1,dēng,large umbrella for stalls,
11816,簧,U+7C27,huang2,huáng,reed (of a music instrument),二簧|叉簧|口簧
11817,簨,U+7C28,sun3|zhuan4,sǔn|zhuàn,cross-beam for hanging bells,
11818,簩,U+7C29,lao2,láo,,
11819,簪,U+7C2A,zan1|zan3,zān|zǎn,hairpin,持橐簪筆|持橐簪笔|髮簪
11820,簫,U+7C2B,xiao1|xiao3,xiāo|xiǎo,"xiao, a vertical bamboo flute",吳市吹簫|吹簫|吹簫乞食
11821,簬,U+7C2C,lu4,lù,(bamboo),
11822,簭,U+7C2D,shi4,shì,,
11823,簮,U+7C2E,zan1,zān,old variant of 簪[zan1],
11824,簯,U+7C2F,qi,qi,,
11825,簰,U+7C30,pai2,pái,bamboo raft,
11826,簱,U+7C31,qi2,qí,,
11827,簲,U+7C32,pai2,pái,,
11828,簳,U+7C33,gan3|gan4,gǎn|gàn,,
11829,簴,U+7C34,ju4,jù,,
11830,簵,U+7C35,lu4,lù,,
11831,簶,U+7C36,lu4,lù,,
11832,簷,U+7C37,yan2,yán,variant of 檐[yan2],密簷塔|屋簷|挑簷
11833,簸,U+7C38,bo3|bo4,bǒ|bò,to winnow; to toss up and down,簸揚|簸扬|簸穀
11834,簹,U+7C39,dang1,dāng,used in 篔簹|筼筜[yun2 dang1],篔簹|篔簹湖
11835,簺,U+7C3A,sai4,sài,,
11836,簻,U+7C3B,zhua1|ke1,zhuā|kē,big,
11837,簼,U+7C3C,gou1,gōu,,
11838,簽,U+7C3D,qian1,qiān,to sign one's name,中簽|便簽|價簽
11839,簾,U+7C3E,lian2,lián,hanging screen or curtain,卷簾門|垂簾聽政|帳簾
11840,簿,U+7C3F,bu4|bo2,bù|bó,a book,主簿|像片簿|剪貼簿
11841,籀,U+7C40,zhou4,zhòu,surname Zhou,史籀篇|籀文|籀書
11842,籁,U+7C41,lai4,lài,a sound,天籁|万籁俱寂|万籁无声
11843,籂,U+7C42,shi,shi,,
11844,籃,U+7C43,lan2,lán,basket (receptacle),上籃|吊籃|女籃
11845,籄,U+7C44,kui4,kuì,,
11846,籅,U+7C45,yu2,yú,round basket used for feeding the cattle,
11847,籆,U+7C46,yue4,yuè,,
11848,籇,U+7C47,hao2,háo,,
11849,籈,U+7C48,zhen1|jian1,zhēn|jiān,,
11850,籉,U+7C49,tai2,tái,,
11851,籊,U+7C4A,ti4,tì,long bamboo (for fishing rod),
11852,籋,U+7C4B,nie4|mi2,niè|mí,,
11853,籌,U+7C4C,chou2|tao2,chóu|táo,chip (in gambling); token (for counting); ticket,一籌莫展|更勝一籌|略勝一籌
11854,籍,U+7C4D,ji2|jie4,jí|jiè,surname Ji,中國籍|中国籍|人言籍籍
11855,籎,U+7C4E,yi2,yí,,
11856,籏,U+7C4F,qi2,qí,,
11857,籐,U+7C50,teng2,téng,variant of 藤[teng2],
11858,籑,U+7C51,zhuan4|zuan3,zhuàn|zuǎn,old variant of 撰[zhuan4],
11859,籒,U+7C52,zhou4,zhòu,old variant of 籀[zhou4],
11860,籓,U+7C53,fan1|ban1|pan1,fān|bān|pān,big winnow basket,
11861,籔,U+7C54,sou3|shu3,sǒu|shǔ,basket for draining rice,
11862,籕,U+7C55,zhou4,zhòu,,
11863,籖,U+7C56,qian,qian,Japanese variant of 籤|签[qian1],
11864,籗,U+7C57,zhuo2,zhuó,,
11865,籘,U+7C58,teng2,téng,,
11866,籙,U+7C59,lu4,lù,record book; archive,符籙
11867,籚,U+7C5A,lu2,lú,basket made of rush,
11868,籛,U+7C5B,jian3|jian1,jiǎn|jiān,surname Jian,
11869,籜,U+7C5C,tuo4,tuò,sheath around joints of bamboo,
11870,籝,U+7C5D,ying2,yíng,old variant of 籯[ying2],
11871,籞,U+7C5E,yu4,yù,,
11872,籟,U+7C5F,lai4,lài,a sound,天籟|萬籟俱寂|萬籟無聲
11873,籠,U+7C60,long2|long3,lóng|lǒng,"enclosing frame made of bamboo, wire etc; cage; basket",出籠|囚籠|回籠
11874,籡,U+7C61,qie4,qiè,,
11875,籢,U+7C62,lian2,lián,old variant of 奩|奁[lian2],
11876,籣,U+7C63,lan2,lán,bow case,
11877,籤,U+7C64,qian1,qiān,"inscribed bamboo stick (used in divination, gambling, drawing lots etc)",價格標籤|名稱標籤|名籤
11878,籥,U+7C65,yue4,yuè,flute,
11879,籦,U+7C66,zhong1,zhōng,,
11880,籧,U+7C67,qu2|ju3,qú|jǔ,crude bamboo mat,
11881,籨,U+7C68,lian2,lián,,
11882,籩,U+7C69,bian1,biān,bamboo tazza used in ancient times to hold dry food for sacrifices or at banquets,
11883,籪,U+7C6A,duan4,duàn,bamboo fish trap,
11884,籫,U+7C6B,zuan3,zuǎn,(literary) bamboo tube used to hold chopsticks or spoons,
11885,籬,U+7C6C,li2,lí,a fence,傍人籬壁|圍籬|寄人籬下
11886,籭,U+7C6D,si1,sī,old variant of 篩|筛[shai1],
11887,籮,U+7C6E,luo2,luó,basket,一籮筐|折籮|淘籮
11888,籯,U+7C6F,ying2,yíng,slender basket for chopsticks,
11889,籰,U+7C70,yue4,yuè,,
11890,籱,U+7C71,zhuo2,zhuó,,
11891,籲,U+7C72,yu4,yù,to implore,呼籲|籲請|黑奴籲天錄
11892,米,U+7C73,mi3,mǐ,surname Mi,不當家不知柴米貴|不当家不知柴米贵|五斗米道
11893,籴,U+7C74,di2|za2,dí|zá,to buy up (grain),
11894,籵,U+7C75,fan2,fán,dm,
11895,籶,U+7C76,shen1,shēn,,
11896,籷,U+7C77,zhe2,zhé,,
11897,籸,U+7C78,shen1,shēn,crushed grain,
11898,籹,U+7C79,nv3,nǚ,cakes of rice-flour and honey,
11899,籺,U+7C7A,he2,hé,,
11900,类,U+7C7B,lei4,lèi,kind; type; class; category,一类|一类保护动物|不伦不类
11901,籼,U+7C7C,xian1,xiān,long-grained rice,籼稻|籼米|長籼
11902,籽,U+7C7D,zi3,zǐ,seeds,亞麻籽|亚麻籽|奇亞籽
11903,籾,U+7C7E,ni2,ní,,
11904,籿,U+7C7F,cun4,cùn,,
11905,粀,U+7C80,zhang4,zhàng,decameter (old),
11906,粁,U+7C81,qian1,qiān,kilometer,
11907,粂,U+7C82,zhai1,zhāi,,
11908,粃,U+7C83,bi3|pi1,bǐ|pī,variant of 秕[bi3],
11909,粄,U+7C84,ban3,bǎn,"(Hakka cuisine) snacks made from glutinous rice flour (rice cakes, noodles etc)",
11910,粅,U+7C85,wu4,wù,,
11911,粆,U+7C86,sha1|chao3,shā|chǎo,,
11912,粇,U+7C87,kang1|jing1,kāng|jīng,old variant of 糠[kang1],
11913,粈,U+7C88,rou2,róu,,
11914,粉,U+7C89,fen3,fěn,powder,K粉|中筋麵粉|中筋面粉
11915,粊,U+7C8A,bi4,bì,,
11916,粋,U+7C8B,cui4,cuì,Japanese variant of 粹,
11917,粌,U+7C8C,yin,yin,,
11918,粍,U+7C8D,zhe2,zhé,,
11919,粎,U+7C8E,mi3,mǐ,,
11920,粏,U+7C8F,tai,tai,,
11921,粐,U+7C90,hu4,hù,,
11922,粑,U+7C91,ba1,bā,a round flat cake (dialect),糌粑|糍粑|糖油粑粑
11923,粒,U+7C92,li4,lì,grain; granule; pellet; particle,一粒老鼠屎壞了一鍋粥|一粒老鼠屎坏了一锅粥|中心粒
11924,粓,U+7C93,gan1,gān,,
11925,粔,U+7C94,ju4,jù,cakes made from rice flour twisted into rings,
11926,粕,U+7C95,po4,pò,grains in distilled liquor,去其糟粕|取其精華，去其糟粕|取其精华，去其糟粕
11927,粖,U+7C96,mo4,mò,,
11928,粗,U+7C97,cu1,cū,(of sth long) wide; thick,五大三粗|加粗|動粗
11929,粘,U+7C98,zhan1|nian2,zhān|nián,variant of 黏[nian2],不粘鍋|不粘锅|粘乎乎
11930,粙,U+7C99,zhou4,zhòu,,
11931,粚,U+7C9A,chi1,chī,old variant of 黐[chi1],
11932,粛,U+7C9B,su4,sù,Japanese variant of 肅|肃,
11933,粜,U+7C9C,tiao4,tiào,to sell (grain),
11934,粝,U+7C9D,li4,lì,coarse rice,粗粝
11935,粞,U+7C9E,xi1,xī,ground rice,
11936,粟,U+7C9F,su4,sù,surname Su,包粟|布帛菽粟|滄海一粟
11937,粠,U+7CA0,hong2,hóng,,
11938,粡,U+7CA1,tong2,tóng,,
11939,粢,U+7CA2,zi1|ci2|ji4,zī|cí|jì,common millet,
11940,粣,U+7CA3,ce4|se4,cè|sè,,
11941,粤,U+7CA4,yue4,yuè,Cantonese,川鲁粤苏浙闽湘徽|百粤|粤剧
11942,粥,U+7CA5,zhou1|yu4,zhōu|yù,used in 葷粥|荤粥[Xun1 yu4],一粒老鼠屎壞了一鍋粥|一粒老鼠屎坏了一锅粥|一鍋粥
11943,粦,U+7CA6,lin2,lín,variant of 磷[lin2],
11944,粧,U+7CA7,zhuang1,zhuāng,variant of 妝|妆[zhuang1],
11945,粨,U+7CA8,bai3,bǎi,hectometer (old),
11946,粩,U+7CA9,lao1,lāo,"a traditional pastry of Taiwan and Fujian which is fried, then coated with maltose and rolled in sesame seeds or chopped peanuts etc",
11947,粪,U+7CAA,fen4,fèn,manure,倒粪|化粪池|尝粪
11948,粫,U+7CAB,er2,ér,,
11949,粬,U+7CAC,qu1,qū,variant of 麴|曲[qu1],
11950,粭,U+7CAD,he2,hé,,
11951,粮,U+7CAE,liang2,liáng,grain,世界粮食署|干粮|干粮袋
11952,粯,U+7CAF,xian4,xiàn,,
11953,粰,U+7CB0,fu2|fu1,fú|fū,variant of 稃[fu1],
11954,粱,U+7CB1,liang2,liáng,sorghum,甜高粱|糖高粱|紅高粱
11955,粲,U+7CB2,can4,càn,beautiful,王粲|粲夸克|粲然
11956,粳,U+7CB3,jing1,jīng,variant of 粳[jing1],粳稻|粳米
11957,粴,U+7CB4,li3,lǐ,,
11958,粵,U+7CB5,yue4,yuè,Cantonese,川魯粵蘇浙閩湘徽|百粵|粵劇
11959,粶,U+7CB6,lu4,lù,,
11960,粷,U+7CB7,ju2,jú,,
11961,粸,U+7CB8,qi2,qí,,
11962,粹,U+7CB9,cui4|sui4,cuì|suì,pure,國粹|国粹|民粹主義
11963,粺,U+7CBA,bai4,bài,polished rice,
11964,粻,U+7CBB,zhang1,zhāng,food,
11965,粼,U+7CBC,lin2|lin3,lín|lǐn,clear (as of water),波濤粼粼|波涛粼粼|粼粼
11966,粽,U+7CBD,zong4,zòng,rice dumplings wrapped in leaves,粽子|粽葉|粽叶
11967,精,U+7CBE,jing1|qing2|jing4,jīng|qíng|jìng,essence,中國精密機械進出口公司|中国精密机械进出口公司|人工授精
11968,粿,U+7CBF,guo3|hua4,guǒ|huà,rice cake (typically made with glutinous rice flour and steamed),炒粿條|炒粿条|碗粿
11969,糀,U+7CC0,hua1,huā,,
11970,糁,U+7CC1,san3|shen1,sǎn|shēn,to mix (of powders),玉米糁
11971,糂,U+7CC2,san3,sǎn,,
11972,糃,U+7CC3,tang2,táng,,
11973,糄,U+7CC4,bian3|bian1,biǎn|biān,,
11974,糅,U+7CC5,rou2,róu,mix,糅合|雜糅|杂糅
11975,糆,U+7CC6,mian4,miàn,variant of 麵|面[mian4],
11976,糇,U+7CC7,hou2,hóu,dry provisions,
11977,糈,U+7CC8,xu3,xǔ,official pay,
11978,糉,U+7CC9,zong4,zòng,variant of 粽[zong4],
11979,糊,U+7CCA,hu2|hu1|hu4,hú|hū|hù,variant of 糊[hu2],一塌糊塗|一塌糊涂|不含糊
11980,糋,U+7CCB,jian4,jiàn,,
11981,糌,U+7CCC,zan1,zān,used in 糌粑[zan1 ba5],糌粑
11982,糍,U+7CCD,ci2,cí,used in 糍粑[ci2 ba1] and 糯米糍[nuo4 mi3 ci2],糍粑|糯米糍
11983,糎,U+7CCE,li2,lí,,
11984,糏,U+7CCF,xie4,xiè,,
11985,糐,U+7CD0,fu1,fū,,
11986,糑,U+7CD1,nuo4,nuò,,
11987,糒,U+7CD2,bei4,bèi,food for a journey,
11988,糓,U+7CD3,gu3,gǔ,,
11989,糔,U+7CD4,xiu3,xiǔ,to wash (rice etc),
11990,糕,U+7CD5,gao1,gāo,cake,乳酪蛋糕|冰糕|切糕
11991,糖,U+7CD6,tang2,táng,sugar,丁糖|七碳糖|三氯蔗糖
11992,糗,U+7CD7,qiu3,qiǔ,surname Qiu,出糗|糗事|糗糧
11993,糘,U+7CD8,jia1,jiā,,
11994,糙,U+7CD9,cao1,cāo,rough,粗糙|糙皮病|糙米
11995,糚,U+7CDA,zhuang1,zhuāng,,
11996,糛,U+7CDB,tang2,táng,,
11997,糜,U+7CDC,mi2|mei2,mí|méi,surname Mi,乳糜瀉|乳糜泻|何不食肉糜
11998,糝,U+7CDD,san3|san1|shen1,sǎn|sān|shēn,to mix (of powders),玉米糝
11999,糞,U+7CDE,fen4,fèn,manure,倒糞|化糞池|嘗糞
12000,糟,U+7CDF,zao1,zāo,dregs,一團亂糟|一团乱糟|一團糟
12001,糠,U+7CE0,kang1,kāng,variant of 糠[kang1],吹糠見米|吹糠见米|木糠
12002,糡,U+7CE1,jiang4,jiàng,,
12003,糢,U+7CE2,mo2,mó,blurred,糢糊
12004,糣,U+7CE3,san3,sǎn,,
12005,糤,U+7CE4,san3,sǎn,,
12006,糥,U+7CE5,nuo4,nuò,,
12007,糦,U+7CE6,xi1,xī,,
12008,糧,U+7CE7,liang2,liáng,grain,世界糧食署|乾糧|乾糧袋
12009,糨,U+7CE8,jiang4|jiang1,jiàng|jiāng,"(of soup, paste etc) thick",糨子|糨糊
12010,糩,U+7CE9,kuai4,kuài,,
12011,糪,U+7CEA,bo4,bò,,
12012,糫,U+7CEB,huan2,huán,,
12013,糬,U+7CEC,shu3,shǔ,used in 麻糬[ma2 shu3],麻糬
12014,糭,U+7CED,zong4,zòng,old variant of 粽[zong4],
12015,糮,U+7CEE,xian4,xiàn,,
12016,糯,U+7CEF,nuo4,nuò,variant of 糯[nuo4],粘糯|糯稻|糯米
12017,糰,U+7CF0,tuan2,tuán,dumpling,御飯糰|生麵糰|糰子
12018,糱,U+7CF1,nie4,niè,variant of 糵[nie4],
12019,糲,U+7CF2,li4,lì,coarse rice,粗糲
12020,糳,U+7CF3,zuo4,zuò,,
12021,糴,U+7CF4,di2,dí,to buy up (grain),
12022,糵,U+7CF5,nie4,niè,(literary) yeast used for brewing wine,
12023,糶,U+7CF6,tiao4|diao4,tiào|diào,to sell (grain),
12024,糷,U+7CF7,lan4,làn,,
12025,糸,U+7CF8,mi4|si1,mì|sī,fine silk,
12026,糹,U+7CF9,si1,sī,"""silk"" radical in Chinese characters (Kangxi radical 120), occurring in 紅|红[hong2], 綠|绿[lu : 4], 累[lei4] etc",
12027,糺,U+7CFA,jiu1|jiu3,jiū|jiǔ,"army (used during the Liao, Jin and Yuan dynasties)",
12028,系,U+7CFB,xi4|ji4,xì|jì,to connect,一系列|三角关系|不分系
12029,糼,U+7CFC,gong1,gōng,,
12030,糽,U+7CFD,zheng3|zheng1,zhěng|zhēng,,
12031,糾,U+7CFE,jiu1|jiao3,jiū|jiǎo,to gather together,彈糾|糾偏|糾合
12032,糿,U+7CFF,you4,yòu,,
12033,紀,U+7D00,ji4|ji3,jì|jǐ,surname Ji,一把年紀|三大紀律八項注意|三島由紀夫
12034,紁,U+7D01,cha4,chà,,
12035,紂,U+7D02,zhou4,zhòu,"Zhou, pejorative name given posthumously to the last king of the Shang dynasty, King Zhou of Shang 商紂王|商纣王[Shang1 Zhou4 Wang2] (the name refers to a crupper 紂|纣[zhou4], the piece of horse tack most likely to be soiled by the horse)",助紂為虐|商紂王|武王伐紂
12036,紃,U+7D03,xun2,xún,bind,
12037,約,U+7D04,yue1|yao1|yao4|di4,yuē|yāo|yào|dì,to weigh in a balance or on a scale,不平等條約|不擴散核武器條約|不約而同
12038,紅,U+7D05,hong2|gong1|jiang4,hóng|gōng|jiàng,surname Hong,一品紅|一夜爆紅|一炮而紅
12039,紆,U+7D06,yu1|ou1,yū|ōu,surname Yu,紆尊降貴
12040,紇,U+7D07,he2|ge1|jie2,hé|gē|jié,knot,回紇
12041,紈,U+7D08,wan2,wán,(literary) fine white silk; delicate silk fabric,紈扇|紈絝子弟|紈褲子弟
12042,紉,U+7D09,ren4,rèn,to thread (a needle),紉佩|紉針|縫紉
12043,紊,U+7D0A,wen3|wen4,wěn|wèn,involved,有條不紊|有条不紊|步履紊亂
12044,紋,U+7D0B,wen2|wen4,wén|wèn,line,冠紋柳鶯|凹紋|刺花紋
12045,紌,U+7D0C,qiu2,qiú,,
12046,納,U+7D0D,na4,nà,surname Na,不完全歸納推理|亞利桑納州|交納
12047,紎,U+7D0E,zi1,zī,,
12048,紏,U+7D0F,tou3,tǒu,,
12049,紐,U+7D10,niu3,niǔ,to turn,交通樞紐|伊曼紐爾|印紐
12050,紑,U+7D11,fou2,fóu,bright,
12051,紒,U+7D12,ji4|jie2|jie4,jì|jié|jiè,,
12052,紓,U+7D13,shu1,shū,abundant,林紓|毀家紓難|紓困
12053,純,U+7D14,chun2|zhun3|tun2|quan2|zi1|zhun1,chún|zhǔn|tún|quán|zī|zhūn,pure,亞純|全純|呂純陽
12054,紕,U+7D15,pi1|pi2|bi3|bi1|bi4|chi3,pī|pí|bǐ|bī|bì|chǐ,error,紕漏|紕繆
12055,紖,U+7D16,zhen4,zhèn,,
12056,紗,U+7D17,sha1|miao3,shā|miǎo,cotton yarn,丟烏紗帽|併紗|婚紗
12057,紘,U+7D18,hong2,hóng,cord for hat,
12058,紙,U+7D19,zhi3,zhǐ,"paper (CL:張|张[zhang1],沓[da2])",一紙空文|五彩紙屑|仿紙
12059,級,U+7D1A,ji2,jí,level,一級|一級士官|一級方程式
12060,紛,U+7D1B,fen1,fēn,numerous,五彩繽紛|五色繽紛|戰火紛飛
12061,紜,U+7D1C,yun2,yún,confused,眾說紛紜|紛紜|紜紜
12062,紝,U+7D1D,ren4,rèn,to weave,紝織|織紝
12063,紞,U+7D1E,dan3,dǎn,silk fringe of a coronet,
12064,紟,U+7D1F,jin1|jin4,jīn|jìn,a sash,
12065,素,U+7D20,su4,sù,raw silk,七葷八素|七荤八素|不是吃素的
12066,紡,U+7D21,fang3|bang3|fang4,fǎng|bǎng|fàng,to spin (cotton or hemp etc),混紡|紡紗|紡絲
12067,索,U+7D22,suo3,suǒ,surname Suo,三索錦蛇|三索锦蛇|不假思索
12068,紣,U+7D23,cui4,cuì,,
12069,紤,U+7D24,jiu3,jiǔ,,
12070,紥,U+7D25,za1|zha1,zā|zhā,variant of 紮|扎[za1],
12071,紦,U+7D26,ba,ba,,
12072,紧,U+7D27,jin3,jǐn,tight,上紧发条|不打紧|不当紧
12073,紨,U+7D28,fu1|fu4,fū|fù,,
12074,紩,U+7D29,zhi4,zhì,to stitch,
12075,紪,U+7D2A,qi1,qī,,
12076,紫,U+7D2B,zi3,zǐ,purple,三色紫羅蘭|三色紫罗兰|大紅大紫
12077,紬,U+7D2C,chou2|chou1|zhou4,chóu|chōu|zhòu,silk,
12078,紭,U+7D2D,hong2,hóng,,
12079,紮,U+7D2E,za1|zha1,zā|zhā,to tie,包紮|卡爾紮伊|安營紮寨
12080,累,U+7D2F,lei4|lei2|lei3|lv4|lie4,lèi|léi|lěi|lǜ|liè,to accumulate,事危累卵|傷痕累累|伤痕累累
12081,細,U+7D30,xi4,xì,thin or slender,中亞細亞|中性粒細胞|事無巨細
12082,紱,U+7D31,fu2,fú,ribbon for a seal,朱紱
12083,紲,U+7D32,xie4|yi4,xiè|yì,to tie,
12084,紳,U+7D33,shen1,shēn,member of gentry,劣紳|土豪劣紳|太平紳士
12085,紴,U+7D34,bo1|bi4,bō|bì,,
12086,紵,U+7D35,zhu4|shu1,zhù|shū,variant of 苧|苎[zhu4],
12087,紶,U+7D36,qu1|qu3,qū|qǔ,,
12088,紷,U+7D37,ling2,líng,,
12089,紸,U+7D38,zhu4,zhù,,
12090,紹,U+7D39,shao4|chao1,shào|chāo,surname Shao,介紹|介紹信|克紹箕裘
12091,紺,U+7D3A,gan4,gàn,violet or purple,發紺
12092,紻,U+7D3B,yang3,yǎng,,
12093,紼,U+7D3C,fu2|fei4,fú|fèi,heavy rope,執紼
12094,紽,U+7D3D,tuo2,tuó,braid on a robe,
12095,紾,U+7D3E,zhen3|tian3|jin3,zhěn|tiǎn|jǐn,crooked,
12096,紿,U+7D3F,dai4,dài,to cheat,
12097,絀,U+7D40,chu4,chù,crimson silk,左支右絀|心餘力絀|歲計餘絀
12098,絁,U+7D41,shi1,shī,"rough, indelicate silk",
12099,終,U+7D42,zhong1,zhōng,end,一日為師，終身為父|不可終日|不終天年
12100,絃,U+7D43,xian2|xuan4,xián|xuàn,variant of 弦,
12101,組,U+7D44,zu3|qu1,zǔ|qū,surname Zu,上合組織|上海合作組織|世界旅遊組織
12102,絅,U+7D45,jiong1|jiong3,jiōng|jiǒng,monotone garment with no lining,
12103,絆,U+7D46,ban4,bàn,to trip,牽絆|磕磕絆絆|紐絆
12104,絇,U+7D47,qu2,qú,,
12105,絈,U+7D48,mo4,mò,,
12106,絉,U+7D49,shu4,shù,,
12107,絊,U+7D4A,zui4,zuì,,
12108,絋,U+7D4B,kuang4,kuàng,,
12109,経,U+7D4C,jing1,jīng,Japanese variant of 經|经,
12110,絍,U+7D4D,ren4,rèn,to weave,縫絍|缝絍
12111,絎,U+7D4E,hang2,háng,to quilt,絎縫
12112,絏,U+7D4F,xie4|yi4,xiè|yì,variant of 紲|绁[xie4],
12113,結,U+7D50,jie2|ji4|jie1,jié|jì|jiē,(of a plant) to produce (fruit or seeds),不結盟|不結盟運動|中西醫結合
12114,絑,U+7D51,zhu1,zhū,,
12115,絒,U+7D52,chou2,chóu,,
12116,絓,U+7D53,gua4|kua1,guà|kuā,to hinder,
12117,絔,U+7D54,bai3|mo4,bǎi|mò,,
12118,絕,U+7D55,jue2,jué,to cut short,一騎絕塵|不絕|不絕如縷
12119,絖,U+7D56,kuang4,kuàng,fine floss-silk or cotton,
12120,絗,U+7D57,hu2,hú,,
12121,絘,U+7D58,ci4,cì,ancient tax in the form of bales of cloth,絘布
12122,絙,U+7D59,huan2|geng1,huán|gēng,,
12123,絚,U+7D5A,geng1,gēng,old variant of 緪[geng1],
12124,絛,U+7D5B,tao1,tāo,see 絛綸|绦纶[di2 lun2],有鉤絛蟲|無鉤絛蟲|絛子
12125,絜,U+7D5C,jie2|xie2|qia4|jia2|qi4,jié|xié|qià|jiá|qì,clean,較短絜長|较短絜长|較長絜短
12126,絝,U+7D5D,ku4,kù,variant of 褲|裤[ku4],紈絝子弟
12127,絞,U+7D5E,jiao3|xiao2|jiao4,jiǎo|xiáo|jiào,to twist (strands into a thread),心如刀絞|心絞痛|絞刀
12128,絟,U+7D5F,quan2,quán,,
12129,絠,U+7D60,gai3|ai3,gǎi|ǎi,,
12130,絡,U+7D61,luo4|lao4,luò|lào,small net,中央人民政府駐香港特別行政區聯絡辦公室|主幹網絡|互聯網絡
12131,絢,U+7D62,xuan4|xun2,xuàn|xún,adorned,絢爛|絢麗|絢麗多彩
12132,絣,U+7D63,beng1|bing1|peng1,bēng|bīng|pēng,"Ikat, a type of woven silk",
12133,絤,U+7D64,xian4,xiàn,,
12134,絥,U+7D65,fu2,fú,,
12135,給,U+7D66,gei3|ji3|xia2,gěi|jǐ|xiá,to,不給力|交給|人給家足
12136,絧,U+7D67,dong4|tong2|tong1,dòng|tóng|tōng,,
12137,絨,U+7D68,rong2,róng,velvet,天鵝絨|小絨鴨|山羊絨
12138,絩,U+7D69,tiao4|diao4|dao4,tiào|diào|dào,,
12139,絪,U+7D6A,yin1,yīn,generative force,絪縕
12140,絫,U+7D6B,lei3,lěi,"variant of 累[lei3], to accumulate",
12141,絬,U+7D6C,xie4,xiè,,
12142,絭,U+7D6D,juan4,juàn,,
12143,絮,U+7D6E,xu4|chu4|nv4|na4,xù|chù|nǜ|nà,cotton wadding,吐絮|幕後花絮|幕后花絮
12144,絯,U+7D6F,gai1|hai4,gāi|hài,,
12145,絰,U+7D70,die2,dié,hempen band worn on the head or waist by a mourner,
12146,統,U+7D71,tong3,tǒng,to gather,一統|下寒武統|不合體統
12147,絲,U+7D72,si1,sī,silk,一絲一毫|一絲不掛|一絲不苟
12148,絳,U+7D73,jiang4,jiàng,capital of the Jin State during the Spring and Autumn Period (770-475 BC),新絳|新絳縣|絳紫
12149,絴,U+7D74,xiang2,xiáng,,
12150,絵,U+7D75,hui4,huì,Japanese variant of 繪|绘,
12151,絶,U+7D76,jue2,jué,variant of 絕|绝[jue2],
12152,絷,U+7D77,zhi2,zhí,to connect,
12153,絸,U+7D78,jian3,jiǎn,,
12154,絹,U+7D79,juan4|xuan4,juàn|xuàn,"thin, tough silk fabric",手絹
12155,絺,U+7D7A,chi1|zhi3,chī|zhǐ,fine fibers of hemp,
12156,絻,U+7D7B,mian3|wen4|man2|wan4,miǎn|wèn|mán|wàn,old variant of 冕[mian3],
12157,絼,U+7D7C,zhen4,zhèn,,
12158,絽,U+7D7D,lv3,lǚ,,
12159,絾,U+7D7E,cheng2,chéng,,
12160,絿,U+7D7F,qiu2,qiú,urgent,
12161,綀,U+7D80,shu1,shū,a kind of sackcloth,
12162,綁,U+7D81,bang3,bǎng,to tie,五花大綁|捆綁|綁住
12163,綂,U+7D82,tong3,tǒng,old variant of 統|统[tong3],
12164,綃,U+7D83,xiao1|shao1,xiāo|shāo,raw silk,
12165,綄,U+7D84,huan2|huan4|wan4,huán|huàn|wàn,,
12166,綅,U+7D85,qin1|xian1,qīn|xiān,red silk crest of helmet,
12167,綆,U+7D86,geng3|bing3,gěng|bǐng,(literary) well rope (for drawing water),
12168,綇,U+7D87,xiu3,xiǔ,,
12169,綈,U+7D88,ti2|ti4,tí|tì,coarse greenish black pongee,
12170,綉,U+7D89,tou4|xiu4,tòu|xiù,variant of 繡|绣[xiu4],
12171,綊,U+7D8A,xie2,xié,,
12172,綋,U+7D8B,hong2,hóng,,
12173,綌,U+7D8C,xi4,xì,coarse hempen fabric,
12174,綍,U+7D8D,fu2,fú,heavy rope,
12175,綎,U+7D8E,ting1,tīng,silk braided cord,
12176,綏,U+7D8F,sui1|sui2|shuai1|rui2|tuo3,suī|suí|shuāi|ruí|tuǒ,to pacify,扶綏|扶綏縣|撫綏
12177,綐,U+7D90,dui4,duì,,
12178,綑,U+7D91,kun3,kǔn,variant of 捆[kun3],
12179,綒,U+7D92,fu1,fū,,
12180,經,U+7D93,jing1|jing4,jīng|jìng,surname Jing,一本正經|一經|三公經費
12181,綔,U+7D94,hu4,hù,,
12182,綕,U+7D95,zhi1,zhī,,
12183,綖,U+7D96,yan2|xian4,yán|xiàn,cap tassels,
12184,綗,U+7D97,jiong3,jiǒng,variant of 絅|䌹[jiong3],
12185,綘,U+7D98,feng2,féng,variant of 縫|缝[feng2],
12186,継,U+7D99,ji4,jì,Japanese variant of 繼|继,
12187,続,U+7D9A,xu4,xù,Japanese variant of 續|续,
12188,綛,U+7D9B,ren3,rěn,,
12189,綜,U+7D9C,zong1|zeng4|zong4,zōng|zèng|zòng,heddle,21三體綜合症|上海證券交易所綜合股價指數|上證綜合指數
12190,綝,U+7D9D,chen1|shen1,chēn|shēn,(literary) to stop,
12191,綞,U+7D9E,duo3,duǒ,,
12192,綟,U+7D9F,li4|lie4,lì|liè,,
12193,綠,U+7DA0,lv4,lǜ,used in names,印支綠鵲|厚嘴綠鳩|品綠
12194,綡,U+7DA1,liang2,liáng,,
12195,綢,U+7DA2,chou2|tao1|diao4,chóu|tāo|diào,(light) silk,塔夫綢|府綢|未雨綢繆
12196,綣,U+7DA3,quan3,quǎn,used in 繾綣|缱绻[qian3 quan3],繾綣
12197,綤,U+7DA4,shao4,shào,,
12198,綥,U+7DA5,qi2,qí,dark gray,
12199,綦,U+7DA6,qi2|qi4,qí|qì,dark gray,綦江|綦江區|綦江区
12200,綧,U+7DA7,zhun3|zhun4,zhǔn|zhùn,,
12201,綨,U+7DA8,qi2,qí,,
12202,綩,U+7DA9,wan3,wǎn,,
12203,綪,U+7DAA,qian4|qing1|zheng1,qiàn|qīng|zhēng,dark red color (of silk product),
12204,綫,U+7DAB,xian4,xiàn,variant of 線|线[xian4],
12205,綬,U+7DAC,shou4,shòu,cord on a seal,印綬|吐綬雞|綬帶
12206,維,U+7DAD,wei2|yi2,wéi|yí,abbr. for Uighur 維吾爾|维吾尔[Wei2 wu2 er3],一維|三維|三維空間
12207,綮,U+7DAE,qi3|qing4|qing3,qǐ|qìng|qǐng,embroidered banner,
12208,綯,U+7DAF,tao2,táo,bind,
12209,綰,U+7DB0,wan3,wǎn,bind up,
12210,綱,U+7DB1,gang1,gāng,head rope of a fishing net,三綱五常|上綱上線|中蘇解決懸案大綱協定
12211,網,U+7DB2,wang3,wǎng,net,一網打盡|三天打魚，兩天曬網|上網
12212,綳,U+7DB3,beng1,bēng,variant of 繃|绷[beng1],
12213,綴,U+7DB4,zhui4|chuo4,zhuì|chuò,variant of 輟|辍[chuo4],中綴|前綴|尾綴
12214,綵,U+7DB5,cai3,cǎi,variant of 彩[cai3],剪綵
12215,綶,U+7DB6,guo3,guǒ,,
12216,綷,U+7DB7,cui4|zu2,cuì|zú,five-color silk,綷縩
12217,綸,U+7DB8,lun2|guan1,lún|guān,to classify,丙綸|桂綸鎂|氨綸
12218,綹,U+7DB9,liu3,liǔ,skein,髮綹
12219,綺,U+7DBA,qi3|yi3,qǐ|yǐ,beautiful,清綺|綺井|綺夢
12220,綻,U+7DBB,zhan4,zhàn,to burst open,皮開肉綻|破綻|破綻百出
12221,綼,U+7DBC,bi4,bì,,
12222,綽,U+7DBD,chuo4|chao1,chuò|chāo,to grab; to snatch up,寬綽|綽名|綽約
12223,綾,U+7DBE,ling2,líng,damask,綾羅綢緞
12224,綿,U+7DBF,mian2,mián,silk floss,延綿|海綿|海綿寶寶
12225,緀,U+7DC0,qi1,qī,,
12226,緁,U+7DC1,qie4,qiè,to join,
12227,緂,U+7DC2,tian2|tan3|chan1,tián|tǎn|chān,,
12228,緃,U+7DC3,zong1,zōng,,
12229,緄,U+7DC4,gun3|hun4|hun2,gǔn|hùn|hún,cord,緄邊
12230,緅,U+7DC5,zou1,zōu,purple silk,
12231,緆,U+7DC6,xi1,xī,fine gunny,
12232,緇,U+7DC7,zi1,zī,Buddhists,
12233,緈,U+7DC8,xing4,xìng,,
12234,緉,U+7DC9,liang3,liǎng,,
12235,緊,U+7DCA,jin3,jǐn,tight,上緊發條|不打緊|不當緊
12236,緋,U+7DCB,fei1,fēi,dark red,緋紅|緋聞|緋胸鸚鵡
12237,緌,U+7DCC,rui2,ruí,strings of cap,
12238,緍,U+7DCD,min2,mín,old variant of 緡|缗[min2],
12239,緎,U+7DCE,yu4,yù,seam,
12240,総,U+7DCF,zong3|cong1,zǒng|cōng,Japanese variant of 總|总,
12241,緐,U+7DD0,fan2,fán,old variant of 繁[fan2],
12242,緑,U+7DD1,lv4|lu4,lǜ|lù,Japanese variant of 綠|绿[lu:4],
12243,緒,U+7DD2,xu4,xù,beginnings,一切就緒|光緒|光緒帝
12244,緓,U+7DD3,ying1,yīng,,
12245,緔,U+7DD4,shang4,shàng,to sole a shoe,緔鞋
12246,緕,U+7DD5,qi,qi,,
12247,緖,U+7DD6,xu4,xù,variant of 緒|绪[xu4],
12248,緗,U+7DD7,xiang1,xiāng,light yellow color,
12249,緘,U+7DD8,jian1,jiān,letters,三緘其口|緘口不言|緘默
12250,緙,U+7DD9,ke4,kè,used in 緙絲|缂丝[ke4 si1],緙絲
12251,線,U+7DDA,xian4,xiàn,thread,K線|K線圖|一線
12252,緛,U+7DDB,ruan3|ruan4,ruǎn|ruàn,(archaic) to shorten,
12253,緜,U+7DDC,mian2,mián,old variant of 綿|绵[mian2],
12254,緝,U+7DDD,ji1|qi4|qi1|ji2,jī|qì|qī|jí,to seize,偵緝|查緝|緝拿
12255,緞,U+7DDE,duan4,duàn,satin,綢緞|綾羅綢緞|緞子
12256,緟,U+7DDF,chong2|zhong4,chóng|zhòng,,
12257,締,U+7DE0,di4,dì,(archaic) to bind up inextricably,取締|結締組織|締約
12258,緡,U+7DE1,min2|min3|mian2|hun2,mín|mǐn|mián|hún,cord,
12259,緢,U+7DE2,miao2|mao2,miáo|máo,,
12260,緣,U+7DE3,yuan2|yuan4,yuán|yuàn,cause,人緣|人緣兒|凸緣
12261,緤,U+7DE4,xie4|ye4,xiè|yè,variant of 紲|绁[xie4],
12262,緥,U+7DE5,bao3,bǎo,variant of 褓[bao3],
12263,緦,U+7DE6,si1,sī,fine linen,
12264,緧,U+7DE7,qiu1,qiū,,
12265,編,U+7DE8,bian1|bian3|bian4,biān|biǎn|biàn,to weave,主編|二進制編碼|五筆編碼
12266,緩,U+7DE9,huan3,huǎn,slow,低緩|刻不容緩|和緩
12267,緪,U+7DEA,geng1|geng4,gēng|gèng,a rope,
12268,緫,U+7DEB,cong1,cōng,variant of 總|总[zong3],
12269,緬,U+7DEC,mian3,miǎn,Myanmar (formerly Burma) (abbr. for 緬甸|缅甸[Mian3 dian4]),印緬斑嘴鴨|印緬褐頭雀鶥|東緬高原
12270,緭,U+7DED,wei4,wèi,,
12271,緮,U+7DEE,fu4,fù,,
12272,緯,U+7DEF,wei3,wěi,latitude,北緯|南緯|地心緯度
12273,緰,U+7DF0,tou2|xu1|yu2,tóu|xū|yú,net,
12274,緱,U+7DF1,gou1,gōu,surname Gou,
12275,緲,U+7DF2,miao3,miǎo,used in 縹緲|缥缈[piao1 miao3],縹緲|虛無縹緲|飄緲
12276,緳,U+7DF3,xie2,xié,,
12277,練,U+7DF4,lian4,liàn,to practice,修練|光說不練|凝練
12278,緵,U+7DF5,zong1|zong4,zōng|zòng,,
12279,緶,U+7DF6,bian4|pian2|bian3,biàn|pián|biǎn,braid,
12280,緷,U+7DF7,yun4|gun3,yùn|gǔn,,
12281,緸,U+7DF8,yin1,yīn,,
12282,緹,U+7DF9,ti2,tí,orange-red silk,
12283,緺,U+7DFA,gua1,guā,,
12284,緻,U+7DFB,zhi4,zhì,(bound form) fine; delicate; exquisite,別緻|堅緻|密緻
12285,緼,U+7DFC,yun4|wen1,yùn|wēn,,
12286,緽,U+7DFD,cheng1,chēng,,
12287,緾,U+7DFE,chan2,chán,,
12288,緿,U+7DFF,dai4,dài,,
12289,縀,U+7E00,xia2,xiá,,
12290,縁,U+7E01,yuan2,yuán,Japanese variant of 緣|缘,
12291,縂,U+7E02,zong3,zǒng,variant of 總|总[zong3],
12292,縃,U+7E03,xu1,xū,fine silk,
12293,縄,U+7E04,sheng2,shéng,Japanese variant of 繩|绳,
12294,縅,U+7E05,wei1,wēi,,
12295,縆,U+7E06,geng1,gēng,,
12296,縇,U+7E07,xuan1,xuān,,
12297,縈,U+7E08,ying2,yíng,(literary) to wind around,嫘縈|縈繞|縈迴
12298,縉,U+7E09,jin4,jìn,red silk,縉雲|縉雲縣
12299,縊,U+7E0A,yi4,yì,(literary) to die by hanging or strangulation,投繯自縊|絞縊|縊死
12300,縋,U+7E0B,zhui4,zhuì,to let down with a rope,
12301,縌,U+7E0C,ni4,nì,,
12302,縍,U+7E0D,bang1|bang4,bāng|bàng,,
12303,縎,U+7E0E,gu3|hu2,gǔ|hú,,
12304,縏,U+7E0F,pan2,pán,small bag,
12305,縐,U+7E10,zhou4|chao4|cu4|zhou1,zhòu|chào|cù|zhōu,crepe,文縐縐|縐褶
12306,縑,U+7E11,jian1,jiān,thick waterproof silk,
12307,縒,U+7E12,ci1|cuo4|suo3,cī|cuò|suǒ,,
12308,縓,U+7E13,quan2,quán,,
12309,縔,U+7E14,shuang3,shuǎng,,
12310,縕,U+7E15,yun4,yùn,orange color,絪縕
12311,縖,U+7E16,xia2,xiá,,
12312,縗,U+7E17,cui1|sui1|shuai1,cuī|suī|shuāi,mourning garments of coarse hemp,
12313,縘,U+7E18,xi1,xī,,
12314,縙,U+7E19,rong2|rong3|rong4,róng|rǒng|ròng,,
12315,縚,U+7E1A,tao1,tāo,braid,
12316,縛,U+7E1B,fu4,fù,to bind,作繭自縛|吊墜縛|吐絲自縛
12317,縜,U+7E1C,yun2,yún,,
12318,縝,U+7E1D,chen1|zhen3,chēn|zhěn,fine and dense,縝匝|縝密|縝潤
12319,縞,U+7E1E,gao3,gǎo,plain white silk,縞瑪瑙|縞素
12320,縟,U+7E1F,ru4|rong3,rù|rǒng,adorned,繁文縟節|繁縟
12321,縠,U+7E20,hu2,hú,fine silk gauze,
12322,縡,U+7E21,zai4|zeng1,zài|zēng,matter; affair,
12323,縢,U+7E22,teng2,téng,bind,
12324,縣,U+7E23,xian4|xuan2,xiàn|xuán,county,三原縣|三台縣|三江侗族自治縣
12325,縤,U+7E24,su4,sù,,
12326,縥,U+7E25,zhen3,zhěn,,
12327,縦,U+7E26,zong4,zòng,old variant of 縱|纵[zong4],
12328,縧,U+7E27,tao1,tāo,variant of 絛|绦[tao1],褟縧子
12329,縨,U+7E28,huang3,huǎng,,
12330,縩,U+7E29,cai4,cài,see 綷縩[cui4 cai4],綷縩
12331,縪,U+7E2A,bi4,bì,,
12332,縫,U+7E2B,feng4|feng2,fèng|féng,to sew,中縫|分縫|勾縫
12333,縬,U+7E2C,cu4,cù,,
12334,縭,U+7E2D,li2,lí,bridal veil or kerchief,結縭
12335,縮,U+7E2E,suo1|su4,suō|sù,to withdraw,伸縮|伸縮喇叭|伸縮性
12336,縯,U+7E2F,yan3|yin3,yǎn|yǐn,long,
12337,縰,U+7E30,xi3,xǐ,band for the hair,
12338,縱,U+7E31,zong4|cong2|zong3,zòng|cóng|zǒng,vertical; north-south (Taiwan pr. [zong1]),一字縱隊|合縱|合縱連橫
12339,縲,U+7E32,lei2,léi,(literary) thick rope used to restrain a prisoner,
12340,縳,U+7E33,juan4|zhuan4,juàn|zhuàn,to tie up,
12341,縴,U+7E34,qian4|qian1,qiàn|qiān,boatman's tow-rope,古縴道|縴夫|縴手
12342,縵,U+7E35,man4,màn,plain thin silk,爛縵
12343,縶,U+7E36,zhi2,zhí,to connect,
12344,縷,U+7E37,lv3,lǚ,strand,不絕如縷|千絲萬縷|條分縷析
12345,縸,U+7E38,mu4|mo4,mù|mò,,
12346,縹,U+7E39,piao3|piao1,piǎo|piāo,used in 縹渺|缥渺[piao1 miao3],縹囊|縹渺|縹緲
12347,縺,U+7E3A,lian2,lián,,
12348,縻,U+7E3B,mi2,mí,to tie up,
12349,縼,U+7E3C,xuan4,xuàn,,
12350,總,U+7E3D,zong3|zong1|cong1,zǒng|zōng|cōng,(bound form) general; overall,一次總付|一總|一言抄百總
12351,績,U+7E3E,ji1,jī,to spin (hemp etc),佳績|偉績|功績
12352,縿,U+7E3F,shan1|xian1|xiao1|sao1|can3,shān|xiān|xiāo|sāo|cǎn,fringe,
12353,繀,U+7E40,sui4|cui3,suì|cuǐ,,
12354,繁,U+7E41,fan2|po2|pan2,fán|pó|pán,old variant of 繁[fan2],事務繁忙|事务繁忙|冗繁
12355,繂,U+7E42,lv4,lǜ,,
12356,繃,U+7E43,beng3|beng1|beng4,běng|bēng|bèng,to draw tight; to stretch taut,OK繃|棕繃|石膏繃帶
12357,繄,U+7E44,yi1|yi4,yī|yì,interj.,
12358,繅,U+7E45,sao1|zao3,sāo|zǎo,to reel silk from cocoons,
12359,繆,U+7E46,mou2|jiu1|miu4|mu4|miao4|liao2|liao3|liao4|lu4,móu|jiū|miù|mù|miào|liáo|liǎo|liào|lù,surname Miao,加繆|塞繆爾|塞繆爾·約翰遜
12360,繇,U+7E47,yao2|you2|zhou4,yáo|yóu|zhòu,folk-song,張僧繇|张僧繇|自繇自在
12361,繈,U+7E48,qiang3,qiǎng,cloth for carrying baby on back,
12362,繉,U+7E49,hun2,hún,,
12363,繊,U+7E4A,xian1,xiān,Japanese variant of 纖|纤,
12364,繋,U+7E4B,ji4,jì,variant of 繫|系[xi4],
12365,繌,U+7E4C,sha,sha,,
12366,繍,U+7E4D,xiu4,xiù,,
12367,繎,U+7E4E,ran2,rán,,
12368,繏,U+7E4F,xuan4,xuàn,,
12369,繐,U+7E50,sui4,suì,fine and loose cloth,
12370,繑,U+7E51,qiao1|jue1,qiāo|juē,,
12371,繒,U+7E52,zeng1|zeng4|ceng2,zēng|zèng|céng,surname Zeng,
12372,繓,U+7E53,zuo3,zuǒ,,
12373,織,U+7E54,zhi1|zhi4,zhī|zhì,to weave,上合組織|上海合作組織|世界旅遊組織
12374,繕,U+7E55,shan4,shàn,to repair,修繕|繕寫|繕清
12375,繖,U+7E56,san3,sǎn,damask silk,
12376,繗,U+7E57,lin2,lín,,
12377,繘,U+7E58,yu4|jue2,yù|jué,a well-rope,
12378,繙,U+7E59,fan1|fan2,fān|fán,to translate,
12379,繚,U+7E5A,liao2|rao3,liáo|rǎo,to wind round,尉繚|尉繚子|眼花繚亂
12380,繛,U+7E5B,chuo4,chuò,,
12381,繜,U+7E5C,zun1,zūn,,
12382,繝,U+7E5D,jian4,jiàn,,
12383,繞,U+7E5E,rao4|rao3,rào|rǎo,to wind,卷繞|回繞|圍繞
12384,繟,U+7E5F,chan3|chan2,chǎn|chán,,
12385,繠,U+7E60,rui3,ruǐ,dangle,
12386,繡,U+7E61,xiu4,xiù,to embroider; embroidery,低地繡眼鳥|刺繡|刺繡品
12387,繢,U+7E62,hui4|hui2,huì|huí,multicolor,
12388,繣,U+7E63,hua4,huà,obstinate,
12389,繤,U+7E64,zuan3,zuǎn,,
12390,繥,U+7E65,xi1,xī,,
12391,繦,U+7E66,qiang3,qiǎng,string of copper coins,
12392,繧,U+7E67,yun,yun,,
12393,繨,U+7E68,da,da,a knot (of a rope),
12394,繩,U+7E69,sheng2|ying4|min3|sheng4,shéng|yìng|mǐn|shèng,rope,一年被蛇咬，十年怕井繩|一朝被蛇咬，十年怕井繩|一根繩上的螞蚱
12395,繪,U+7E6A,hui4|gui4,huì|guì,to draw; to paint,彩繪|手繪|描繪
12396,繫,U+7E6B,xi4|ji4,xì|jì,to tie,互相聯繫|品繫|有聯繫
12397,繬,U+7E6C,se4,sè,,
12398,繭,U+7E6D,jian3,jiǎn,(bound form) cocoon,作繭|作繭自縛|信息繭房
12399,繮,U+7E6E,jiang1,jiāng,variant of 韁|缰[jiang1],
12400,繯,U+7E6F,huan2,huán,to bind,投繯|投繯自縊|繯首
12401,繰,U+7E70,zao3|sao1|qiao1,zǎo|sāo|qiāo,hem with invisible stitches,
12402,繱,U+7E71,cong1,cōng,,
12403,繲,U+7E72,xie4,xiè,,
12404,繳,U+7E73,jiao3|zhuo2|jiao4|he2,jiǎo|zhuó|jiào|hé,to hand in; to hand over; to pay,上繳|實繳資本|扣繳
12405,繴,U+7E74,bi4,bì,,
12406,繵,U+7E75,dan4|tan2|chan2,dàn|tán|chán,,
12407,繶,U+7E76,yi4,yì,,
12408,繷,U+7E77,nong3,nǒng,,
12409,繸,U+7E78,sui4,suì,tassel,
12410,繹,U+7E79,yi4|shi4,yì|shì,continuous,演繹|演繹法|絡繹
12411,繺,U+7E7A,shai3,shǎi,,
12412,繻,U+7E7B,xu1|ru2,xū|rú,multicolored silk,
12413,繼,U+7E7C,ji4,jì,to continue,中繼|中繼器|中繼站
12414,繽,U+7E7D,bin1,bīn,used in 繽紛|缤纷[bin1 fen1],五彩繽紛|五色繽紛|繽紛
12415,繾,U+7E7E,qian3,qiǎn,used in 繾綣|缱绻[qian3 quan3],繾綣
12416,繿,U+7E7F,lan2,lán,,
12417,纀,U+7E80,pu2|fu2,pú|fú,,
12418,纁,U+7E81,xun1,xūn,crimson,
12419,纂,U+7E82,zuan3,zuǎn,(literary) to compile; to edit (variant of 纂[zuan3]),編纂|编纂|纂修
12420,纃,U+7E83,qi2,qí,,
12421,纄,U+7E84,peng2,péng,,
12422,纅,U+7E85,yao4|li4,yào|lì,,
12423,纆,U+7E86,mo4,mò,bind,
12424,纇,U+7E87,lei4,lèi,flaw,
12425,纈,U+7E88,xie2,xié,knot,纈氨酸|纈草
12426,纉,U+7E89,zuan3,zuǎn,variant of 纘|缵[zuan3],
12427,纊,U+7E8A,kuang4,kuàng,fine floss-silk or cotton,
12428,纋,U+7E8B,you1,yōu,,
12429,續,U+7E8C,xu4,xù,to continue,不連續|不連續面|可持續
12430,纍,U+7E8D,lei2|lei3|lei4,léi|lěi|lèi,rope,纍纍
12431,纎,U+7E8E,xian1,xiān,old variant of 纖|纤[xian1],
12432,纏,U+7E8F,chan2,chán,to wind around,交纏|廝纏|死纏爛打
12433,纐,U+7E90,jiao3,jiǎo,,
12434,纑,U+7E91,lu2,lú,hempen thread,
12435,纒,U+7E92,chan2,chán,old variant of 纏|缠[chan2],
12436,纓,U+7E93,ying1,yīng,tassel,李纓|結纓|纓翅目
12437,纔,U+7E94,cai2|shan1,cái|shān,(variant of 才[cai2]) just now,剛纔|纔然
12438,纕,U+7E95,rang3|xiang1|sang1,rǎng|xiāng|sāng,cord to hold up sleeves,
12439,纖,U+7E96,xian1|jian1,xiān|jiān,fine,中密度纖維板|中間纖維|人造纖維
12440,纗,U+7E97,zui1,zuī,,
12441,纘,U+7E98,zuan3,zuǎn,(literary) to inherit,
12442,纙,U+7E99,luo4,luò,string on which coins are strung,
12443,纚,U+7E9A,li2|xi3|li3|sa3,lí|xǐ|lǐ|sǎ,(literary) to bind,
12444,纛,U+7E9B,dao4|du2,dào|dú,big banner,
12445,纜,U+7E9C,lan3,lǎn,cable,光纖電纜|光纜|同軸電纜
12446,纝,U+7E9D,lei2,léi,,
12447,纞,U+7E9E,lian4,liàn,,
12448,纟,U+7E9F,si1,sī,"""silk"" radical in Chinese characters (Kangxi radical 120), occurring in 紅|红[hong2], 綠|绿[lu : 4], 累[lei4] etc",
12449,纠,U+7EA0,jiu1,jiū,old variant of 糾|纠[jiu1],弹纠|纠偏|纠合
12450,纡,U+7EA1,yu1,yū,surname Yu,纡尊降贵
12451,红,U+7EA2,hong2|gong1,hóng|gōng,surname Hong,一品红|一夜爆红|一炮而红
12452,纣,U+7EA3,zhou4,zhòu,"Zhou, pejorative name given posthumously to the last king of the Shang dynasty, King Zhou of Shang 商紂王|商纣王[Shang1 Zhou4 Wang2] (the name refers to a crupper 紂|纣[zhou4], the piece of horse tack most likely to be soiled by the horse)",助纣为虐|商纣王|武王伐纣
12453,纤,U+7EA4,xian1|qian4,xiān|qiàn,boatman's tow-rope,中密度纤维板|中间纤维|人造纤维
12454,纥,U+7EA5,ge1|he2,gē|hé,knot,回纥
12455,约,U+7EA6,yue1|yao1,yuē|yāo,to weigh in a balance or on a scale,不平等条约|不扩散核武器条约|不约而同
12456,级,U+7EA7,ji2,jí,level,一级|一级士官|一级方程式
12457,纨,U+7EA8,wan2,wán,(literary) fine white silk; delicate silk fabric,纨扇|纨绔子弟|纨裤子弟
12458,纩,U+7EA9,kuang4,kuàng,fine floss-silk or cotton,
12459,纪,U+7EAA,ji4|ji3,jì|jǐ,surname Ji,一把年纪|三大纪律八项注意|三岛由纪夫
12460,纫,U+7EAB,ren4,rèn,to thread (a needle),纫佩|纫针|缝纫
12461,纬,U+7EAC,wei3,wěi,latitude,北纬|南纬|地心纬度
12462,纭,U+7EAD,yun2,yún,confused,众说纷纭|纷纭|纭纭
12463,纮,U+7EAE,hong2,hóng,cord for hat,
12464,纯,U+7EAF,chun2,chún,pure,亚纯|全纯|吕纯阳
12465,纰,U+7EB0,pi1,pī,error,纰漏|纰缪
12466,纱,U+7EB1,sha1,shā,cotton yarn,丢乌纱帽|并纱|婚纱
12467,纲,U+7EB2,gang1,gāng,head rope of a fishing net,三纲五常|上纲上线|中苏解决悬案大纲协定
12468,纳,U+7EB3,na4,nà,surname Na,不完全归纳推理|亚利桑纳州|交纳
12469,纴,U+7EB4,ren4,rèn,to weave,纴织|织纴
12470,纵,U+7EB5,zong4,zòng,vertical; north-south (Taiwan pr. [zong1]),一字纵队|合纵|合纵连横
12471,纶,U+7EB6,lun2|guan1,lún|guān,to classify,丙纶|桂纶镁|氨纶
12472,纷,U+7EB7,fen1,fēn,numerous,五彩缤纷|五色缤纷|战火纷飞
12473,纸,U+7EB8,zhi3,zhǐ,variant of 紙|纸[zhi3],一纸空文|五彩纸屑|仿纸
12474,纹,U+7EB9,wen2|wen4,wén|wèn,line,冠纹柳莺|凹纹|刺花纹
12475,纺,U+7EBA,fang3,fǎng,to spin (cotton or hemp etc),混纺|纺纱|纺丝
12476,纻,U+7EBB,zhu4,zhù,variant of 苧|苎[zhu4],
12477,纼,U+7EBC,zhen4,zhèn,,
12478,纽,U+7EBD,niu3,niǔ,to turn,交通枢纽|伊曼纽尔|印纽
12479,纾,U+7EBE,shu1,shū,abundant,林纾|毁家纾难|纾困
12480,线,U+7EBF,xian4,xiàn,variant of 線|线[xian4],K线|K线图|一线
12481,绀,U+7EC0,gan4,gàn,violet or purple,发绀
12482,绁,U+7EC1,xie4,xiè,to tie,
12483,绂,U+7EC2,fu2,fú,ribbon for a seal,朱绂
12484,练,U+7EC3,lian4,liàn,to practice,修练|光说不练|凝练
12485,组,U+7EC4,zu3,zǔ,surname Zu,上合组织|上海合作组织|世界旅游组织
12486,绅,U+7EC5,shen1,shēn,member of gentry,劣绅|土豪劣绅|太平绅士
12487,细,U+7EC6,xi4,xì,thin or slender,中亚细亚|中性粒细胞|事无巨细
12488,织,U+7EC7,zhi1,zhī,to weave,上合组织|上海合作组织|世界旅游组织
12489,终,U+7EC8,zhong1,zhōng,end,一日为师，终身为父|不可终日|不终天年
12490,绉,U+7EC9,zhou4,zhòu,crepe,文绉绉|绉褶
12491,绊,U+7ECA,ban4,bàn,to trip,牵绊|磕磕绊绊|纽绊
12492,绋,U+7ECB,fu2,fú,heavy rope,执绋
12493,绌,U+7ECC,chu4,chù,crimson silk,左支右绌|心余力绌|岁计余绌
12494,绍,U+7ECD,shao4,shào,surname Shao,介绍|介绍信|克绍箕裘
12495,绎,U+7ECE,yi4,yì,continuous,演绎|演绎法|络绎
12496,经,U+7ECF,jing1|jing4,jīng|jìng,surname Jing,一本正经|一经|三公经费
12497,绐,U+7ED0,dai4,dài,to cheat,
12498,绑,U+7ED1,bang3,bǎng,to tie,五花大绑|捆绑|绑住
12499,绒,U+7ED2,rong2,róng,velvet,天鹅绒|小绒鸭|山羊绒
12500,结,U+7ED3,jie2|jie1,jié|jiē,(of a plant) to produce (fruit or seeds),不结盟|不结盟运动|中西医结合
12501,绔,U+7ED4,ku4,kù,variant of 褲|裤[ku4],纨绔子弟
12502,绕,U+7ED5,rao4|rao3,rào|rǎo,to wind,卷绕|回绕|围绕
12503,绖,U+7ED6,die2,dié,hempen band worn on the head or waist by a mourner,
12504,绗,U+7ED7,hang2,háng,to quilt,绗缝
12505,绘,U+7ED8,hui4,huì,to draw; to paint,彩绘|手绘|描绘
12506,给,U+7ED9,gei3|ji3,gěi|jǐ,to,不给力|交给|人给家足
12507,绚,U+7EDA,xuan4,xuàn,adorned,绚烂|绚丽|绚丽多彩
12508,绛,U+7EDB,jiang4,jiàng,capital of the Jin State during the Spring and Autumn Period (770-475 BC),新绛|新绛县|绛紫
12509,络,U+7EDC,luo4|lao4,luò|lào,small net,中央人民政府驻香港特别行政区联络办公室|主干网络|互联网络
12510,绝,U+7EDD,jue2,jué,to cut short,一骑绝尘|不绝|不绝如缕
12511,绞,U+7EDE,jiao3,jiǎo,to twist (strands into a thread),心如刀绞|心绞痛|绞刀
12512,统,U+7EDF,tong3,tǒng,to gather,一统|下寒武统|不合体统
12513,绠,U+7EE0,geng3,gěng,(literary) well rope (for drawing water),
12514,绡,U+7EE1,xiao1,xiāo,raw silk,
12515,绢,U+7EE2,juan4,juàn,"thin, tough silk fabric",手绢
12516,绣,U+7EE3,xiu4,xiù,variant of 繡|绣[xiu4],低地绣眼鸟|刺绣|刺绣品
12517,绤,U+7EE4,xi4,xì,coarse hempen fabric,
12518,绥,U+7EE5,sui2,suí,to pacify,扶绥|扶绥县|抚绥
12519,绦,U+7EE6,tao1,tāo,see 絛綸|绦纶[di2 lun2],有钩绦虫|无钩绦虫|绦子
12520,继,U+7EE7,ji4,jì,to continue,中继|中继器|中继站
12521,绨,U+7EE8,ti2|ti4,tí|tì,coarse greenish black pongee,
12522,绩,U+7EE9,ji4|ji1,jì|jī,to spin (hemp etc),佳绩|伟绩|功绩
12523,绪,U+7EEA,xu4,xù,beginnings,一切就绪|光绪|光绪帝
12524,绫,U+7EEB,ling2,líng,damask,绫罗绸缎
12525,绬,U+7EEC,ying1,yīng,,
12526,续,U+7EED,xu4,xù,to continue,不连续|不连续面|可持续
12527,绮,U+7EEE,qi3,qǐ,beautiful,清绮|绮井|绮梦
12528,绯,U+7EEF,fei1,fēi,dark red,绯红|绯闻|绯胸鹦鹉
12529,绰,U+7EF0,chuo4|chao1,chuò|chāo,to grab; to snatch up,宽绰|绰名|绰约
12530,绱,U+7EF1,shang4,shàng,to sole a shoe,绱鞋
12531,绲,U+7EF2,gun3,gǔn,cord,绲边
12532,绳,U+7EF3,sheng2,shéng,rope,一年被蛇咬，十年怕井绳|一朝被蛇咬，十年怕井绳|一根绳上的蚂蚱
12533,维,U+7EF4,wei2,wéi,abbr. for Uighur 維吾爾|维吾尔[Wei2 wu2 er3],一维|三维|三维空间
12534,绵,U+7EF5,mian2,mián,silk floss,延绵|海绵|海绵宝宝
12535,绶,U+7EF6,shou4,shòu,cord on a seal,印绶|吐绶鸡|绶带
12536,绷,U+7EF7,beng1|beng3|beng4,bēng|běng|bèng,variant of 繃|绷[beng1],OK绷|棕绷|石膏绷带
12537,绸,U+7EF8,chou2,chóu,(light) silk,塔夫绸|府绸|未雨绸缪
12538,绹,U+7EF9,tao2,táo,bind,
12539,绺,U+7EFA,liu3,liǔ,skein,发绺
12540,绻,U+7EFB,quan3,quǎn,used in 繾綣|缱绻[qian3 quan3],缱绻
12541,综,U+7EFC,zong1|zeng4,zōng|zèng,heddle,21三体综合症|上海证券交易所综合股价指数|上证综合指数
12542,绽,U+7EFD,zhan4,zhàn,to burst open,皮开肉绽|破绽|破绽百出
12543,绾,U+7EFE,wan3,wǎn,bind up,
12544,绿,U+7EFF,lv4|lu4,lǜ|lù,used in names,印支绿鹊|厚嘴绿鸠|品绿
12545,缀,U+7F00,zhui4,zhuì,variant of 輟|辍[chuo4],中缀|前缀|尾缀
12546,缁,U+7F01,zi1,zī,Buddhists,
12547,缂,U+7F02,ke4,kè,used in 緙絲|缂丝[ke4 si1],缂丝
12548,缃,U+7F03,xiang1,xiāng,light yellow color,
12549,缄,U+7F04,jian1,jiān,(wooden) box,三缄其口|缄口不言|缄默
12550,缅,U+7F05,mian3,miǎn,Myanmar (formerly Burma) (abbr. for 緬甸|缅甸[Mian3 dian4]),印缅斑嘴鸭|印缅褐头雀鹛|东缅高原
12551,缆,U+7F06,lan3,lǎn,cable,光纤电缆|光缆|同轴电缆
12552,缇,U+7F07,ti2,tí,orange-red silk,
12553,缈,U+7F08,miao3,miǎo,used in 縹緲|缥缈[piao1 miao3],缥缈|虚无缥缈|飘缈
12554,缉,U+7F09,ji1|qi1,jī|qī,to seize,侦缉|查缉|缉拿
12555,缊,U+7F0A,yun1|yun4,yūn|yùn,orange color,𬘡缊
12556,缋,U+7F0B,hui4,huì,multicolor,
12557,缌,U+7F0C,si1,sī,fine linen,
12558,缍,U+7F0D,duo3,duǒ,,
12559,缎,U+7F0E,duan4,duàn,satin,绸缎|绫罗绸缎|缎子
12560,缏,U+7F0F,bian4|pian2,biàn|pián,braid,
12561,缐,U+7F10,xian4,xiàn,,
12562,缑,U+7F11,gou1,gōu,surname Gou,
12563,缒,U+7F12,zhui4,zhuì,to let down with a rope,
12564,缓,U+7F13,huan3,huǎn,slow,低缓|刻不容缓|和缓
12565,缔,U+7F14,di4,dì,(archaic) to bind up inextricably,取缔|结缔组织|缔约
12566,缕,U+7F15,lv3,lǚ,strand,不绝如缕|千丝万缕|条分缕析
12567,编,U+7F16,bian1,biān,to weave,主编|二进制编码|五笔编码
12568,缗,U+7F17,min2,mín,cord,
12569,缘,U+7F18,yuan2,yuán,cause,人缘|人缘儿|凸缘
12570,缙,U+7F19,jin4,jìn,red silk,缙云|缙云县
12571,缚,U+7F1A,fu4,fù,to bind,作茧自缚|吊坠缚|吐丝自缚
12572,缛,U+7F1B,ru4,rù,adorned,繁文缛节|繁缛
12573,缜,U+7F1C,zhen3,zhěn,fine and dense,缜匝|缜密|缜润
12574,缝,U+7F1D,feng4|feng2,fèng|féng,to sew,中缝|分缝|勾缝
12575,缞,U+7F1E,cui1,cuī,mourning garments of coarse hemp,
12576,缟,U+7F1F,gao3,gǎo,plain white silk,缟玛瑙|缟素
12577,缠,U+7F20,chan2,chán,to wind around,交缠|厮缠|死缠烂打
12578,缡,U+7F21,li2,lí,bridal veil or kerchief,结缡
12579,缢,U+7F22,yi4,yì,(literary) to die by hanging or strangulation,投缳自缢|绞缢|缢死
12580,缣,U+7F23,jian1,jiān,thick waterproof silk,
12581,缤,U+7F24,bin1,bīn,used in 繽紛|缤纷[bin1 fen1],五彩缤纷|五色缤纷|缤纷
12582,缥,U+7F25,piao1|piao3,piāo|piǎo,used in 縹渺|缥渺[piao1 miao3],缥囊|缥渺|缥缈
12583,缦,U+7F26,man4,màn,plain thin silk,烂缦
12584,缧,U+7F27,lei2,léi,(literary) thick rope used to restrain a prisoner,
12585,缨,U+7F28,ying1,yīng,tassel,李缨|结缨|缨翅目
12586,缩,U+7F29,suo1|su4,suō|sù,to withdraw,伸缩|伸缩喇叭|伸缩性
12587,缪,U+7F2A,mou2|miao4|miu4,móu|miào|miù,surname Miao,加缪|塞缪尔|塞缪尔·约翰逊
12588,缫,U+7F2B,sao1,sāo,to reel silk from cocoons,
12589,缬,U+7F2C,xie2,xié,knot,缬氨酸|缬草
12590,缭,U+7F2D,liao2,liáo,to wind round,尉缭|尉缭子|眼花缭乱
12591,缮,U+7F2E,shan4,shàn,to repair,修缮|缮写|缮清
12592,缯,U+7F2F,zeng1|zeng4,zēng|zèng,surname Zeng,
12593,缰,U+7F30,jiang1,jiāng,variant of 韁|缰[jiang1],名缰利锁|脱缰|脱缰之马
12594,缱,U+7F31,qian3,qiǎn,used in 繾綣|缱绻[qian3 quan3],缱绻
12595,缲,U+7F32,qiao1|sao1,qiāo|sāo,hem with invisible stitches,
12596,缳,U+7F33,huan2,huán,to bind,投缳|投缳自缢|缳首
12597,缴,U+7F34,jiao3|zhuo2,jiǎo|zhuó,to hand in; to hand over; to pay,上缴|实缴资本|扣缴
12598,缵,U+7F35,zuan3,zuǎn,(literary) to inherit,
12599,缶,U+7F36,fou3,fǒu,pottery,擊缶|击缶
12600,缷,U+7F37,xie4,xiè,,
12601,缸,U+7F38,gang1,gāng,jar,大染缸|小缸缸兒|小缸缸儿
12602,缹,U+7F39,fou3,fǒu,,
12603,缺,U+7F3A,que1|kui3,quē|kuǐ,deficiency,不可或缺|不可缺少|人類免疫缺陷病毒
12604,缻,U+7F3B,fou3,fǒu,,
12605,缼,U+7F3C,qi,qi,,
12606,缽,U+7F3D,bo1,bō,small earthenware plate or basin,乳缽|墨爾缽|托缽修會
12607,缾,U+7F3E,ping2,píng,variant of 瓶[ping2],
12608,缿,U+7F3F,xiang4,xiàng,,
12609,罀,U+7F40,zhao,zhao,,
12610,罁,U+7F41,gang1,gāng,old variant of 缸[gang1],
12611,罂,U+7F42,ying1,yīng,variant of 罌|罂[ying1],罂粟
12612,罃,U+7F43,ying1,yīng,earthen jar with long neck,
12613,罄,U+7F44,qing4,qìng,to use up,告罄|售罄|罄匱
12614,罅,U+7F45,xia4,xià,crack,石罅|罅隙|裂罅
12615,罆,U+7F46,guan4,guàn,variant of 罐[guan4],
12616,罇,U+7F47,zun1,zūn,variant of 樽[zun1],
12617,罈,U+7F48,tan2,tán,earthen jar,罈子|耍罈子|醋罈子
12618,罉,U+7F49,cheng1,chēng,(dialect) cooking pot,
12619,罊,U+7F4A,qi4,qì,,
12620,罋,U+7F4B,weng4,wèng,variant of 甕|瓮[weng4],
12621,罌,U+7F4C,ying1,yīng,earthen jar with small mouth,罌粟
12622,罍,U+7F4D,lei2,léi,large earthenware wine jar,樽罍
12623,罎,U+7F4E,tan2,tán,variant of 罈|坛[tan2],
12624,罏,U+7F4F,lu2,lú,pile of earth to keep wine jars,
12625,罐,U+7F50,guan4,guàn,can,儲氣罐|储气罐|存錢罐
12626,网,U+7F51,wang3,wǎng,net,一网打尽|三天打鱼，两天晒网|上网
12627,罒,U+7F52,wang3,wǎng,net (Kangxi radical 122),
12628,罓,U+7F53,gang1,gāng,net (Kangxi radical 122),
12629,罔,U+7F54,wang3|wang2,wǎng|wáng,old variant of 罔[wang3],世襲罔替|世袭罔替|學而不思則罔，思而不學則殆
12630,罕,U+7F55,han3|han4,hǎn|hàn,rare,亞伯拉罕|亚伯拉罕|人跡罕至
12631,罖,U+7F56,luo2,luó,"one of the characters used in kwukyel (phonetic ""ra""), an ancient Korean writing system",
12632,罗,U+7F57,luo2|luo1,luó|luō,surname Luo,C罗|三色紫罗兰|乞力马扎罗山
12633,罘,U+7F58,fu2,fú,place name,芝罘|芝罘區|芝罘区
12634,罙,U+7F59,shen1,shēn,,
12635,罚,U+7F5A,fa2,fá,to punish; to penalize; to fine,主罚|刑罚|判罚
12636,罛,U+7F5B,gu1,gū,large fishing net,
12637,罜,U+7F5C,zhu3|du2,zhǔ|dú,,
12638,罝,U+7F5D,ju1|jie1,jū|jiē,net for catching rabbits,
12639,罞,U+7F5E,mao2,máo,,
12640,罟,U+7F5F,gu3,gǔ,to implicate,網罟|网罟|網罟座
12641,罠,U+7F60,min2,mín,animal trap,
12642,罡,U+7F61,gang1,gāng,stars of the Big Dipper that constitute the tail of the dipper,倒反天罡|天罡|步斗踏罡
12643,罢,U+7F62,ba4|ba,bà|ba,to stop,不提也罢|也罢|作罢
12644,罣,U+7F63,gua4,guà,variant of 掛|挂[gua4],
12645,罤,U+7F64,ti2|kun1,tí|kūn,,
12646,罥,U+7F65,juan4,juàn,bird catching net,
12647,罦,U+7F66,fu2,fú,net for catching birds,
12648,罧,U+7F67,shen4,shèn,,
12649,罨,U+7F68,yan3,yǎn,foment,
12650,罩,U+7F69,zhao4,zhào,to cover; to spread over,乳罩|口罩|奶罩
12651,罪,U+7F6A,zui4,zuì,guilt,不服罪|不知者不罪|二茬罪
12652,罫,U+7F6B,gua4|hua4|guai3,guà|huà|guǎi,squares of a chess board,
12653,罬,U+7F6C,zhuo2,zhuó,,
12654,罭,U+7F6D,yu4,yù,drag-net,
12655,置,U+7F6E,zhi4,zhì,to install,一笑置之|不予置評|不予置评
12656,罯,U+7F6F,an3,ǎn,,
12657,罰,U+7F70,fa2,fá,to punish; to penalize; to fine,主罰|刑罰|判罰
12658,罱,U+7F71,lan3|nan3,lǎn|nǎn,"a kind of tool used to dredge up fish, water plants or river mud, consisting of a net attached to a pair of bamboo poles, which are used to open and close the net",罱泥船
12659,署,U+7F72,shu3,shǔ,office,世界糧食署|世界粮食署|內政部警政署
12660,罳,U+7F73,si1,sī,screen,
12661,罴,U+7F74,pi2,pí,brown bear,熊罴|罴虎
12662,罵,U+7F75,ma4,mà,to scold,侮罵|叱罵|咒罵
12663,罶,U+7F76,liu3,liǔ,creel,
12664,罷,U+7F77,ba4|pi2|pi4|bi3|ba|bai3,bà|pí|pì|bǐ|ba|bǎi,to stop,不提也罷|也罷|作罷
12665,罸,U+7F78,fa2,fá,variant of 罰|罚[fa2],
12666,罹,U+7F79,li2,lí,happen to,罹患|罹禍|罹祸
12667,罺,U+7F7A,chao2,cháo,,
12668,罻,U+7F7B,wei4,wèi,bird net,
12669,罼,U+7F7C,bi4,bì,,
12670,罽,U+7F7D,ji4,jì,(fishing net),
12671,罾,U+7F7E,zeng1,zēng,large square net,扳罾
12672,罿,U+7F7F,chong1,chōng,bird net,
12673,羀,U+7F80,liu3,liǔ,old variant of 罶[liu3],
12674,羁,U+7F81,ji1,jī,bridle,不羁|放浪不羁|放荡不羁
12675,羂,U+7F82,juan4,juàn,variant of 罥[juan4],
12676,羃,U+7F83,mi4,mì,cover of cloth for food,
12677,羄,U+7F84,zhao4,zhào,,
12678,羅,U+7F85,luo2|luo1|luo,luó|luō|luo,surname Luo,C羅|三色紫羅蘭|乞力馬扎羅山
12679,羆,U+7F86,pi2,pí,brown bear,熊羆|羆虎
12680,羇,U+7F87,ji1,jī,variant of 羈|羁[ji1],
12681,羈,U+7F88,ji1,jī,bridle,不羈|放浪不羈|放蕩不羈
12682,羉,U+7F89,luan2,luán,,
12683,羊,U+7F8A,yang2,yáng,surname Yang,亡羊補牢|亡羊补牢|代罪羔羊
12684,羋,U+7F8B,mi3|mie1,mǐ|miē,surname Mi,
12685,羌,U+7F8C,qiang1,qiāng,Qiang ethnic group of northwestern Sichuan,北川羌族自治縣|北川羌族自治县|山羌
12686,羍,U+7F8D,da2,dá,little lamb,
12687,美,U+7F8E,mei3,měi,(bound form) the Americas (abbr. for 美洲[Mei3 zhou1]),七美|七美鄉|七美乡
12688,羏,U+7F8F,yang2|xiang2,yáng|xiáng,,
12689,羐,U+7F90,you3,yǒu,,
12690,羑,U+7F91,you3,yǒu,to lead,
12691,羒,U+7F92,fen2,fén,,
12692,羓,U+7F93,ba1,bā,,
12693,羔,U+7F94,gao1,gāo,lamb,代罪羔羊|兔羔子|替罪羔羊
12694,羕,U+7F95,yang4,yàng,,
12695,羖,U+7F96,gu3,gǔ,black ewe,
12696,羗,U+7F97,qiang1|you3,qiāng|yǒu,variant of 羌[qiang1],
12697,羘,U+7F98,zang1,zāng,,
12698,羙,U+7F99,gao1|mei3,gāo|měi,,
12699,羚,U+7F9A,ling2,líng,antelope,小羚羊|扭角羚|斑羚
12700,羛,U+7F9B,yi4|xi1,yì|xī,,
12701,羜,U+7F9C,zhu4,zhù,five-month-old lamb,
12702,羝,U+7F9D,di1,dī,billy goat,羝羊觸藩|羝羊触藩
12703,羞,U+7F9E,xiu1,xiū,shy,不知羞恥|不知羞耻|含羞草
12704,羟,U+7F9F,qiang3,qiǎng,hydroxyl (radical),对羟基苯甲酸酯|羟基|羟基丁酸
12705,羠,U+7FA0,yi2,yí,,
12706,羡,U+7FA1,xian4|yan2|yi2,xiàn|yán|yí,to envy,倾羡|奇羡|季羡林
12707,羢,U+7FA2,rong2,róng,wool of sheep,
12708,羣,U+7FA3,qun2,qún,variant of 群[qun2],
12709,群,U+7FA4,qun2,qún,variant of 群[qun2],三五成群|並系群|并系群
12710,羥,U+7FA5,qiang3|qian1,qiǎng|qiān,hydroxyl (radical),對羥基苯甲酸酯|羥基|羥基丁酸
12711,羦,U+7FA6,huan2,huán,,
12712,羧,U+7FA7,suo1|zui1,suō|zuī,carboxyl radical (chemistry),羧基|羧基酸|羧甲司坦
12713,羨,U+7FA8,xian4,xiàn,to envy,傾羨|奇羨|季羨林
12714,義,U+7FA9,yi4|yi2|xi1,yì|yí|xī,surname Yi,三俠五義|三國演義|三民主義
12715,羪,U+7FAA,yang,yang,,
12716,羫,U+7FAB,qiang1|kang4,qiāng|kàng,,
12717,羬,U+7FAC,qian2|xian2|yan2,qián|xián|yán,,
12718,羭,U+7FAD,yu2,yú,black ram,
12719,羮,U+7FAE,geng1,gēng,variant of 羹[geng1],
12720,羯,U+7FAF,jie2,jié,"Jie people, a tribe of northern China around the 4th century",戎羯|摩羯|摩羯座
12721,羰,U+7FB0,tang1,tāng,carbonyl (radical),
12722,羱,U+7FB1,yuan2,yuán,large-horned wild goat,羱羊
12723,羲,U+7FB2,xi1,xī,"same as Fuxi 伏羲[Fu2 xi1], a mythical emperor",伏羲|伏羲氏|王羲之
12724,羳,U+7FB3,fan2,fán,,
12725,羴,U+7FB4,shan1,shān,(old) a flock of sheep or goats,
12726,羵,U+7FB5,fen2,fén,spirit,
12727,羶,U+7FB6,shan1,shān,variant of 膻[shan1],
12728,羷,U+7FB7,lian3,liǎn,,
12729,羸,U+7FB8,lei2|lian2,léi|lián,entangled,羸弱
12730,羹,U+7FB9,geng1|lang2,gēng|láng,thick soup,一杯羹|分一杯羹|吃閉門羹
12731,羺,U+7FBA,nou2,nóu,,
12732,羻,U+7FBB,qiang4,qiàng,,
12733,羼,U+7FBC,chan4,chàn,to mix,滴水不羼|羼水|羼雜
12734,羽,U+7FBD,yu3|hu4,yǔ|hù,feather,刈羽|卷羽鵜鶘|卷羽鹈鹕
12735,羾,U+7FBE,gong4,gòng,,
12736,羿,U+7FBF,yi4,yì,surname Yi,后羿
12737,翀,U+7FC0,chong1,chōng,soar,
12738,翁,U+7FC1,weng1|weng3,wēng|wěng,surname Weng,不倒翁|主人翁|伊瑞克提翁廟
12739,翂,U+7FC2,fen1,fēn,,
12740,翃,U+7FC3,hong2,hóng,to swarm (of insects),
12741,翄,U+7FC4,chi4,chì,variant of 翅[chi4],
12742,翅,U+7FC5,chi4,chì,variant of 翅[chi4],中華短翅鶯|中华短翅莺|前翅
12743,翆,U+7FC6,cui4,cuì,,
12744,翇,U+7FC7,fu2,fú,,
12745,翈,U+7FC8,xia2,xiá,,
12746,翉,U+7FC9,ben3,běn,,
12747,翊,U+7FCA,yi4,yì,assist,
12748,翋,U+7FCB,la1,lā,,
12749,翌,U+7FCC,yi4,yì,bright,翌年|翌日
12750,翍,U+7FCD,pi1|bi4|po1,pī|bì|pō,,
12751,翎,U+7FCE,ling2,líng,tail feathers,白翎島|白翎岛|白翎面
12752,翏,U+7FCF,liu4|lu4,liù|lù,the sound of the wind,
12753,翐,U+7FD0,zhi4,zhì,,
12754,翑,U+7FD1,qu2,qú,,
12755,習,U+7FD2,xi2,xí,surname Xi,修習|傳習|反習
12756,翓,U+7FD3,xie2,xié,,
12757,翔,U+7FD4,xiang2,xiáng,to soar,劉翔|刘翔|懸掛式滑翔
12758,翕,U+7FD5,xi1,xī,to open and close (the mouth etc),翕動|翕动
12759,翖,U+7FD6,xi1,xī,old variant of 翕[xi1],
12760,翗,U+7FD7,ke2,ké,,
12761,翘,U+7FD8,qiao4|qiao2,qiào|qiáo,outstanding,前凸后翘|林家翘|死翘翘
12762,翙,U+7FD9,hui4,huì,noise of bird's wings,
12763,翚,U+7FDA,hui1,huī,pheasant,
12764,翛,U+7FDB,xiao1|shu1,xiāo|shū,hastiness,
12765,翜,U+7FDC,sha4,shà,,
12766,翝,U+7FDD,hong2,hóng,,
12767,翞,U+7FDE,jiang1,jiāng,,
12768,翟,U+7FDF,di2|zhai2,dí|zhái,surname Di,墨翟|威翟|翟志剛
12769,翠,U+7FE0,cui4,cuì,bluish-green,三趾翠鳥|三趾翠鸟|卡斯翠
12770,翡,U+7FE1,fei3,fěi,used in 翡翠[fei3 cui4],珍珠翡翠白玉湯|珍珠翡翠白玉汤|白胸翡翠
12771,翢,U+7FE2,dao4|zhou1,dào|zhōu,,
12772,翣,U+7FE3,sha4,shà,wooden fan carried in procession,
12773,翤,U+7FE4,chi4,chì,,
12774,翥,U+7FE5,zhu4,zhù,to soar,鸞翔鳳翥|鸾翔凤翥
12775,翦,U+7FE6,jian3,jiǎn,surname Jian,翦伯贊|翦伯赞|雙瞳翦水
12776,翧,U+7FE7,xuan1,xuān,,
12777,翨,U+7FE8,chi4,chì,,
12778,翩,U+7FE9,pian1,piān,to fly fast,浮想聯翩|浮想联翩|翩然而至
12779,翪,U+7FEA,zong1,zōng,uneven flight of a bird,
12780,翫,U+7FEB,wan2|wan4,wán|wàn,variant of 玩[wan2],
12781,翬,U+7FEC,hui1,huī,pheasant,
12782,翭,U+7FED,hou2,hóu,,
12783,翮,U+7FEE,he2|li4,hé|lì,quill,金天翮
12784,翯,U+7FEF,he4|hao4,hè|hào,glistening plumage of birds,
12785,翰,U+7FF0,han4,hàn,surname Han,伯明翰|塞繆爾·約翰遜|塞缪尔·约翰逊
12786,翱,U+7FF1,ao2,áo,see 翱翔[ao2 xiang2],李翱|翱翔
12787,翲,U+7FF2,piao1,piāo,,
12788,翳,U+7FF3,yi4,yì,variant of 翳[yi4],白翳|翳眼
12789,翴,U+7FF4,lian2,lián,,
12790,翵,U+7FF5,hou2|qu2,hóu|qú,,
12791,翶,U+7FF6,ao2,áo,,
12792,翷,U+7FF7,lin2,lín,,
12793,翸,U+7FF8,pen3,pěn,,
12794,翹,U+7FF9,qiao4|qiao2,qiào|qiáo,outstanding,前凸後翹|林家翹|死翹翹
12795,翺,U+7FFA,ao2,áo,variant of 翱[ao2],
12796,翻,U+7FFB,fan1,fān,to turn over,人仰馬翻|人仰马翻|倒海翻江
12797,翼,U+7FFC,yi4,yì,surname Yi,不翼而飛|不翼而飞|中國左翼作家聯盟
12798,翽,U+7FFD,hui4,huì,noise of bird's wings,
12799,翾,U+7FFE,xuan1,xuān,flirtatious,
12800,翿,U+7FFF,dao4,dào,feather banner or fan,
12801,耀,U+8000,yao4,yào,brilliant,光宗耀祖|光耀|光耀門楣
12802,老,U+8001,lao3,lǎo,prefix used before the surname of a person or a numeral indicating the order of birth of the children in a family or to indicate affection or familiarity,Tony老師|Tony老师|一粒老鼠屎壞了一鍋粥
12803,耂,U+8002,lao3,lǎo,,
12804,考,U+8003,kao3,kǎo,to beat,中考|久經考驗|久经考验
12805,耄,U+8004,mao4,mào,extremely aged (in one's 80s or 90s),惛耄|老耄|耄倪
12806,者,U+8005,zhe3,zhě,(after a verb or adjective) one who (is) ...,不知者不罪|中國消費者協會|中国消费者协会
12807,耆,U+8006,qi2|zhi3|shi4,qí|zhǐ|shì,man of sixty or seventy,焉耆|焉耆回族自治縣|焉耆回族自治县
12808,耇,U+8007,gou3,gǒu,wrinkled face of the elderly,
12809,耈,U+8008,gou3,gǒu,old variant of 耇[gou3],
12810,耉,U+8009,gou3,gǒu,old variant of 耇[gou3],
12811,耊,U+800A,die2,dié,old variant of 耋[die2],
12812,耋,U+800B,die2,dié,aged,耄耋|耄耋之年
12813,而,U+800C,er2|neng2,ér|néng,and,一哄而散|一哄而起|一帶而過
12814,耍,U+800D,shua3,shuǎ,surname Shua,嬉耍|戲耍|戏耍
12815,耎,U+800E,ruan3|nuo4,ruǎn|nuò,old variant of 軟|软[ruan3],
12816,耏,U+800F,nai4|er2,nài|ér,surname Er,
12817,耐,U+8010,nai4|neng2,nài|néng,(bound form) to bear; to endure; to withstand,不耐受|不耐煩|不耐烦
12818,耑,U+8011,duan1|zhuan1,duān|zhuān,variant of 專|专[zhuan1],
12819,耒,U+8012,lei3,lěi,plow,耒耜|耒陽|耒阳
12820,耓,U+8013,ting1,tīng,,
12821,耔,U+8014,zi3,zǐ,hoe up soil around plants,
12822,耕,U+8015,geng1,gēng,variant of 耕[geng1],一分耕耘，一分收穫|一分耕耘，一分收获|休耕
12823,耖,U+8016,chao4,chào,harrow-like implement for pulverizing clods of soil,
12824,耗,U+8017,hao4|mao2|mao4,hào|máo|mào,to waste,低耗|傷耗|伤耗
12825,耘,U+8018,yun2,yún,to weed,一分耕耘，一分收穫|一分耕耘，一分收获|耕耘
12826,耙,U+8019,ba4|pa2,bà|pá,a hoe,九齒釘耙|九齿钉耙|倒打一耙
12827,耚,U+801A,pi1,pī,,
12828,耛,U+801B,yi2|chi2,yí|chí,,
12829,耜,U+801C,si4,sì,plow,耒耜
12830,耝,U+801D,qu4|chu2,qù|chú,to plow,
12831,耞,U+801E,jia1,jiā,flail (for threshing grain),
12832,耟,U+801F,ju4,jù,,
12833,耠,U+8020,huo1,huō,a hoe,
12834,耡,U+8021,chu2,chú,hoe,
12835,耢,U+8022,lao4,lào,a kind of farm tool (in the form of a rectangular frame) used to level the ground,
12836,耣,U+8023,lun3|lun2,lǔn|lún,,
12837,耤,U+8024,ji2|jie4,jí|jiè,plow,
12838,耥,U+8025,tang1|tang3,tāng|tǎng,,
12839,耦,U+8026,ou3,ǒu,a pair,光耦|光耦合器|匹耦
12840,耧,U+8027,lou2,lóu,drill for sowing grain,
12841,耨,U+8028,nou4,nòu,hoe,
12842,耩,U+8029,jiang3,jiǎng,to plow,
12843,耪,U+802A,pang3,pǎng,to hoe,
12844,耫,U+802B,zha2|ze2,zhá|zé,,
12845,耬,U+802C,lou2|lou3,lóu|lǒu,drill for sowing grain,
12846,耭,U+802D,ji1,jī,,
12847,耮,U+802E,lao4,lào,a kind of farm tool (in the form of a rectangular frame) used to level the ground,
12848,耯,U+802F,huo4,huò,,
12849,耰,U+8030,you1,yōu,harrow,
12850,耱,U+8031,mo4,mò,see 耮|耢[lao4],
12851,耲,U+8032,huai2,huái,(agriculture) to cultivate with a harrow,耲耙
12852,耳,U+8033,er3|reng2,ěr|réng,ear,不絕於耳|不绝于耳|中耳
12853,耴,U+8034,yi4,yì,,
12854,耵,U+8035,ding1,dīng,used in 耵聹|耵聍[ding1 ning2],耵聹|耵聍
12855,耶,U+8036,ye2|ye1|xie2,yé|yē|xié,(phonetic ye),克耶族|克耶邦|勒威耶
12856,耷,U+8037,da1|zhe2,dā|zhé,(literary) big ears,滴里耷拉|耷拉|耷著
12857,耸,U+8038,song3,sǒng,to excite,危言耸听|危辞耸听|耸人听闻
12858,耹,U+8039,qin2,qín,,
12859,耺,U+803A,yun2|ying2,yún|yíng,,
12860,耻,U+803B,chi3,chǐ,(bound form) shame; humiliation; disgrace,一雪前耻|不耻下问|不知羞耻
12861,耼,U+803C,dan1,dān,variant of 聃[dan1],
12862,耽,U+803D,dan1,dān,to indulge in,替古人耽憂|替古人耽忧|耽心
12863,耾,U+803E,hong2,hóng,,
12864,耿,U+803F,geng3,gěng,surname Geng,忠心耿耿|耿介|耿直
12865,聀,U+8040,zhi2,zhí,,
12866,聁,U+8041,pan4,pàn,,
12867,聂,U+8042,nie4,niè,surname Nie,聂姆曹娃|聂拉木|聂拉木县
12868,聃,U+8043,dan1,dān,ears without rim,老聃
12869,聄,U+8044,zhen3,zhěn,,
12870,聅,U+8045,che4,chè,,
12871,聆,U+8046,ling2,líng,(literary) to hear; to listen,聆聽|聆听|聆訊
12872,聇,U+8047,zheng1,zhēng,,
12873,聈,U+8048,you3,yǒu,,
12874,聉,U+8049,wa4|tui3|zhuo2,wà|tuǐ|zhuó,,
12875,聊,U+804A,liao2|liu2,liáo|liú,(coll.) to chat,尬聊|民不聊生|無聊
12876,聋,U+804B,long2,lóng,deaf,振聋发聩|发聋振聩|眼瞎耳聋
12877,职,U+804C,zhi2,zhí,office,世职|任职|任职期间
12878,聍,U+804D,ning2,níng,used in 耵聹|耵聍[ding1 ning2],耵聍
12879,聎,U+804E,tiao1,tiāo,tinnitus,
12880,聏,U+804F,er2|nv4,ér|nǜ,,
12881,聐,U+8050,ya4,yà,,
12882,聑,U+8051,tie1|zhe2,tiē|zhé,,
12883,聒,U+8052,gua1|guo1,guā|guō,raucous,絮聒|聒噪|聒耳
12884,聓,U+8053,xu4,xù,,
12885,联,U+8054,lian2,lián,(bound form) to ally oneself with; to unite; to combine; to join,三联式发票|三联书店|三联管
12886,聕,U+8055,hao4,hào,,
12887,聖,U+8056,sheng4,shèng,"(bound form) peerless (in wisdom, moral virtue, skill etc)",主保聖人|亞聖|伊斯蘭聖戰組織
12888,聗,U+8057,lie4,liè,,
12889,聘,U+8058,pin4|ping4,pìn|pìng,to employ; to appoint,下聘|受聘|受聘於
12890,聙,U+8059,jing1,jīng,,
12891,聚,U+805A,ju4,jù,to assemble; to gather (transitive or intransitive),三聚氰胺|三聚體|三聚体
12892,聛,U+805B,bi3,bǐ,,
12893,聜,U+805C,di3,dǐ,,
12894,聝,U+805D,guo2,guó,cut off the left ear of the slain,
12895,聞,U+805E,wen2|wen4,wén|wèn,surname Wen,一無所聞|上海文廣新聞傳媒集團|不聞不問
12896,聟,U+805F,xu4,xù,,
12897,聠,U+8060,ping1,pīng,,
12898,聡,U+8061,cong1,cōng,old variant of 聰|聪[cong1],
12899,聢,U+8062,ding4,dìng,,
12900,聣,U+8063,ni2,ní,,
12901,聤,U+8064,ting2,tíng,,
12902,聥,U+8065,ju3,jǔ,,
12903,聦,U+8066,cong1,cōng,variant of 聰|聪[cong1],
12904,聧,U+8067,kui1,kuī,,
12905,聨,U+8068,lian2,lián,variant of 聯|联[lian2],
12906,聩,U+8069,kui4,kuì,born deaf,振聋发聩|昏聩|发聋振聩
12907,聪,U+806A,cong1,cōng,(literary) acute (of hearing),事后聪明|冰雪聪明|失聪
12908,聫,U+806B,lian2,lián,,
12909,聬,U+806C,weng3,wěng,,
12910,聭,U+806D,kui4,kuì,,
12911,聮,U+806E,lian2,lián,old variant of 聯|联[lian2],
12912,聯,U+806F,lian2,lián,(bound form) to ally oneself with; to unite; to combine; to join,三聯式發票|三聯書店|三聯管
12913,聰,U+8070,cong1,cōng,(literary) acute (of hearing),事後聰明|冰雪聰明|失聰
12914,聱,U+8071,ao2|you2,áo|yóu,difficult to pronounce,
12915,聲,U+8072,sheng1,shēng,sound,B型超聲|一聲|一聲不吭
12916,聳,U+8073,song3,sǒng,to excite,危言聳聽|危辭聳聽|聳人聽聞
12917,聴,U+8074,ting1,tīng,Japanese variant of 聽|听[ting1],
12918,聵,U+8075,kui4,kuì,born deaf,振聾發聵|昏聵|發聾振聵
12919,聶,U+8076,nie4|zhe2|she4|ye4,niè|zhé|shè|yè,surname Nie,聶姆曹娃|聶拉木|聶拉木縣
12920,職,U+8077,zhi2|te4,zhí|tè,office,世職|任職|任職期間
12921,聸,U+8078,dan1,dān,,
12922,聹,U+8079,ning2,níng,used in 耵聹|耵聍[ding1 ning2],耵聹
12923,聺,U+807A,qie2,qié,,
12924,聻,U+807B,ni3|jian4,nǐ|jiàn,,
12925,聼,U+807C,ting1,tīng,variant of 聽|听[ting1],
12926,聽,U+807D,ting1,tīng,to listen to; to hear,不聽命|不聽老人言，吃虧在眼前|且聽下回分解
12927,聾,U+807E,long2,lóng,deaf,振聾發聵|發聾振聵|眼瞎耳聾
12928,聿,U+807F,yu4,yù,(arch. introductory particle),貝聿銘|贝聿铭
12929,肀,U+8080,yu4,yù,,
12930,肁,U+8081,zhao4,zhào,,
12931,肂,U+8082,si4,sì,,
12932,肃,U+8083,su4,sù,surname Su,唐肃宗|严肃|孝肃
12933,肄,U+8084,yi4|si4,yì|sì,to learn,肄業|肄业|肄業生
12934,肅,U+8085,su4,sù,surname Su,唐肅宗|嚴肅|孝肅
12935,肆,U+8086,si4|ti4,sì|tì,four (banker's anti-fraud numeral),大肆|大肆攻擊|大肆攻击
12936,肇,U+8087,zhao4,zhào,at first,丁肇中|交通肇事罪|李肇星
12937,肈,U+8088,zhao4,zhào,the start,李肈|肈建
12938,肉,U+8089,rou4|ru4,ròu|rù,meat,五花肉|人為刀俎，我為魚肉|人为刀俎，我为鱼肉
12939,肊,U+808A,yi4,yì,variant of 臆[yi4],
12940,肋,U+808B,le1|lei4|le4|jin1,lē|lèi|lè|jīn,rib,兩肋插刀|两肋插刀|凱撒肋雅
12941,肌,U+808C,ji1|ji4,jī|jì,(bound form) flesh; muscle,三角肌|三頭肌|三头肌
12942,肍,U+808D,qiu2,qiú,,
12943,肎,U+808E,ken3,kěn,old variant of 肯[ken3],
12944,肏,U+808F,cao4,cào,to fuck (vulgar),我肏|肏你媽|肏你妈
12945,肐,U+8090,ge1|qi4,gē|qì,variant of 胳[ge1],
12946,肑,U+8091,bo2|di2,bó|dí,,
12947,肒,U+8092,huan4,huàn,,
12948,肓,U+8093,huang1,huāng,region between heart and diaphragm,泉石膏肓|病入膏肓
12949,肔,U+8094,chi3,chǐ,,
12950,肕,U+8095,ren4,rèn,old variant of 韌|韧[ren4],
12951,肖,U+8096,xiao4|xiao1,xiào|xiāo,surname Xiao,不肖|努瓦克肖特|惟妙惟肖
12952,肗,U+8097,ru3,rǔ,,
12953,肘,U+8098,zhou3,zhǒu,elbow,實肘|实肘|手肘
12954,肙,U+8099,yuan4,yuàn,a small worm,
12955,肚,U+809A,du4|du3,dù|dǔ,tripe,一肚子|一肚皮|下肚
12956,肛,U+809B,gang1,gāng,used in 脫疘|脱肛[tuo1 gang1],棕肛鳳鶥|棕肛凤鹛|泄殖肛孔
12957,肜,U+809C,rong2|chen1,róng|chēn,surname Rong,
12958,肝,U+809D,gan1,gān,liver (CL:葉|叶[ye4]),丁型肝炎|丙型肝炎|乙型肝炎
12959,肞,U+809E,cha1,chā,,
12960,肟,U+809F,wo4,wò,oxime,
12961,肠,U+80A0,chang2,cháng,intestines,乙状结肠|互诉衷肠|倾吐衷肠
12962,股,U+80A1,gu3,gǔ,thigh,一股子|一股清流|一股腦
12963,肢,U+80A2,zhi1|shi4,zhī|shì,limb,上肢|下肢|假肢
12964,肣,U+80A3,han2|han4|qin2,hán|hàn|qín,,
12965,肤,U+80A4,fu1,fū,skin,切肤之痛|柔肤水|润肤乳
12966,肥,U+80A5,fei2|bi3,féi|bǐ,fat,乘堅策肥|乘坚策肥|人怕出名豬怕肥
12967,肦,U+80A6,fen2,fén,,
12968,肧,U+80A7,pei1,pēi,variant of 胚[pei1],
12969,肨,U+80A8,pang4|pang1|feng1,pàng|pāng|fēng,,
12970,肩,U+80A9,jian1|xian2,jiān|xián,shoulder,並肩|并肩|五十肩
12971,肪,U+80AA,fang2,fáng,animal fat,不飽和脂肪酸|不饱和脂肪酸|反式脂肪
12972,肫,U+80AB,zhun1|chun2|tun2|zhuo1,zhūn|chún|tún|zhuō,gizzard,
12973,肬,U+80AC,you2,yóu,variant of 疣[you2],
12974,肭,U+80AD,na4|nu4,nà|nù,used in 膃肭|腽肭[wa4 na4],膃肭|腽肭|膃肭獸
12975,肮,U+80AE,ang1|hang2|gang1,āng|háng|gāng,used in 骯髒|肮脏[ang1 zang1],肮脏
12976,肯,U+80AF,ken3,kěn,old variant of 肯[ken3],中肯|假肯定句|傑奎琳·肯尼迪
12977,肰,U+80B0,ran2,rán,dog meat,
12978,肱,U+80B1,gong1,gōng,upper arm,曲肱而枕|股肱|肱三頭肌
12979,育,U+80B2,yu4|zhou4|yo1,yù|zhòu|yō,to have children,上海體育場|上海体育场|不育
12980,肳,U+80B3,wen3,wěn,,
12981,肴,U+80B4,yao2,yáo,variant of 肴[yao2],佳肴|菜肴|酒肴
12982,肵,U+80B5,qi2,qí,table,
12983,肶,U+80B6,pi2|bi4,pí|bì,,
12984,肷,U+80B7,qian3|xu4,qiǎn|xù,(usu. of an animal) the part of the side of the body between the ribs and the hipbone,
12985,肸,U+80B8,xi1|bi4,xī|bì,used in 肸肸[xi1 xi1],肸肸|肸蠁|肸蚃
12986,肹,U+80B9,xi1,xī,old variant of 肸[xi1],
12987,肺,U+80BA,fei4|pei4,fèi|pèi,lung,出自肺腑|塵肺|尘肺
12988,肻,U+80BB,ken3,kěn,,
12989,肼,U+80BC,jing3,jǐng,hydrazine,
12990,肽,U+80BD,tai4,tài,peptide (two or more amino acids linked by peptide bonds CO-NH),內啡肽|内啡肽|司美格魯肽
12991,肾,U+80BE,shen4,shèn,kidney,副肾|原肾管|洗肾
12992,肿,U+80BF,zhong3,zhǒng,to swell,光腚肿菊|囊肿|国际肿瘤研究机构
12993,胀,U+80C0,zhang4,zhàng,to swell; to distend; to expand,吹胀|恶性通货膨胀|滞胀
12994,胁,U+80C1,xie2,xié,flank (the side of one's torso),威胁|斑胁姬鹛|斑胁田鸡
12995,胂,U+80C2,shen4|shen1|chen1,shèn|shēn|chēn,arsine,二甲基胂酸|二苯氯胂|胂凡納明
12996,胃,U+80C3,wei4,wèi,stomach,不傷脾胃|不伤脾胃|倒胃口
12997,胄,U+80C4,zhou4,zhòu,helmet,世胄|介胄|甲胄
12998,胅,U+80C5,die2,dié,,
12999,胆,U+80C6,dan3|tan2|tan3|da2,dǎn|tán|tǎn|dá,gall bladder,一身是胆|乙酰胆碱|倾心吐胆
13000,胇,U+80C7,fei4|bi4|fei3,fèi|bì|fěi,old variant of 肺[fei4],
13001,胈,U+80C8,ba2,bá,,
13002,胉,U+80C9,bo2,bó,,
13003,胊,U+80CA,qu2,qú,yoke,
13004,胋,U+80CB,tian2,tián,,
13005,背,U+80CC,bei4|bei1,bèi|bēi,variant of 背[bei1],倒背如流|倒背手|倒背手兒
13006,胍,U+80CD,gua1|gu1|hu4,guā|gū|hù,guanidine,
13007,胎,U+80CE,tai1,tāi,fetus,一胎制|一胎化|三胞胎
13008,胏,U+80CF,zi3|fei4,zǐ|fèi,dried meat with bone,
13009,胐,U+80D0,fei3,fěi,,
13010,胑,U+80D1,zhi1,zhī,wings of birds,
13011,胒,U+80D2,ni4,nì,,
13012,胓,U+80D3,ping2|peng1,píng|pēng,,
13013,胔,U+80D4,zi4|ci2|ji2,zì|cí|jí,rotten meat,
13014,胕,U+80D5,fu3|fu1|fu2|zhou3,fǔ|fū|fú|zhǒu,,
13015,胖,U+80D6,pang4|pan2|pan4,pàng|pán|pàn,healthy,一口吃不成胖子|一口吃個胖子|一口吃个胖子
13016,胗,U+80D7,zhen1|zhen3|zhun1,zhēn|zhěn|zhūn,gizzard,
13017,胘,U+80D8,xian2,xián,,
13018,胙,U+80D9,zuo4,zuò,to grant or bestow,
13019,胚,U+80DA,pei1,pēi,variant of 胚[pei1],三胚層動物|三胚层动物|中胚層
13020,胛,U+80DB,jia3,jiǎ,shoulder blade,肩胛|肩胛骨
13021,胜,U+80DC,sheng4|xing1|qing4|sheng1,shèng|xīng|qìng|shēng,victory,三个臭皮匠，胜过一个诸葛亮|三连胜|不分胜败
13022,胝,U+80DD,zhi1|chi1|di4,zhī|chī|dì,used in 胼胝[pian2 zhi1],胼手胝足|胼胝|胼胝體
13023,胞,U+80DE,bao1|pao2|pao4,bāo|páo|pào,placenta,三胞胎|中性粒細胞|中性粒细胞
13024,胟,U+80DF,mu3,mǔ,,
13025,胠,U+80E0,qu1,qū,flank of animal,胠篋|胠箧
13026,胡,U+80E1,hu2,hú,surname Hu,一派胡言|丁卯胡亂|丁卯胡乱
13027,胢,U+80E2,ke1,kē,,
13028,胣,U+80E3,chi3,chǐ,,
13029,胤,U+80E4,yin4,yìn,descendant,趙匡胤|赵匡胤
13030,胥,U+80E5,xu1|xu3,xū|xǔ,surname Xu,伍子胥|吏胥|奧爾德斯·赫胥黎
13031,胦,U+80E6,yang1,yāng,the navel,
13032,胧,U+80E7,long2,lóng,used in 朦朧|朦胧[meng2 long2],朦胧|朦胧诗
13033,胨,U+80E8,dong4,dòng,see 蛋白腖|蛋白胨[dan4 bai2 dong4],蛋白胨
13034,胩,U+80E9,ka3,kǎ,carbylamine,
13035,胪,U+80EA,lu2,lú,belly,大鸿胪|鸿胪寺
13036,胫,U+80EB,jing4,jìng,lower part of leg,不胫而走|胫骨|护胫
13037,胬,U+80EC,nu3|nv3,nǔ|nǚ,used in 胬肉[nu3 rou4],胬肉
13038,胭,U+80ED,yan1,yān,rouge,胭脂|胭脂蟲|胭脂虫
13039,胮,U+80EE,pang1,pāng,,
13040,胯,U+80EF,kua4|kua3,kuà|kuǎ,crotch,胯下之辱|胯下物|胯間
13041,胰,U+80F0,yi2,yí,pancreas,胰子|胰島|胰岛
13042,胱,U+80F1,guang1,guāng,used in 膀胱[pang2 guang1],半胱氨酸|膀胱|膀胱氣化
13043,胲,U+80F2,hai3|gai1|gai3,hǎi|gāi|gǎi,hydroxylamine (chemistry),
13044,胳,U+80F3,ge1|ge2|ga1,gē|gé|gā,variant of 胳[ge1],捋胳膊|胳肢|胳肢窩
13045,胴,U+80F4,dong4,dòng,large intestine,胴體|胴体
13046,胵,U+80F5,chi1|zhi4,chī|zhì,,
13047,胶,U+80F6,jiao1|xiao2,jiāo|xiáo,to glue,502胶|丁腈橡胶|三秒胶
13048,胷,U+80F7,xiong1,xiōng,variant of 胸[xiong1],
13049,胸,U+80F8,xiong1,xiōng,variant of 胸[xiong1],了然於胸|了然于胸|低胸
13050,胹,U+80F9,er2,ér,overcooked,
13051,胺,U+80FA,an4|e4,àn|è,(chemistry) amine,三氯氰胺|三聚氰胺|乙酰胺吡咯烷酮
13052,胻,U+80FB,heng2,héng,calf (lower leg),
13053,胼,U+80FC,pian2,pián,used in 胼胝[pian2 zhi1],胼手胝足|胼胝|胼胝體
13054,能,U+80FD,neng2|tai2|nai2|nai4|xiong2,néng|tái|nái|nài|xióng,surname Neng,七項全能|七项全能|三項全能
13055,胾,U+80FE,zi4,zì,cut meat into pieces,
13056,胿,U+80FF,gui1|kui4,guī|kuì,,
13057,脀,U+8100,cheng2|zheng1|zheng4,chéng|zhēng|zhèng,,
13058,脁,U+8101,tiao3,tiǎo,,
13059,脂,U+8102,zhi1|zhi3,zhī|zhǐ,fat,不飽和脂肪酸|不饱和脂肪酸|乳脂
13060,脃,U+8103,cui4,cuì,old variant of 脆[cui4],
13061,脄,U+8104,mei2,méi,,
13062,脅,U+8105,xie2|xian4|xi1,xié|xiàn|xī,flank (the side of one's torso),威脅|斑脅姬鶥|斑脅田雞
13063,脆,U+8106,cui4,cuì,old variant of 脆[cui4],乾脆|干脆|乾脆利索
13064,脇,U+8107,xie2,xié,variant of 脅|胁[xie2],
13065,脈,U+8108,mai4|mo4,mài|mò,arteries and veins,一脈相承|主動脈|人脈
13066,脉,U+8109,mai4|mo4,mài|mò,old variant of 脈|脉[mai4],一脉相承|主动脉|人脉
13067,脊,U+810A,ji2|ji3,jí|jǐ,(bound form) spine; backbone,世界屋脊|中大西洋脊|中洋脊
13068,脋,U+810B,xie2,xié,,
13069,脌,U+810C,nin,nin,,
13070,脍,U+810D,kuai4,kuài,chopped meat or fish,脍炙人口|莼羹鲈脍|食不厌精，脍不厌细
13071,脎,U+810E,sa4,sà,,
13072,脏,U+810F,zang4|zang1,zàng|zāng,viscera,五脏|五脏六腑|内脏
13073,脐,U+8110,qi2,qí,(bound form) the navel; the umbilicus,噬脐莫及|瓜脐|种脐
13074,脑,U+8111,nao3,nǎo,brain,一古脑儿|一股脑|一股脑儿
13075,脒,U+8112,mi3,mǐ,amidine (chemistry),
13076,脓,U+8113,nong2,nóng,pus,化脓|化脓性|流脓
13077,脔,U+8114,luan2|ji1,luán|jī,skinny,禁脔
13078,脕,U+8115,wan4|wen4,wàn|wèn,,
13079,脖,U+8116,bo2|bo1,bó|bō,neck,勒脖子|卡脖子|圍脖
13080,脗,U+8117,wen3,wěn,variant of 吻[wen3],
13081,脘,U+8118,wan3|huan4,wǎn|huàn,internal cavity of stomach,
13082,脙,U+8119,xiu1,xiū,,
13083,脚,U+811A,jiao3|jue2,jiǎo|jué,foot,一步一个脚印|七手八脚|三脚两步
13084,脛,U+811B,jing4|keng1,jìng|kēng,lower part of leg,不脛而走|脛骨|護脛
13085,脜,U+811C,you3,yǒu,,
13086,脝,U+811D,heng1,hēng,fat,
13087,脞,U+811E,cuo3|qie1,cuǒ|qiē,chopped meat,
13088,脟,U+811F,lie4|luan2|pao1,liè|luán|pāo,,
13089,脠,U+8120,shan1|chan1,shān|chān,,
13090,脡,U+8121,ting3,tǐng,brisket meat,
13091,脢,U+8122,mei2,méi,meat on the back of an animal,
13092,脣,U+8123,chun2,chún,variant of 唇[chun2],驢脣馬嘴
13093,脤,U+8124,shen4,shèn,sacrificial meat (raw),
13094,脥,U+8125,qian3|qu1|jie2,qiǎn|qū|jié,pelvic cavity,
13095,脦,U+8126,de|te4|te,de|tè|te,,
13096,脧,U+8127,juan1|zui1,juān|zuī,(literary) young boy's penis,
13097,脨,U+8128,cu4|ji2,cù|jí,old variant of 瘠[ji2],
13098,脩,U+8129,xiu1|you3|tiao2|xiao1,xiū|yǒu|tiáo|xiāo,variant of 修[xiu1],束脩
13099,脪,U+812A,xin4|chi1,xìn|chī,,
13100,脫,U+812B,tuo1,tuō,to shed,丙酮酸脫氫酶|出脫|半脫產
13101,脬,U+812C,pao1,pāo,bladder,尿脬
13102,脭,U+812D,cheng2,chéng,,
13103,脮,U+812E,nei3|tui3,něi|tuǐ,,
13104,脯,U+812F,pu2|fu3,pú|fǔ,dried meat,拍胸脯|果脯|漏脯充飢
13105,脰,U+8130,dou4,dòu,(literary) neck,
13106,脱,U+8131,tuo1|tui4,tuō|tuì,to shed,丙酮酸脱氢酶|出脱|半脱产
13107,脲,U+8132,niao4,niào,carbamide,脲醛
13108,脳,U+8133,nao3,nǎo,Japanese variant of 腦|脑,
13109,脴,U+8134,pi3,pǐ,,
13110,脵,U+8135,gu3,gǔ,,
13111,脶,U+8136,luo2,luó,fingerprint,
13112,脷,U+8137,li4,lì,(cattle) tongue (Cantonese),牛脷酥
13113,脸,U+8138,lian3,liǎn,face,一脸茫然|上脸|不要脸
13114,脹,U+8139,zhang4|chang2,zhàng|cháng,to swell; to distend; to expand,吹脹|惡性通貨膨脹|滯脹
13115,脺,U+813A,cui4|sui4,cuì|suì,,
13116,脻,U+813B,jie1,jiē,,
13117,脼,U+813C,liang3|lang3,liǎng|lǎng,,
13118,脽,U+813D,shui2,shuí,,
13119,脾,U+813E,pi2|pai2|bi4|pi4,pí|pái|bì|pì,spleen,不傷脾胃|不伤脾胃|壞脾氣
13120,脿,U+813F,biao1|biao3|biao4,biāo|biǎo|biào,old variant of 膘[biao1],
13121,腀,U+8140,lun2,lún,,
13122,腁,U+8141,pian2,pián,,
13123,腂,U+8142,lei3|guo4|hua4,lěi|guò|huà,,
13124,腃,U+8143,kui4|quan1|quan2|juan4,kuì|quān|quán|juàn,,
13125,腄,U+8144,chui2|hou2|chuai2,chuí|hóu|chuái,callus on the hand or foot,
13126,腅,U+8145,dan4,dàn,,
13127,腆,U+8146,tian3,tiǎn,make strong (as liquors),靦腆|腼腆
13128,腇,U+8147,nei3,něi,,
13129,腈,U+8148,jing1,jīng,acrylic,丁腈手套|丁腈橡膠|丁腈橡胶
13130,腉,U+8149,nai2,nái,,
13131,腊,U+814A,la4|xi1,là|xī,dried meat,勐腊|勐腊县|古希腊
13132,腋,U+814B,ye4,yè,armpit,肘腋|腋下|腋毛
13133,腌,U+814C,yan1|a1|ang1,yān|ā|āng,used in 腌臢|腌臜[a1 za1],腌臢|腌臜|腌製
13134,腍,U+814D,ren4|dian4,rèn|diàn,be satiated,
13135,腎,U+814E,shen4,shèn,kidney,副腎|原腎管|洗腎
13136,腏,U+814F,chuo4|zhui4,chuò|zhuì,,
13137,腐,U+8150,fu3,fǔ,decay,乳腐|刀子嘴巴，豆腐心|刀子嘴，豆腐心
13138,腑,U+8151,fu3,fǔ,internal organs,五臟六腑|五脏六腑|六腑
13139,腒,U+8152,ju1,jū,dried poultry,
13140,腓,U+8153,fei2,féi,calf of leg,腓利門書|腓利门书|腓力
13141,腔,U+8154,qiang1|kong4,qiāng|kòng,(bound form) cavity,一腔|南腔北調|南腔北调
13142,腕,U+8155,wan4,wàn,wrist,割腕|外交手腕|大腕
13143,腖,U+8156,dong4,dòng,see 蛋白腖|蛋白胨[dan4 bai2 dong4],蛋白腖
13144,腗,U+8157,pi2,pí,,
13145,腘,U+8158,guo2,guó,knee pit,腘动脉|腘旁腱肌|腘窝
13146,腙,U+8159,zong1,zōng,hydrazone (chemistry),
13147,腚,U+815A,ding4,dìng,buttocks,光腚腫菊|光腚肿菊|擦腚紙
13148,腛,U+815B,wo4,wò,,
13149,腜,U+815C,mei2,méi,quickening of the fetus,
13150,腝,U+815D,ni2|ruan3|nao4|nen4|er2,ní|ruǎn|nào|nèn|ér,,
13151,腞,U+815E,zhuan4|dun4|tu2,zhuàn|dùn|tú,,
13152,腟,U+815F,chi4,chì,,
13153,腠,U+8160,cou4,còu,the tissue between the skin and the flesh,
13154,腡,U+8161,luo2,luó,fingerprint,
13155,腢,U+8162,ou3,ǒu,,
13156,腣,U+8163,di4,dì,,
13157,腤,U+8164,an1,ān,,
13158,腥,U+8165,xing1,xīng,fishy (smell),偷腥|土腥|腥臭
13159,腦,U+8166,nao3|nao4,nǎo|nào,brain,一古腦兒|一股腦|一股腦兒
13160,腧,U+8167,shu4|yu2,shù|yú,(bound form) acupuncture point,腧穴
13161,腨,U+8168,shuan4,shuàn,,
13162,腩,U+8169,nan3,nǎn,brisket,牛腩|肚腩|腩炙
13163,腪,U+816A,yun4,yùn,,
13164,腫,U+816B,zhong3,zhǒng,to swell,光腚腫菊|囊腫|國際腫瘤研究機構
13165,腬,U+816C,rou2,róu,greasy (Cantonese),
13166,腭,U+816D,e4,è,palate,软腭|软腭音|龈腭音
13167,腮,U+816E,sai1,sāi,cheek,托腮|抓耳撓腮|抓耳挠腮
13168,腯,U+816F,tu2|dun4,tú|dùn,fat (of pigs),
13169,腰,U+8170,yao1,yāo,the waist and lower back,下腰|仗腰|伸懶腰
13170,腱,U+8171,jian4|qian2,jiàn|qián,tendon,半腱肌|旁腱肌|肌腱
13171,腲,U+8172,wei3,wěi,,
13172,腳,U+8173,jiao3|jue2,jiǎo|jué,foot,一步一個腳印|七手八腳|三腳兩步
13173,腴,U+8174,yu2,yú,fat on belly,豐腴|丰腴
13174,腵,U+8175,jia1,jiā,,
13175,腶,U+8176,duan4,duàn,dried meat,
13176,腷,U+8177,bi4,bì,,
13177,腸,U+8178,chang2,cháng,intestines,乙狀結腸|互訴衷腸|傾吐衷腸
13178,腹,U+8179,fu4,fù,abdomen,三角腹帶|三角腹带|下腹部
13179,腺,U+817A,xian4,xiàn,gland,三磷酸腺苷|下頜下腺|下颌下腺
13180,腻,U+817B,ni4,nì,greasy,厌腻|吃腻|油腻
13181,腼,U+817C,mian3,miǎn,used in 靦腆|腼腆[mian3 tian3],腼腆
13182,腽,U+817D,wa4,wà,used in 膃肭|腽肭[wa4 na4],腽肭|腽肭兽|腽肭脐
13183,腾,U+817E,teng2,téng,(bound form) to gallop; to prance,倒腾|克什克腾|克什克腾旗
13184,腿,U+817F,tui3,tuǐ,leg,O型腿|二郎腿|假腿
13185,膀,U+8180,bang3|pang1|pang2|bang4|pang3,bǎng|pāng|páng|bàng|pǎng,upper arm,光膀子|吊膀子|左膀右臂
13186,膁,U+8181,qian3|xian4|yan2,qiǎn|xiàn|yán,(usu. of an animal) the part of the side of the body between the ribs and the hipbone,
13187,膂,U+8182,lv3,lǚ,backbone,膂力
13188,膃,U+8183,wa4,wà,used in 膃肭|腽肭[wa4 na4],膃肭|膃肭獸|膃肭臍
13189,膄,U+8184,shou4,shòu,,
13190,膅,U+8185,tang2,táng,,
13191,膆,U+8186,su4,sù,(literary) fat,
13192,膇,U+8187,zhui4,zhuì,swelling of foot,
13193,膈,U+8188,ge2,gé,diaphragm (anatomy),橫膈|横膈|橫膈膜
13194,膉,U+8189,yi4,yì,,
13195,膊,U+818A,bo2|po4|lie4,bó|pò|liè,shoulder,打赤膊|捋胳膊|搭膊
13196,膋,U+818B,liao2,liáo,fat on intestines,
13197,膌,U+818C,ji2,jí,old variant of 瘠[ji2],
13198,膍,U+818D,pi2,pí,,
13199,膎,U+818E,xie2,xié,,
13200,膏,U+818F,gao1|gao4,gāo|gào,ointment,剃鬚膏|剃须膏|受膏
13201,膐,U+8190,lv3,lǚ,,
13202,膑,U+8191,bin4,bìn,variant of 髕|髌[bin4],孙膑|孙膑兵法|膑刑
13203,膒,U+8192,ou1,ōu,,
13204,膓,U+8193,chang2,cháng,old variant of 腸|肠[chang2],
13205,膔,U+8194,lu4|biao1,lù|biāo,variant of 膘[biao1],
13206,膕,U+8195,guo2|huo4,guó|huò,knee pit,膕動脈|膕旁腱肌|膕窩
13207,膖,U+8196,pang1,pāng,,
13208,膗,U+8197,chuai2,chuái,(dialect) grossly overweight; obese,
13209,膘,U+8198,biao1|piao3,biāo|piǎo,(usu. of livestock) fat,上膘|催膘|掉膘
13210,膙,U+8199,jiang3,jiǎng,(bound form) callus,膙子
13211,膚,U+819A,fu1|lu2,fū|lú,skin,切膚之痛|柔膚水|潤膚乳
13212,膛,U+819B,tang2|tang1,táng|tāng,(bound form) hollow space,上牙膛|上膛|槍膛
13213,膜,U+819C,mo2,mó,membrane,保鮮膜|保鲜膜|內膜
13214,膝,U+819D,xi1,xī,old variant of 膝[xi1],促膝|促膝談心|促膝谈心
13215,膞,U+819E,zhuan1|zhuan3|chuan3|chun2,zhuān|zhuǎn|chuǎn|chún,(dialect) gizzard,
13216,膟,U+819F,lv4,lǜ,sacrificial flesh,
13217,膠,U+81A0,jiao1|jiao3|hao2|nao3,jiāo|jiǎo|háo|nǎo,to glue,502膠|丁腈橡膠|三秒膠
13218,膡,U+81A1,ying4,yìng,,
13219,膢,U+81A2,lv2,lǘ,,
13220,膣,U+81A3,zhi4,zhì,vagina,
13221,膤,U+81A4,xue3,xuě,,
13222,膥,U+81A5,cun1,cūn,,
13223,膦,U+81A6,lin4|lian3,lìn|liǎn,phosphine,
13224,膧,U+81A7,tong2,tóng,,
13225,膨,U+81A8,peng2|peng4,péng|pèng,swollen,惡性通貨膨脹|恶性通货膨胀|膨化
13226,膩,U+81A9,ni4,nì,greasy,厭膩|吃膩|油膩
13227,膪,U+81AA,chuai4|zha4|zhai4,chuài|zhà|zhài,used in 囊膪[nang1 chuai4],囊膪
13228,膫,U+81AB,liao2|liao3,liáo|liǎo,name of a state during Han Dynasty,
13229,膬,U+81AC,cui4,cuì,old variant of 脆[cui4],
13230,膭,U+81AD,gui1|kui4|dui4,guī|kuì|duì,,
13231,膮,U+81AE,xiao1,xiāo,,
13232,膯,U+81AF,teng1|tun2,tēng|tún,,
13233,膰,U+81B0,fan2|pan2,fán|pán,cooked meat used in sacrifice,
13234,膱,U+81B1,zhi2,zhí,,
13235,膲,U+81B2,jiao1,jiāo,see 三膲[san1 jiao1],三膲
13236,膳,U+81B3,shan4,shàn,meals,御膳房|用膳|膳食
13237,膴,U+81B4,hu1|wu3|mei2,hū|wǔ|méi,big piece of meat,
13238,膵,U+81B5,cui4,cuì,pancreas,
13239,膶,U+81B6,run4,rùn,,
13240,膷,U+81B7,xiang1,xiāng,hashed beef,
13241,膸,U+81B8,sui3|wei3,suǐ|wěi,,
13242,膹,U+81B9,fen4,fèn,,
13243,膺,U+81BA,ying1,yīng,breast,服膺|義憤填膺|义愤填膺
13244,膻,U+81BB,shan1|dan4,shān|dàn,(old) a flock of sheep or goats,如蟻附膻|如蚁附膻|膻中
13245,膼,U+81BC,zhua1,zhuā,,
13246,膽,U+81BD,dan3,dǎn,gall bladder,一身是膽|乙酰膽鹼|傾心吐膽
13247,膾,U+81BE,kuai4,kuài,chopped meat or fish,膾炙人口|蓴羹鱸膾|食不厭精，膾不厭細
13248,膿,U+81BF,nong2,nóng,pus,化膿|化膿性|流膿
13249,臀,U+81C0,tun2,tún,buttocks; hips; rump,掇臀捧屁|栗臀鳾|栗臀䴓
13250,臁,U+81C1,lian2,lián,sides of the lower part of the leg,
13251,臂,U+81C2,bi4|bei,bì|bei,arm,三頭六臂|三头六臂|上臂
13252,臃,U+81C3,yong1,yōng,see 臃腫|臃肿[yong1 zhong3],臃腫|臃肿
13253,臄,U+81C4,jue2|ju1,jué|jū,palate,
13254,臅,U+81C5,chu4,chù,,
13255,臆,U+81C6,yi4|yi3,yì|yǐ,(bound form) chest; breast,傾吐胸臆|倾吐胸臆|直抒胸臆
13256,臇,U+81C7,juan3,juǎn,"fat, rich",
13257,臈,U+81C8,la4|ge2,là|gé,old variant of 臘|腊[la4],
13258,臉,U+81C9,lian3,liǎn,face,一臉茫然|上臉|不要臉
13259,臊,U+81CA,sao1|sao4,sāo|sào,to smell of urine (or sweat etc),害臊|沒羞沒臊|没羞没臊
13260,臋,U+81CB,tun2,tún,old variant of 臀[tun2],
13261,臌,U+81CC,gu3,gǔ,dropsical,臌脹|臌胀
13262,臍,U+81CD,qi2,qí,(bound form) the navel; the umbilicus,噬臍莫及|瓜臍|種臍
13263,臎,U+81CE,cui4,cuì,,
13264,臏,U+81CF,bin4,bìn,variant of 髕|髌[bin4],孫臏|孫臏兵法|臏刑
13265,臐,U+81D0,xun1,xūn,lamb soup,
13266,臑,U+81D1,nao4|ru2|er2|nen4|nuan3,nào|rú|ér|nèn|nuǎn,biceps (in Chinese medicine),
13267,臒,U+81D2,wo4|yue4,wò|yuè,,
13268,臓,U+81D3,zang4,zàng,Japanese variant of 臟|脏,
13269,臔,U+81D4,xian4,xiàn,,
13270,臕,U+81D5,biao1,biāo,variant of 膘[biao1],
13271,臖,U+81D6,xing4,xìng,to swell,
13272,臗,U+81D7,kuan1,kuān,,
13273,臘,U+81D8,la4|lie4,là|liè,ancient practice of offering sacrifices to the gods in the 12th lunar month,勐臘|勐臘縣|古希臘
13274,臙,U+81D9,yan1,yān,variant of 胭[yan1],
13275,臚,U+81DA,lu2|lv3,lú|lǚ,belly,大鴻臚|鴻臚寺
13276,臛,U+81DB,huo4,huò,(literary) meat broth,
13277,臜,U+81DC,za1,zā,used in 腌臢|腌臜[a1 za1],腌臜
13278,臝,U+81DD,luo3,luǒ,variant of 裸[luo3],
13279,臞,U+81DE,qu2,qú,variant of 癯[qu2],
13280,臟,U+81DF,zang4,zàng,viscera,五臟|五臟六腑|內臟
13281,臠,U+81E0,luan2,luán,skinny,禁臠
13282,臡,U+81E1,ni2|luan2,ní|luán,,
13283,臢,U+81E2,za1|zan1,zā|zān,used in 腌臢|腌臜[a1 za1],腌臢
13284,臣,U+81E3,chen2,chén,surname Chen,一朝天子一朝臣|亂臣賊子|乱臣贼子
13285,臤,U+81E4,qian1|xian2|qin4,qiān|xián|qìn,,
13286,臥,U+81E5,wo4,wò,to lie,仰臥|仰臥式|仰臥起坐
13287,臦,U+81E6,guang4|jiong3,guàng|jiǒng,,
13288,臧,U+81E7,zang1|cang2|zang4,zāng|cáng|zàng,surname Zang,臧克家|陟罰臧否|陟罚臧否
13289,臨,U+81E8,lin2|lin4,lín|lìn,to face,事到臨頭|五福臨門|亞臨界
13290,臩,U+81E9,guang3|jiong3,guǎng|jiǒng,,
13291,自,U+81EA,zi4,zì,(bound form) self; oneself,三江侗族自治縣|三江侗族自治县|三自
13292,臫,U+81EB,jiao3,jiǎo,,
13293,臬,U+81EC,nie4,niè,guidepost,兀臬|奉為圭臬|奉为圭臬
13294,臭,U+81ED,chou4|xiu4,chòu|xiù,stench,三個臭皮匠，勝過一個諸葛亮|三个臭皮匠，胜过一个诸葛亮|三個臭皮匠，合成一個諸葛亮
13295,臮,U+81EE,ji4,jì,,
13296,臯,U+81EF,gao1,gāo,variant of 皋[gao1],
13297,臰,U+81F0,chou4,chòu,,
13298,臱,U+81F1,mian2|bian1,mián|biān,,
13299,臲,U+81F2,nie4,niè,tottering,兀臲
13300,至,U+81F3,zhi4|die2,zhì|dié,to arrive,一蹴即至|下至上|不期而至
13301,致,U+81F4,zhi4|zhui4,zhì|zhuì,(bound form) fine; delicate; exquisite,一致|一致字|一致性
13302,臵,U+81F5,ge2,gé,,
13303,臶,U+81F6,jian4,jiàn,,
13304,臷,U+81F7,die2|zhi2,dié|zhí,,
13305,臸,U+81F8,zhi1|jin4,zhī|jìn,,
13306,臹,U+81F9,xiu1,xiū,,
13307,臺,U+81FA,tai2,tái,Taiwan (abbr.),七臺河|七臺河市|三個女人一臺戲
13308,臻,U+81FB,zhen1,zhēn,to arrive,並臻|并臻|日臻
13309,臼,U+81FC,jiu4,jiù,mortar,不落窠臼|前臼齒|前臼齿
13310,臽,U+81FD,xian4,xiàn,(archaic) pit; hole in the ground,
13311,臾,U+81FE,yu2|yu3|yong3|kui4,yú|yǔ|yǒng|kuì,surname Yu,臾須|臾须|須臾
13312,臿,U+81FF,cha1,chā,to separate the grain from the husk,
13313,舀,U+8200,yao3,yǎo,to ladle out; to scoop up,舀勺|舀子|舀水
13314,舁,U+8201,yu2,yú,to lift,
13315,舂,U+8202,chong1|chuang1|zhong1,chōng|chuāng|zhōng,to pound (grain),刑舂
13316,舃,U+8203,xi4,xì,,
13317,舄,U+8204,xi4|que4|tuo1,xì|què|tuō,shoe,履舄交錯|履舄交错
13318,舅,U+8205,jiu4,jiù,maternal uncle,外舅|大舅子|家舅
13319,舆,U+8206,yu2,yú,(literary) chassis of a carriage (contrasted with the canopy 堪[kan1]),堪舆|平舆|平舆县
13320,與,U+8207,yu3|yu2|yu4,yǔ|yú|yù,variant of 歟|欤[yu2],事與願違|交與|信息與通訊技術
13321,興,U+8208,xing4|xing1|xin4,xìng|xīng|xìn,surname Xing,不興|中興|中興新村
13322,舉,U+8209,ju3,jǔ,to lift,一舉|一舉一動|一舉兩得
13323,舊,U+820A,jiu4,jiù,old,一切如舊|不念舊惡|仍舊
13324,舋,U+820B,xin4,xìn,variant of 釁|衅,
13325,舌,U+820C,she2|gua1,shé|guā,"used in 喇舌[la3 ji1] to transcribe the Taiwanese word for ""tongue""",七嘴八舌|三寸不爛之舌|三寸不烂之舌
13326,舍,U+820D,she3|she4|shi4,shě|shè|shì,to give up; to abandon,三瓦兩舍|三瓦两舍|不舍
13327,舎,U+820E,she4,shè,Japanese variant of 舍[she4],
13328,舏,U+820F,jiu3,jiǔ,,
13329,舐,U+8210,shi4,shì,to lick,溜舐|老牛舐犢|老牛舐犊
13330,舑,U+8211,tan1,tān,,
13331,舒,U+8212,shu1|yu4,shū|yù,surname Shu,不舒服|不舒適|不舒适
13332,舓,U+8213,shi4,shì,old variant of 舐[shi4],
13333,舔,U+8214,tian3|tan1,tiǎn|tān,to lick,舔吮|舔屁股|舔狗
13334,舕,U+8215,tan4,tàn,,
13335,舖,U+8216,pu4,pù,variant of 鋪|铺[pu4],美體小舖
13336,舗,U+8217,pu4,pù,Japanese variant of 舖|铺,
13337,舘,U+8218,guan3,guǎn,variant of 館|馆[guan3],
13338,舙,U+8219,hua4|qi4,huà|qì,,
13339,舚,U+821A,tian4,tiàn,,
13340,舛,U+821B,chuan3,chuǎn,mistaken,命途多舛|坎坷多舛|多舛
13341,舜,U+821C,shun4,shùn,"Shun (c. 23rd century BC), mythical sage and leader",李舜臣|舜帝陵|舜日堯天
13342,舝,U+821D,xia2,xiá,variant of 轄|辖[xia2],
13343,舞,U+821E,wu3,wǔ,to dance,交誼舞|交谊舞|交際舞
13344,舟,U+821F,zhou1,zhōu,boat,刻舟求劍|刻舟求剑|同舟共濟
13345,舠,U+8220,dao1,dāo,kayak,
13346,舡,U+8221,chuan2|xiang1,chuán|xiāng,boat,
13347,舢,U+8222,shan1,shān,sampan,舢板|舢舨
13348,舣,U+8223,yi3,yǐ,to moor a boat to the bank,
13349,舤,U+8224,fan2,fán,,
13350,舥,U+8225,pa1,pā,,
13351,舦,U+8226,tai4,tài,,
13352,舧,U+8227,fan2,fán,,
13353,舨,U+8228,ban3,bǎn,sampan,舢舨
13354,舩,U+8229,chuan2|fan2,chuán|fán,variant of 船[chuan2],
13355,航,U+822A,hang2,háng,boat,中國國家航天局|中国国家航天局|中國國際航空公司
13356,舫,U+822B,fang3,fǎng,2 boats lashed together,畫舫|画舫|石舫
13357,般,U+822C,ban1|pan2|ban3|bo1,bān|pán|bǎn|bō,sort,一般|一般人|一般來說
13358,舭,U+822D,bi3,bǐ,bilge,
13359,舮,U+822E,lu2,lú,,
13360,舯,U+822F,zhong1,zhōng,,
13361,舰,U+8230,jian4,jiàn,warship,主力舰|布雷舰|兵舰
13362,舱,U+8231,cang1,cāng,cabin,二等舱|公务舱|前舱
13363,舲,U+8232,ling2,líng,small boat with windows,鶩舲|鹜舲
13364,舳,U+8233,zhu2|zhou3,zhú|zhǒu,poopdeck,
13365,舴,U+8234,ze2,zé,used in 舴艋[ze2 meng3],舴艋
13366,舵,U+8235,duo4,duò,helm,右舵|大舵手|左舵
13367,舶,U+8236,bo2,bó,ship,中國船舶工業集團|中国船舶工业集团|中國船舶貿易公司
13368,舷,U+8237,xian2,xián,side of a ship or an aircraft,右舷|左舷|舷梯
13369,舸,U+8238,ge3,gě,barge,
13370,船,U+8239,chuan2,chuán,variant of 船[chuan2],上船|上賊船|上贼船
13371,舺,U+823A,xia2,xiá,boat,艋舺
13372,舻,U+823B,lu2,lú,bow of ship,
13373,舼,U+823C,qiong2|hong2,qióng|hóng,,
13374,舽,U+823D,pang2|feng2,páng|féng,,
13375,舾,U+823E,xi1,xī,used in 舾裝|舾装[xi1 zhuang1],舾裝|舾装
13376,舿,U+823F,kua1,kuā,,
13377,艀,U+8240,fu2,fú,,
13378,艁,U+8241,zao4,zào,old variant of 造[zao4],
13379,艂,U+8242,feng2,féng,,
13380,艃,U+8243,li2,lí,,
13381,艄,U+8244,shao1|shao4,shāo|shào,stern of boat,船艄|艄公
13382,艅,U+8245,yu2,yú,used in 艅艎[yu2 huang2],艅艎
13383,艆,U+8246,lang2,láng,,
13384,艇,U+8247,ting3,tǐng,vessel,划艇|反艦艇|反舰艇
13385,艈,U+8248,yu4,yù,,
13386,艉,U+8249,wei3,wěi,aft,
13387,艊,U+824A,bo2,bó,,
13388,艋,U+824B,meng3,měng,used in 舴艋[ze2 meng3],舴艋|艋舺
13389,艌,U+824C,nian4|qian4,niàn|qiàn,,
13390,艍,U+824D,ju1,jū,,
13391,艎,U+824E,huang2,huáng,fast ship,歇艎|艅艎
13392,艏,U+824F,shou3,shǒu,bow of a ship,破冰型艏
13393,艐,U+8250,ke4|jie4|zong1,kè|jiè|zōng,,
13394,艑,U+8251,bian4,biàn,skiff,
13395,艒,U+8252,mu4|mo4,mù|mò,,
13396,艓,U+8253,die2,dié,,
13397,艔,U+8254,dao4,dào,,
13398,艕,U+8255,bang4,bàng,two boats fastened side by side,
13399,艖,U+8256,cha1,chā,raft,
13400,艗,U+8257,yi4,yì,bow of a Chinese boat,
13401,艘,U+8258,sou1,sōu,classifier for ships,
13402,艙,U+8259,cang1,cāng,cabin,二等艙|公務艙|前艙
13403,艚,U+825A,cao2,cáo,seagoing junk,
13404,艛,U+825B,lou2,lóu,,
13405,艜,U+825C,dai4,dài,a long narrow vessel with two masts,
13406,艝,U+825D,xue3,xuě,,
13407,艞,U+825E,yao4|tiao4,yào|tiào,,
13408,艟,U+825F,chong1|zhuang4|tong2,chōng|zhuàng|tóng,used in 艨艟[meng2 chong1],艨艟
13409,艠,U+8260,deng1,dēng,,
13410,艡,U+8261,dang1,dāng,,
13411,艢,U+8262,qiang2,qiáng,variant of 檣|樯[qiang2],
13412,艣,U+8263,lu3,lǔ,variant of 櫓|橹[lu3],
13413,艤,U+8264,yi3,yǐ,to moor a boat to the bank,
13414,艥,U+8265,ji2,jí,,
13415,艦,U+8266,jian4,jiàn,warship,主力艦|佈雷艦|兵艦
13416,艧,U+8267,huo4|wo4,huò|wò,,
13417,艨,U+8268,meng2,méng,used in 艨衝|艨冲[meng2 chong1] and 艨艟[meng2 chong1],艨艟|艨衝|艨冲
13418,艩,U+8269,qi2,qí,tholepin,
13419,艪,U+826A,lu3,lǔ,variant of 櫓|橹[lu3],
13420,艫,U+826B,lu2,lú,bow of ship,
13421,艬,U+826C,chan2,chán,large ship,
13422,艭,U+826D,shuang1,shuāng,boat,
13423,艮,U+826E,gen3|gen4|hen2,gěn|gèn|hén,blunt,儒艮|勃艮第
13424,良,U+826F,liang2|liang3,liáng|liǎng,good,丁韙良|丁韪良|不良
13425,艰,U+8270,jian1,jiān,difficult,丁艰|不避艰险|人艰不拆
13426,艱,U+8271,jian1,jiān,difficult,丁艱|不避艱險|人艱不拆
13427,色,U+8272,se4|shai3,sè|shǎi,color,一路貨色|一路货色|三色堇
13428,艳,U+8273,yan4,yàn,variant of 豔|艳[yan4],光艳|冶艳|冷艳
13429,艴,U+8274,fu2|bo2|pei4,fú|bó|pèi,angry,
13430,艵,U+8275,ping1,pīng,,
13431,艶,U+8276,yan4,yàn,variant of 豔|艳[yan4],
13432,艷,U+8277,yan4,yàn,variant of 豔|艳[yan4],光艷|冶艷|冷艷
13433,艸,U+8278,cao3,cǎo,variant of 草[cao3],
13434,艹,U+8279,cao3,cǎo,grass radical 草字頭兒|草字头儿[cao3 zi4 tou2 r5],
13435,艺,U+827A,yi4,yì,skill,中国文学艺术界联合会|中国游艺机游乐园协会|传艺
13436,艻,U+827B,le4|ji2,lè|jí,used in 蘿艻|萝艻[luo2 le4],蘿艻|萝艻
13437,艼,U+827C,ting1|ding3,tīng|dǐng,,
13438,艽,U+827D,jiao1|qiu2,jiāo|qiú,see 秦艽[qin2 jiao1],秦艽
13439,艾,U+827E,ai4|yi4,ài|yì,surname Ai,上艾瑟爾|上艾瑟尔|傑西卡·艾爾芭
13440,艿,U+827F,nai3|reng2|reng4,nǎi|réng|rèng,see 芋艿[yu4 nai3],芋艿
13441,芀,U+8280,tiao2,tiáo,old variant of 苕[tiao2],
13442,芁,U+8281,jiao1,jiāo,,
13443,节,U+8282,jie2|jie1,jié|jiē,see 節骨眼|节骨眼[jie1 gu5 yan3],一节诗|七夕节|三八节
13444,芃,U+8283,peng2,péng,luxuriant growth,
13445,芄,U+8284,wan2,wán,Metaplexis stauntoni,
13446,芅,U+8285,yi4,yì,,
13447,芆,U+8286,chai1|cha1,chāi|chā,,
13448,芇,U+8287,mian2,mián,,
13449,芈,U+8288,mi3,mǐ,surname Mi,
13450,芉,U+8289,gan1|gan3,gān|gǎn,,
13451,芊,U+828A,qian1|qian4,qiān|qiàn,green,芊萰
13452,芋,U+828B,yu4|yu2|xu1|yu3,yù|yú|xū|yǔ,taro,姑婆芋|山芋|洋芋
13453,芌,U+828C,yu4,yù,,
13454,芍,U+828D,shao2|xiao4|que4|di4,sháo|xiào|què|dì,used in 芍陂[Que4 bei1],白芍|芍藥|芍药
13455,芎,U+828E,qiong1|xiong1,qiōng|xiōng,used in 芎藭|芎䓖[xiong1 qiong2] and 川芎[chuan1 xiong1],川芎|芎林|芎林鄉
13456,芏,U+828F,du4,dù,used in 茳芏[jiang1 du4],茳芏
13457,芐,U+8290,hu4|xia4,hù|xià,,
13458,芑,U+8291,qi3,qǐ,Panicum miliaceum,二氧芑|二氧雜芑|二氧杂芑
13459,芒,U+8292,mang2|huang1|huang3|wang2,máng|huāng|huǎng|wáng,awn (of cereals),五芒星|佛蘭芒語|佛兰芒语
13460,芓,U+8293,zi4|zi3|zi1,zì|zǐ|zī,,
13461,芔,U+8294,hui4|hu1,huì|hū,a general term for plants,
13462,芕,U+8295,sui1,suī,a kind of medicinal herb,
13463,芖,U+8296,zhi4,zhì,,
13464,芗,U+8297,xiang1,xiāng,aromatic herb used for seasoning,芗剧|芗城|芗城区
13465,芘,U+8298,pi2|bi3|bi4,pí|bǐ|bì,Malva sylvestris,
13466,芙,U+8299,fu2,fú,"used in 芙蓉[fu2 rong2], lotus",伊芙|凱芙拉|凯芙拉
13467,芚,U+829A,tun2|chun1,tún|chūn,green sprout,
13468,芛,U+829B,wei3,wěi,,
13469,芜,U+829C,wu2,wú,overgrown with weeds,去芜存菁|平芜|榛芜
13470,芝,U+829D,zhi1,zhī,Zoysia pungens,三芝|三芝鄉|三芝乡
13471,芞,U+829E,qi4,qì,a kind of aromatic herb (old),
13472,芟,U+829F,shan1|wei3,shān|wěi,to cut down,
13473,芠,U+82A0,wen2,wén,,
13474,芡,U+82A1,qian4,qiàn,Gorgon plant,勾芡|粉芡|芡實
13475,芢,U+82A2,ren2,rén,,
13476,芣,U+82A3,fu2|fou3|fu1,fú|fǒu|fū,used in 芣苡[fu2 yi3] and 芣苢[fu2 yi3],芣苡|芣苢
13477,芤,U+82A4,kou1,kōu,hollow,
13478,芥,U+82A5,jie4|gai4,jiè|gài,see 芥藍|芥蓝[gai4 lan2],拾芥|氮芥氣|氮芥气
13479,芦,U+82A6,lu2|lu3|hu4,lú|lǔ|hù,rush,依样画葫芦|依葫芦画瓢|冰糖葫芦
13480,芧,U+82A7,xu4|zhu4,xù|zhù,Scirpis maritimus,
13481,芨,U+82A8,ji1,jī,Bletilla hyacinthina (mucilaginous),
13482,芩,U+82A9,qin2|yin2,qín|yín,Phragmites japonica,
13483,芪,U+82AA,qi2|chi2,qí|chí,see 黃芪|黄芪[huang2 qi2],黃芪|黄芪
13484,芫,U+82AB,yan2|yuan2,yán|yuán,used in 芫荽[yan2 sui5],假芫茜|洋芫荽|胡芫
13485,芬,U+82AC,fen1,fēn,perfume,南芬|南芬區|南芬区
13486,芭,U+82AD,ba1|pa1,bā|pā,an unidentified fragrant plant mentioned in the Songs of Chu 楚辭|楚辞[Chu3 ci2],傑西卡·艾爾芭|杰西卡·艾尔芭|水上芭蕾
13487,芮,U+82AE,rui4|ruo4,ruì|ruò,surname Rui,芮城|芮城縣|芮城县
13488,芯,U+82AF,xin1|xin4,xīn|xìn,(bound form) the pith of the rush plant (used as a lampwick),反應堆芯|反应堆芯|堆芯
13489,芰,U+82B0,ji4,jì,(archaic) water caltrop (Trapa natans),
13490,花,U+82B1,hua1,huā,surname Hua,下花園|下花园|下花園區
13491,芲,U+82B2,hua1,huā,old variant of 花[hua1],
13492,芳,U+82B3,fang1,fāng,fragrant,一親芳澤|一亲芳泽|伍廷芳
13493,芴,U+82B4,wu4|hu1,wù|hū,(old) vaguely,
13494,芵,U+82B5,jue2,jué,,
13495,芶,U+82B6,gou3,gǒu,,
13496,芷,U+82B7,zhi3,zhǐ,angelica (type of iris),白芷|芷江|芷江侗族自治縣
13497,芸,U+82B8,yun2|yun4,yún|yùn,Japanese variant of 藝|艺[yi4],芸帙|芸窗|芸籤
13498,芹,U+82B9,qin2,qín,Chinese celery,刺芹菇|大星芹|孜然芹
13499,芺,U+82BA,ao3,ǎo,,
13500,芻,U+82BB,chu2|zou1,chú|zōu,to mow or cut grass,反芻|反芻動物|反裘負芻
13501,芼,U+82BC,mao4,mào,select,
13502,芽,U+82BD,ya2,yá,bud,側芽|侧芽|催芽
13503,芾,U+82BE,fei4|fu2,fèi|fú,see 蔽芾[bi4 fei4],米芾|蔽芾
13504,芿,U+82BF,reng4,rèng,weeds that regrow from cut-down roots,
13505,苀,U+82C0,hang2,háng,,
13506,苁,U+82C1,cong1,cōng,Boschniakia glabra,
13507,苂,U+82C2,yin2,yín,,
13508,苃,U+82C3,you3,yǒu,,
13509,苄,U+82C4,bian4,biàn,benzyl (chemistry),氨苄青霉素|苄星青霉素|苄胺
13510,苅,U+82C5,yi4,yì,,
13511,苆,U+82C6,qie1,qiē,,
13512,苇,U+82C7,wei3,wěi,reed,厚嘴苇莺|噪大苇莺|大苇莺
13513,苈,U+82C8,li4,lì,Drabanemerosa hebecarpa,
13514,苉,U+82C9,pi3,pǐ,picene (C22H14),
13515,苊,U+82CA,e4,è,acenaphthene (C12H10),
13516,苋,U+82CB,xian4,xiàn,amaranth (genus Amaranthus),刺苋|白苋|白苋紫茄
13517,苌,U+82CC,chang2,cháng,surname Chang,苌楚
13518,苍,U+82CD,cang1,cāng,surname Cang,上苍|夜色苍茫|旺苍
13519,苎,U+82CE,zhu4,zhù,used in 苧麻|苎麻[zhu4 ma2],苎麻|荠苎|麻苎
13520,苏,U+82CF,su1,sū,used in 嚕囌|噜苏[lu1 su1],三苏|上有天堂，下有苏杭|中华苏维埃共和国
13521,苐,U+82D0,ti2|di4,tí|dì,,
13522,苑,U+82D1,yuan4|yuan1|yu4|yun4,yuàn|yuān|yù|yùn,surname Yuan,北京南苑機場|北京南苑机场|北苑
13523,苒,U+82D2,ran3,rǎn,luxuriant growth,光陰荏苒|光阴荏苒|荏苒
13524,苓,U+82D3,ling2|lian2,líng|lián,fungus,五苓散|苓雅|苓雅區
13525,苔,U+82D4,tai2|tai1,tái|tāi,used in 舌苔[she2 tai1],海苔|生苔|紫菜苔
13526,苕,U+82D5,shao2|tiao2,sháo|tiáo,see 紅苕|红苕[hong2 shao2],椆苕|紅苕|红苕
13527,苖,U+82D6,di2,dí,,
13528,苗,U+82D7,miao2,miáo,Hmong or Miao ethnic group of southwest China,保亭黎族苗族自治縣|保亭黎族苗族自治县|保苗
13529,苘,U+82D8,qing3,qǐng,Indian mallow (Abutilon theophrasti),苘麻
13530,苙,U+82D9,li4|ji1,lì|jī,(herb),
13531,苚,U+82DA,yong4,yòng,,
13532,苛,U+82DB,ke1|he1,kē|hē,severe,嚴苛|严苛|苛刻
13533,苜,U+82DC,mu4,mù,clover,苜蓿
13534,苝,U+82DD,bei4,bèi,,
13535,苞,U+82DE,bao1|pao2|biao1,bāo|páo|biāo,bud,含苞|含苞待放|花苞
13536,苟,U+82DF,gou3|gou1,gǒu|gōu,surname Gou,一筆不苟|一笔不苟|一絲不苟
13537,苠,U+82E0,min2,mín,multitude,
13538,苡,U+82E1,yi3,yǐ,used in 芣苡[fu2 yi3],芣苡|苡米|薏苡
13539,苢,U+82E2,yi3,yǐ,used in 芣苢[fu2 yi3],芣苢
13540,苣,U+82E3,ju4|qu3,jù|qǔ,used in 萵苣|莴苣[wo1 ju4],琉璃苣|苣蕒菜|苣荬菜
13541,苤,U+82E4,pie3|pi1,piě|pī,used in 苤藍|苤蓝[pie3 lan5],苤藍|苤蓝
13542,若,U+82E5,ruo4|re2|re4|re3,ruò|ré|rè|rě,used in 般若[bo1 re3],上善若水|不若|了若指掌
13543,苦,U+82E6,ku3|gu3|hu4,kǔ|gǔ|hù,bitter,不勝其苦|不胜其苦|不辭勞苦
13544,苧,U+82E7,ning2|zhu4,níng|zhù,used in 苧麻|苎麻[zhu4 ma2],苧麻|苧烯|薺苧
13545,苨,U+82E8,ni3,nǐ,,
13546,苩,U+82E9,bo2|pa1,bó|pā,old variant of 葩[pa1],
13547,苪,U+82EA,bing3,bǐng,bright,
13548,苫,U+82EB,shan1|shan4|tian1|chan1,shān|shàn|tiān|chān,straw mat,寢苫枕塊|寝苫枕块
13549,苬,U+82EC,xiu2,xiú,,
13550,苭,U+82ED,yao3,yǎo,,
13551,苮,U+82EE,xian1,xiān,,
13552,苯,U+82EF,ben3,běn,benzene,三硝基甲苯|二氯苯胺苯乙酸鈉|二氯苯胺苯乙酸钠
13553,苰,U+82F0,hong2,hóng,,
13554,英,U+82F1,ying1|yang1,yīng|yāng,United Kingdom,中式英語|中式英语|中英
13555,苲,U+82F2,zha3|zha4|zuo2,zhǎ|zhà|zuó,see 苲草[zha3 cao3],苲草
13556,苳,U+82F3,dong1,dōng,,
13557,苴,U+82F4,ju1|cha2|zha3|zu1|jie1|bao1|xie2,jū|chá|zhǎ|zū|jiē|bāo|xié,surname Ju,司馬穰苴|司马穰苴|苴麻
13558,苵,U+82F5,die2,dié,,
13559,苶,U+82F6,nie2|nie4,nié|niè,weary,
13560,苷,U+82F7,gan1,gān,licorice,三磷酸腺苷|二磷酸腺苷|核苷
13561,苸,U+82F8,hu1,hū,,
13562,苹,U+82F9,ping2|peng1,píng|pēng,(artemisia),苹果|苹果公司|苹果手机
13563,苺,U+82FA,mei2,méi,"variant of 莓, berry",
13564,苻,U+82FB,fu2|pu2,fú|pú,Angelica anomala,苻堅|苻坚
13565,苼,U+82FC,sheng1|rui2,shēng|ruí,,
13566,苽,U+82FD,gu1|gua1,gū|guā,,
13567,苾,U+82FE,bi4|bie2|mi4,bì|bié|mì,(phonetic),
13568,苿,U+82FF,wei4,wèi,,
13569,茀,U+8300,fu2|bo2|fei4|bei4|bi4,fú|bó|fèi|bèi|bì,luxuriant growth,茀星
13570,茁,U+8301,zhuo2|zhu2,zhuó|zhú,"to display vigorous, new growth",茁壯|茁壮
13571,茂,U+8302,mao4,mào,luxuriant,巴爾多祿茂|巴尔多禄茂|李重茂
13572,范,U+8303,fan4,fàn,pattern,不规范|中等师范学校|典范
13573,茄,U+8304,jia1|qie2,jiā|qié,"phonetic character used in loanwords for the sound ""jia"", although 夾|夹[jia2] is more common",櫻桃小番茄|樱桃小番茄|歐米茄錶公司
13574,茅,U+8305,mao2,máo,surname Mao,三顧茅廬|三顾茅庐|仙茅
13575,茆,U+8306,mao2|mao3,máo|mǎo,variant of 茅[mao2],
13576,茇,U+8307,ba2|pei4|fei4,bá|pèi|fèi,betel,
13577,茈,U+8308,ci2|zi3|ci3|chai2,cí|zǐ|cǐ|chái,used in 鳧茈|凫茈[fu2 ci2],鳧茈|凫茈
13578,茉,U+8309,mo4,mò,used in 茉莉[mo4 li4],芥茉|茉莉|茉莉花
13579,茊,U+830A,zi1,zī,old variant of 茲|兹[zi1],
13580,茋,U+830B,zhi3|di3,zhǐ|dǐ,,
13581,茌,U+830C,chi2,chí,name of a district in Shandong,
13582,茍,U+830D,ji4,jì,urgent,
13583,茎,U+830E,jing1,jīng,stalk,包茎|匍匐茎|块茎
13584,茏,U+830F,long2,lóng,Polygonum posumbu,蒙茏|葱茏
13585,茐,U+8310,cong1,cōng,,
13586,茑,U+8311,niao3,niǎo,"parasitic mistletoe (Loranthus parasiticus), esp. on the mulberry",茑萝
13587,茒,U+8312,yuan2,yuán,,
13588,茓,U+8313,xue2,xué,to store grain by enclosing it in a woven mat rolled into a vertical cylinder,茓子
13589,茔,U+8314,ying2,yíng,(literary) a grave,坟茔|祖茔
13590,茕,U+8315,qiong2,qióng,alone,茕茕孑立
13591,茖,U+8316,ge2|luo4,gé|luò,allium victorialis,
13592,茗,U+8317,ming2,míng,Thea sinensis,品茗|枯茗|黑枯茗
13593,茘,U+8318,li4,lì,variant of 荔[li4],
13594,茙,U+8319,rong2,róng,,
13595,茚,U+831A,yin4,yìn,indene (chemistry),硫茚
13596,茛,U+831B,gen4|jian4,gèn|jiàn,ranunculus,毛茛
13597,茜,U+831C,qian4|xi1,qiàn|xī,(bound form) Indian madder; munjeet (Rubia cordifolia),假芫茜|凱茜·弗里曼|凯茜·弗里曼
13598,茝,U+831D,chai3|zhi3,chǎi|zhǐ,"aromatic plant, possibly Dahurian angelica 白芷[bai2 zhi3] (archaic)",
13599,茞,U+831E,chen2,chén,fragrant plant,
13600,茟,U+831F,yu4|wei3,yù|wěi,,
13601,茠,U+8320,hao1|xiu1|kou4,hāo|xiū|kòu,to weed,
13602,茡,U+8321,zi4,zì,,
13603,茢,U+8322,lie4,liè,rushes,
13604,茣,U+8323,wu2,wú,,
13605,茤,U+8324,ji4|duo1,jì|duō,,
13606,茥,U+8325,gui1|gui4,guī|guì,Rubus tokkura,
13607,茦,U+8326,ci4,cì,pointed grass blade,
13608,茧,U+8327,jian3|chong2,jiǎn|chóng,(bound form) cocoon,作茧|作茧自缚|信息茧房
13609,茨,U+8328,ci2,cí,Caltrop or puncture vine (Tribulus terrestris),伊爾庫茨克|伊尔库茨克|博茨瓦納
13610,茩,U+8329,gou4,gòu,,
13611,茪,U+832A,guang1,guāng,,
13612,茫,U+832B,mang2|huang3,máng|huǎng,"vast, with no clear boundary",一臉茫然|一脸茫然|前途渺茫
13613,茬,U+832C,cha2|chi2,chá|chí,stubble (crop residue),二茬罪|倒茬|對茬兒
13614,茭,U+832D,jiao1|xiao4|qiao4,jiāo|xiào|qiào,Zizania aquatica,茭白|茭白筍|茭白笋
13615,茮,U+832E,jiao1|niao3,jiāo|niǎo,,
13616,茯,U+832F,fu2,fú,used in 茯苓[fu2 ling2],茯苓
13617,茰,U+8330,yu2,yú,,
13618,茱,U+8331,zhu1,zhū,used in 茱萸[zhu1 yu2],山茱萸|茱莉亞|茱莉亚
13619,茲,U+8332,zi1|ci2,zī|cí,used in 龜茲|龟兹[Qiu1 ci2],伯利茲|傑佛茲|利茲
13620,茳,U+8333,jiang1,jiāng,used in 茳芏[jiang1 du4],茳芏
13621,茴,U+8334,hui2,huí,(bound form) fennel,八角茴香|土茴香|大茴香
13622,茵,U+8335,yin1,yīn,mattress,北萊茵·威斯特法倫州|北莱茵·威斯特法伦州|碧草如茵
13623,茶,U+8336,cha2,chá,tea,三茶六飯|三茶六饭|下午茶
13624,茷,U+8337,fa2|pei4|bo2|ba2,fá|pèi|bó|bá,denseness of grass-foliage,
13625,茸,U+8338,rong1|rong2|rong3,rōng|róng|rǒng,(bound form) (of newly sprouted grass) soft and fine; downy,參茸|参茸|姬松茸
13626,茹,U+8339,ru2,rú,surname Ru,含辛茹苦|拔毛連茹|拔毛连茹
13627,茺,U+833A,chong1,chōng,,
13628,茻,U+833B,mang3|mu3,mǎng|mǔ,rank grass,
13629,茼,U+833C,tong2,tóng,Chrysanthemum coronarium,茼蒿
13630,茽,U+833D,zhong4,zhòng,vegetation growing thickly,
13631,茾,U+833E,qian1,qiān,,
13632,茿,U+833F,zhu2,zhú,,
13633,荀,U+8340,xun2,xún,surname Xun,杜荀鶴|杜荀鹤|荀子
13634,荁,U+8341,huan2,huán,(vegetable),
13635,荂,U+8342,fu1,fū,,
13636,荃,U+8343,quan2|chuo4,quán|chuò,(fragrant plant),段荃法|荃灣|荃湾
13637,荄,U+8344,gai1,gāi,roots of plant,
13638,荅,U+8345,da1|da2|ta4,dā|dá|tà,variant of 答[da1],
13639,荆,U+8346,jing1,jīng,chaste tree or berry (Vitex agnus-castus),问荆|大意失荆州|大紫荆勋章
13640,荇,U+8347,xing4,xìng,yellow floating heart (Nymphoides peltatum),荇菜|青荇
13641,荈,U+8348,chuan3,chuǎn,Thea sinensis,
13642,草,U+8349,cao3|zao4,cǎo|zào,variant of 草[cao3],三稜草|三棱草|三葉草
13643,荊,U+834A,jing1,jīng,chaste tree or berry (Vitex agnus-castus),問荊|大意失荊州|大紫荊勳章
13644,荋,U+834B,er2,ér,,
13645,荌,U+834C,an4,àn,,
13646,荍,U+834D,qiao2,qiáo,common mallow (Malva sinensis),
13647,荎,U+834E,chi2,chí,,
13648,荏,U+834F,ren3,rěn,beefsteak plant (Perilla frutescens),光陰荏苒|光阴荏苒|色厲內荏
13649,荐,U+8350,jian4,jiàn,to recommend,力荐|引荐|推荐
13650,荑,U+8351,ti2|yi2,tí|yí,(grass),柔荑花序|葇荑花序
13651,荒,U+8352,huang1|huang3|kang1|huang2,huāng|huǎng|kāng|huáng,desolate,備荒|备荒|兵荒馬亂
13652,荓,U+8353,ping2|peng1,píng|pēng,,
13653,荔,U+8354,li4,lì,variant of 荔[li4],大荔|大荔縣|大荔县
13654,荕,U+8355,jin1,jīn,,
13655,荖,U+8356,lao3|cha1,lǎo|chā,,
13656,荗,U+8357,shu4,shù,,
13657,荘,U+8358,zhuang1,zhuāng,Japanese variant of 莊|庄,
13658,荙,U+8359,da2,dá,plantago major,莙荙菜
13659,荚,U+835A,jia2,jiá,pod (botany),皂荚|皂荚树|秋葵荚
13660,荛,U+835B,rao2,ráo,fuel,刍荛
13661,荜,U+835C,bi4,bì,bean,蓬荜|蓬荜生光|蓬荜生辉
13662,荝,U+835D,ce4,cè,"plant genus Aconitum, aka monkshood or wolf's bane (used as poison and medicine)",
13663,荞,U+835E,qiao2,qiáo,common mallow (Malva sinensis),荞麦
13664,荟,U+835F,hui4,huì,to flourish,荟萃|芦荟
13665,荠,U+8360,ji4|qi2,jì|qí,see 薺菜|荠菜[ji4 cai4],荸荠|荠苎|荠菜
13666,荡,U+8361,dang4,dàng,variant of 蕩|荡[dang4],一瓶子不响，半瓶子晃荡|倾家荡产|冶荡
13667,荢,U+8362,zi4,zì,,
13668,荣,U+8363,rong2,róng,surname Rong,光荣|光荣榜|光荣革命
13669,荤,U+8364,hun1|xun1,hūn|xūn,strong-smelling vegetable (garlic etc),七荤八素|五荤|有荤有素
13670,荥,U+8365,xing2|ying2,xíng|yíng,used in 滎陽|荥阳[Xing2 yang2] (the name of a place in Henan),荥经|荥经县|荥阳
13671,荦,U+8366,luo4,luò,brindled ox,
13672,荧,U+8367,ying2,yíng,a glimmer,荧光|荧光屏|荧光幕
13673,荨,U+8368,xun2|qian2,xún|qián,used in 蕁麻|荨麻[qian2 ma2],异株荨麻|荨麻|荨麻疹
13674,荩,U+8369,jin4,jìn,Arthraxon ciliare,
13675,荪,U+836A,sun1,sūn,fragrant grass,竹荪
13676,荫,U+836B,yin1|yin4,yīn|yìn,"variant of 蔭|荫[yin4], shade",冬荫|冬荫功|嘉荫
13677,荬,U+836C,mai3,mǎi,used in 苣蕒菜|苣荬菜[qu3 mai5 cai4],苣荬菜|苦荬菜
13678,荭,U+836D,hong2,hóng,used in 葒草|荭草[hong2 cao3],荭草
13679,荮,U+836E,zhou4,zhòu,(dialect) to wrap with straw,
13680,药,U+836F,yao4,yào,leaf of the iris,上眼药|下药|不可救药
13681,荰,U+8370,du4,dù,,
13682,荱,U+8371,wei3|wei4,wěi|wèi,,
13683,荲,U+8372,li2,lí,,
13684,荳,U+8373,dou4,dòu,"legume; pulse; bean; pea (CL:顆|颗[ke1],粒[li4]) (variant of 豆[dou4])",
13685,荴,U+8374,fu1,fū,,
13686,荵,U+8375,ren3,rěn,polemonium,
13687,荶,U+8376,yin2,yín,,
13688,荷,U+8377,he2|he4|he1,hé|hè|hē,Holland; the Netherlands (abbr. for 荷蘭|荷兰[He2 lan2]),俄克拉荷馬|俄克拉荷马|北荷蘭
13689,荸,U+8378,bi2,bí,used in 荸薺|荸荠[bi2 qi2],荸薺|荸荠
13690,荹,U+8379,bu4|pu2,bù|pú,,
13691,荺,U+837A,yun3|yun2,yǔn|yún,,
13692,荻,U+837B,di2,dí,Anaphalis yedoensis (pearly everlasting reed),畫荻教子|画荻教子|蘆荻
13693,荼,U+837C,tu2|cha2|ye2|shu1,tú|chá|yé|shū,thistle,如火如荼|曼荼羅|曼荼罗
13694,荽,U+837D,sui1|wei3,suī|wěi,coriander,洋芫荽|胡荽|芫荽
13695,荾,U+837E,sui1,suī,,
13696,荿,U+837F,cheng2,chéng,,
13697,莀,U+8380,chen2|nong2,chén|nóng,,
13698,莁,U+8381,wu2,wú,,
13699,莂,U+8382,bie2,bié,,
13700,莃,U+8383,xi1,xī,,
13701,莄,U+8384,geng3,gěng,,
13702,莅,U+8385,li4,lì,river in Hebei,莅事者|莅任|莅会
13703,莆,U+8386,pu2|fu3,pú|fǔ,place name,莆田|莆田市
13704,莇,U+8387,zhu4,zhù,,
13705,莈,U+8388,mo4,mò,,
13706,莉,U+8389,li4|li2|chi2,lì|lí|chí,used in 茉莉[mo4 li4],伊莉莎白|伊莉薩白|伊莉萨白
13707,莊,U+838A,zhuang1,zhuāng,surname Zhuang,亦莊|別莊|動物莊園
13708,莋,U+838B,zuo2|ji2,zuó|jí,,
13709,莌,U+838C,tuo1,tuō,,
13710,莍,U+838D,qiu2,qiú,,
13711,莎,U+838E,sha1|suo1|sui1,shā|suō|suī,katydid (family Tettigoniidae),伊莉莎白|伊麗莎白|伊丽莎白
13712,莏,U+838F,suo1,suō,,
13713,莐,U+8390,chen2,chén,,
13714,莑,U+8391,peng2|feng1,péng|fēng,,
13715,莒,U+8392,ju3,jǔ,Zhou Dynasty vassal state in modern day Shandong Province,莒光|莒光鄉|莒光乡
13716,莓,U+8393,mei2,méi,berry,小紅莓|小红莓|山莓
13717,莔,U+8394,meng2|xi2|qing3,méng|xí|qǐng,Fritillaria verticillata,
13718,莕,U+8395,xing4,xìng,Nymphoides peltatum,
13719,莖,U+8396,jing1|ying1,jīng|yīng,stalk,包莖|匍匐莖|塊莖
13720,莗,U+8397,che1,chē,,
13721,莘,U+8398,shen1|xin1,shēn|xīn,surname Shen,莘庄鎮|莘庄镇|莘縣
13722,莙,U+8399,jun1,jūn,species of water plant,莙薘菜|莙荙菜
13723,莚,U+839A,yan2,yán,bamboo mat,
13724,莛,U+839B,ting2|ting3,tíng|tǐng,stalk of grass,
13725,莜,U+839C,you2|diao4|di2,yóu|diào|dí,see 莜麥|莜麦[you2 mai4],莜麥|莜麦|莜麥菜
13726,莝,U+839D,cuo4,cuò,to chop straw fine for animals,
13727,莞,U+839E,guan3|wan3|guan1,guǎn|wǎn|guān,Skimmia japonica,東莞|东莞|東莞市
13728,莟,U+839F,han4,hàn,,
13729,莠,U+83A0,you3|xiu4,yǒu|xiù,Setaria viridis,不稂不莠|毒莠定|良莠不齊
13730,莡,U+83A1,cuo4,cuò,,
13731,莢,U+83A2,jia2,jiá,pod (botany),皂莢|皂莢樹|秋葵莢
13732,莣,U+83A3,wang2,wáng,,
13733,莤,U+83A4,su4|you2,sù|yóu,,
13734,莥,U+83A5,niu3|rou4,niǔ|ròu,,
13735,莦,U+83A6,shao1|xiao1,shāo|xiāo,jungle grass,
13736,莧,U+83A7,xian4|wan4,xiàn|wàn,amaranth (genus Amaranthus),刺莧|白莧|白莧紫茄
13737,莨,U+83A8,lang4|liang2|lang2,làng|liáng|láng,Scopalia japonica maxin,莨菪
13738,莩,U+83A9,fu2|piao3,fú|piǎo,membrane lining inside a cylindrical stem,餓莩|饿莩|餓莩載道
13739,莪,U+83AA,e2,é,"zedoary (Curcuma zedoaria), plant rhizome similar to turmeric",雪蘭莪|雪兰莪
13740,莫,U+83AB,mo4|mu4,mò|mù,surname Mo,一夫當關，萬夫莫開|一夫当关，万夫莫开|一籌莫展
13741,莬,U+83AC,wen4|wan3|mian3,wèn|wǎn|miǎn,,
13742,莭,U+83AD,jie2,jié,variant of 節|节[jie2],
13743,莮,U+83AE,nan2,nán,,
13744,莯,U+83AF,mu4,mù,,
13745,莰,U+83B0,kan3,kǎn,camphane C10H18,莰烯|莰烷|莰酮
13746,莱,U+83B1,lai2,lái,"name of weed plant (fat hen, goosefoot, pigweed etc)",不莱梅|伊莱克斯|克莱
13747,莲,U+83B2,lian2,lián,lotus,三寸金莲|并蒂莲|五莲
13748,莳,U+83B3,shi2|shi4,shí|shì,used in 蒔蘿|莳萝[shi2 luo2],欧莳萝|莳萝|莳萝籽
13749,莴,U+83B4,wo1,wō,used in 萵苣|莴苣[wo1 ju4],莴笋|莴苣
13750,莵,U+83B5,tu4,tù,,
13751,莶,U+83B6,xian1,xiān,variant of 蘞|蔹[lian3],豨莶
13752,获,U+83B7,huo4,huò,(literary) to catch; to capture,一分耕耘，一分收获|一无所获|不劳而获
13753,莸,U+83B8,you2,yóu,Caryopteris divaricata,薰莸不同器
13754,莹,U+83B9,ying2,yíng,luster of gems,晶莹|沈莹|清莹
13755,莺,U+83BA,ying1,yīng,oriole or various birds of the Sylvidae family including warblers,中华短翅莺|亚洲漠地林莺|休氏树莺
13756,莻,U+83BB,gong4,gòng,,
13757,莼,U+83BC,chun2,chún,variant of 蓴|莼[chun2],莼羹鲈脍|莼菜|莼鲈之思
13758,莽,U+83BD,mang3|mang2,mǎng|máng,(bound form) dense growth of grass,榛莽|浪莽|王莽
13759,莾,U+83BE,mang3,mǎng,,
13760,莿,U+83BF,ci4,cì,Urtica thunbergiana,莿桐|莿桐鄉|莿桐乡
13761,菀,U+83C0,wan3|yu4|yun4,wǎn|yù|yùn,used in 紫菀[zi3 wan3],紫菀|阿爾泰紫菀|阿尔泰紫菀
13762,菁,U+83C1,jing1,jīng,leek flower,去蕪存菁|去芜存菁|菁英
13763,菂,U+83C2,di4,dì,(literary) lotus seed,
13764,菃,U+83C3,qu2,qú,(used in names),
13765,菄,U+83C4,dong1,dōng,,
13766,菅,U+83C5,jian1|guan1,jiān|guān,(grass),草菅人命|菅原|菅直人
13767,菆,U+83C6,zou1|cuan2|chu4|cong2,zōu|cuán|chù|cóng,arrow,
13768,菇,U+83C7,gu1,gū,(bound form) mushroom,冬菇|出菇|刺芹菇
13769,菈,U+83C8,la1,lā,,
13770,菉,U+83C9,lu4|lv4,lù|lǜ,Arthraxon ciliare,
13771,菊,U+83CA,ju2,jú,(bound form) chrysanthemum,光腚腫菊|光腚肿菊|大波斯菊
13772,菋,U+83CB,wei4,wèi,,
13773,菌,U+83CC,jun1|jun4,jūn|jùn,germ,乳桿菌|乳杆菌|乳酸菌
13774,菍,U+83CD,nie4|ren3,niè|rěn,,
13775,菎,U+83CE,kun1,kūn,beautiful jade,
13776,菏,U+83CF,he2|ge1,hé|gē,He river in Shandong,菏澤|菏泽|菏澤市
13777,菐,U+83D0,pu2,pú,thicket,
13778,菑,U+83D1,zai1|zi1|zi4,zāi|zī|zì,old variant of 災|灾[zai1],
13779,菒,U+83D2,gao3,gǎo,,
13780,菓,U+83D3,guo3,guǒ,variant of 果[guo3],
13781,菔,U+83D4,fu2,fú,turnip,萊菔|莱菔|萊菔子
13782,菕,U+83D5,lun2,lún,tree name (archaic),
13783,菖,U+83D6,chang1,chāng,see 菖蒲[chang1 pu2],水菖蒲|菖蒲
13784,菗,U+83D7,chou2,chóu,,
13785,菘,U+83D8,song1,sōng,(cabbage),菘藍|菘蓝
13786,菙,U+83D9,chui2,chuí,,
13787,菚,U+83DA,zhan4,zhàn,,
13788,菛,U+83DB,men2,mén,,
13789,菜,U+83DC,cai4,cài,vegetable; greens (CL:棵[ke1]),A菜|上下文菜單|上下文菜单
13790,菝,U+83DD,ba2,bá,used in 菝葜[ba2 qia1],菝葜
13791,菞,U+83DE,li2,lí,,
13792,菟,U+83DF,tu2|tu4,tú|tù,"dodder (Cuscuta sinensis, a parasitic vine with seeds having medicinal uses)",玄菟郡|菟絲子|菟丝子
13793,菠,U+83E0,bo1,bō,spinach,大樹菠蘿|大树菠萝|木菠蘿
13794,菡,U+83E1,han4,hàn,lotus blossom,
13795,菢,U+83E2,bao4,bào,hatch,
13796,菣,U+83E3,qin4,qìn,Artemisia apiacea,
13797,菤,U+83E4,juan3,juǎn,,
13798,菥,U+83E5,xi1|si1,xī|sī,used in 菥蓂[xi1 mi4],菥蓂
13799,菦,U+83E6,qin2,qín,,
13800,菧,U+83E7,di3,dǐ,stibene,
13801,菨,U+83E8,jie1|sha4,jiē|shà,,
13802,菩,U+83E9,pu2|bei4|bo2,pú|bèi|bó,used in 菩薩|菩萨[pu2 sa4],地藏王菩薩|地藏王菩萨|地藏菩薩
13803,菪,U+83EA,dang4,dàng,henbane,莨菪
13804,菫,U+83EB,jin3,jǐn,variant of 堇[jin3],
13805,菬,U+83EC,qiao2|zhao3,qiáo|zhǎo,,
13806,菭,U+83ED,tai2|zhi1|chi2,tái|zhī|chí,,
13807,菮,U+83EE,geng1,gēng,,
13808,華,U+83EF,hua2|hua1|hua4|kua1,huá|huā|huà|kuā,abbr. for China,上海振華港口機械|中華|中華人民共和國
13809,菰,U+83F0,gu1,gū,"Manchurian wild rice (Zizania latifolia), now rare in the wild, formerly harvested for its grain, now mainly cultivated for its edible stem known as 茭白筍|茭白笋[jiao1 bai2 sun3], which is swollen by a smut fungus",淡巴菰|茨菰|香菰
13810,菱,U+83F1,ling2,líng,(bound form) water caltrop (Trapa species),三菱|大菱鮃|大菱鲆
13811,菲,U+83F2,fei1|fei3|fei4,fēi|fěi|fèi,abbr. for the Philippines 菲律賓|菲律宾[Fei1 lu:4 bin1],不菲|加菲貓|加菲猫
13812,菳,U+83F3,qin2|qin1|jin1,qín|qīn|jīn,,
13813,菴,U+83F4,an1|yan3,ān|yǎn,variant of 庵[an1],京都念慈菴
13814,菵,U+83F5,wang3,wǎng,,
13815,菶,U+83F6,beng3,běng,expand,
13816,菷,U+83F7,zhou3,zhǒu,variant of 帚[zhou3],
13817,菸,U+83F8,yan1|yu1|yu4,yān|yū|yù,tobacco (variant of 煙|烟[yan1]),抽菸|菸斗|菸礆
13818,菹,U+83F9,ju1|zu1|ju4,jū|zū|jù,marshland,菹醢
13819,菺,U+83FA,jian1,jiān,Althaea rosea,
13820,菻,U+83FB,lin3,lǐn,ancient name for east Roman empire,
13821,菼,U+83FC,tan3,tǎn,Miscanthus sacchariflorus (Amur silvergrass),
13822,菽,U+83FD,shu1|jiao1,shū|jiāo,legumes (peas and beans),不辨菽麥|不辨菽麦|布帛菽粟
13823,菾,U+83FE,tian2|tian4,tián|tiàn,sugar beet,菾菜
13824,菿,U+83FF,dao4|dao3,dào|dǎo,,
13825,萀,U+8400,hu3,hǔ,,
13826,萁,U+8401,qi2|ji1,qí|jī,stalks of pulse,煮豆燃萁|豆萁
13827,萂,U+8402,he2,hé,,
13828,萃,U+8403,cui4,cuì,collect,冷萃|冷萃咖啡|出類拔萃
13829,萄,U+8404,tao2,táo,used in 葡萄[pu2 tao5],吃不到葡萄說葡萄酸|吃不到葡萄说葡萄酸|樹葡萄
13830,萅,U+8405,chun1,chūn,old variant of 春[chun1],
13831,萆,U+8406,bi4|pi4|bei1|ba2,bì|pì|bēi|bá,castor seed,
13832,萇,U+8407,chang2,cháng,surname Chang,萇楚
13833,萈,U+8408,huan2,huán,,
13834,萉,U+8409,fei4|fei2|fu2,fèi|féi|fú,,
13835,萊,U+840A,lai2,lái,"name of weed plant (fat hen, goosefoot, pigweed etc)",不萊梅|伊萊克斯|克萊
13836,萋,U+840B,qi1,qī,Celosia argentea,萋萋
13837,萌,U+840C,meng2|ming2,méng|míng,(bound form) to sprout; to bud,呆萌|復萌|复萌
13838,萍,U+840D,ping2,píng,duckweed,浮萍|萍卡菲爾特|萍卡菲尔特
13839,萎,U+840E,wei1|wei3|wei4,wēi|wěi|wèi,to wither,哲人其萎|枯萎|枯萎病
13840,萏,U+840F,dan4,dàn,lotus,
13841,萐,U+8410,sha4,shà,(auspicious herb),
13842,萑,U+8411,huan2|zhui1,huán|zhuī,a kind of reed,
13843,萒,U+8412,yan3|juan4,yǎn|juàn,,
13844,萓,U+8413,yi2,yí,,
13845,萔,U+8414,tiao2,tiáo,,
13846,萕,U+8415,qi2,qí,old variant of 薺|荠[ji4],
13847,萖,U+8416,wan3,wǎn,,
13848,萗,U+8417,ce4,cè,,
13849,萘,U+8418,nai4,nài,naphthalene C10H8,普萘洛爾|普萘洛尔|萘丸
13850,萙,U+8419,zhen3,zhěn,,
13851,萚,U+841A,tuo4,tuò,fallen leaves and bark,
13852,萛,U+841B,jiu1,jiū,,
13853,萜,U+841C,tie1,tiē,terpene (chemistry),萜烯
13854,萝,U+841D,luo2,luó,radish,一个萝卜一个坑|大树菠萝|大萝卜
13855,萞,U+841E,bi4,bì,,
13856,萟,U+841F,yi4,yì,,
13857,萠,U+8420,pan1,pān,,
13858,萡,U+8421,bo,bo,,
13859,萢,U+8422,pao1,pāo,,
13860,萣,U+8423,ding4,dìng,see 茄萣[Qie2 ding4],
13861,萤,U+8424,ying2,yíng,firefly,崔萤|流萤|聚萤映雪
13862,营,U+8425,ying2,yíng,camp,中国经营报|五营|五营区
13863,萦,U+8426,ying2,yíng,(literary) to wind around,嫘萦|萦绕|萦回
13864,萧,U+8427,xiao1,xiāo,surname Xiao,四壁萧然|大萧条|成也萧何，败也萧何
13865,萨,U+8428,sa4,sà,surname Sa,伊犁哈萨克自治州|伊莉萨白|伊萨卡
13866,萩,U+8429,qiu1|jiao1,qiū|jiāo,Lespedeza bicolor,
13867,萪,U+842A,ke1,kē,,
13868,萫,U+842B,xiang4,xiàng,,
13869,萬,U+842C,wan4,wàn,surname Wan,一夫當關，萬夫莫開|一本萬利|上萬
13870,萭,U+842D,yu3|ju3,yǔ|jǔ,,
13871,萮,U+842E,yu2|yu3|yu4,yú|yǔ|yù,used in 山萮菜[shan1 yu2 cai4],山萮菜
13872,萯,U+842F,fu4|bei4,fù|bèi,,
13873,萰,U+8430,lian4,liàn,Ampelopsis japonica (creeper with root used in TCM),芊萰
13874,萱,U+8431,xuan1,xuān,orange day-lily (Hemerocallis flava),萱堂|萱草
13875,萲,U+8432,xuan1,xuān,old variant of 萱[xuan1],
13876,萳,U+8433,nan3|nan2,nǎn|nán,,
13877,萴,U+8434,ce4,cè,"plant genus Aconitum, aka monkshood or wolf's bane (used as poison and medicine)",
13878,萵,U+8435,wo1,wō,used in 萵苣|莴苣[wo1 ju4],萵筍|萵苣
13879,萶,U+8436,chun3,chǔn,,
13880,萷,U+8437,xiao1|shao1|shuo4,xiāo|shāo|shuò,,
13881,萸,U+8438,yu2,yú,used in 茱萸[zhu1 yu2],山茱萸|茱萸
13882,萹,U+8439,bian3|bian1|pian2,biǎn|biān|pián,see 萹蓄[bian1 xu4],萹蓄|萹豆
13883,萺,U+843A,mao4|mu4,mào|mù,,
13884,萻,U+843B,an1,ān,small Buddhist temple,
13885,萼,U+843C,e4,è,calyx of a flower,糖萼|花萼
13886,落,U+843D,luo4|la4|lao4|luo1,luò|là|lào|luō,to leave out,一字不落|一落千丈|七上八落
13887,萾,U+843E,ying2,yíng,,
13888,萿,U+843F,kuo4|huo2,kuò|huó,,
13889,葀,U+8440,kuo4,kuò,,
13890,葁,U+8441,jiang1,jiāng,,
13891,葂,U+8442,mian3,miǎn,,
13892,葃,U+8443,zuo4|ze2,zuò|zé,,
13893,葄,U+8444,zuo4,zuò,straw cushion,
13894,葅,U+8445,zu1,zū,variant of 菹[zu1],
13895,葆,U+8446,bao3|bao1,bǎo|bāo,dense foliage,沈葆楨|沈葆桢
13896,葇,U+8447,rou2|rou3,róu|rǒu,Elsholtria paltrini,葇荑花序
13897,葈,U+8448,xi3,xǐ,,
13898,葉,U+8449,ye4|she4,yè|shè,surname Ye,一葉知秋|一葉障目|七葉樹
13899,葊,U+844A,an1,ān,,
13900,葋,U+844B,qu2,qú,,
13901,葌,U+844C,jian1,jiān,,
13902,葍,U+844D,fu2,fú,weeds,
13903,葎,U+844E,lv4,lǜ,Humulus japonicus,葎草
13904,葏,U+844F,jing1,jīng,,
13905,葐,U+8450,pen2|fen2,pén|fén,,
13906,葑,U+8451,feng1|feng4,fēng|fèng,turnip,
13907,葒,U+8452,hong2,hóng,used in 葒草|荭草[hong2 cao3],葒草
13908,葓,U+8453,hong2,hóng,,
13909,葔,U+8454,hou2,hóu,,
13910,葕,U+8455,yan4,yàn,,
13911,葖,U+8456,tu1,tū,radish; daikon,蓇葖
13912,著,U+8457,zhu4|zhuo2|chu2|zhao1|zhao2|zhe,zhù|zhuó|chú|zhāo|zháo|zhe,a move in chess (Taiwan pr. [zhuo2]),一著不慎，滿盤皆輸|丈二和尚，摸不著頭腦|丈二金剛摸不著頭腦
13913,葘,U+8458,zi1,zī,,
13914,葙,U+8459,xiang1,xiāng,"see 青葙, feather cockscomb (Celosia argentea)",青葙|青葙子
13915,葚,U+845A,ren4|shen4,rèn|shèn,fruit of mulberry,桑葚
13916,葛,U+845B,ge2|ge3,gé|gě,surname Ge,三個臭皮匠，勝過一個諸葛亮|三个臭皮匠，胜过一个诸葛亮|三個臭皮匠，合成一個諸葛亮
13917,葜,U+845C,qia1,qiā,used in 菝葜[ba2 qia1],菝葜
13918,葝,U+845D,qing2|jing4,qíng|jìng,,
13919,葞,U+845E,mi3,mǐ,,
13920,葟,U+845F,huang2,huáng,,
13921,葠,U+8460,shen1|shan1,shēn|shān,variant of 參|参[shen1],
13922,葡,U+8461,pu2|bei4,pú|bèi,Portugal,吃不到葡萄說葡萄酸|吃不到葡萄说葡萄酸|抗耐甲氧西林金葡菌
13923,葢,U+8462,gai4,gài,,
13924,董,U+8463,dong3|zhong3,dǒng|zhǒng,surname Dong,不知丁董|古董|古董灘
13925,葤,U+8464,zhou4,zhòu,(dialect) to wrap with straw,
13926,葥,U+8465,jian4|qian2,jiàn|qián,Rubus palmatus,
13927,葦,U+8466,wei3,wěi,reed,厚嘴葦鶯|噪大葦鶯|大葦鶯
13928,葧,U+8467,bo2,bó,Heleocharis plantaginea,
13929,葨,U+8468,wei1,wēi,,
13930,葩,U+8469,pa1,pā,corolla of flower,奇葩|奇葩異卉|奇葩异卉
13931,葪,U+846A,ji4,jì,,
13932,葫,U+846B,hu2,hú,used in 葫蘆|葫芦[hu2 lu5],依樣畫葫蘆|依样画葫芦|依葫蘆畫瓢
13933,葬,U+846C,zang4,zàng,old variant of 葬[zang4],下葬|亂葬崗|乱葬岗
13934,葭,U+846D,jia1|xia2,jiā|xiá,reed,蒹葭倚玉|蒹葭倚玉樹|蒹葭倚玉树
13935,葮,U+846E,duan4,duàn,,
13936,葯,U+846F,yao4,yào,leaf of the iris,
13937,葰,U+8470,sui1|jun4|suo3,suī|jùn|suǒ,,
13938,葱,U+8471,cong1|chuang1,cōng|chuāng,scallion,倒栽葱|大葱|小葱
13939,葲,U+8472,quan2,quán,,
13940,葳,U+8473,wei1,wēi,luxuriant,葳蕤
13941,葴,U+8474,zhen1|qian2,zhēn|qián,Physalis alkekengi,
13942,葵,U+8475,kui2,kuí,used in the names of various herbaceous plants,向日葵|天竺葵|小葵花鳳頭鸚鵡
13943,葶,U+8476,ting2|ding3,tíng|dǐng,Draba nemerosa bebe carpa,
13944,葷,U+8477,hun1|xun1,hūn|xūn,strong-smelling vegetable (garlic etc),七葷八素|五葷|有葷有素
13945,葸,U+8478,xi3,xǐ,feel insecure,
13946,葹,U+8479,shi1,shī,Xanthium strumarium,
13947,葺,U+847A,qi4,qì,to repair,修葺
13948,葻,U+847B,lan2,lán,,
13949,葼,U+847C,zong1,zōng,,
13950,葽,U+847D,yao1|yao3,yāo|yǎo,Polygala japonica,
13951,葾,U+847E,yuan1,yuān,,
13952,葿,U+847F,mei2,méi,,
13953,蒀,U+8480,yun1,yūn,,
13954,蒁,U+8481,shu4,shù,,
13955,蒂,U+8482,di4,dì,stem (of fruit),並蒂蓮|并蒂莲|介蒂
13956,蒃,U+8483,zhuan4,zhuàn,,
13957,蒄,U+8484,guan1,guān,(herb mentioned in ancient texts),
13958,蒅,U+8485,ran3,rǎn,,
13959,蒆,U+8486,xue1,xuē,,
13960,蒇,U+8487,chan3,chǎn,to complete,
13961,蒈,U+8488,kai3,kǎi,,
13962,蒉,U+8489,kui4,kuì,surname Kui,
13963,蒊,U+848A,hua1,huā,,
13964,蒋,U+848B,jiang3,jiǎng,surname Jiang,姓蒋还是姓汪|蒋中正|蒋介石
13965,蒌,U+848C,lou2,lóu,Arthemisia vulgaris,
13966,蒍,U+848D,wei3|hua1|kui1|e2,wěi|huā|kuī|é,,
13967,蒎,U+848E,pai4,pài,pinane,
13968,蒏,U+848F,you,you,,
13969,蒐,U+8490,sou1|hui4,sōu|huì,(bound form) to collect; to gather,情蒐|蒐證|蒐集
13970,蒑,U+8491,yin1,yīn,,
13971,蒒,U+8492,shi1,shī,,
13972,蒓,U+8493,chun2,chún,variant of 蓴|莼[chun2],
13973,蒔,U+8494,shi2|shi4,shí|shì,used in 蒔蘿|莳萝[shi2 luo2],歐蒔蘿|蒔蘿|蒔蘿籽
13974,蒕,U+8495,yun1,yūn,,
13975,蒖,U+8496,zhen1,zhēn,,
13976,蒗,U+8497,lang4,làng,(herb),寧蒗|宁蒗|寧蒗彝族自治縣
13977,蒘,U+8498,ru2|na2,rú|ná,,
13978,蒙,U+8499,meng2|meng1|meng3,méng|mēng|měng,(literary) sincere; honest; genuine,佛蒙特|佛蒙特州|克萊爾蒙特
13979,蒚,U+849A,li4,lì,,
13980,蒛,U+849B,que1,quē,,
13981,蒜,U+849C,suan4,suàn,garlic,壓蒜器|压蒜器|多瓣蒜
13982,蒝,U+849D,yuan2|huan2,yuán|huán,,
13983,蒞,U+849E,li4,lì,to attend (an official function),蒞事者|蒞任|蒞會
13984,蒟,U+849F,ju3,jǔ,betel,蒟蒻
13985,蒠,U+84A0,xi1,xī,,
13986,蒡,U+84A1,bang4|pang2,bàng|páng,used in 牛蒡[niu2 bang4],牛蒡
13987,蒢,U+84A2,chu2,chú,hedysarum,
13988,蒣,U+84A3,xu2|shu2,xú|shú,,
13989,蒤,U+84A4,tu2,tú,,
13990,蒥,U+84A5,liu2,liú,,
13991,蒦,U+84A6,huo4|wo4,huò|wò,(archaic) to measure,
13992,蒧,U+84A7,dian3,diǎn,,
13993,蒨,U+84A8,qian4,qiàn,luxuriant growth,
13994,蒩,U+84A9,zu1|ju4|ji2,zū|jù|jí,,
13995,蒪,U+84AA,po4,pò,myoga ginger (Zingiber mioga),
13996,蒫,U+84AB,cuo2,cuó,,
13997,蒬,U+84AC,yuan1,yuān,,
13998,蒭,U+84AD,chu2,chú,old variant of 芻|刍[chu2],蒭藁增二
13999,蒮,U+84AE,yu4,yù,,
14000,蒯,U+84AF,kuai3|kuai4,kuǎi|kuài,a rush,
14001,蒰,U+84B0,pan2,pán,,
14002,蒱,U+84B1,pu2,pú,see 樗蒱[chu1 pu2],樗蒱
14003,蒲,U+84B2,pu2|bo2,pú|bó,surname Pu,水菖蒲|水蒲葦鶯|水蒲苇莺
14004,蒳,U+84B3,na4,nà,,
14005,蒴,U+84B4,shuo4,shuò,pod,蒴果
14006,蒵,U+84B5,xi2|xi4,xí|xì,,
14007,蒶,U+84B6,fen2,fén,,
14008,蒷,U+84B7,yun2,yún,,
14009,蒸,U+84B8,zheng1,zhēng,to evaporate,不蒸饅頭爭口氣|不蒸馒头争口气|人間蒸發
14010,蒹,U+84B9,jian1,jiān,reed,蒹葭倚玉|蒹葭倚玉樹|蒹葭倚玉树
14011,蒺,U+84BA,ji2,jí,Tribulus terrestris,蒺藜|鐵蒺藜|铁蒺藜
14012,蒻,U+84BB,ruo4,ruò,"young rush (Typha japonica), a kind of cattail",蒟蒻
14013,蒼,U+84BC,cang1|cang3,cāng|cǎng,surname Cang,上蒼|夜色蒼茫|旺蒼
14014,蒽,U+84BD,en1,ēn,anthracene,蒽醌
14015,蒾,U+84BE,mi2,mí,,
14016,蒿,U+84BF,hao1|gao3,hāo|gǎo,celery wormwood (Artemisia carvifolia),傷心蒿目|伤心蒿目|矮腳苦蒿
14017,蓀,U+84C0,sun1,sūn,fragrant grass,竹蓀
14018,蓁,U+84C1,zhen1|qin2,zhēn|qín,"abundant, luxuriant vegetation",
14019,蓂,U+84C2,ming2|mi4,míng|mì,used in 菥蓂[xi1 mi4],菥蓂
14020,蓃,U+84C3,sou1|sou3,sōu|sǒu,,
14021,蓄,U+84C4,xu4,xù,to store up,個人儲蓄|个人储蓄|儲蓄
14022,蓅,U+84C5,liu2,liú,,
14023,蓆,U+84C6,xi2,xí,woven mat (variant of 席[xi2]),涼蓆|草蓆|蓆子
14024,蓇,U+84C7,gu3|gu1,gǔ|gū,used in 蓇葖[gu1 tu1],蓇葖
14025,蓈,U+84C8,lang2,láng,,
14026,蓉,U+84C9,rong2,róng,short name for Chengdu 成都[Cheng2 du1],出水芙蓉|大唐芙蓉園|大唐芙蓉园
14027,蓊,U+84CA,weng3,wěng,luxuriant vegetation,蓊菜
14028,蓋,U+84CB,gai4|ge3,gài|gě,surname Ge,三八大蓋|井蓋|傾蓋
14029,蓌,U+84CC,cuo4,cuò,to squat (in salutation),
14030,蓍,U+84CD,shi1,shī,yarrow (Achillea millefolium),
14031,蓎,U+84CE,tang2,táng,,
14032,蓏,U+84CF,luo3,luǒ,fruit of plants (not of trees),
14033,蓐,U+84D0,ru4,rù,mat,臨蓐|临蓐
14034,蓑,U+84D1,suo1|sui1,suō|suī,variant of 蓑[suo1],棕蓑貓|棕蓑猫|蓑羽鶴
14035,蓒,U+84D2,xuan1,xuān,a kind of smelly water plant,
14036,蓓,U+84D3,bei4,bèi,used in 蓓蕾[bei4 lei3],蓓蕾
14037,蓔,U+84D4,yao3|zhuo2,yǎo|zhuó,a variety of grass,
14038,蓕,U+84D5,gui4,guì,,
14039,蓖,U+84D6,bi4,bì,the castor-oil plant,蓖麻|蓖麻毒素|蓖麻毒蛋白
14040,蓗,U+84D7,zong3,zǒng,,
14041,蓘,U+84D8,gun3,gǔn,,
14042,蓙,U+84D9,zuo4,zuò,,
14043,蓚,U+84DA,tiao2,tiáo,,
14044,蓛,U+84DB,ce4,cè,,
14045,蓜,U+84DC,pei4,pèi,,
14046,蓝,U+84DD,lan2|la,lán|la,surname Lan,亮蓝|伽蓝|侏蓝仙鹟
14047,蓞,U+84DE,dan4,dàn,,
14048,蓟,U+84DF,ji4,jì,surname Ji,洋蓟|蓟城|蓟马
14049,蓠,U+84E0,li2,lí,red algae,江蓠
14050,蓡,U+84E1,shen1,shēn,variant of 參|参[shen1],
14051,蓢,U+84E2,lang3,lǎng,,
14052,蓣,U+84E3,yu4,yù,see 薯蕷|薯蓣[shu3 yu4],薯蓣
14053,蓤,U+84E4,ling2,líng,,
14054,蓥,U+84E5,ying2,yíng,polish,华蓥|华蓥市
14055,蓦,U+84E6,mo4,mò,leap on or over,蓦地|蓦地里|蓦然
14056,蓧,U+84E7,diao4|tiao2|di2,diào|tiáo|dí,bamboo basket,
14057,蓨,U+84E8,tiao2|xiu1,tiáo|xiū,,
14058,蓩,U+84E9,mao3,mǎo,,
14059,蓪,U+84EA,tong1,tōng,Aralia papyrifera,
14060,蓫,U+84EB,chu4|zhu2,chù|zhú,(weed),
14061,蓬,U+84EC,peng2|peng4,péng|pèng,surname Peng,亂蓬蓬|乱蓬蓬|加蓬
14062,蓭,U+84ED,an1,ān,,
14063,蓮,U+84EE,lian2|lian3,lián|liǎn,lotus,三寸金蓮|並蒂蓮|五蓮
14064,蓯,U+84EF,cong1|zong3|song3,cōng|zǒng|sǒng,Boschniakia glabra,
14065,蓰,U+84F0,xi3,xǐ,(grass),
14066,蓱,U+84F1,ping2,píng,variant of 萍[ping2],
14067,蓲,U+84F2,qiu1|ou1|xu1|fu1,qiū|ōu|xū|fū,,
14068,蓳,U+84F3,jin3,jǐn,,
14069,蓴,U+84F4,chun2|tuan2,chún|tuán,used in 蓴菜|莼菜[chun2 cai4],蓴羹鱸膾|蓴菜|蓴鱸之思
14070,蓵,U+84F5,jie2,jié,,
14071,蓶,U+84F6,wei2,wéi,,
14072,蓷,U+84F7,tui1,tuī,Leonurus macranthus,
14073,蓸,U+84F8,cao2,cáo,(a kind of herb),
14074,蓹,U+84F9,yu4,yù,,
14075,蓺,U+84FA,yi4,yì,skill,
14076,蓻,U+84FB,zi2|ji2|ju2,zí|jí|jú,,
14077,蓼,U+84FC,liao3|lu4|lao3|liu3,liǎo|lù|lǎo|liǔ,polygonum,蓼藍|蓼蓝
14078,蓽,U+84FD,bi4,bì,bean,蓬蓽|蓬蓽生光|蓬蓽生輝
14079,蓾,U+84FE,lu3,lǔ,,
14080,蓿,U+84FF,xu|su4,xu|sù,clover,苜蓿
14081,蔀,U+8500,bu4,bù,(literary) to cover; to shelter,
14082,蔁,U+8501,zhang1,zhāng,,
14083,蔂,U+8502,lei2,léi,basket for carrying earth,
14084,蔃,U+8503,qiang2|jiang4,qiáng|jiàng,cigarette (slang) (Cantonese),
14085,蔄,U+8504,man4,màn,,
14086,蔅,U+8505,yan2,yán,,
14087,蔆,U+8506,ling2,líng,variant of 菱[ling2],
14088,蔇,U+8507,ji4|xi4,jì|xì,luxuriant growth,
14089,蔈,U+8508,biao1|piao4|piao3|biao4,biāo|piào|piǎo|biào,,
14090,蔉,U+8509,gun3,gǔn,to bank up the roots of plants,
14091,蔊,U+850A,han3|han4,hǎn|hàn,Nasturtium montanum,
14092,蔋,U+850B,di2,dí,dry,
14093,蔌,U+850C,su4,sù,surname Su,
14094,蔍,U+850D,lu4|cu1,lù|cū,,
14095,蔎,U+850E,she4,shè,Thea sinensis,
14096,蔏,U+850F,shang1,shāng,,
14097,蔐,U+8510,di2,dí,,
14098,蔑,U+8511,mie4,miè,to belittle,侮蔑|污蔑|蔑稱
14099,蔒,U+8512,xun1,xūn,,
14100,蔓,U+8513,man4|man2|wan4,màn|mán|wàn,used in 蔓菁[man2 jing5],枝蔓|滋蔓|荒煙蔓草
14101,蔔,U+8514,bo2|bo,bó|bo,used in 蘿蔔|萝卜[luo2 bo5],一個蘿蔔一個坑|大蘿蔔|小紅蘿蔔
14102,蔕,U+8515,di4|dai4|chai4,dì|dài|chài,variant of 蒂[di4],
14103,蔖,U+8516,cuo2|cu3|zha1,cuó|cǔ|zhā,,
14104,蔗,U+8517,zhe4,zhè,sugar cane,三氯蔗糖|甘蔗|甘蔗渣
14105,蔘,U+8518,shen1|san1|san3,shēn|sān|sǎn,ginseng,
14106,蔙,U+8519,xuan4,xuàn,(herb),
14107,蔚,U+851A,wei4|yu4,wèi|yù,surname Yu,彬蔚|炳蔚|蔚成
14108,蔛,U+851B,hu2,hú,,
14109,蔜,U+851C,ao2,áo,,
14110,蔝,U+851D,mi3,mǐ,,
14111,蔞,U+851E,lou2|lv3|ju4|liu3,lóu|lǚ|jù|liǔ,Arthemisia vulgaris,
14112,蔟,U+851F,cu4|cou4|chuo4,cù|còu|chuò,see 蠶蔟|蚕蔟[can2 cu4],蠶蔟|蚕蔟
14113,蔠,U+8520,zhong1,zhōng,,
14114,蔡,U+8521,cai4|sa4|ca1,cài|sà|cā,surname Cai,上蔡|上蔡縣|上蔡县
14115,蔢,U+8522,po2|bo4,pó|bò,,
14116,蔣,U+8523,jiang3|jiang1,jiǎng|jiāng,surname Jiang,姓蔣還是姓汪|蔣中正|蔣介石
14117,蔤,U+8524,mi4,mì,,
14118,蔥,U+8525,cong1,cōng,scallion,倒栽蔥|大蔥|小蔥
14119,蔦,U+8526,niao3,niǎo,"parasitic mistletoe (Loranthus parasiticus), esp. on the mulberry",蔦蘿
14120,蔧,U+8527,hui4,huì,,
14121,蔨,U+8528,juan4|jun4,juàn|jùn,,
14122,蔩,U+8529,yin2,yín,,
14123,蔪,U+852A,jian4|jian1|shan1,jiàn|jiān|shān,,
14124,蔫,U+852B,nian1|yan1|yan4,niān|yān|yàn,to fade,發蔫|发蔫|蔫兒
14125,蔬,U+852C,shu1|shu3,shū|shǔ,vegetables,時蔬|时蔬|果蔬
14126,蔭,U+852D,yin1|yin4,yīn|yìn,(bound form) shade (of a tree),冬蔭|冬蔭功|嘉蔭
14127,蔮,U+852E,guo2,guó,,
14128,蔯,U+852F,chen2,chén,a variety of artemisia,
14129,蔰,U+8530,hu4,hù,,
14130,蔱,U+8531,sha1,shā,,
14131,蔲,U+8532,kou4,kòu,,
14132,蔳,U+8533,qian4,qiàn,old variant of 蒨[qian4],
14133,蔴,U+8534,ma2,má,hemp (variant of 麻[ma2]),
14134,蔵,U+8535,zang1|cang2,zāng|cáng,Japanese variant of 藏,
14135,蔶,U+8536,ze2,zé,,
14136,蔷,U+8537,qiang2,qiáng,used in 薔薇|蔷薇[qiang2 wei1],蔷薇|蔷薇十字团|蔷薇花蕾
14137,蔸,U+8538,dou1,dōu,root and lower stem of certain plants,
14138,蔹,U+8539,lian3,liǎn,trailing plant,白蔹
14139,蔺,U+853A,lin4,lìn,surname Lin,古蔺|古蔺县|蔺相如
14140,蔻,U+853B,kou4,kòu,used in 豆蔻[dou4 kou4],小豆蔻|白豆蔻|肉豆蔻
14141,蔼,U+853C,ai3,ǎi,friendly,和蔼|和蔼可亲|温蔼
14142,蔽,U+853D,bi4|bie1|pie1,bì|biē|piē,to cover,一言以蔽之|壅蔽|子網屏蔽碼
14143,蔾,U+853E,li2,lí,chenopodiaceae,
14144,蔿,U+853F,wei3,wěi,,
14145,蕀,U+8540,ji2,jí,,
14146,蕁,U+8541,qian2|tan2|xun2,qián|tán|xún,used in 蕁麻|荨麻[qian2 ma2],異株蕁麻|蕁麻|蕁麻疹
14147,蕂,U+8542,sheng4,shèng,,
14148,蕃,U+8543,fan1|bo1|fan2|pi2,fān|bō|fán|pí,see 吐蕃[Tu3 bo1],吐蕃|吐蕃王朝|蕃廡
14149,蕄,U+8544,meng2,méng,,
14150,蕅,U+8545,ou3,ǒu,,
14151,蕆,U+8546,chan3,chǎn,to complete,
14152,蕇,U+8547,dian3,diǎn,,
14153,蕈,U+8548,xun4|tan2,xùn|tán,mold,毒蕈|菇蕈|香蕈
14154,蕉,U+8549,jiao1|qiao2|qiao1,jiāo|qiáo|qiāo,banana,美人蕉|芭蕉|芭蕉扇
14155,蕊,U+854A,rui3|juan3,ruǐ|juǎn,variant of 蕊[rui3],希拉蕊|燈蕊|灯蕊
14156,蕋,U+854B,rui3,ruǐ,variant of 蕊[rui3],
14157,蕌,U+854C,lei3,lěi,,
14158,蕍,U+854D,yu2,yú,common water-plantain (Alisma plantago-aquatica),
14159,蕎,U+854E,qiao2|jiao1,qiáo|jiāo,used in 蕎麥|荞麦[qiao2 mai4],蕎麥
14160,蕏,U+854F,chu2,chú,,
14161,蕐,U+8550,hua2,huá,old variant of 華|华[hua2],
14162,蕑,U+8551,jian1,jiān,surname Jian,
14163,蕒,U+8552,mai3,mǎi,used in 苣蕒菜|苣荬菜[qu3 mai5 cai4],苣蕒菜|苦蕒菜
14164,蕓,U+8553,yun2,yún,used in 蕓薹|芸薹[yun2 tai2],蕓薹|蕓薹子|蕓薹屬
14165,蕔,U+8554,bao1,bāo,a kind of grass (old),
14166,蕕,U+8555,you2,yóu,Caryopteris divaricata,薰蕕不同器
14167,蕖,U+8556,qu2,qú,lotus,
14168,蕗,U+8557,lu4,lù,leucacene,
14169,蕘,U+8558,rao2|yao2,ráo|yáo,fuel,芻蕘
14170,蕙,U+8559,hui4,huì,Coumarouna odorata,芝焚蕙嘆|芝焚蕙叹|芝焚蕙歎
14171,蕚,U+855A,e4,è,old variant of 萼[e4],
14172,蕛,U+855B,ti2,tí,,
14173,蕜,U+855C,fei3,fěi,,
14174,蕝,U+855D,jue2|zui4,jué|zuì,coarse grass used to show rank,
14175,蕞,U+855E,zui4|jue2|zhuo2,zuì|jué|zhuó,to assemble,
14176,蕟,U+855F,fa4|fei4,fà|fèi,,
14177,蕠,U+8560,ru2,rú,variant of 茹[ru2],蕠藘
14178,蕡,U+8561,fen2|fei4,fén|fèi,hemp seeds,
14179,蕢,U+8562,kui4|kuai4,kuì|kuài,surname Kui,
14180,蕣,U+8563,shun4,shùn,Hibiscus syriacus,
14181,蕤,U+8564,rui2,ruí,fringe,萎蕤|葳蕤
14182,蕥,U+8565,ya3,yǎ,,
14183,蕦,U+8566,xu1,xū,,
14184,蕧,U+8567,fu4,fù,,
14185,蕨,U+8568,jue2,jué,Pteridium aquilinum,蕨菜|蕨類|蕨类
14186,蕩,U+8569,dang4|tang1|tang4,dàng|tāng|tàng,to wash,一瓶子不響，半瓶子晃蕩|傾家蕩產|冶蕩
14187,蕪,U+856A,wu2|wu3,wú|wǔ,overgrown with weeds,去蕪存菁|平蕪|榛蕪
14188,蕫,U+856B,dong3,dǒng,,
14189,蕬,U+856C,si1,sī,,
14190,蕭,U+856D,xiao1,xiāo,surname Xiao,四壁蕭然|大蕭條|成也蕭何，敗也蕭何
14191,蕮,U+856E,xi4,xì,plantain (Plantago asiatica),
14192,蕯,U+856F,long2,lóng,,
14193,蕰,U+8570,wen1|yun4,wēn|yùn,hippuris or mare's tail,
14194,蕱,U+8571,shao1,shāo,,
14195,蕲,U+8572,qi2,qí,(herb),蕲春|蕲春县
14196,蕳,U+8573,jian1,jiān,orchid (same as 蘭草|兰草),
14197,蕴,U+8574,yun4,yùn,to accumulate,五蕴|含蕴|富蕴
14198,蕵,U+8575,sun1,sūn,,
14199,蕶,U+8576,ling2,líng,"withered (plant, herb etc)",
14200,蕷,U+8577,yu4,yù,see 薯蕷|薯蓣[shu3 yu4],薯蕷
14201,蕸,U+8578,xia2,xiá,water-lily leaves,
14202,蕹,U+8579,weng4|yong1,wèng|yōng,"water spinach or ong choy (Ipomoea aquatica), used as a vegetable in south China and southeast Asia",水蕹菜|蕹菜
14203,蕺,U+857A,ji2|qie4,jí|qiè,Houttuynia cordata,蕺菜
14204,蕻,U+857B,hong2|hong4,hóng|hòng,used in 雪裡蕻|雪里蕻[xue3 li3 hong2],雪裡蕻|雪里蕻
14205,蕼,U+857C,si4,sì,,
14206,蕽,U+857D,nong2,nóng,,
14207,蕾,U+857E,lei3,lěi,bud,克蕾兒|克蕾儿|卡納蕾
14208,蕿,U+857F,xuan1,xuān,old variant of 萱[xuan1],
14209,薀,U+8580,yun4,yùn,hippuris or mare's tail,
14210,薁,U+8581,yu4|ao4,yù|ào,used in 蘡薁|𮐨薁[ying1 yu4],蘡薁|𮐨薁
14211,薂,U+8582,xi2|xiao4,xí|xiào,,
14212,薃,U+8583,hao4,hào,Cyperus amuricus,
14213,薄,U+8584,bao2|bo2|bo4|bu4,báo|bó|bò|bù,surname Bo,儉薄|俭薄|刻薄
14214,薅,U+8585,hao1,hāo,to weed,薅羊毛
14215,薆,U+8586,ai4,ài,to cover,
14216,薇,U+8587,wei1,wēi,"Osmunda regalis, a species of fern",紫薇|胡紫薇|薇薇安
14217,薈,U+8588,hui4,huì,to flourish,薈萃|蘆薈
14218,薉,U+8589,hui4,huì,weedy,
14219,薊,U+858A,ji4,jì,surname Ji,洋薊|薊城|薊馬
14220,薋,U+858B,ci2|zi1,cí|zī,,
14221,薌,U+858C,xiang1|xiang3,xiāng|xiǎng,aromatic herb used for seasoning,薌劇|薌城|薌城區
14222,薍,U+858D,wan4|luan4,wàn|luàn,,
14223,薎,U+858E,mie4,miè,,
14224,薏,U+858F,yi4,yì,see 薏苡[yi4 yi3],洋薏仁|洋薏米|薏仁
14225,薐,U+8590,leng2,léng,old name for spinach,
14226,薑,U+8591,jiang1,jiāng,ginger,乾薑|仔薑|洋薑
14227,薒,U+8592,can4,càn,,
14228,薓,U+8593,shen1,shēn,,
14229,薔,U+8594,qiang2|se4,qiáng|sè,used in 薔薇|蔷薇[qiang2 wei1],薔薇|薔薇十字團|薔薇花蕾
14230,薕,U+8595,lian2,lián,,
14231,薖,U+8596,ke1,kē,big,
14232,薗,U+8597,yuan2,yuán,,
14233,薘,U+8598,da2,dá,plantago major,莙薘菜
14234,薙,U+8599,ti4|zhi4,tì|zhì,shave,
14235,薚,U+859A,tang1,tāng,,
14236,薛,U+859B,xue1,xuē,surname Xue,亞達薛西|亚达薛西|薛仁貴
14237,薜,U+859C,bi4|bo4|bo2|bai4|pi4,bì|bò|bó|bài|pì,Ficus pumila,
14238,薝,U+859D,zhan1,zhān,,
14239,薞,U+859E,sun1,sūn,,
14240,薟,U+859F,xian1|lian3|yan2|kan4,xiān|liǎn|yán|kàn,variant of 蘞|蔹[lian3],豨薟
14241,薠,U+85A0,fan2,fán,plant similar to coco-grass 莎草[suo1 cao3] (classical),
14242,薡,U+85A1,ding3,dǐng,,
14243,薢,U+85A2,xie4,xiè,woody climbing plant,
14244,薣,U+85A3,gu3,gǔ,,
14245,薤,U+85A4,xie4,xiè,Allium bakeri,
14246,薥,U+85A5,shu3|zhu2,shǔ|zhú,,
14247,薦,U+85A6,jian4,jiàn,to recommend,力薦|引薦|推薦
14248,薧,U+85A7,hao1|kao3,hāo|kǎo,dried food,
14249,薨,U+85A8,hong1,hōng,death of a prince,
14250,薩,U+85A9,sa4,sà,surname Sa,伊犁哈薩克自治州|伊莉薩白|伊薩卡
14251,薪,U+85AA,xin1,xīn,(literary) firewood; fuel,停薪留職|停薪留职|加薪
14252,薫,U+85AB,xun1,xūn,Japanese variant of 薰,
14253,薬,U+85AC,yao4,yào,Japanese variant of 藥|药,
14254,薭,U+85AD,bai4,bài,,
14255,薮,U+85AE,sou3,sǒu,marsh,林薮|棕薮鸲|榛薮
14256,薯,U+85AF,shu3,shǔ,potato,參薯|参薯|木薯
14257,薰,U+85B0,xun1,xūn,fragrance,利慾薰心|利祿薰心|利禄薰心
14258,薱,U+85B1,dui4,duì,,
14259,薲,U+85B2,pin2,pín,,
14260,薳,U+85B3,wei3|yuan3,wěi|yuǎn,(arch.) type of grass,
14261,薴,U+85B4,ning2,níng,"(used as a bound form in 薴烯|苧烯[ning2 xi1], limonene)",薴烯|薺薴
14262,薵,U+85B5,chou2|zhou4|dao4,chóu|zhòu|dào,,
14263,薶,U+85B6,mai2|wo1,mái|wō,old variant of 埋[mai2],
14264,薷,U+85B7,ru2,rú,Elshotria paltrini,
14265,薸,U+85B8,piao2,piáo,duckweed,
14266,薹,U+85B9,tai2,tái,Carex dispalatha,紫菜薹|蒜薹|蕓薹
14267,薺,U+85BA,ji4|ci2|qi4|qi2,jì|cí|qì|qí,see 薺菜|荠菜[ji4 cai4],荸薺|薺苧|薺菜
14268,薻,U+85BB,zao3,zǎo,old variant of 藻[zao3],
14269,薼,U+85BC,chen2,chén,,
14270,薽,U+85BD,zhen1,zhēn,(grass),
14271,薾,U+85BE,er3,ěr,luxuriant growth of flower,
14272,薿,U+85BF,ni3,nǐ,luxuriant (of plants),
14273,藀,U+85C0,ying2,yíng,,
14274,藁,U+85C1,gao3,gǎo,variant of 槁[gao3],蒭藁增二|藁城|藁城區
14275,藂,U+85C2,cong2|cong4,cóng|còng,,
14276,藃,U+85C3,xiao1|hao4|he4,xiāo|hào|hè,,
14277,藄,U+85C4,qi2,qí,(fern),
14278,藅,U+85C5,fa2,fá,,
14279,藆,U+85C6,jian3,jiǎn,,
14280,藇,U+85C7,xu4|yu3|yu2|yu4|xu1,xù|yǔ|yú|yù|xū,surname Xu,
14281,藈,U+85C8,kui2,kuí,,
14282,藉,U+85C9,ji2|jie4,jí|jiè,variant of 借[jie4],慰藉|憑藉|凭藉
14283,藊,U+85CA,bian3,biǎn,see 藊豆[bian3 dou4],藊豆
14284,藋,U+85CB,diao4|di2|zhuo2,diào|dí|zhuó,Sambucu javinica,
14285,藌,U+85CC,mi4,mì,,
14286,藍,U+85CD,lan2|la,lán|la,surname Lan,亮藍|伽藍|侏藍仙鶲
14287,藎,U+85CE,jin4,jìn,Arthraxon ciliare,
14288,藏,U+85CF,cang2|zang4|zang1,cáng|zàng|zāng,Tibet,三藏|三藏法師|三藏法师
14289,藐,U+85D0,miao3|mo4,miǎo|mò,to despise,藐孤|藐小|藐忽
14290,藑,U+85D1,qiong2,qióng,,
14291,藒,U+85D2,qie4,qiè,see 藒車|藒车[qie4 che1],藒車|藒车
14292,藓,U+85D3,xian3,xiǎn,moss,泥炭藓|苔藓|藓苔
14293,藔,U+85D4,liao2,liáo,,
14294,藕,U+85D5,ou3,ǒu,root of lotus,吃藕|拋生藕|抛生藕
14295,藖,U+85D6,xian2|qian1,xián|qiān,,
14296,藗,U+85D7,su4,sù,,
14297,藘,U+85D8,lv2,lǘ,madder,茹藘|蕠藘
14298,藙,U+85D9,yi4,yì,Zanthoxylum ailanthoides,
14299,藚,U+85DA,xu4,xù,Alisma plantago,
14300,藛,U+85DB,xie3,xiě,,
14301,藜,U+85DC,li2,lí,"name of weed plant (fat hen, goosefoot, pigweed etc)",羹藜含糗|羹藜唅糗|蒺藜
14302,藝,U+85DD,yi4,yì,skill,中國文學藝術界聯合會|中國遊藝機遊樂園協會|傳藝
14303,藞,U+85DE,la3,lǎ,,
14304,藟,U+85DF,lei3,lěi,bud,
14305,藠,U+85E0,jiao4,jiào,see 藠頭|藠头[jiao4 tou5],藠頭|藠头
14306,藡,U+85E1,di2,dí,,
14307,藢,U+85E2,zhi3,zhǐ,,
14308,藣,U+85E3,bei1,bēi,,
14309,藤,U+85E4,teng2,téng,variant of 藤[teng2],伊藤|伊藤博文|佐藤
14310,藥,U+85E5,yao4|shuo4|lve4,yào|shuò|lüè,medicine,上眼藥|下藥|不可救藥
14311,藦,U+85E6,mo4|mo2,mò|mó,Metaplexis stauntoni,
14312,藧,U+85E7,huan4,huàn,,
14313,藨,U+85E8,biao1|pao1,biāo|pāo,used in 藨草[biao1 cao3],桑藨|茶藨子|藨草
14314,藩,U+85E9,fan1|fan2,fān|fán,fence; hedge,三藩之亂|三藩之乱|三藩叛亂
14315,藪,U+85EA,sou3|shu3|cou4,sǒu|shǔ|còu,marsh,林藪|棕藪鴝|榛藪
14316,藫,U+85EB,tan2,tán,,
14317,藬,U+85EC,tui1,tuī,,
14318,藭,U+85ED,qiong2,qióng,used in 芎藭|芎䓖[xiong1 qiong2],芎藭
14319,藮,U+85EE,qiao2,qiáo,,
14320,藯,U+85EF,wei4,wèi,,
14321,藰,U+85F0,liu2|liu3,liú|liǔ,,
14322,藱,U+85F1,hui4|hui2,huì|huí,,
14323,藲,U+85F2,ou1,ōu,,
14324,藳,U+85F3,gao3,gǎo,old variant of 稿[gao3],
14325,藴,U+85F4,yun4|wen1,yùn|wēn,"variant of 蘊|蕴, to accumulate",
14326,藵,U+85F5,bao3,bǎo,,
14327,藶,U+85F6,li4,lì,Drabanemerosa hebecarpa,
14328,藷,U+85F7,shu3|zhu1,shǔ|zhū,variant of 薯[shu3],
14329,藸,U+85F8,chu2|zhu1|zha1,chú|zhū|zhā,,
14330,藹,U+85F9,ai3,ǎi,friendly,和藹|和藹可親|溫藹
14331,藺,U+85FA,lin4,lìn,surname Lin,古藺|古藺縣|藺相如
14332,藻,U+85FB,zao3,zǎo,aquatic grasses,單胞藻|单胞藻|海藻
14333,藼,U+85FC,xuan1,xuān,old variant of 萱[xuan1],
14334,藽,U+85FD,qin4,qìn,,
14335,藾,U+85FE,lai4,lài,(fragrant labiate plant),
14336,藿,U+85FF,huo4|he2,huò|hé,Lophanthus rugosus,廣藿香|广藿香|淫羊藿
14337,蘀,U+8600,tuo4|ze2,tuò|zé,fallen leaves and bark,
14338,蘁,U+8601,wu4|e4,wù|è,to disobey,
14339,蘂,U+8602,rui3,ruǐ,variant of 蕊[rui3],
14340,蘃,U+8603,rui3,ruǐ,,
14341,蘄,U+8604,qi2|ji1|qin2,qí|jī|qín,(herb),蘄春|蘄春縣
14342,蘅,U+8605,heng2,héng,Asarum blumei (wild ginger plant),杜蘅|蘅塘退士|蘅蕪
14343,蘆,U+8606,lu2|lu3,lú|lǔ,rush,依樣畫葫蘆|依葫蘆畫瓢|冰糖葫蘆
14344,蘇,U+8607,su1,sū,surname Su,三蘇|上有天堂，下有蘇杭|中華蘇維埃共和國
14345,蘈,U+8608,tui2,tuí,,
14346,蘉,U+8609,meng2|mang2,méng|máng,,
14347,蘊,U+860A,yun4,yùn,to accumulate,五蘊|含蘊|富蘊
14348,蘋,U+860B,ping2|pin2,píng|pín,used in 蘋果|苹果[ping2 guo3],蘋果|蘋果公司|蘋果手機
14349,蘌,U+860C,yu3,yǔ,,
14350,蘍,U+860D,xun1,xūn,,
14351,蘎,U+860E,ji4,jì,,
14352,蘏,U+860F,jiong1,jiōng,,
14353,蘐,U+8610,xuan1,xuān,old variant of 萱[xuan1],
14354,蘑,U+8611,mo2,mó,mushroom,口蘑|松口蘑|松蘑
14355,蘒,U+8612,qiu1,qiū,,
14356,蘓,U+8613,su1,sū,old variant of 蘇|苏[su1],
14357,蘔,U+8614,jiong1,jiōng,,
14358,蘕,U+8615,peng2,péng,,
14359,蘖,U+8616,nie4|bo4,niè|bò,new shoot growing from cut branch or stump,分蘖|蘖枝
14360,蘗,U+8617,bo4|bi4,bò|bì,old variant of 檗[bo4],
14361,蘘,U+8618,rang2|xiang1|nang1,ráng|xiāng|nāng,a kind of wild ginger,蘘荷
14362,蘙,U+8619,yi4,yì,,
14363,蘚,U+861A,xian3,xiǎn,moss,泥炭蘚|苔蘚|蘚苔
14364,蘛,U+861B,yu2,yú,,
14365,蘜,U+861C,ju2,jú,,
14366,蘝,U+861D,lian3,liǎn,"variant of 蘞|蔹, trailing plant",
14367,蘞,U+861E,lian3|xian1,liǎn|xiān,trailing plant,白蘞
14368,蘟,U+861F,yin3,yǐn,,
14369,蘠,U+8620,qiang2,qiáng,,
14370,蘡,U+8621,ying1,yīng,used in 蘡薁|𮐨薁[ying1 yu4],蘡薁
14371,蘢,U+8622,long2|long3|long4,lóng|lǒng|lòng,Polygonum posumbu,蒙蘢|蔥蘢
14372,蘣,U+8623,tou3,tǒu,,
14373,蘤,U+8624,hua1,huā,variant of 花[hua1],
14374,蘥,U+8625,yue4,yuè,,
14375,蘦,U+8626,ling2,líng,,
14376,蘧,U+8627,qu2|ju4,qú|jù,surname Qu,蘧然
14377,蘨,U+8628,yao2,yáo,,
14378,蘩,U+8629,fan2,fán,Artemisia stellariana,
14379,蘪,U+862A,mei2,méi,,
14380,蘫,U+862B,han4|lan4,hàn|làn,,
14381,蘬,U+862C,kui1|hui3|gui1,kuī|huǐ|guī,,
14382,蘭,U+862D,lan2,lán,surname Lan,三色紫羅蘭|中國伊斯蘭教協會|亞特蘭大
14383,蘮,U+862E,ji4,jì,,
14384,蘯,U+862F,dang4,dàng,,
14385,蘰,U+8630,man4,màn,,
14386,蘱,U+8631,lei4,lèi,,
14387,蘲,U+8632,lei2,léi,,
14388,蘳,U+8633,hui1,huī,,
14389,蘴,U+8634,feng1|song1,fēng|sōng,,
14390,蘵,U+8635,zhi1,zhī,Physalis angulata,秘魯苦蘵|秘鲁苦蘵|苦蘵
14391,蘶,U+8636,wei4,wèi,,
14392,蘷,U+8637,kui2,kuí,,
14393,蘸,U+8638,zhan4,zhàn,"to dip in (ink, sauce etc)",蘸火|蘸破|蘸醬
14394,蘹,U+8639,huai2,huái,,
14395,蘺,U+863A,li2,lí,red algae,江蘺
14396,蘻,U+863B,ji4,jì,a kind of herb (old),
14397,蘼,U+863C,mi2,mí,millet,蘼蕪|蘼芜
14398,蘽,U+863D,lei3,lěi,,
14399,蘾,U+863E,huai4,huài,,
14400,蘿,U+863F,luo2,luó,radish,一個蘿蔔一個坑|大樹菠蘿|大蘿蔔
14401,虀,U+8640,ji1,jī,fragment,
14402,虁,U+8641,kui2,kuí,,
14403,虂,U+8642,lu4,lù,,
14404,虃,U+8643,jian1,jiān,,
14405,虄,U+8644,sa4,sà,,
14406,虅,U+8645,teng2,téng,,
14407,虆,U+8646,lei2,léi,to entwine,
14408,虇,U+8647,quan3,quǎn,,
14409,虈,U+8648,xiao1,xiāo,,
14410,虉,U+8649,yi4,yì,see 虉草|𬟁草[yi4 cao3],虉草
14411,虊,U+864A,luan2,luán,,
14412,虋,U+864B,men2,mén,,
14413,虌,U+864C,bie1,biē,,
14414,虍,U+864D,hu1,hū,stripes of a tiger,
14415,虎,U+864E,hu3|hu4,hǔ|hù,tiger,一山不容二虎|三人成虎|不入虎穴，焉得虎子
14416,虏,U+864F,lu3,lǔ,prisoner of war,亡国虏|俘虏|克虏伯
14417,虐,U+8650,nve4,nüè,(bound form) brutal; oppressive; harsh,凌虐|助紂為虐|助纣为虐
14418,虑,U+8651,lv4|bi4,lǜ|bì,to think over,不足为虑|人无远虑，必有近忧|充分考虑
14419,虒,U+8652,si1|xi1|ti2|zhi4,sī|xī|tí|zhì,amphibious animal with one horn,
14420,虓,U+8653,xiao1,xiāo,roar of a tiger,
14421,虔,U+8654,qian2,qián,to act with reverence,一秉虔誠|一秉虔诚|敬虔
14422,處,U+8655,chu4|chu3|ju4,chù|chǔ|jù,to reside,一無是處|並處|中央處理單元
14423,虖,U+8656,hu1|hu2|hu4,hū|hú|hù,to exhale,
14424,虗,U+8657,xu1,xū,old variant of 虛|虚[xu1],
14425,虘,U+8658,cuo2,cuó,,
14426,虙,U+8659,fu2,fú,old variant of 伏[fu2],
14427,虚,U+865A,xu1,xū,emptiness,不虚此行|乘虚|乘虚而入
14428,虛,U+865B,xu1,xū,emptiness,不虛此行|乘虛|乘虛而入
14429,虜,U+865C,lu3,lǔ,prisoner of war,亡國虜|俘虜|克虜伯
14430,虝,U+865D,hu3,hǔ,,
14431,虞,U+865E,yu2,yú,surname Yu,不虞|不虞匱乏|不虞匮乏
14432,號,U+865F,hao4|hao2,hào|háo,roar,一號|一號木桿|一號電池
14433,虠,U+8660,jiao1|hao2,jiāo|háo,,
14434,虡,U+8661,ju4,jù,bell pendant stand,
14435,虢,U+8662,guo2,guó,surname Guo,假途滅虢|假途灭虢|假道伐虢
14436,虣,U+8663,bao4,bào,cruel,
14437,虤,U+8664,yan2,yán,,
14438,虥,U+8665,zhan4,zhàn,striped wild cat,
14439,虦,U+8666,zhan4,zhàn,,
14440,虧,U+8667,kui1,kuī,to lose (money); to have a deficit,不做虧心事，不怕鬼敲門|不聽老人言，吃虧在眼前|功虧一簣
14441,虨,U+8668,bin1,bīn,,
14442,虩,U+8669,xi4|se4,xì|sè,terrified,
14443,虪,U+866A,shu4,shù,,
14444,虫,U+866B,chong2|hui3,chóng|huǐ,variant of 蟲|虫[chong2],七星瓢虫|三叶虫|九香虫
14445,虬,U+866C,qiu2,qiú,young dragon with horns,
14446,虭,U+866D,diao1|dao1,diāo|dāo,,
14447,虮,U+866E,ji3|ji1,jǐ|jī,nymph of louse,虮子
14448,虯,U+866F,qiu2,qiú,young dragon with horns,
14449,虰,U+8670,ding1|cheng1,dīng|chēng,see 虰蛵[ding1 xing2],虰蛵
14450,虱,U+8671,shi1,shī,louse,塘虱|壁虱|床虱
14451,虲,U+8672,xia1,xiā,,
14452,虳,U+8673,jue2,jué,,
14453,虴,U+8674,zhe2,zhé,,
14454,虵,U+8675,she2|ye3,shé|yě,variant of 蛇[she2],
14455,虶,U+8676,yu1,yū,,
14456,虷,U+8677,han2|gan1,hán|gān,worm,
14457,虸,U+8678,zi3,zǐ,used in 虸蚄[zi3 fang1],虸蚄
14458,虹,U+8679,hong2|jiang4|hong4|gong4,hóng|jiàng|hòng|gòng,rainbow,彩虹|彩虹吸蜜鸚鵡|彩虹吸蜜鹦鹉
14459,虺,U+867A,hui1|hui3,huī|huǐ,sick,虺虺|虺蜥
14460,虻,U+867B,meng2,méng,horsefly,牛虻
14461,虼,U+867C,ge4,gè,used in 虼蚤[ge4 zao5],虼蚤|虼螂
14462,虽,U+867D,sui1,suī,although,牡丹虽好，全仗绿叶扶|牡丹虽好，全仗绿叶扶持|牡丹虽好，全凭绿叶扶持
14463,虾,U+867E,xia1|ha2,xiā|há,used in 蝦蟆|虾蟆[ha2 ma5],克氏原螯虾|呒虾米|大明虾
14464,虿,U+867F,chai4,chài,(scorpion),
14465,蚀,U+8680,shi2,shí,to nibble away at sth,侵蚀|侵蚀作用|偏蚀
14466,蚁,U+8681,yi3,yǐ,ant,兵蚁|千里之堤，毁于蚁穴|千里之堤，溃于蚁穴
14467,蚂,U+8682,ma3|ma4|ma1,mǎ|mà|mā,used in 螞螂|蚂螂[ma1 lang2],一根绳上的蚂蚱|一条绳上的蚂蚱|热锅上的蚂蚁
14468,蚃,U+8683,xiang3,xiǎng,(literary) insect larva,肸蚃
14469,蚄,U+8684,fang1|bang4,fāng|bàng,used in 虸蚄[zi3 fang1],虸蚄
14470,蚅,U+8685,e4,è,,
14471,蚆,U+8686,ba1,bā,a kind of shell,
14472,蚇,U+8687,chi3,chǐ,,
14473,蚈,U+8688,qian1,qiān,(arch.) firefly,
14474,蚉,U+8689,wen2,wén,old variant of 蚊[wen2],
14475,蚊,U+868A,wen2,wén,mosquito,伊蚊|大炮打蚊子|按蚊
14476,蚋,U+868B,rui4,ruì,(mosquito),
14477,蚌,U+868C,bang4|beng4|pi2|feng1,bàng|bèng|pí|fēng,"abbr. for Bengbu prefecture-level City 蚌埠市[Beng4 bu4 Shi4], Anhui",哲蚌寺|彩蚌|河蚌
14478,蚍,U+868D,pi2,pí,used in 蚍蜉[pi2 fu2],撼樹蚍蜉|撼树蚍蜉|蚍蜉
14479,蚎,U+868E,yue4,yuè,,
14480,蚏,U+868F,yue4,yuè,,
14481,蚐,U+8690,jun1,jūn,,
14482,蚑,U+8691,qi2,qí,,
14483,蚒,U+8692,tong2,tóng,,
14484,蚓,U+8693,yin3,yǐn,used in 蚯蚓[qiu1 yin3],蚯蚓
14485,蚔,U+8694,qi2|zhi3,qí|zhǐ,green-frog,
14486,蚕,U+8695,can2|tian3,cán|tiǎn,silkworm,家蚕|春蚕|柘蚕
14487,蚖,U+8696,yuan2|wan2,yuán|wán,Protura (soil dwelling primitive hexapod),蚖蟲|蚖虫
14488,蚗,U+8697,jue2|que1,jué|quē,,
14489,蚘,U+8698,hui2|hui4|you2,huí|huì|yóu,variant of 蛔[hui2],
14490,蚙,U+8699,qin2|qian2,qín|qián,,
14491,蚚,U+869A,qi2,qí,,
14492,蚛,U+869B,zhong4,zhòng,(literary) (of a worm or insect) to nibble,
14493,蚜,U+869C,ya2,yá,aphis,蚜蟲|蚜虫
14494,蚝,U+869D,hao2|ci4,háo|cì,oyster,生蚝|蚝油|蚝菇
14495,蚞,U+869E,mu4,mù,,
14496,蚟,U+869F,wang2,wáng,,
14497,蚠,U+86A0,fen2,fén,,
14498,蚡,U+86A1,fen2,fén,(mole),
14499,蚢,U+86A2,hang2,háng,,
14500,蚣,U+86A3,gong1|zhong1,gōng|zhōng,used in 蜈蚣[wu2 gong1],蜈蚣
14501,蚤,U+86A4,zao3|zhao3,zǎo|zhǎo,flea,印鼠客蚤|客蚤|客蚤屬
14502,蚥,U+86A5,fu4|fu3,fù|fǔ,,
14503,蚦,U+86A6,ran2,rán,variant of 蚺[ran2],
14504,蚧,U+86A7,jie4,jiè,see 蛤蚧[ge2 jie4],蛤蚧
14505,蚨,U+86A8,fu2,fú,(water-beetle),
14506,蚩,U+86A9,chi1,chī,surname Chi,蚩尤
14507,蚪,U+86AA,dou3,dǒu,used in 蝌蚪[ke1 dou3],蝌蚪
14508,蚫,U+86AB,bao4|pao2,bào|páo,,
14509,蚬,U+86AC,xian3,xiǎn,basket clam (clam of family Corbiculidae); (esp.) Corbicula leana 真蜆|真蚬[zhen1 xian3],真蚬
14510,蚭,U+86AD,ni2,ní,,
14511,蚮,U+86AE,dai4,dài,,
14512,蚯,U+86AF,qiu1,qiū,used in 蚯蚓[qiu1 yin3],蚯蚓
14513,蚰,U+86B0,you2|zhu2,yóu|zhú,see 蚰蜒[you2 yan5],蚰蜒|蚰蜒路|蜒蚰
14514,蚱,U+86B1,zha4,zhà,grasshopper,一根繩上的螞蚱|一根绳上的蚂蚱|一條繩上的螞蚱
14515,蚲,U+86B2,ping2,píng,rice weevil,
14516,蚳,U+86B3,chi2|chi1|di4,chí|chī|dì,ant eggs,
14517,蚴,U+86B4,you4|you3|niu4,yòu|yǒu|niù,larva,尾蚴
14518,蚵,U+86B5,he2|ke4,hé|kè,"(Tw) oyster (from Taiwanese, Tai-lo pr. [ô])",屎蚵螂|蚵仔|蚵仔煎
14519,蚶,U+86B6,han1|han2,hān|hán,small clam (Arca inflata),蚶子|魁蚶
14520,蚷,U+86B7,ju4,jù,,
14521,蚸,U+86B8,li4,lì,,
14522,蚹,U+86B9,fu4,fù,"scales on the belly of a snake, aiding locomotion",
14523,蚺,U+86BA,ran2|tian4,rán|tiàn,boa,蚺蛇
14524,蚻,U+86BB,zha2,zhá,Aphrophora martima,
14525,蚼,U+86BC,gou3|qu2|xu4,gǒu|qú|xù,,
14526,蚽,U+86BD,pi2,pí,a kind of insect (old),
14527,蚾,U+86BE,pi2|bo3,pí|bǒ,,
14528,蚿,U+86BF,xian2,xián,millipede,
14529,蛀,U+86C0,zhu4,zhù,termite,蛀牙|蛀蝕|蛀蚀
14530,蛁,U+86C1,diao1,diāo,Pomponia maculatiocollis,
14531,蛂,U+86C2,bie2,bié,,
14532,蛃,U+86C3,bing3,bǐng,,
14533,蛄,U+86C4,gu1|gu3,gū|gǔ,see 螻蛄|蝼蛄[lou2 gu1],拉拉蛄|蝦蛄|虾蛄
14534,蛅,U+86C5,zhan1,zhān,a caterpillar,
14535,蛆,U+86C6,qu1|ju1,qū|jū,maggot,如蛆附骨|糞蛆|粪蛆
14536,蛇,U+86C7,she2|yi2|tuo2|chi2,shé|yí|tuó|chí,variant of 蛇[she2],一年被蛇咬，十年怕井繩|一年被蛇咬，十年怕井绳|一朝被蛇咬，十年怕井繩
14537,蛈,U+86C8,tie3,tiě,,
14538,蛉,U+86C9,ling2,líng,sandfly,劍走蜻蛉|剑走蜻蛉|白蛉熱
14539,蛊,U+86CA,gu3,gǔ,arch. legendary venomous insect,巫蛊|巫蛊之祸|整蛊
14540,蛋,U+86CB,dan4,dàn,variant of 蜑[Dan4],下蛋|乳酪蛋糕|倒蛋
14541,蛌,U+86CC,gu3,gǔ,cricket,
14542,蛍,U+86CD,ying2,yíng,Japanese variant of 螢|萤,
14543,蛎,U+86CE,li4,lì,oyster,海蛎|海蛎子|牡蛎
14544,蛏,U+86CF,cheng1,chēng,mussel,
14545,蛐,U+86D0,qu1,qū,cricket,蛐蛐兒|蛐蛐儿|蛐蟮
14546,蛑,U+86D1,mou2|mao2,móu|máo,marine crab,
14547,蛒,U+86D2,ge2|luo4,gé|luò,,
14548,蛓,U+86D3,ci4,cì,(literary) caterpillar,
14549,蛔,U+86D4,hui2,huí,old variant of 蛔[hui2],蛔蟲|蛔虫|蛔蟲病
14550,蛕,U+86D5,hui2|hui3,huí|huǐ,old variant of 蛔[hui2],
14551,蛖,U+86D6,mang2|bang4,máng|bàng,,
14552,蛗,U+86D7,fu4,fù,,
14553,蛘,U+86D8,yang2|yang3,yáng|yǎng,a weevil found in rice etc,
14554,蛙,U+86D9,wa1|jue2,wā|jué,frog,中國林蛙|中国林蛙|井底之蛙
14555,蛚,U+86DA,lie4,liè,Cyrtoxiphus ritsemae,
14556,蛛,U+86DB,zhu1,zhū,(bound form) spider,捕鳥蛛|捕鸟蛛|狼蛛
14557,蛜,U+86DC,yi1,yī,woodlouse,蛜蝛
14558,蛝,U+86DD,xian2,xián,,
14559,蛞,U+86DE,kuo4|she2,kuò|shé,used in 蛞螻|蛞蝼[kuo4 lou2],海蛞蝓|蛞蝓|蛞螻
14560,蛟,U+86DF,jiao1,jiāo,a legendary dragon with the ability to control rain and floods,蛟河|蛟河市|蛟龍
14561,蛠,U+86E0,li4,lì,,
14562,蛡,U+86E1,yi4|xu3,yì|xǔ,(literary) honeycomb; beehive,
14563,蛢,U+86E2,ping2,píng,,
14564,蛣,U+86E3,qi1|jie2|qie4,qī|jié|qiè,beetle,
14565,蛤,U+86E4,ha2|ge2|ha1|e2,há|gé|hā|é,(bound form) clam,大文蛤|女神蛤|巨海扇蛤
14566,蛥,U+86E5,she2,shé,,
14567,蛦,U+86E6,yi2,yí,,
14568,蛧,U+86E7,wang3,wǎng,old variant of 魍[wang3],
14569,蛨,U+86E8,mo4,mò,,
14570,蛩,U+86E9,qiong2|gong3,qióng|gǒng,anxious,
14571,蛪,U+86EA,qie4|ni2,qiè|ní,,
14572,蛫,U+86EB,gui3,guǐ,,
14573,蛬,U+86EC,qiong2,qióng,,
14574,蛭,U+86ED,zhi4,zhì,fluke,水蛭|水蛭素|笄蛭
14575,蛮,U+86EE,man2,mán,barbarian,刁蛮|横蛮|胡搅蛮缠
14576,蛯,U+86EF,lao3,lǎo,,
14577,蛰,U+86F0,zhe2,zhé,to hibernate,冬蛰|启蛰|蛰伏
14578,蛱,U+86F1,jia2,jiá,see 蛺蝶|蛱蝶[jia2 die2],蛱蝶
14579,蛲,U+86F2,nao2,náo,parasitic worm,蛲虫|蛲虫病
14580,蛳,U+86F3,si1,sī,snail,螺蛳|螺蛳粉
14581,蛴,U+86F4,qi2,qí,used in 蠐螬|蛴螬[qi2 cao2],蝤蛴|蛴螬
14582,蛵,U+86F5,xing1,xīng,see 虰蛵[ding1 xing2],虰蛵
14583,蛶,U+86F6,jie4,jiè,,
14584,蛷,U+86F7,qiu2,qiú,,
14585,蛸,U+86F8,shao1|xiao1,shāo|xiāo,long-legged spider,海螵蛸|肖蛸|螵蛸
14586,蛹,U+86F9,yong3,yǒng,chrysalis,化蛹|成蛹|破蛹
14587,蛺,U+86FA,jia2,jiá,see 蛺蝶|蛱蝶[jia2 die2],蛺蝶
14588,蛻,U+86FB,tui4,tuì,skin cast off during molting,蛻化|蛻化變質|蛻殼
14589,蛼,U+86FC,che1,chē,,
14590,蛽,U+86FD,bei4,bèi,,
14591,蛾,U+86FE,e2|yi3,é|yǐ,(bound form) moth,尺蠖蛾|所多瑪與蛾摩拉|所多玛与蛾摩拉
14592,蛿,U+86FF,han4,hàn,,
14593,蜀,U+8700,shu3,shǔ,short name for Sichuan 四川[Si4 chuan1] province,巴山蜀水|巴蜀|得隴望蜀
14594,蜁,U+8701,xuan2,xuán,,
14595,蜂,U+8702,feng1,fēng,variant of 蜂[feng1],一窩蜂|一窝蜂|大虎頭蜂
14596,蜃,U+8703,shen4,shèn,giant clam,海市蜃樓|海市蜃楼|蜃景
14597,蜄,U+8704,shen4|zhen4,shèn|zhèn,,
14598,蜅,U+8705,fu3|pu2,fǔ|pú,crab,
14599,蜆,U+8706,xian4|xian3,xiàn|xiǎn,basket clam (clam of family Corbiculidae); (esp.) Corbicula leana 真蜆|真蚬[zhen1 xian3],真蜆
14600,蜇,U+8707,zhe1|zhe2,zhē|zhé,to sting,海蜇
14601,蜈,U+8708,wu2,wú,used in 蜈蚣[wu2 gong1],蜈支洲島|蜈支洲岛|蜈蚣
14602,蜉,U+8709,fu2,fú,used in 蚍蜉[pi2 fu2],撼樹蚍蜉|撼树蚍蜉|蚍蜉
14603,蜊,U+870A,li2,lí,clam,蛤蜊
14604,蜋,U+870B,lang2|liang2,láng|liáng,variant of 螂[lang2],
14605,蜌,U+870C,bi4,bì,,
14606,蜍,U+870D,chu2|yu2,chú|yú,Bufo vulgaris,蟾蜍
14607,蜎,U+870E,yuan1|xuan1,yuān|xuān,surname Yuan,
14608,蜏,U+870F,you3,yǒu,,
14609,蜐,U+8710,jie2,jié,see 石蜐[shi2 jie2],石蜐
14610,蜑,U+8711,dan4,dàn,Tanka people,蜑人|蜑家|蜑戶
14611,蜒,U+8712,yan2|yan4|dan4,yán|yàn|dàn,slug,蚰蜒|蚰蜒路|蜒蚰
14612,蜓,U+8713,ting2|dian4,tíng|diàn,see 蜻蜓[qing1 ting2],堰蜓座|蜻蜓|蜻蜓撼石柱
14613,蜔,U+8714,dian4,diàn,,
14614,蜕,U+8715,tui4|yue4,tuì|yuè,skin cast off during molting,蜕化|蜕化变质|蜕壳
14615,蜖,U+8716,hui2,huí,old variant of 蛔[hui2],
14616,蜗,U+8717,wo1,wō,snail,人工耳蜗|无壳蜗牛|耳蜗
14617,蜘,U+8718,zhi1,zhī,used in 蜘蛛[zhi1 zhu1],盲蜘蛛|紅背蜘蛛|红背蜘蛛
14618,蜙,U+8719,song1,sōng,used in 蜙蝑[song1 xu1],蜙蝑
14619,蜚,U+871A,fei1|fei3|pei4|bei4,fēi|fěi|pèi|bèi,gad-fly,流言蜚語|流言蜚语|蜚短流長
14620,蜛,U+871B,ju1,jū,Hydrophilus cognatus,
14621,蜜,U+871C,mi4,mì,honey,口蜜腹劍|口蜜腹剑|吸蜜鳥
14622,蜝,U+871D,qi2,qí,,
14623,蜞,U+871E,qi2,qí,used in 蟛蜞[peng2 qi2],蟛蜞
14624,蜟,U+871F,yu4,yù,,
14625,蜠,U+8720,jun4,jùn,,
14626,蜡,U+8721,la4|qu4|zha4|ji2,là|qù|zhà|jí,candle,倒吊蜡烛|吹灯拔蜡|味同嚼蜡
14627,蜢,U+8722,meng3|meng4,měng|mèng,grasshopper,草蜢|蚱蜢
14628,蜣,U+8723,qiang1,qiāng,dung beetle,蜣螂
14629,蜤,U+8724,si1|xi1,sī|xī,,
14630,蜥,U+8725,xi1,xī,(bound form) lizard,巨蜥|火蜥蜴|草原巨蜥
14631,蜦,U+8726,lun2|lun3,lún|lǔn,,
14632,蜧,U+8727,li4,lì,,
14633,蜨,U+8728,die2,dié,variant of 蝶[die2],
14634,蜩,U+8729,tiao2|diao4,tiáo|diào,cicada,
14635,蜪,U+872A,tao2,táo,,
14636,蜫,U+872B,kun1,kūn,,
14637,蜬,U+872C,han2,hán,,
14638,蜭,U+872D,han4,hàn,,
14639,蜮,U+872E,yu4|guo1,yù|guō,(Chinese mythology) creature that lives underwater and spits sand to make people ill,鬼蜮
14640,蜯,U+872F,bang4,bàng,variant of 蚌[bang4],
14641,蜰,U+8730,fei2|fei4,féi|fèi,,
14642,蜱,U+8731,pi2|miao2,pí|miáo,tick (zoology),蜱咬病|蜱蟲|蜱虫
14643,蜲,U+8732,wei1|wei3,wēi|wěi,,
14644,蜳,U+8733,dun1|tun1,dūn|tūn,,
14645,蜴,U+8734,yi4|xi2,yì|xí,used in 蜥蜴[xi1 yi4],火蜥蜴|蜥蜴
14646,蜵,U+8735,yuan1|yun1,yuān|yūn,,
14647,蜶,U+8736,suo4,suò,,
14648,蜷,U+8737,quan2|juan3,quán|juǎn,to curl up (like a scroll),蜷伏|蜷局|蜷曲
14649,蜸,U+8738,qian3,qiǎn,,
14650,蜹,U+8739,rui4|wei4,ruì|wèi,,
14651,蜺,U+873A,ni2,ní,Japanese cicada,
14652,蜻,U+873B,qing1|jing1,qīng|jīng,see 蜻蜓[qing1 ting2],劍走蜻蛉|剑走蜻蛉|草蜻蛉
14653,蜼,U+873C,wei4|wei3|tong2,wèi|wěi|tóng,,
14654,蜽,U+873D,liang3,liǎng,used in 蝄蜽[wang3 liang3],蝄蜽
14655,蜾,U+873E,guo3|luo3,guǒ|luǒ,used in 蜾蠃[guo3 luo3],蜾蠃
14656,蜿,U+873F,wan1|wan3,wān|wǎn,used in 蜿蜒[wan1 yan2],蜿蜒
14657,蝀,U+8740,dong1,dōng,used in 螮蝀|䗖𬟽[di4 dong1],螮蝀
14658,蝁,U+8741,e4,è,,
14659,蝂,U+8742,ban3,bǎn,,
14660,蝃,U+8743,di4|zhuo1,dì|zhuō,variant of 螮|䗖[di4],蝃蝥
14661,蝄,U+8744,wang3,wǎng,used in 蝄蜽[wang3 liang3],蝄蜽
14662,蝅,U+8745,can2,cán,,
14663,蝆,U+8746,yang3,yǎng,,
14664,蝇,U+8747,ying2,yíng,fly,如蝇逐臭|家蝇|捕蝇草
14665,蝈,U+8748,guo1,guō,"small green cicada or frog (meaning unclear, possibly onom.)",蝈螽|蝈螽属|蝈蝈
14666,蝉,U+8749,chan2,chán,cicada,噤若寒蝉|寒蝉|寒蝉效应
14667,蝊,U+874A,ding4,dìng,,
14668,蝋,U+874B,la4,là,Japanese variant of 蠟|蜡[la4],
14669,蝌,U+874C,ke1,kē,used in 蝌蚪[ke1 dou3],蝌蚪
14670,蝍,U+874D,jie2|ji2,jié|jí,a centipede,
14671,蝎,U+874E,xie1|he2,xiē|hé,variant of 蠍|蝎[xie1],天蝎|天蝎座|蛇蝎
14672,蝏,U+874F,ting2,tíng,used in 蜻蝏[qing1 ting2],蜻蝏
14673,蝐,U+8750,mao4,mào,see 蝳蝐[dai4 mao4],蝳蝐
14674,蝑,U+8751,xu1|xie4,xū|xiè,used in 蜙蝑[song1 xu1],蜙蝑
14675,蝒,U+8752,mian2,mián,"large, black cicada",
14676,蝓,U+8753,yu2,yú,used in 蛞蝓[kuo4 yu2],海蛞蝓|蛞蝓
14677,蝔,U+8754,jie1,jiē,,
14678,蝕,U+8755,shi2|li4|long2,shí|lì|lóng,to nibble away at sth,侵蝕|侵蝕作用|偏蝕
14679,蝖,U+8756,xuan1,xuān,,
14680,蝗,U+8757,huang2,huáng,locust,北蝗鶯|北蝗莺|史氏蝗鶯
14681,蝘,U+8758,yan3,yǎn,Hemidactylus bowringii,
14682,蝙,U+8759,bian1|pian2,biān|pián,used in 蝙蝠[bian1 fu2],蝙蝠|蝙蝠俠|蝙蝠侠
14683,蝚,U+875A,rou2|nao2,róu|náo,,
14684,蝛,U+875B,wei1,wēi,see 蛜蝛[yi1 wei1],蛜蝛
14685,蝜,U+875C,fu4,fù,,
14686,蝝,U+875D,yuan2|yuan1,yuán|yuān,locust larva without wings,
14687,蝞,U+875E,mei4,mèi,,
14688,蝟,U+875F,wei4,wèi,(bound form) hedgehog,刺蝟
14689,蝠,U+8760,fu2,fú,(bound form) bat,台灣葉鼻蝠|台湾叶鼻蝠|狐蝠
14690,蝡,U+8761,ru2|ruan3,rú|ruǎn,variant of 蠕[ru2],
14691,蝢,U+8762,xie2,xié,,
14692,蝣,U+8763,you2,yóu,used in 蜉蝣[fu2 you2],蜉蝣
14693,蝤,U+8764,qiu2|you2|jiu1,qiú|yóu|jiū,used in 蝤蠐|蝤蛴[qiu2 qi2],蝤蠐|蝤蛴
14694,蝥,U+8765,mao2|wu2|wu4,máo|wú|wù,variant of 蟊[mao2],蝃蝥
14695,蝦,U+8766,xia1|ha2|jia3,xiā|há|jiǎ,used in 蝦蟆|虾蟆[ha2 ma5],克氏原螯蝦|嘸蝦米|大明蝦
14696,蝧,U+8767,ying1,yīng,,
14697,蝨,U+8768,shi1,shī,louse,床蝨|木蝨|蝨多不癢
14698,蝩,U+8769,chong2|zhong1,chóng|zhōng,,
14699,蝪,U+876A,tang1,tāng,,
14700,蝫,U+876B,zhu1,zhū,,
14701,蝬,U+876C,zong1,zōng,,
14702,蝭,U+876D,ti2|chi2,tí|chí,,
14703,蝮,U+876E,fu4,fù,insect,蛇島蝮|蛇岛蝮|蝮蛇
14704,蝯,U+876F,yuan2,yuán,variant of 猿[yuan2],
14705,蝰,U+8770,kui2,kuí,used in 蝰蛇[kui2 she2],蝰蛇
14706,蝱,U+8771,meng2,méng,old variant of 虻[meng2],
14707,蝲,U+8772,la4,là,used in 蝲蛄[la4 gu3],蝲蛄|蝲蝲蛄
14708,蝳,U+8773,du2|dai4,dú|dài,see 蝳蝐[dai4 mao4],蝳蝐
14709,蝴,U+8774,hu2,hú,used in 蝴蝶[hu2 die2],蝴蝶|蝴蝶效應|蝴蝶效应
14710,蝵,U+8775,qiu1,qiū,,
14711,蝶,U+8776,die2|tie1,dié|tiē,variant of 蝶[die2],招蜂引蝶|歐蝶魚|欧蝶鱼
14712,蝷,U+8777,li4|xi2,lì|xí,,
14713,蝸,U+8778,wo1|luo2|guo3,wō|luó|guǒ,snail,人工耳蝸|無殼蝸牛|耳蝸
14714,蝹,U+8779,yun1|ao3,yūn|ǎo,,
14715,蝺,U+877A,qu3|yu3,qǔ|yǔ,,
14716,蝻,U+877B,nan3,nǎn,locust nymph,蝗蝻
14717,蝼,U+877C,lou2,lóu,see 螻蛄|蝼蛄[lou2 gu1],天蝼|蛞蝼|蝼蛄
14718,蝽,U+877D,chun1,chūn,bedbug,網蝽|网蝽
14719,蝾,U+877E,rong2,róng,salamander,中国大蝾螈|杰利蝾螈|大蝾螈
14720,蝿,U+877F,ying2,yíng,,
14721,螀,U+8780,jiang1,jiāng,cicada (Cosmopsaltria opalifera),
14722,螁,U+8781,ban,ban,,
14723,螂,U+8782,lang2,láng,variant of 螂[lang2],刀螂|北派螳螂拳|南派螳螂
14724,螃,U+8783,pang2|bang3,páng|bǎng,used in 螃蟹[pang2 xie4],螃蟹
14725,螄,U+8784,si1,sī,snail,螺螄|螺螄粉
14726,螅,U+8785,xi1|ci4,xī|cì,used in 水螅[shui3 xi1],水螅|水螅體|水螅体
14727,螆,U+8786,ci4,cì,,
14728,螇,U+8787,xi1|qi1,xī|qī,,
14729,螈,U+8788,yuan2,yuán,salamander,中國大蠑螈|中国大蝾螈|傑利蠑螈
14730,螉,U+8789,weng1,wēng,see 蠮螉[ye1 weng1],螉䗥|蠮螉
14731,螊,U+878A,lian2,lián,,
14732,螋,U+878B,sou1,sōu,used in 蠼螋[qu2 sou1],蠼螋
14733,螌,U+878C,ban1|pan2|huan4,bān|pán|huàn,,
14734,融,U+878D,rong2,róng,to melt,上海環球金融中心|上海环球金融中心|世界金融中心
14735,螎,U+878E,rong2,róng,old variant of 融[rong2],
14736,螏,U+878F,ji2,jí,,
14737,螐,U+8790,wu1,wū,,
14738,螑,U+8791,xiu4,xiù,,
14739,螒,U+8792,han4,hàn,Aulacophora femoralis,
14740,螓,U+8793,qin2,qín,small cicada with a square head,
14741,螔,U+8794,yi2|si1,yí|sī,,
14742,螕,U+8795,bi1|pi1,bī|pī,,
14743,螖,U+8796,hua2,huá,,
14744,螗,U+8797,tang2,táng,variety of small cicada with a green back and a clear song (in ancient books),
14745,螘,U+8798,yi3,yǐ,ant,
14746,螙,U+8799,du4,dù,variant of 蠹[du4],
14747,螚,U+879A,nai4|nai2|neng3,nài|nái|něng,Eristalis tenax,
14748,螛,U+879B,he2|xia2,hé|xiá,,
14749,螜,U+879C,hu2,hú,,
14750,螝,U+879D,gui1|hui3,guī|huǐ,,
14751,螞,U+879E,ma3|ma1|ma4,mǎ|mā|mà,used in 螞螂|蚂螂[ma1 lang2],一根繩上的螞蚱|一條繩上的螞蚱|熱鍋上的螞蟻
14752,螟,U+879F,ming2,míng,boring insect,螟蛉|螟蛉子|螟蟲
14753,螠,U+87A0,yi4,yì,echiuroid (spoon worm),
14754,螡,U+87A1,wen2,wén,old variant of 蚊[wen2],
14755,螢,U+87A2,ying2,yíng,firefly,崔螢|流螢|聚螢映雪
14756,螣,U+87A3,te4|teng2,tè|téng,flying dragon,
14757,螤,U+87A4,zhong1,zhōng,,
14758,螥,U+87A5,cang1,cāng,Japanese variant of 蒼|苍 house-fly,
14759,螦,U+87A6,sao1,sāo,,
14760,螧,U+87A7,qi2,qí,,
14761,螨,U+87A8,man3,mǎn,mite,尘螨|螨虫
14762,螩,U+87A9,tiao,tiao,,
14763,螪,U+87AA,shang1,shāng,,
14764,螫,U+87AB,shi4|zhe1,shì|zhē,(literary) (of a bee or spider etc) to sting or bite,蜂螫|螫中
14765,螬,U+87AC,cao2,cáo,used in 蠐螬|蛴螬[qi2 cao2],蠐螬|蛴螬
14766,螭,U+87AD,chi1,chī,dragon with horns not yet grown (in myth or heraldry),螭首
14767,螮,U+87AE,di4|dai4,dì|dài,used in 螮蝀|䗖𬟽[di4 dong1],螮蝀
14768,螯,U+87AF,ao2,áo,"chela; nippers; claw; pincers (of crabs, lobsters, scorpions etc)",克氏原螯蝦|克氏原螯虾|絨螯蟹
14769,螰,U+87B0,lu4,lù,,
14770,螱,U+87B1,wei4,wèi,,
14771,螲,U+87B2,zhi4|die2,zhì|dié,,
14772,螳,U+87B3,tang2,táng,praying mantis,北派螳螂拳|南派螳螂|螳臂擋車
14773,螴,U+87B4,chen2,chén,,
14774,螵,U+87B5,piao1,piāo,used in 螵蛸[piao1 xiao1],海螵蛸|螵蛸
14775,螶,U+87B6,qu2|ju4,qú|jù,,
14776,螷,U+87B7,pi2,pí,,
14777,螸,U+87B8,yu2,yú,,
14778,螹,U+87B9,jian4|chan2,jiàn|chán,,
14779,螺,U+87BA,luo2,luó,spiral shell,九孔螺|內六角圓柱頭螺釘|内六角圆柱头螺钉
14780,螻,U+87BB,lou2,lóu,see 螻蛄|蝼蛄[lou2 gu1],天螻|蛞螻|螻蛄
14781,螼,U+87BC,qin3,qǐn,,
14782,螽,U+87BD,zhong1,zhōng,(grasshopper),寰螽|螽斯|螽斯科
14783,螾,U+87BE,yin3|yin2,yǐn|yín,the earthworm,
14784,螿,U+87BF,jiang1,jiāng,cicada (Cosmopsaltria opalifera),
14785,蟀,U+87C0,shuai4,shuài,used in 蟋蟀[xi1 shuai4],蟋蟀|蟋蟀草
14786,蟁,U+87C1,wen2,wén,old variant of 蚊[wen2],
14787,蟂,U+87C2,xiao1,xiāo,,
14788,蟃,U+87C3,wan4,wàn,,
14789,蟄,U+87C4,zhe2,zhé,to hibernate,冬蟄|啟蟄|蟄伏
14790,蟅,U+87C5,zhe4,zhè,locust,
14791,蟆,U+87C6,ma2|mo4,má|mò,toad,哈士蟆|癩蛤蟆|癞蛤蟆
14792,蟇,U+87C7,ma2,má,old variant of 蟆[ma2],
14793,蟈,U+87C8,guo1|yu4,guō|yù,"small green cicada or frog (meaning unclear, possibly onom.)",蟈螽|蟈螽屬|蟈蟈
14794,蟉,U+87C9,liu2|liao4,liú|liào,,
14795,蟊,U+87CA,mao2|meng2,máo|méng,Spanish fly,蟊賊|蟊贼
14796,蟋,U+87CB,xi1,xī,used in 蟋蟀[xi1 shuai4],蟋蟀|蟋蟀草
14797,蟌,U+87CC,cong1,cōng,,
14798,蟍,U+87CD,li2,lí,,
14799,蟎,U+87CE,man3,mǎn,mite,塵蟎|蟎蟲
14800,蟏,U+87CF,xiao1,xiāo,used in 蠨蛸|蟏蛸[xiao1 shao1],蟏蛸
14801,蟐,U+87D0,chang,chang,,
14802,蟑,U+87D1,zhang1,zhāng,used in 蟑螂[zhang1 lang2],蟑螂|蟑螂屋
14803,蟒,U+87D2,mang3|meng3,mǎng|měng,python,巨蟒|花蟒|蟒蛇
14804,蟓,U+87D3,xiang4,xiàng,silkworm,
14805,蟔,U+87D4,mo4,mò,,
14806,蟕,U+87D5,zui1,zuī,,
14807,蟖,U+87D6,si1,sī,,
14808,蟗,U+87D7,qiu1,qiū,,
14809,蟘,U+87D8,te4,tè,,
14810,蟙,U+87D9,zhi2,zhí,,
14811,蟚,U+87DA,peng2,péng,,
14812,蟛,U+87DB,peng2,péng,used in 蟛蜞[peng2 qi2],蟛蜞
14813,蟜,U+87DC,jiao3|qiao2,jiǎo|qiáo,surname Jiao,
14814,蟝,U+87DD,qu2,qú,,
14815,蟞,U+87DE,bie1|bie2,biē|bié,,
14816,蟟,U+87DF,liao2,liáo,see 蟭蟟[jiao1 liao2],蟭蟟
14817,蟠,U+87E0,pan2|fan2,pán|fán,to coil,虎踞龍蟠|虎踞龙蟠|蟠尾絲蟲
14818,蟡,U+87E1,gui3,guǐ,,
14819,蟢,U+87E2,xi3,xǐ,(spider),蟢子
14820,蟣,U+87E3,ji3|qi2,jǐ|qí,nymph of louse,蟣子
14821,蟤,U+87E4,zhuan1,zhuān,,
14822,蟥,U+87E5,huang2,huáng,horse-leech,螞蟥|蚂蟥
14823,蟦,U+87E6,fei2|ben1,féi|bēn,,
14824,蟧,U+87E7,lao2|liao2,láo|liáo,,
14825,蟨,U+87E8,jue2,jué,Siberian jerboa,
14826,蟩,U+87E9,jue2,jué,,
14827,蟪,U+87EA,hui4,huì,(cicada),蟪蛄|蟪蛄不知春秋
14828,蟫,U+87EB,yin2|xun2,yín|xún,,
14829,蟬,U+87EC,chan2|ti2|shan4,chán|tí|shàn,cicada,噤若寒蟬|寒蟬|寒蟬效應
14830,蟭,U+87ED,jiao1,jiāo,eggs of mantis,蟭蟟
14831,蟮,U+87EE,shan4,shàn,see 蛐蟮[qu1 shan5],曲蟮|蛐蟮|黃蟮
14832,蟯,U+87EF,nao2|rao4,náo|rào,parasitic worm,蟯蟲|蟯蟲病
14833,蟰,U+87F0,xiao1,xiāo,,
14834,蟱,U+87F1,wu2|mou2,wú|móu,,
14835,蟲,U+87F2,chong2|zhong4|tong2,chóng|zhòng|tóng,"lower form of animal life, including insects, insect larvae, worms and similar creatures",七星瓢蟲|三葉蟲|九香蟲
14836,蟳,U+87F3,xun2,xún,(hairy sea-crab),
14837,蟴,U+87F4,si1,sī,,
14838,蟵,U+87F5,chu2,chú,,
14839,蟶,U+87F6,cheng1,chēng,mussel,
14840,蟷,U+87F7,dang1,dāng,mantis,
14841,蟸,U+87F8,li3,lǐ,,
14842,蟹,U+87F9,xie4,xiè,crab,和樂蟹|和乐蟹|大閘蟹
14843,蟺,U+87FA,shan4|dan4|chan2|tuo2,shàn|dàn|chán|tuó,earthworm,
14844,蟻,U+87FB,yi3|ji3,yǐ|jǐ,ant,兵蟻|千里之堤，毀於蟻穴|千里之堤，潰於蟻穴
14845,蟼,U+87FC,jing3,jǐng,,
14846,蟽,U+87FD,da2,dá,,
14847,蟾,U+87FE,chan2,chán,"toad (""chán"" represents the sound of its croaking)",爪蟾|蟾宮折桂|蟾宫折桂
14848,蟿,U+87FF,qi4|ji4,qì|jì,(insect),
14849,蠀,U+8800,ci1|ji2,cī|jí,,
14850,蠁,U+8801,xiang3,xiǎng,(literary) insect larva,肸蠁
14851,蠂,U+8802,she4,shè,Podisma mikado,
14852,蠃,U+8803,luo3|luo2|guo3,luǒ|luó|guǒ,used in 蜾蠃[guo3 luo3],蜾蠃
14853,蠄,U+8804,qin2,qín,,
14854,蠅,U+8805,ying2,yíng,fly,如蠅逐臭|家蠅|捕蠅草
14855,蠆,U+8806,chai4,chài,(scorpion),
14856,蠇,U+8807,li4,lì,,
14857,蠈,U+8808,zei2,zéi,,
14858,蠉,U+8809,xuan1,xuān,wriggler,
14859,蠊,U+880A,lian2,lián,used in 蜚蠊[fei3 lian2],蜚蠊|蜚蠊科
14860,蠋,U+880B,zhu2,zhú,caterpillar,
14861,蠌,U+880C,ze2,zé,,
14862,蠍,U+880D,xie1,xiē,(bound form) scorpion,天蠍|天蠍座|蛇蠍
14863,蠎,U+880E,mang3,mǎng,old variant of 蟒[mang3],
14864,蠏,U+880F,xie4,xiè,variant of 蟹[xie4],
14865,蠐,U+8810,qi2,qí,used in 蠐螬|蛴螬[qi2 cao2],蝤蠐|蠐螬
14866,蠑,U+8811,rong2,róng,salamander,中國大蠑螈|傑利蠑螈|大蠑螈
14867,蠒,U+8812,jian3,jiǎn,variant of 繭|茧[jian3],
14868,蠓,U+8813,meng3,měng,grasshopper,蠛蠓
14869,蠔,U+8814,hao2,háo,oyster,生蠔|蠔油|蠔菇
14870,蠕,U+8815,ru2,rú,variant of 蠕[ru2],腸蠕動|肠蠕动|蠕動
14871,蠖,U+8816,huo4|yue4,huò|yuè,looper caterpillar,尺蠖|尺蠖蛾
14872,蠗,U+8817,zhuo2,zhuó,(ape),
14873,蠘,U+8818,jie2,jié,,
14874,蠙,U+8819,pin2,pín,pearl-oyster,
14875,蠚,U+881A,he1,hē,to sting,
14876,蠛,U+881B,mie4,miè,minute flies,蠛蠓
14877,蠜,U+881C,fan2,fán,cyrtophyllus sp.,
14878,蠝,U+881D,lei3,lěi,,
14879,蠞,U+881E,jie2,jié,,
14880,蠟,U+881F,la4,là,candle,倒吊蠟燭|吹燈拔蠟|味同嚼蠟
14881,蠠,U+8820,min3|mian2,mǐn|mián,,
14882,蠡,U+8821,li2|li3|luo3|luo2|li4,lí|lǐ|luǒ|luó|lì,calabash,范蠡|蠡縣|蠡县
14883,蠢,U+8822,chun3,chǔn,variant of 蠢[chun3],可蠢|愚蠢|犯蠢
14884,蠣,U+8823,li4,lì,oyster,海蠣|海蠣子|牡蠣
14885,蠤,U+8824,qiu1,qiū,,
14886,蠥,U+8825,nie4,niè,,
14887,蠦,U+8826,lu2,lú,,
14888,蠧,U+8827,du4,dù,variant of 蠹[du4],
14889,蠨,U+8828,xiao1,xiāo,used in 蠨蛸|蟏蛸[xiao1 shao1],蠨蛸
14890,蠩,U+8829,zhu1|chu2,zhū|chú,a toad,
14891,蠪,U+882A,long2,lóng,,
14892,蠫,U+882B,li2,lí,,
14893,蠬,U+882C,long2,lóng,,
14894,蠭,U+882D,feng1|pang2,fēng|páng,old variant of 蜂[feng1],
14895,蠮,U+882E,ye1,yē,wasp of the family Sphecidae,蠮螉
14896,蠯,U+882F,pi2,pí,,
14897,蠰,U+8830,nang2|shang4|rang3,náng|shàng|rǎng,Cerambyx rugicollis,
14898,蠱,U+8831,gu3|ye3,gǔ|yě,arch. legendary venomous insect,巫蠱|巫蠱之禍|整蠱
14899,蠲,U+8832,juan1,juān,to deduct,蠲免|蠲吉|蠲減
14900,蠳,U+8833,ying1,yīng,,
14901,蠴,U+8834,shu3,shǔ,,
14902,蠵,U+8835,xi1,xī,used in 蠵龜|蠵龟[xi1 gui1],蠵龜|蠵龟
14903,蠶,U+8836,can2,cán,silkworm,家蠶|春蠶|柘蠶
14904,蠷,U+8837,qu2,qú,variant of 蠼[qu2],
14905,蠸,U+8838,quan2|huan4,quán|huàn,Aulacophora femoralis,
14906,蠹,U+8839,du4,dù,"insect that eats into books, clothing etc",國蠹|国蠹|小蠹
14907,蠺,U+883A,can2,cán,,
14908,蠻,U+883B,man2,mán,barbarian,刁蠻|橫蠻|胡攪蠻纏
14909,蠼,U+883C,qu2|jue2,qú|jué,used in 蠼螋[qu2 sou1],蠼螋
14910,蠽,U+883D,jie2,jié,small green cicada,
14911,蠾,U+883E,zhu2|shu2,zhú|shú,,
14912,蠿,U+883F,zhuo1,zhuō,,
14913,血,U+8840,xue4|xie3,xuè|xiě,see 血[xue4],一血|一針見血|一针见血
14914,衁,U+8841,huang1,huāng,blood,
14915,衂,U+8842,nv4,nǜ,variant of 衄[nu:4],
14916,衃,U+8843,pei1|fou3,pēi|fǒu,,
14917,衄,U+8844,nv4,nǜ,old variant of 衄[nu:4],
14918,衅,U+8845,xin4,xìn,quarrel,寻衅|寻衅滋事罪|挑衅
14919,衆,U+8846,zhong4|zhong1,zhòng|zhōng,variant of 眾|众[zhong4],衆寡|謠言惑衆|部衆
14920,衇,U+8847,mai4,mài,variant of 脈|脉[mai4],
14921,衈,U+8848,er4,èr,the blood of a sacrificial fowl which was sprinkled on doors and vessels,
14922,衉,U+8849,ka1,kā,to vomit,
14923,衊,U+884A,mie4,miè,defiled with blood,污衊|誣衊
14924,衋,U+884B,xi4,xì,sad (old),
14925,行,U+884C,xing2|hang2|heng2|xing4|hang4,xíng|háng|héng|xìng|hàng,(bound form) row; line,一意孤行|一目十行|一行
14926,衍,U+884D,yan3|yan2,yǎn|yán,to spread out,信貸衍生產品|信贷衍生产品|夏衍
14927,衎,U+884E,kan4|kan3,kàn|kǎn,pleased,
14928,衏,U+884F,yuan4,yuàn,,
14929,衐,U+8850,qu2,qú,,
14930,衑,U+8851,ling2,líng,,
14931,衒,U+8852,xuan4,xuàn,variant of 炫[xuan4],
14932,術,U+8853,shu4,shù,method,不學無術|中國文學藝術界聯合會|中國美術館
14933,衔,U+8854,xian2,xián,variant of 銜|衔[xian2],名衔|学衔|官衔
14934,衕,U+8855,tong4|tong2|dong4,tòng|tóng|dòng,used in 衚衕|胡同[hu2 tong4],衚衕
14935,衖,U+8856,xiang4|long4,xiàng|lòng,variant of 弄[long4],
14936,街,U+8857,jie1,jiē,street,丁字街|三月街|上街
14937,衘,U+8858,xian2|yu4,xián|yù,variant of 銜|衔[xian2],
14938,衙,U+8859,ya2|yu2|yu4,yá|yú|yù,surname Ya,總理衙門|总理衙门|衙內
14939,衚,U+885A,hu2,hú,used in 衚衕|胡同[hu2 tong4],衚衕
14940,衛,U+885B,wei4,wèi,surname Wei,不列顛保衛戰|世界衛生大會|世界衛生組織
14941,衜,U+885C,dao4,dào,,
14942,衝,U+885D,chong1|chong3|chong4,chōng|chǒng|chòng,thoroughfare,俯衝|光衝量|利害衝突
14943,衞,U+885E,wei4,wèi,variant of 衛|卫[wei4],
14944,衟,U+885F,dao4,dào,old variant of 道[dao4],
14945,衠,U+8860,zhun1,zhūn,,
14946,衡,U+8861,heng2,héng,to weigh,不平衡|不穩平衡|不稳平衡
14947,衢,U+8862,qu2,qú,thoroughfare,康衢|柳陌花衢|衢州
14948,衣,U+8863,yi1|yi4,yī|yì,clothes,一衣帶水|一衣带水|上衣
14949,衤,U+8864,yi1,yī,"the left-radical form of Kangxi radical 145, 衣[yi1]",
14950,补,U+8865,bu3,bǔ,to repair,不无小补|互补|亡羊补牢
14951,衦,U+8866,gan3,gǎn,,
14952,衧,U+8867,yu2,yú,,
14953,表,U+8868,biao3,biǎo,exterior surface,一覽表|一览表|三個代表
14954,衩,U+8869,cha3|cha4,chǎ|chà,open seam of a garment,三角褲衩|三角裤衩|褲衩
14955,衪,U+886A,yi2,yí,,
14956,衫,U+886B,shan1,shān,garment,上衫|冷氣衫|冷气衫
14957,衬,U+886C,chen4,chèn,(of garments) against the skin,内衬|女衬衫|对衬
14958,衭,U+886D,fu1,fū,the lapel of a garment,
14959,衮,U+886E,gun3,gǔn,imperial robe,多尔衮|阿尔衮琴
14960,衯,U+886F,fen1|pen2,fēn|pén,,
14961,衰,U+8870,shuai1|suo1|cui1,shuāi|suō|cuī,variant of 縗|缞[cui1],不衰|光纖衰減|光纤衰减
14962,衱,U+8871,jie2,jié,,
14963,衲,U+8872,na4,nà,cassock,
14964,衳,U+8873,zhong1,zhōng,,
14965,衴,U+8874,dan3,dǎn,,
14966,衵,U+8875,yi4,yì,women's undergarments,
14967,衶,U+8876,zhong4,zhòng,,
14968,衷,U+8877,zhong1|zhong4,zhōng|zhòng,inner feelings,丹衷|互訴衷腸|互诉衷肠
14969,衸,U+8878,jie4,jiè,,
14970,衹,U+8879,zhi3|ti3|zhi1|qi2,zhǐ|tǐ|zhī|qí,variant of 只[zhi3],
14971,衺,U+887A,xie2,xié,old variant of 邪[xie2],
14972,衻,U+887B,ran2,rán,,
14973,衼,U+887C,zhi1,zhī,,
14974,衽,U+887D,ren4,rèn,(literary) overlapping part of Chinese gown,斂衽|敛衽|襝衽
14975,衾,U+887E,qin1,qīn,coverlet,枕冷衾寒|衣衾
14976,衿,U+887F,jin1|qin4,jīn|qìn,collar,
14977,袀,U+8880,jun1,jūn,,
14978,袁,U+8881,yuan2,yuán,surname Yuan,反袁|反袁運動|反袁运动
14979,袂,U+8882,mei4|yi4,mèi|yì,sleeve of a robe,分袂|判袂|奮袂
14980,袃,U+8883,chai4,chài,,
14981,袄,U+8884,ao3,ǎo,coat,夹袄|棉袄|袷袄
14982,袅,U+8885,niao3,niǎo,delicate,娉婷袅娜|袅娜|袅袅
14983,袆,U+8886,hui1,huī,a queen's ceremonial gowns,
14984,袇,U+8887,ran2,rán,,
14985,袈,U+8888,jia1,jiā,used in 袈裟[jia1 sha1],袈裟
14986,袉,U+8889,tuo2|tuo3,tuó|tuǒ,,
14987,袊,U+888A,ling3|ling2,lǐng|líng,,
14988,袋,U+888B,dai4,dài,pouch,乾糧袋|干粮袋|內袋
14989,袌,U+888C,bao4|pao2|pao4,bào|páo|pào,,
14990,袍,U+888D,pao2|bao4,páo|bào,gown (lined),割袍斷義|割袍断义|同袍
14991,袎,U+888E,yao4,yào,variant of 靿[yao4],
14992,袏,U+888F,zuo4,zuò,,
14993,袐,U+8890,bi4,bì,,
14994,袑,U+8891,shao4,shào,,
14995,袒,U+8892,tan3|zhan4,tǎn|zhàn,to bare,不為左右袒|不为左右袒|偏袒
14996,袓,U+8893,ju4|jie3,jù|jiě,,
14997,袔,U+8894,he4|ke4|kua3,hè|kè|kuǎ,,
14998,袕,U+8895,xue2,xué,,
14999,袖,U+8896,xiu4,xiù,sleeve,兩袖清風|两袖清风|套袖
15000,袗,U+8897,zhen3,zhěn,unlined garment,
15001,袘,U+8898,yi2|yi4|tuo2,yí|yì|tuó,,
15002,袙,U+8899,pa4,pà,,
15003,袚,U+889A,bo1|fu2,bō|fú,knee-pads,
15004,袛,U+889B,di1,dī,,
15005,袜,U+889C,wa4|mo4,wà|mò,socks,吊袜带|大腿袜|泡泡袜
15006,袝,U+889D,fu4,fù,,
15007,袞,U+889E,gun3,gǔn,imperial robe,多爾袞|阿爾袞琴
15008,袟,U+889F,zhi4,zhì,surname Zhi,
15009,袠,U+88A0,zhi4,zhì,variant of 帙[zhi4],
15010,袡,U+88A1,ran2,rán,,
15011,袢,U+88A2,pan4|fan2,pàn|fán,used in 袷袢[qia1 pan4],袷袢
15012,袣,U+88A3,yi4,yì,,
15013,袤,U+88A4,mao4|mou2,mào|móu,length,廣袤|广袤
15014,袥,U+88A5,tuo1,tuō,,
15015,袦,U+88A6,na4|jue2,nà|jué,,
15016,袧,U+88A7,gou1|gou4,gōu|gòu,,
15017,袨,U+88A8,xuan4,xuàn,,
15018,袩,U+88A9,zhe2|chan1,zhé|chān,,
15019,袪,U+88AA,qu1,qū,sleeve opening,
15020,被,U+88AB,bei4|bi4|pi1|pi4,bèi|bì|pī|pì,quilt,一年被蛇咬，十年怕井繩|一年被蛇咬，十年怕井绳|一朝被蛇咬，十年怕井繩
15021,袬,U+88AC,yu4,yù,,
15022,袭,U+88AD,xi2,xí,(bound form) to raid; to attack,一袭|世袭|世袭之争
15023,袮,U+88AE,mi2,mí,You,
15024,袯,U+88AF,bo2,bó,used in 襏襫|袯襫[bo2 shi4],袯襫
15025,袰,U+88B0,bo1,bō,,
15026,袱,U+88B1,fu2,fú,(bound form) a cloth used to wrap or cover,偶像包袱|包袱|包袱底兒
15027,袲,U+88B2,chi3|nuo3,chǐ|nuǒ,place name,
15028,袳,U+88B3,chi3|qi3|duo3|nuo3,chǐ|qǐ|duǒ|nuǒ,,
15029,袴,U+88B4,ku4,kù,variant of 褲|裤[ku4],袴子
15030,袵,U+88B5,ren4,rèn,variant of 衽[ren4],
15031,袶,U+88B6,jiang4,jiàng,,
15032,袷,U+88B7,jia2|qia1|jia1|jie2,jiá|qiā|jiā|jié,variant of 夾|夹[jia2],袷袢|袷襖|袷袄
15033,袸,U+88B8,jian4|zun4,jiàn|zùn,,
15034,袹,U+88B9,bo2|mo4,bó|mò,,
15035,袺,U+88BA,jie2,jié,lift up a dress,
15036,袻,U+88BB,er2,ér,,
15037,袼,U+88BC,ge1|luo4,gē|luò,gusset,袼褙
15038,袽,U+88BD,ru2,rú,old rags,
15039,袾,U+88BE,zhu1,zhū,,
15040,袿,U+88BF,gui1|gua4,guī|guà,old variant of 褂[gua4],
15041,裀,U+88C0,yin1,yīn,mat,
15042,裁,U+88C1,cai2,cái,to cut out (as a dress),主裁|主裁判|仲裁
15043,裂,U+88C2,lie4|lie3,liè|liě,to split,乾裂|干裂|二分裂
15044,裃,U+88C3,ka3,kǎ,,
15045,裄,U+88C4,xing,xing,,
15046,装,U+88C5,zhuang1,zhuāng,adornment,三件套式西装|上装|下装
15047,裆,U+88C6,dang1,dāng,crotch,吊裆裤|穿裆|裤裆
15048,裇,U+88C7,xu1,xū,see T裇[T xu1],T裇
15049,裈,U+88C8,kun1,kūn,pants (old),
15050,裉,U+88C9,ken4,kèn,side seam in an upper garment,
15051,裊,U+88CA,niao3,niǎo,delicate,娉婷裊娜|裊娜|裊裊
15052,裋,U+88CB,shu4,shù,used in 裋褐[shu4 he4],裋褐
15053,裌,U+88CC,jia2|jia1|xie2,jiá|jiā|xié,variant of 夾|夹[jia2],
15054,裍,U+88CD,kun3,kǔn,a border or band on the edge of a dress,
15055,裎,U+88CE,cheng2|cheng3,chéng|chěng,to take off one's clothes,裸裎
15056,裏,U+88CF,li3,lǐ,variant of 裡|里[li3],哪裏|狗嘴裏吐不出象牙|稀裏糊塗
15057,裐,U+88D0,juan1,juān,,
15058,裑,U+88D1,shen1,shēn,,
15059,裒,U+88D2,pou2|bao1,póu|bāo,collect,裒多益寡|裒斂無厭|裒敛无厌
15060,裓,U+88D3,ge2|jie1,gé|jiē,,
15061,裔,U+88D4,yi4,yì,(bound form) descendants,亞裔|亚裔|少數族裔
15062,裕,U+88D5,yu4,yù,abundant,優裕|优裕|充裕
15063,裖,U+88D6,zhen3,zhěn,,
15064,裗,U+88D7,liu2,liú,,
15065,裘,U+88D8,qiu2,qiú,surname Qiu,克紹箕裘|克绍箕裘|反裘負芻
15066,裙,U+88D9,qun2,qún,old variant of 裙[qun2],一步裙|喇叭裙|圍裙
15067,裚,U+88DA,ji4,jì,,
15068,裛,U+88DB,yi4,yì,to wrap and bind,
15069,補,U+88DC,bu3,bǔ,to repair,不無小補|互補|亡羊補牢
15070,裝,U+88DD,zhuang1,zhuāng,adornment,三件套式西裝|上裝|下裝
15071,裞,U+88DE,shui4,shuì,,
15072,裟,U+88DF,sha1,shā,used in 袈裟[jia1 sha1],袈裟
15073,裠,U+88E0,qun2,qún,old variant of 裙[qun2],
15074,裡,U+88E1,li3,lǐ,lining,不明就裡|不知就裡|也好不到哪裡去
15075,裢,U+88E2,lian2|shao1,lián|shāo,pouch hung from belt,搭裢|褡裢
15076,裣,U+88E3,lian3,liǎn,see 襝衽|裣衽[lian3 ren4],裣衽
15077,裤,U+88E4,ku4,kù,variant of 褲|裤[ku4],G弦裤|T字裤|U凸内裤
15078,裥,U+88E5,jian3,jiǎn,variant of 襉|裥[jian3],
15079,裦,U+88E6,fou2,fóu,,
15080,裧,U+88E7,chan1|chan4|tan3,chān|chàn|tǎn,,
15081,裨,U+88E8,bi4|pi2,bì|pí,surname Pi,大有裨益|裨益|裨補
15082,裩,U+88E9,kun1,kūn,variant of 褌|裈[kun1],
15083,裪,U+88EA,tao2,táo,,
15084,裫,U+88EB,yuan4,yuàn,,
15085,裬,U+88EC,ling2,líng,,
15086,裭,U+88ED,chi3,chǐ,,
15087,裮,U+88EE,chang1,chāng,,
15088,裯,U+88EF,chou2|dao1,chóu|dāo,bed curtain,
15089,裰,U+88F0,duo1,duō,to mend clothes,直裰|補裰|补裰
15090,裱,U+88F1,biao3,biǎo,to hang (paper),裱糊|裱背|裱花袋
15091,裲,U+88F2,liang3,liǎng,waistcoat,
15092,裳,U+88F3,shang|chang2,shang|cháng,lower garment,衣裳|衣裳鈎兒|衣裳钩儿
15093,裴,U+88F4,pei2|fei2,péi|féi,surname Pei,裴回
15094,裵,U+88F5,pei2,péi,variant of 裴[pei2],
15095,裶,U+88F6,fei1,fēi,,
15096,裷,U+88F7,yuan1|gun3,yuān|gǔn,,
15097,裸,U+88F8,luo3,luǒ,variant of 裸[luo3],全裸|半裸|半裸體
15098,裹,U+88F9,guo3,guǒ,to wrap around,包裹|卷裹|封裹
15099,裺,U+88FA,yan3|an1|yan4,yǎn|ān|yàn,,
15100,裻,U+88FB,du2,dú,,
15101,裼,U+88FC,ti4|xi1,tì|xī,baby's quilt,徒裼|袒裼
15102,製,U+88FD,zhi4,zhì,to manufacture,中國製造|中國製造2025|乳製品
15103,裾,U+88FE,ju1|ju4,jū|jù,garment,
15104,裿,U+88FF,yi3|qi3,yǐ|qǐ,,
15105,褀,U+8900,qi2,qí,variant of 綥[qi2],
15106,褁,U+8901,guo3,guǒ,,
15107,褂,U+8902,gua4,guà,(bound form) Chinese-style unlined garment; gown,小褂|汗褂兒|汗褂儿
15108,褃,U+8903,ken4,kèn,,
15109,褄,U+8904,qi1,qī,,
15110,褅,U+8905,ti4,tì,,
15111,褆,U+8906,ti2|shi4,tí|shì,,
15112,複,U+8907,fu4|fu2,fù|fú,to repeat,共軛複數|半保留複製|合義複詞
15113,褈,U+8908,chong2|chong1|zhong4,chóng|chōng|zhòng,,
15114,褉,U+8909,xie4,xiè,short garments,
15115,褊,U+890A,bian3|pian2,biǎn|pián,narrow,褊狹|褊狭
15116,褋,U+890B,die2,dié,,
15117,褌,U+890C,kun1,kūn,pants (old),
15118,褍,U+890D,duan1|tuan1,duān|tuān,,
15119,褎,U+890E,xiu4|you4,xiù|yòu,sleeve,
15120,褏,U+890F,xiu4,xiù,old variant of 袖[xiu4],
15121,褐,U+8910,he4,hè,brown,印緬褐頭雀鶥|印缅褐头雀鹛|川褐頭山雀
15122,褑,U+8911,yuan4|yuan2,yuàn|yuán,,
15123,褒,U+8912,bao1,bāo,to praise,一字褒貶|一字褒贬|褒呔
15124,褓,U+8913,bao3,bǎo,variant of 褓[bao3],褓姆|褓母|襁褓
15125,褔,U+8914,fu4,fù,full up,
15126,褕,U+8915,yu2|tou2,yú|tóu,loose garment,
15127,褖,U+8916,tuan4,tuàn,,
15128,褗,U+8917,yan3,yǎn,,
15129,褘,U+8918,hui1|yi1,huī|yī,a queen's ceremonial gowns,
15130,褙,U+8919,bei4,bèi,paper or cloth pasted together,袼褙|裱褙
15131,褚,U+891A,chu3|zhe3|zhu3,chǔ|zhě|zhǔ,surname Chu,褚人獲|褚人获|褚遂良
15132,褛,U+891B,lv3,lǚ,used in 襤褸|褴褛[lan2 lu : 3],褴褛
15133,褜,U+891C,pao2,páo,,
15134,褝,U+891D,dan1,dān,,
15135,褞,U+891E,yun3|wen1,yǔn|wēn,,
15136,褟,U+891F,ta1,tā,inner shirt,汗褟兒|汗褟儿|褟縧子
15137,褠,U+8920,gou1,gōu,,
15138,褡,U+8921,da1,dā,pouch,掛褡|挂褡|褡褳
15139,褢,U+8922,huai2,huái,to carry in the bosom or the sleeve,
15140,褣,U+8923,rong2,róng,,
15141,褤,U+8924,yuan4,yuàn,,
15142,褥,U+8925,ru4|nu4,rù|nù,mattress,墊褥|垫褥|產褥期
15143,褦,U+8926,nai4,nài,ignorant,
15144,褧,U+8927,jiong3,jiǒng,monotone garment with no lining,
15145,褨,U+8928,suo3|cha2,suǒ|chá,,
15146,褩,U+8929,ban1|pan2,bān|pán,,
15147,褪,U+892A,tui4|tun4,tuì|tùn,to take off (clothes); to shed (feathers),褪下|褪光|褪去
15148,褫,U+892B,chi3,chǐ,to strip,褫奪|褫夺
15149,褬,U+892C,sang3,sǎng,,
15150,褭,U+892D,niao3,niǎo,variant of 裊|袅[niao3],
15151,褮,U+892E,ying1|ying4,yīng|yìng,,
15152,褯,U+892F,jie4,jiè,used in 褯子[jie4 zi5],褯子
15153,褰,U+8930,qian1,qiān,"to lift (clothes, sheets)",
15154,褱,U+8931,huai2,huái,to carry in the bosom or the sleeve,
15155,褲,U+8932,ku4,kù,underpants,G弦褲|T字褲|U凸內褲
15156,褳,U+8933,lian2,lián,pouch hung from belt,搭褳|褡褳
15157,褴,U+8934,lan2,lán,used in 襤褸|褴褛[lan2 lu : 3],褴褛
15158,褵,U+8935,li2,lí,bride's veil or kerchief,結褵|结褵
15159,褶,U+8936,zhe3|die2|xi2,zhě|dié|xí,(arch.) court dress,包子有肉不在褶上|百褶裙|皺褶
15160,褷,U+8937,shi1,shī,,
15161,褸,U+8938,lv3,lǚ,used in 襤褸|褴褛[lan2 lu : 3],襤褸
15162,褹,U+8939,yi4|nie4,yì|niè,,
15163,褺,U+893A,die1,diē,,
15164,褻,U+893B,xie4,xiè,obscene,淫褻|淫詞褻語|猥褻
15165,褼,U+893C,xian1,xiān,,
15166,褽,U+893D,wei4,wèi,collar,
15167,褾,U+893E,biao3,biǎo,cuff,
15168,褿,U+893F,cao2,cáo,,
15169,襀,U+8940,ji1|ji4,jī|jì,,
15170,襁,U+8941,qiang3,qiǎng,string of copper coins,襁褓
15171,襂,U+8942,sen1|shan1,sēn|shān,,
15172,襃,U+8943,bao1|pou2,bāo|póu,variant of 褒[bao1],
15173,襄,U+8944,xiang1,xiāng,surname Xiang,共襄善舉|共襄善举|共襄盛舉
15174,襅,U+8945,bi4,bì,,
15175,襆,U+8946,fu2|pu2,fú|pú,(bound form) a kind of headscarf worn by men in ancient China (variant of 幞[fu2]),
15176,襇,U+8947,jian3,jiǎn,variant of 襉|裥[jian3],
15177,襈,U+8948,zhuan4|juan4,zhuàn|juàn,,
15178,襉,U+8949,jian3,jiǎn,(dialect) fold or pleat (in clothing),
15179,襊,U+894A,cui4|cuo1,cuì|cuō,,
15180,襋,U+894B,ji2,jí,coat collar,
15181,襌,U+894C,dan1,dān,garment without a lining,
15182,襍,U+894D,za2,zá,variant of 雜|杂[za2],
15183,襎,U+894E,fan2|bo4,fán|bò,,
15184,襏,U+894F,bo2|fei4,bó|fèi,used in 襏襫|袯襫[bo2 shi4],襏襫
15185,襐,U+8950,xiang4,xiàng,,
15186,襑,U+8951,xin2,xín,,
15187,襒,U+8952,bie2,bié,,
15188,襓,U+8953,rao2,ráo,,
15189,襔,U+8954,man3,mǎn,,
15190,襕,U+8955,lan2,lán,full length gown (old),
15191,襖,U+8956,ao3,ǎo,coat,夾襖|棉襖|袷襖
15192,襗,U+8957,ze2|duo2|yi4,zé|duó|yì,,
15193,襘,U+8958,gui4|hui4,guì|huì,,
15194,襙,U+8959,cao4,cào,,
15195,襚,U+895A,sui4,suì,grave-clothes,
15196,襛,U+895B,nong2,nóng,bright light,
15197,襜,U+895C,chan1|chan4|dan1,chān|chàn|dān,the front of clothes,
15198,襝,U+895D,lian3|chan1,liǎn|chān,see 襝衽|裣衽[lian3 ren4],襝衽
15199,襞,U+895E,bi4,bì,creases,棕櫚襞|棕榈襞
15200,襟,U+895F,jin1,jīn,lapel,對襟|对襟|扼襟控咽
15201,襠,U+8960,dang1,dāng,crotch,吊襠褲|穿襠|褲襠
15202,襡,U+8961,shu3|du2,shǔ|dú,short skirt or tunic,
15203,襢,U+8962,tan3|zhan4|chan2|zhan1,tǎn|zhàn|chán|zhān,old variant of 袒[tan3],
15204,襣,U+8963,bi4,bì,,
15205,襤,U+8964,lan2,lán,used in 襤褸|褴褛[lan2 lu : 3],襤褸
15206,襥,U+8965,fu2,fú,old variant of 襆[fu2],
15207,襦,U+8966,ru2,rú,jacket,
15208,襧,U+8967,zhi3,zhǐ,,
15209,襨,U+8968,dui4,duì,,
15210,襩,U+8969,shu3,shǔ,,
15211,襪,U+896A,wa4,wà,socks,吊襪帶|大腿襪|泡泡襪
15212,襫,U+896B,shi4,shì,used in 襏襫|袯襫[bo2 shi4],襏襫|袯襫
15213,襬,U+896C,bai3|bei1,bǎi|bēi,variant of 襬|摆[bai3],裙襬
15214,襭,U+896D,xie2,xié,carry with the front of a robe,
15215,襮,U+896E,bo2,bó,embroidered collar,
15216,襯,U+896F,chen4,chèn,(of garments) against the skin,內襯|女襯衫|對襯
15217,襰,U+8970,lai4,lài,,
15218,襱,U+8971,long2|long4,lóng|lòng,,
15219,襲,U+8972,xi2,xí,(bound form) to raid; to attack,一襲|世襲|世襲之爭
15220,襳,U+8973,xian1|shan1,xiān|shān,,
15221,襴,U+8974,lan2,lán,full length gown (old),
15222,襵,U+8975,zhe3|zhe2,zhě|zhé,,
15223,襶,U+8976,dai4,dài,untidy (in dress),
15224,襷,U+8977,ju3,jǔ,,
15225,襸,U+8978,zan4|cuan2,zàn|cuán,,
15226,襹,U+8979,shi1,shī,,
15227,襺,U+897A,jian3,jiǎn,,
15228,襻,U+897B,pan4,pàn,button loop,扣襻|紐襻|纽襻
15229,襼,U+897C,yi4,yì,sleeve of dress,
15230,襽,U+897D,lan2,lán,old variant of 襴|襕[lan2],
15231,襾,U+897E,ya4,yà,cover,
15232,西,U+897F,xi1,xī,the West,一命歸西|一命归西|一東一西
15233,覀,U+8980,xi1,xī,,
15234,要,U+8981,yao4|yao1|yao3,yào|yāo|yǎo,(bound form) to demand; to coerce,一定要|不得要領|不得要领
15235,覂,U+8982,feng3|ban3,fěng|bǎn,to throw a rider,
15236,覃,U+8983,tan2|qin2|yan3,tán|qín|yǎn,surname Qin,覃塘|覃塘區|覃塘区
15237,覄,U+8984,fu4,fù,,
15238,覅,U+8985,fiao4,fiào,contraction of 勿要,
15239,覆,U+8986,fu4,fù,variant of 復|复[fu4],上覆|傾覆|倾覆
15240,覇,U+8987,ba4,bà,variant of 霸[ba4],
15241,覈,U+8988,he2,hé,variant of 核[he2],
15242,覉,U+8989,ji1,jī,variant of 羈|羁[ji1],
15243,覊,U+898A,ji1,jī,variant of 羈|羁[ji1],
15244,見,U+898B,jian4|xian4,jiàn|xiàn,to see,一孔之見|一日不見，如隔三秋|一般見識
15245,覌,U+898C,guan1,guān,variant of 觀|观[guan1],
15246,覍,U+898D,bian4,biàn,,
15247,覎,U+898E,yan4,yàn,(used in place names),覎口
15248,規,U+898F,gui1|gui4|xu4,guī|guì|xù,compass,一般規定|不以規矩，不能成方圓|不規則
15249,覐,U+8990,jue2,jué,old variant of 覺|觉[jiao4],
15250,覑,U+8991,pian3,piǎn,,
15251,覒,U+8992,mao4,mào,,
15252,覓,U+8993,mi4,mì,(literary) to seek,另覓新歡|尋覓|覓取
15253,覔,U+8994,mi4,mì,old variant of 覓|觅[mi4],
15254,覕,U+8995,mie4|pie1,miè|piē,,
15255,視,U+8996,shi4,shì,"(literary, or bound form) to look at",一視同仁|下視|下視丘
15256,覗,U+8997,si4,sì,peek,
15257,覘,U+8998,chan1|dan1|ji1,chān|dān|jī,to observe,覘標
15258,覙,U+8999,luo2,luó,,
15259,覚,U+899A,jue2,jué,Japanese variant of 覺|觉[jue2],
15260,覛,U+899B,mi4,mì,,
15261,覜,U+899C,tiao4,tiào,have an audience,
15262,覝,U+899D,lian2,lián,,
15263,覞,U+899E,yao4,yào,,
15264,覟,U+899F,zhi4,zhì,,
15265,覠,U+89A0,jun1,jūn,,
15266,覡,U+89A1,xi2,xí,wizard,巫覡
15267,覢,U+89A2,shan3,shǎn,,
15268,覣,U+89A3,wei1,wēi,,
15269,覤,U+89A4,xi4,xì,variant of 虩[xi4],
15270,覥,U+89A5,tian3,tiǎn,shameful,靦覥
15271,覦,U+89A6,yu2,yú,to desire passionately,覬覦
15272,覧,U+89A7,lan3,lǎn,Japanese variant of 覽|览,
15273,覨,U+89A8,e4,è,,
15274,覩,U+89A9,du3,dǔ,old variant of 睹[du3],
15275,親,U+89AA,qin1|qing4,qīn|qìng,parent,一親芳澤|三親六故|串親訪友
15276,覫,U+89AB,pang3,pǎng,,
15277,覬,U+89AC,ji4,jì,to covet,覬覦
15278,覭,U+89AD,ming2,míng,,
15279,覮,U+89AE,ying2,yíng,,
15280,覯,U+89AF,gou4,gòu,complete,
15281,覰,U+89B0,qu1|qu4,qū|qù,variant of 覷|觑[qu4],
15282,覱,U+89B1,zhan4|zhan1,zhàn|zhān,,
15283,覲,U+89B2,jin4,jìn,(history) to have an audience with the Emperor,朝覲|覲見
15284,観,U+89B3,guan1,guān,Japanese variant of 觀|观[guan1],
15285,覴,U+89B4,deng1,dēng,,
15286,覵,U+89B5,jian4|bian3,jiàn|biǎn,,
15287,覶,U+89B6,luo2|luan3,luó|luǎn,,
15288,覷,U+89B7,qu4,qù,to spy,四目相覷|小覷|相覷
15289,覸,U+89B8,jian1,jiān,,
15290,覹,U+89B9,wei2,wéi,,
15291,覺,U+89BA,jue2|jiao4,jué|jiào,a nap,一覺醒來|不明覺厲|不知不覺
15292,覻,U+89BB,qu1|qu4,qū|qù,,
15293,覼,U+89BC,luo2,luó,,
15294,覽,U+89BD,lan3|lan4,lǎn|làn,to look at,一覽|一覽無遺|一覽無餘
15295,覾,U+89BE,shen3,shěn,,
15296,覿,U+89BF,di2|ji2,dí|jí,face to face,
15297,觀,U+89C0,guan1|guan4,guān|guàn,surname Guan,三觀|不雅觀|世界觀
15298,见,U+89C1,jian4|xian4,jiàn|xiàn,to see,一孔之见|一日不见，如隔三秋|一般见识
15299,观,U+89C2,guan1|guan4,guān|guàn,surname Guan,三观|不雅观|世界观
15300,觃,U+89C3,yan4,yàn,(used in place names),觃口
15301,规,U+89C4,gui1,guī,variant of 規|规[gui1],一般规定|不以规矩，不能成方圆|不规则
15302,觅,U+89C5,mi4,mì,(literary) to seek,另觅新欢|寻觅|觅取
15303,视,U+89C6,shi4,shì,variant of 視|视[shi4],一视同仁|下视|下视丘
15304,觇,U+89C7,chan1,chān,to observe,觇标
15305,览,U+89C8,lan3,lǎn,to look at,一览|一览无遗|一览无余
15306,觉,U+89C9,jue2|jiao4,jué|jiào,a nap,一觉醒来|不明觉厉|不知不觉
15307,觊,U+89CA,ji4,jì,to covet,觊觎
15308,觋,U+89CB,xi2,xí,wizard,巫觋
15309,觌,U+89CC,di2,dí,face to face,
15310,觍,U+89CD,tian3,tiǎn,shameful,䩄觍
15311,觎,U+89CE,yu2,yú,to desire passionately,觊觎
15312,觏,U+89CF,gou4,gòu,complete,
15313,觐,U+89D0,jin4,jìn,(history) to have an audience with the Emperor,朝觐|觐见
15314,觑,U+89D1,qu4|qu1,qù|qū,to spy,四目相觑|小觑|相觑
15315,角,U+89D2,jiao3|jue2|lu4|gu3,jiǎo|jué|lù|gǔ,surname Jue,一角鯨|一角鲸|七角形
15316,觓,U+89D3,qiu2,qiú,,
15317,觔,U+89D4,jin1,jīn,variant of 筋[jin1],
15318,觕,U+89D5,cu1|chu4|cheng2,cū|chù|chéng,variant of 粗[cu1],
15319,觖,U+89D6,jue2|kui4|gui4,jué|kuì|guì,dissatisfied,
15320,觗,U+89D7,zhi4,zhì,,
15321,觘,U+89D8,chao4,chào,,
15322,觙,U+89D9,ji2,jí,,
15323,觚,U+89DA,gu1,gū,goblet,操觚|率爾操觚|率尔操觚
15324,觛,U+89DB,dan4,dàn,,
15325,觜,U+89DC,zi1|zui3,zī|zuǐ,"number 20 of the 28 constellations 二十八宿, approx. Orion 獵戶座|猎户座",觜宿|觜觽|麟角鳳觜
15326,觝,U+89DD,di3|zhi3,dǐ|zhǐ,to butt,
15327,觞,U+89DE,shang1,shāng,feast,滥觞
15328,觟,U+89DF,hua4|xie4,huà|xiè,,
15329,觠,U+89E0,quan2,quán,,
15330,觡,U+89E1,ge2,gé,horns,
15331,觢,U+89E2,shi4,shì,,
15332,解,U+89E3,jie3|jie4|xie4,jiě|jiè|xiè,surname Xie,一知半解|不可解|不求甚解
15333,觤,U+89E4,gui3,guǐ,,
15334,觥,U+89E5,gong1,gōng,big,兕觥|觥籌交錯|觥筹交错
15335,触,U+89E6,chu4,chù,to touch,一触即溃|一触即发|不触目
15336,觧,U+89E7,jie3|jie4,jiě|jiè,variant of 解[jie3],
15337,觨,U+89E8,hun4,hùn,,
15338,觩,U+89E9,qiu2,qiú,bent upwards,
15339,觪,U+89EA,xing1,xīng,,
15340,觫,U+89EB,su4,sù,used in 觳觫[hu2 su4],觳觫
15341,觬,U+89EC,ni2,ní,,
15342,觭,U+89ED,ji1|qi3|qi2,jī|qǐ|qí,odd,
15343,觮,U+89EE,lu4,lù,,
15344,觯,U+89EF,zhi4,zhì,goblet,
15345,觰,U+89F0,zha1|da3|zha3,zhā|dǎ|zhǎ,,
15346,觱,U+89F1,bi4,bì,fever,觱慄|觱栗|觱篥
15347,觲,U+89F2,xing1,xīng,,
15348,觳,U+89F3,hu2|que4|jue2,hú|què|jué,ancient measuring vessel (same as 斛),觳觫
15349,觴,U+89F4,shang1,shāng,feast,濫觴
15350,觵,U+89F5,gong1,gōng,old variant of 觥[gong1],
15351,觶,U+89F6,zhi4,zhì,goblet,
15352,觷,U+89F7,xue2|hu4,xué|hù,to polish horn,
15353,觸,U+89F8,chu4,chù,to touch,一觸即潰|一觸即發|不觸目
15354,觹,U+89F9,xi1,xī,,
15355,觺,U+89FA,yi2,yí,(of animal horn) sharp,
15356,觻,U+89FB,li4|lu4,lì|lù,,
15357,觼,U+89FC,jue2,jué,buckle,
15358,觽,U+89FD,xi1,xī,"variant of 觿, ivory bodkin for undoing knots",觜觽
15359,觾,U+89FE,yan4,yàn,"variant of 燕[yan4], swallow",
15360,觿,U+89FF,xi1|wei2,xī|wéi,ivory bodkin for undoing knots,
15361,言,U+8A00,yan2|yan4|yin2,yán|yàn|yín,words,一派胡言|一派謊言|一派谎言
15362,訁,U+8A01,yan2,yán,"""speech"" or ""words"" radical in Chinese characters (Kangxi radical 149)",
15363,訂,U+8A02,ding4,dìng,to agree,下訂單|中俄改訂條約|修訂
15364,訃,U+8A03,fu4,fù,to report a bereavement,訃告|訃文|訃聞
15365,訄,U+8A04,qiu2|kao1,qiú|kāo,(literary) to coerce sb,
15366,訅,U+8A05,qiu2,qiú,,
15367,訆,U+8A06,jiao4,jiào,,
15368,訇,U+8A07,hong1|jun4|heng1,hōng|jùn|hēng,surname Hong,阿訇
15369,計,U+8A08,ji4,jì,surname Ji,一年之計在於春|一日之計在於晨|三十六計
15370,訉,U+8A09,fan4,fàn,,
15371,訊,U+8A0A,xun4,xùn,(bound form) to ask; to inquire,中復電訊|信息與通訊技術|偵訊
15372,訋,U+8A0B,diao4,diào,,
15373,訌,U+8A0C,hong4,hòng,strife,內訌
15374,訍,U+8A0D,chai4|cha1|cha4,chài|chā|chà,,
15375,討,U+8A0E,tao3,tǎo,to invite,乞討|催討|公開討論會
15376,訏,U+8A0F,xu1|xu3,xū|xǔ,to boast,
15377,訐,U+8A10,jie2|ji4,jié|jì,to accuse,攻訐
15378,訑,U+8A11,yi2|dan4|shi1|tuo2|tuo3,yí|dàn|shī|tuó|tuǒ,arrogant,
15379,訒,U+8A12,ren4,rèn,(literary) slow in speech,
15380,訓,U+8A13,xun4,xùn,to teach; to train; to admonish,不足為訓|受訓|古訓
15381,訔,U+8A14,yin2,yín,,
15382,訕,U+8A15,shan4,shàn,to mock,搭訕|答訕|訕笑
15383,訖,U+8A16,qi4,qì,finished,付訖|兩訖|收訖
15384,託,U+8A17,tuo1,tuō,to trust,依託|信託|倚託
15385,記,U+8A18,ji4,jì,to record,三國史記|不怕賊偷就怕賊惦記|不記名
15386,訙,U+8A19,xun4,xùn,,
15387,訚,U+8A1A,yin2,yín,surname Yin,
15388,訛,U+8A1B,e2,é,error,以訛傳訛|差訛|訛人
15389,訜,U+8A1C,fen1|bin1,fēn|bīn,,
15390,訝,U+8A1D,ya4,yà,astounded,怪訝|訝異|驚訝
15391,訞,U+8A1E,yao1,yāo,,
15392,訟,U+8A1F,song4,sòng,litigation,刑事訴訟法|包攬詞訟|在訴訟期間
15393,訠,U+8A20,shen3,shěn,,
15394,訡,U+8A21,yin2,yín,,
15395,訢,U+8A22,xin1|xi1|yin2,xīn|xī|yín,pleased,奕訢
15396,訣,U+8A23,jue2,jué,to bid farewell,十六字訣|口訣|拖字訣
15397,訤,U+8A24,xiao2|na2,xiáo|ná,,
15398,訥,U+8A25,ne4,nè,to speak slowly,剛毅木訥|口訥|基希訥烏
15399,訦,U+8A26,chen2,chén,,
15400,訧,U+8A27,you2,yóu,fault,
15401,訨,U+8A28,zhi3,zhǐ,,
15402,訩,U+8A29,xiong1,xiōng,,
15403,訪,U+8A2A,fang3,fǎng,(bound form) to seek by inquiry,上訪|串親訪友|互訪
15404,訫,U+8A2B,xin4,xìn,,
15405,訬,U+8A2C,chao1|miao3|chao3,chāo|miǎo|chǎo,clamor,
15406,設,U+8A2D,she4,shè,to set up; to put in place,下設|不堪設想|中國交通建設
15407,訮,U+8A2E,yan2,yán,,
15408,訯,U+8A2F,sa3|sa4,sǎ|sà,,
15409,訰,U+8A30,zhun4|zhun1,zhùn|zhūn,,
15410,許,U+8A31,xu3|hu3,xǔ|hǔ,surname Xu,不准許|不許|也許
15411,訲,U+8A32,yi4,yì,,
15412,訳,U+8A33,yi4,yì,Japanese variant of 譯|译[yi4],
15413,訴,U+8A34,su4,sù,to complain,上訴|上訴法院|主訴
15414,訵,U+8A35,chi1|chi4,chī|chì,,
15415,訶,U+8A36,he1,hē,to scold,唐吉訶德|堂吉訶德|契訶夫
15416,訷,U+8A37,shen1,shēn,,
15417,訸,U+8A38,he2,hé,,
15418,訹,U+8A39,xu4,xù,to beguile with false stories,
15419,診,U+8A3A,zhen3,zhěn,to examine or treat medically,中德診所|候診|候診室
15420,註,U+8A3B,zhu4,zhù,to annotate; to provide explanatory notes on a written text,偏註|備註|備註欄
15421,証,U+8A3C,zheng4,zhèng,to admonish,
15422,訽,U+8A3D,gou4,gòu,,
15423,訾,U+8A3E,zi1|zi3,zī|zǐ,surname Zi,跂訾
15424,訿,U+8A3F,zi3,zǐ,,
15425,詀,U+8A40,zhan1|che4|dian1|zhan4|tie1,zhān|chè|diān|zhàn|tiē,garrulous,
15426,詁,U+8A41,gu3,gǔ,to comment,訓詁|訓詁學
15427,詂,U+8A42,fu4,fù,,
15428,詃,U+8A43,jian3,jiǎn,,
15429,詄,U+8A44,die2,dié,,
15430,詅,U+8A45,ling2,líng,to sell,
15431,詆,U+8A46,di3|ti4,dǐ|tì,to defame,詆毀|醜詆
15432,詇,U+8A47,yang4,yàng,,
15433,詈,U+8A48,li4,lì,to curse,詈罵|詈骂|詈詞
15434,詉,U+8A49,nao2|na2|nu4,náo|ná|nù,,
15435,詊,U+8A4A,pan4,pàn,pleasing,
15436,詋,U+8A4B,zhou4,zhòu,,
15437,詌,U+8A4C,gan4,gàn,,
15438,詍,U+8A4D,yi4,yì,,
15439,詎,U+8A4E,ju4,jù,how (interj. of surprise),
15440,詏,U+8A4F,yao4,yào,,
15441,詐,U+8A50,zha4,zhà,to cheat,兵不厭詐|奸詐|巧詐
15442,詑,U+8A51,yi2|tuo2|duo4|yi1|xi1,yí|tuó|duò|yī|xī,cheat,
15443,詒,U+8A52,yi2|dai4|tai2,yí|dài|tái,(archaic) to present,
15444,詓,U+8A53,qu3,qǔ,,
15445,詔,U+8A54,zhao4|zhao1,zhào|zhāo,(literary) to admonish,下詔|先帝遺詔|南詔
15446,評,U+8A55,ping2,píng,to discuss,不予置評|不予評論|佳評如潮
15447,詖,U+8A56,bi4,bì,unfair,
15448,詗,U+8A57,xiong4,xiòng,(literary) to spy,
15449,詘,U+8A58,qu1|chu4,qū|chù,to bend,
15450,詙,U+8A59,ba2|bo2,bá|bó,,
15451,詚,U+8A5A,da2,dá,,
15452,詛,U+8A5B,zu3,zǔ,curse,咒詛|詛咒
15453,詜,U+8A5C,tao1,tāo,,
15454,詝,U+8A5D,zhu3,zhǔ,wisdom,奕詝
15455,詞,U+8A5E,ci2,cí,word,一面之詞|上位詞|下位詞
15456,詟,U+8A5F,zhe2,zhé,to be frightened,
15457,詠,U+8A60,yong3,yǒng,to sing,吟詠|歌詠|袁詠儀
15458,詡,U+8A61,xu3,xǔ,to brag,自詡
15459,詢,U+8A62,xun2,xún,to ask about,咨詢|國際電報電話諮詢委員會|徵詢
15460,詣,U+8A63,yi4,yì,to go (to visit a superior),淵詣|絕詣|苦心孤詣
15461,詤,U+8A64,huang3,huǎng,,
15462,詥,U+8A65,he2|ge2,hé|gé,,
15463,試,U+8A66,shi4,shì,to test,中試|以身試法|全面禁止核試驗條約
15464,詧,U+8A67,cha2|qie4,chá|qiè,variant of 察[cha2],
15465,詨,U+8A68,xiao4,xiào,"kind of cicada, cosmopsaltria",
15466,詩,U+8A69,shi1,shī,"abbr. for Shijing 詩經|诗经[Shi1 jing1], the Book of Songs",一節詩|七言律詩|今體詩
15467,詪,U+8A6A,hen3,hěn,,
15468,詫,U+8A6B,cha4|du4,chà|dù,to be surprised,甚感詫異|詫異|驚詫
15469,詬,U+8A6C,gou4|hou4,gòu|hòu,disgrace,嗔詬|尤詬|攘詬
15470,詭,U+8A6D,gui3,guǐ,(bound form) sly; crafty,奇詭|弔詭|弔詭矜奇
15471,詮,U+8A6E,quan2,quán,to explain,正教真詮|真詮|詮解
15472,詯,U+8A6F,hui4,huì,,
15473,詰,U+8A70,jie2,jié,(bound form) to question closely; to interrogate,反詰|反詰問|盤詰
15474,話,U+8A71,hua4,huà,dialect,一句話|一家人不說兩家話|一席話
15475,該,U+8A72,gai1,gāi,should,不該|亞該亞|合該
15476,詳,U+8A73,xiang2|yang2,xiáng|yáng,detailed,不詳|作者不詳|作者未詳
15477,詴,U+8A74,wei1,wēi,,
15478,詵,U+8A75,shen1,shēn,to inform,
15479,詶,U+8A76,zhou4|chou2,zhòu|chóu,old variant of 酬[chou2],
15480,詷,U+8A77,tong2|dong4,tóng|dòng,,
15481,詸,U+8A78,mi2,mí,variant of 謎|谜[mi2],
15482,詹,U+8A79,zhan1|dan4,zhān|dàn,surname Zhan,詹天佑|詹姆斯|詹姆斯·喬伊斯
15483,詺,U+8A7A,ming4,mìng,,
15484,詻,U+8A7B,e4|lve4|luo4,è|lüè|luò,harsh,
15485,詼,U+8A7C,hui1,huī,whimsical,詼諧
15486,詽,U+8A7D,yan2,yán,,
15487,詾,U+8A7E,xiong1,xiōng,,
15488,詿,U+8A7F,gua4,guà,to deceive,
15489,誀,U+8A80,er4|chi3,èr|chǐ,,
15490,誁,U+8A81,bing4,bìng,,
15491,誂,U+8A82,tiao3|diao4,tiǎo|diào,to tempt,
15492,誃,U+8A83,yi2|chi3|chi4|duo4,yí|chǐ|chì|duò,to separate,
15493,誄,U+8A84,lei3,lěi,to eulogize the dead,
15494,誅,U+8A85,zhu1,zhū,to put (a criminal) to death,人不為己，天誅地滅|伏誅|口誅筆伐
15495,誆,U+8A86,kuang1,kuāng,to mislead,誆騙
15496,誇,U+8A87,kua1|qu4,kuā|qù,to boast; to exaggerate,浮誇|王婆賣瓜，自賣自誇|老王賣瓜，自賣自誇
15497,誈,U+8A88,wu1,wū,,
15498,誉,U+8A89,yu4,yù,to praise,不名誉|交口称誉|享誉
15499,誊,U+8A8A,teng2,téng,to transcribe; to copy out,誊写|誊录
15500,誋,U+8A8B,ji4,jì,variant of 忌[ji4],
15501,誌,U+8A8C,zhi4,zhì,sign,不以詞害誌|交通標誌|代誌
15502,認,U+8A8D,ren4,rèn,to recognize,不承認主義|低頭認罪|供認
15503,誎,U+8A8E,cu4,cù,,
15504,誏,U+8A8F,lang3|lang4,lǎng|làng,,
15505,誐,U+8A90,e2|e3,é|ě,,
15506,誑,U+8A91,kuang2,kuáng,to deceive; to dupe,誑語
15507,誒,U+8A92,ei2|xi1|yi4|ê1|ê2|ê3|ei3|ê4|ei4|ei1,éi|xī|yì|ê̄|ế|ê̌|ěi|ề|èi|ēi,variant of 欸[ei1],
15508,誓,U+8A93,shi4,shì,oath,作誓|信誓旦旦|宣誓
15509,誔,U+8A94,ting3,tǐng,,
15510,誕,U+8A95,dan4,dàn,birth,任誕|佛誕日|怪誕
15511,誖,U+8A96,bei4,bèi,old variant of 悖[bei4],
15512,誗,U+8A97,chan2,chán,,
15513,誘,U+8A98,you4,yòu,(literary) to induce; to entice,利誘|勸誘|哄誘
15514,誙,U+8A99,keng1,kēng,(arch.) definitely,
15515,誚,U+8A9A,qiao4,qiào,ridicule,譏誚
15516,誛,U+8A9B,qin1,qīn,,
15517,誜,U+8A9C,shua4,shuà,,
15518,誝,U+8A9D,an1,ān,,
15519,語,U+8A9E,yu3|yu4,yǔ|yù,dialect,一語不發|一語中的|一語成讖
15520,誟,U+8A9F,xiao4,xiào,,
15521,誠,U+8AA0,cheng2,chéng,(bound form) sincere; authentic,一秉虔誠|坦誠|坦誠相見
15522,誡,U+8AA1,jie4,jiè,commandment,勸誡|十誡|告誡
15523,誢,U+8AA2,xian4,xiàn,,
15524,誣,U+8AA3,wu1,wū,to accuse falsely,冤誣|反誣|攀誣
15525,誤,U+8AA4,wu4,wù,mistake,不誤|偏誤|兩不誤
15526,誥,U+8AA5,gao4,gào,to enjoin,
15527,誦,U+8AA6,song4,sòng,to read aloud,傳誦|吟誦|告誦
15528,誧,U+8AA7,bu1,bū,huge,
15529,誨,U+8AA8,hui4,huì,to teach,學而不厭，誨人不倦|教誨|規誨
15530,誩,U+8AA9,jing4,jìng,,
15531,說,U+8AAA,shuo1,shuō,to persuade,一家人不說兩家話|一般來說|一般說來
15532,誫,U+8AAB,zhen4,zhèn,,
15533,説,U+8AAC,shuo1|shui4|yue4|tuo1,shuō|shuì|yuè|tuō,variant of 說|说[shuo1],那還用説
15534,読,U+8AAD,du2,dú,Japanese variant of 讀|读[du2],
15535,誮,U+8AAE,hua1,huā,,
15536,誯,U+8AAF,chang4,chàng,old variant of 唱[chang4],
15537,誰,U+8AB0,shui2|shei2,shuí|shéi,who,人誰無過|愛誰誰|沒誰了
15538,誱,U+8AB1,jie2,jié,,
15539,課,U+8AB2,ke4,kè,subject,上課|下課|代課
15540,誳,U+8AB3,qu1|jue4,qū|juè,,
15541,誴,U+8AB4,cong2,cóng,,
15542,誵,U+8AB5,xiao2,xiáo,,
15543,誶,U+8AB6,sui4,suì,abuse,
15544,誷,U+8AB7,wang3,wǎng,,
15545,誸,U+8AB8,xian2,xián,,
15546,誹,U+8AB9,fei3,fěi,slander,腹誹|誹聞|誹謗
15547,誺,U+8ABA,chi1|lai4,chī|lài,,
15548,誻,U+8ABB,ta4,tà,,
15549,誼,U+8ABC,yi4,yì,friendship,交誼|交誼舞|厚誼
15550,誽,U+8ABD,ni4|na2,nì|ná,,
15551,誾,U+8ABE,yin2,yín,surname Yin,
15552,調,U+8ABF,diao4|tiao2|zhou1,diào|tiáo|zhōu,to transfer,上同調|上調|下調
15553,諀,U+8AC0,pi3|bei1,pǐ|bēi,,
15554,諁,U+8AC1,zhuo2,zhuó,,
15555,諂,U+8AC2,chan3,chǎn,to flatter,諂媚|諂媚者|讒諂
15556,諃,U+8AC3,chen1,chēn,,
15557,諄,U+8AC4,zhun1,zhūn,repeatedly (in giving advice),諄諄|諄諄告誡
15558,諅,U+8AC5,ji4|ji1,jì|jī,,
15559,諆,U+8AC6,qi1,qī,to deceive; to cheat,
15560,談,U+8AC7,tan2,tán,surname Tan,不經之談|交談|侃侃而談
15561,諈,U+8AC8,zhui4,zhuì,,
15562,諉,U+8AC9,wei3,wěi,to shirk,互相推諉|推諉|諉過
15563,諊,U+8ACA,ju1,jū,,
15564,請,U+8ACB,qing3|qing4|qing2,qǐng|qìng|qíng,to ask,三催四請|不情之請|不請自來
15565,諌,U+8ACC,dong3,dǒng,variant of 諫|谏[jian4],
15566,諍,U+8ACD,zheng4|zheng1,zhèng|zhēng,to admonish,諍人|諍友|諍臣
15567,諎,U+8ACE,ze2|cuo4|zuo4|zha3|jie4,zé|cuò|zuò|zhǎ|jiè,,
15568,諏,U+8ACF,zou1|zhou1,zōu|zhōu,to choose,
15569,諐,U+8AD0,qian1,qiān,old variant of 愆[qian1],
15570,諑,U+8AD1,zhuo2,zhuó,to complain,
15571,諒,U+8AD2,liang4|liang2,liàng|liáng,to show understanding,原諒|原諒色|見諒
15572,諓,U+8AD3,jian4,jiàn,,
15573,諔,U+8AD4,chu4|ji2,chù|jí,,
15574,諕,U+8AD5,hao2|xia4|huo4,háo|xià|huò,to intimidate,
15575,論,U+8AD6,lun4|lun2,lùn|lún,"abbr. for 論語|论语[Lun2 yu3], The Analects (of Confucius)",一元論|一概而論|一神論
15576,諗,U+8AD7,shen3|nie4,shěn|niè,to know,
15577,諘,U+8AD8,biao3,biǎo,,
15578,諙,U+8AD9,hua4,huà,old variant of 話|话[hua4],
15579,諚,U+8ADA,pian2,pián,,
15580,諛,U+8ADB,yu2,yú,to flatter,諛辭|阿諛|阿諛奉承
15581,諜,U+8ADC,die2|xie4,dié|xiè,to spy,反間諜|台諜|臺諜
15582,諝,U+8ADD,xu1,xū,(literary) ability and wisdom,
15583,諞,U+8ADE,pian3|pian2,piǎn|pián,to brag,
15584,諟,U+8ADF,shi4|di4,shì|dì,to examine,
15585,諠,U+8AE0,xuan1,xuān,variant of 喧[xuan1],諠呼
15586,諡,U+8AE1,shi4,shì,(bound form) posthumous name or title,諡號|追諡
15587,諢,U+8AE2,hun4,hùn,jest,打諢|插科打諢|撒科打諢
15588,諣,U+8AE3,hua4|gua1,huà|guā,,
15589,諤,U+8AE4,e4,è,honest speech,薛定諤|薛定諤方程
15590,諥,U+8AE5,zhong4,zhòng,,
15591,諦,U+8AE6,di4|ti2,dì|tí,to examine,四聖諦|四諦|審諦
15592,諧,U+8AE7,xie2,xié,(bound form) harmonious,元音和諧|和諧|和諧性
15593,諨,U+8AE8,fu2,fú,,
15594,諩,U+8AE9,pu3,pǔ,,
15595,諪,U+8AEA,ting2,tíng,,
15596,諫,U+8AEB,jian4|lan4,jiàn|làn,surname Jian,勸諫|幾諫|從諫如流
15597,諬,U+8AEC,qi3,qǐ,,
15598,諭,U+8AED,yu4|tou3,yù|tǒu,order (from above),上諭|告諭|曉諭
15599,諮,U+8AEE,zi1,zī,(bound form) to consult; to seek advice; to take counsel,同儕諮商|國際電報電話諮詢委員會|諮商
15600,諯,U+8AEF,zhuan1,zhuān,,
15601,諰,U+8AF0,xi3|shai1|ai1,xǐ|shāi|āi,,
15602,諱,U+8AF1,hui4,huì,to avoid mentioning,不諱|供認不諱|名諱
15603,諲,U+8AF2,yin1,yīn,,
15604,諳,U+8AF3,an1|tou3,ān|tǒu,to be versed in,不諳世故|不諳水性|深諳
15605,諴,U+8AF4,xian2|gan1,xián|gān,to bring into accord,
15606,諵,U+8AF5,nan2|nan4,nán|nàn,mumble in repetition,
15607,諶,U+8AF6,chen2,chén,surname Chen,
15608,諷,U+8AF7,feng3|feng4,fěng|fèng,to satirize,仿諷|借古諷今|冷嘲熱諷
15609,諸,U+8AF8,zhu1|chu2,zhū|chú,surname Zhu,三個臭皮匠，勝過一個諸葛亮|三個臭皮匠，合成一個諸葛亮|三個臭皮匠，賽過一個諸葛亮
15610,諹,U+8AF9,yang2,yáng,,
15611,諺,U+8AFA,yan4,yàn,proverb,俗諺|俗諺口碑|俚諺
15612,諻,U+8AFB,huang2,huáng,,
15613,諼,U+8AFC,xuan1,xuān,to deceive,
15614,諽,U+8AFD,ge2,gé,,
15615,諾,U+8AFE,nuo4,nuò,to consent,一呼百諾|一諾千金|伊利諾
15616,諿,U+8AFF,qi1|xu3,qī|xǔ,,
15617,謀,U+8B00,mou2,móu,to plan,不在其位，不謀其政|不謀而合|串謀
15618,謁,U+8B01,ye4|ai3,yè|ǎi,to visit (a superior),參謁|叩謁|干謁
15619,謂,U+8B02,wei4,wèi,surname Wei,一之謂甚|不知所謂|不謂
15620,謃,U+8B03,xing1,xīng,,
15621,謄,U+8B04,teng2,téng,to transcribe; to copy out,謄寫|謄錄
15622,謅,U+8B05,zhou1|chou1|chao3,zhōu|chōu|chǎo,to make up (a story),文謅謅|胡謅|胡謅亂傍
15623,謆,U+8B06,shan4,shàn,to beguile,
15624,謇,U+8B07,jian3,jiǎn,to speak out boldly,
15625,謈,U+8B08,po2|pao2,pó|páo,,
15626,謉,U+8B09,kui4|dui3|tui2|gui3,kuì|duǐ|tuí|guǐ,,
15627,謊,U+8B0A,huang3,huǎng,lies,一派謊言|善意的謊言|圓謊
15628,謋,U+8B0B,huo4,huò,sound of flesh being separated from the bone,
15629,謌,U+8B0C,ge1,gē,variant of 歌[ge1],
15630,謍,U+8B0D,ying2|ying1|hong1,yíng|yīng|hōng,humming sound,
15631,謎,U+8B0E,mi2,mí,"see 謎兒|谜儿[mei4 r5], riddle",啞謎|字謎|打啞謎
15632,謏,U+8B0F,xiao3|sou3|sou4,xiǎo|sǒu|sòu,to induce,
15633,謐,U+8B10,mi4,mì,(literary) quiet; peaceful; tranquil,安謐|恬謐|靜謐
15634,謑,U+8B11,xi3|xia4|xi2,xǐ|xià|xí,shame,
15635,謒,U+8B12,qiang1,qiāng,,
15636,謓,U+8B13,chen1|zhen4,chēn|zhèn,,
15637,謔,U+8B14,xue4,xuè,joy,嘲謔|戲謔|調謔
15638,謕,U+8B15,ti2|si1,tí|sī,,
15639,謖,U+8B16,su4,sù,composed,
15640,謗,U+8B17,bang4,bàng,to slander,毀謗|誹謗
15641,謘,U+8B18,chi2,chí,,
15642,謙,U+8B19,qian1|zhan4,qiān|zhàn,modest,囊謙|囊謙縣|滿招損，謙受益
15643,謚,U+8B1A,shi4|yi4|xi4,shì|yì|xì,variant of 諡|谥[shi4],
15644,講,U+8B1B,jiang3,jiǎng,to speak,一般來講|主旨演講|主講
15645,謜,U+8B1C,yuan2|quan2,yuán|quán,,
15646,謝,U+8B1D,xie4,xiè,surname Xie,不用謝|不謝|代謝
15647,謞,U+8B1E,he4|xiao1,hè|xiāo,,
15648,謟,U+8B1F,tao1,tāo,,
15649,謠,U+8B20,yao2,yáo,popular ballad,傳謠|大謠|歌謠
15650,謡,U+8B21,yao2,yáo,variant of 謠|谣[yao2],
15651,謢,U+8B22,lu1,lū,,
15652,謣,U+8B23,yu2|xu1,yú|xū,,
15653,謤,U+8B24,biao1|piao1,biāo|piāo,,
15654,謥,U+8B25,cong4,còng,,
15655,謦,U+8B26,qing3|qing4,qǐng|qìng,cough slightly,
15656,謧,U+8B27,li2,lí,,
15657,謨,U+8B28,mo2,mó,plan,休謨|德謨克拉西|忽魯謨斯
15658,謩,U+8B29,mo2,mó,old variant of 謨|谟[mo2],
15659,謪,U+8B2A,shang1,shāng,to discuss (old variant of 商[shang1]),
15660,謫,U+8B2B,zhe2|ze2,zhé|zé,to relegate a high official to a minor post in an outlying region (punishment in imperial China),指謫|謫仙|謫居
15661,謬,U+8B2C,miu4,miù,(bound form) false; erroneous; absurd,乖謬|失之毫厘，謬以千里|差之毫釐，謬以千里
15662,謭,U+8B2D,jian3,jiǎn,shallow,
15663,謮,U+8B2E,ze2,zé,,
15664,謯,U+8B2F,jie1|zha1|zha3|zu3,jiē|zhā|zhǎ|zǔ,,
15665,謰,U+8B30,lian2,lián,,
15666,謱,U+8B31,lou2|lv3,lóu|lǚ,,
15667,謲,U+8B32,can4|zao4|san1|chen3,càn|zào|sān|chěn,,
15668,謳,U+8B33,ou1|xu2,ōu|xú,to sing,謳吟|謳歌
15669,謴,U+8B34,gun4,gùn,,
15670,謵,U+8B35,xi2|che4,xí|chè,,
15671,謶,U+8B36,zhuo2|shu4|zhe1,zhuó|shù|zhē,,
15672,謷,U+8B37,ao2|ao4,áo|ào,greatness,
15673,謸,U+8B38,ao2,áo,,
15674,謹,U+8B39,jin3,jǐn,cautious,勤謹|嚴謹|小心謹慎
15675,謺,U+8B3A,zhe2,zhé,,
15676,謻,U+8B3B,yi2|chi2,yí|chí,,
15677,謼,U+8B3C,hu1|xiao1,hū|xiāo,to shout,
15678,謽,U+8B3D,jiang4,jiàng,,
15679,謾,U+8B3E,man2|man4,mán|màn,to deceive,謾罵
15680,謿,U+8B3F,chao2,cháo,,
15681,譀,U+8B40,han4|xian4,hàn|xiàn,,
15682,譁,U+8B41,hua2|wa4,huá|wà,variant of 嘩|哗[hua2],譁然
15683,譂,U+8B42,chan3|dan4,chǎn|dàn,,
15684,譃,U+8B43,xu1,xū,,
15685,譄,U+8B44,zeng1,zēng,,
15686,譅,U+8B45,se4,sè,talkative,
15687,譆,U+8B46,xi1,xī,"(interjection expressing surprise, grief etc)",
15688,譇,U+8B47,zha1,zhā,,
15689,譈,U+8B48,dui4,duì,dislike,
15690,證,U+8B49,zheng4,zhèng,certificate,上海證券交易所|上海證券交易所綜合股價指數|上證
15691,譊,U+8B4A,nao2|xiao1,náo|xiāo,"wrangling, contention, to dispute",
15692,譋,U+8B4B,lan2,lán,,
15693,譌,U+8B4C,e2|wa2|gui3,é|wá|guǐ,variant of 訛|讹[e2],
15694,譍,U+8B4D,ying1|ying4,yīng|yìng,,
15695,譎,U+8B4E,jue2,jué,deceitful,奇譎|詭譎
15696,譏,U+8B4F,ji1,jī,to ridicule,反唇相譏|譏刺|譏笑
15697,譐,U+8B50,zun3,zǔn,,
15698,譑,U+8B51,jiao3|qiao4,jiǎo|qiào,,
15699,譒,U+8B52,bo4,bò,to promulgate,
15700,譓,U+8B53,hui4,huì,,
15701,譔,U+8B54,zhuan4|quan2,zhuàn|quán,variant of 撰[zhuan4],
15702,譕,U+8B55,wu2|mo2,wú|mó,,
15703,譖,U+8B56,zen4|jian4,zèn|jiàn,to slander,譖言
15704,譗,U+8B57,zha2,zhá,,
15705,識,U+8B58,shi2|shi4|zhi4,shí|shì|zhì,to know,一丁不識|一字不識|一般見識
15706,譙,U+8B59,qiao4|qiao2,qiào|qiáo,surname Qiao,南譙|南譙區|譙城
15707,譚,U+8B5A,tan2,tán,surname Tan,天方夜譚|譚嗣同|譚富英
15708,譛,U+8B5B,zen4,zèn,,
15709,譜,U+8B5C,pu3,pǔ,chart,五線譜|光譜|光譜儀
15710,譝,U+8B5D,sheng2,shéng,,
15711,譞,U+8B5E,xuan1,xuān,usually used in a name,
15712,譟,U+8B5F,zao4,zào,variant of 噪[zao4],
15713,譠,U+8B60,tan2,tán,,
15714,譡,U+8B61,dang3,dǎng,old variant of 讜|谠[dang3],
15715,譢,U+8B62,sui4,suì,old variant of 誶|谇[sui4],
15716,譣,U+8B63,xian3,xiǎn,,
15717,譤,U+8B64,ji1,jī,,
15718,譥,U+8B65,jiao4,jiào,,
15719,警,U+8B66,jing3,jǐng,to alert,中國人民武裝警察部隊|中国人民武装警察部队|乘警
15720,譧,U+8B67,zhan4|lian2,zhàn|lián,,
15721,譨,U+8B68,nang2|nou2,náng|nóu,,
15722,譩,U+8B69,yi1,yī,"variant of 噫, yeah (interjection of approval)",
15723,譪,U+8B6A,ai3,ǎi,,
15724,譫,U+8B6B,zhan1,zhān,(literary) to rant; to rave; to be delirious,譫妄
15725,譬,U+8B6C,pi4,pì,to give an example,譬喻|譬如|譬如說
15726,譭,U+8B6D,hui3,huǐ,variant of 毀|毁[hui3],黃鐘譭棄瓦釜雷鳴
15727,譮,U+8B6E,hua4|xie4|hui4,huà|xiè|huì,,
15728,譯,U+8B6F,yi4,yì,to translate,中譯語通|互譯|交叉編譯器
15729,議,U+8B70,yi4,yì,to comment on,上議院|下議院|下議院議員
15730,譱,U+8B71,shan4,shàn,old variant of 善[shan4],
15731,譲,U+8B72,rang4,ràng,Japanese variant of 讓|让,
15732,譳,U+8B73,nou4,nòu,,
15733,譴,U+8B74,qian3,qiǎn,to censure,呵譴|天譴|自譴
15734,譵,U+8B75,dui4,duì,,
15735,譶,U+8B76,ta4,tà,to talk fast,
15736,護,U+8B77,hu4,hù,to protect,一類保護動物|三北防護林|伊通自然保護區
15737,譸,U+8B78,zhou1|chou2,zhōu|chóu,(literary) to curse,
15738,譹,U+8B79,hao2,háo,to shout,
15739,譺,U+8B7A,ai4|yi3|ni3|yi4|yi2,ài|yǐ|nǐ|yì|yí,,
15740,譻,U+8B7B,ying1,yīng,,
15741,譼,U+8B7C,jian4,jiàn,,
15742,譽,U+8B7D,yu4,yù,to praise,不名譽|交口稱譽|享譽
15743,譾,U+8B7E,jian3,jiǎn,variant of 謭|谫[jian3],
15744,譿,U+8B7F,hui4,huì,,
15745,讀,U+8B80,du2|dou4,dú|dòu,comma,以饗讀者|住讀|修讀
15746,讁,U+8B81,zhe2,zhé,variant of 謫|谪[zhe2],
15747,讂,U+8B82,xuan4,xuàn,,
15748,讃,U+8B83,zan4,zàn,variant of 讚|赞[zan4],
15749,讄,U+8B84,lei3,lěi,,
15750,讅,U+8B85,shen3,shěn,to investigate,
15751,讆,U+8B86,wei4,wèi,to exaggerate,
15752,讇,U+8B87,chan3,chǎn,to talk in one's sleep,
15753,讈,U+8B88,li4,lì,,
15754,讉,U+8B89,yi2|tui1,yí|tuī,,
15755,變,U+8B8A,bian4,biàn,to change,一二八事變|一成不變|七七事變
15756,讋,U+8B8B,zhe2,zhé,to be frightened,
15757,讌,U+8B8C,yan4,yàn,variant of 宴[yan4],筵讌|讌饗
15758,讍,U+8B8D,e4,è,,
15759,讎,U+8B8E,chou2,chóu,variant of 仇[chou2],仇讎
15760,讏,U+8B8F,wei4,wèi,variant of 讆[wei4],
15761,讐,U+8B90,chou2,chóu,variant of 仇[chou2],
15762,讑,U+8B91,yao4,yào,,
15763,讒,U+8B92,chan2,chán,to slander,讒佞|讒害|讒言
15764,讓,U+8B93,rang4,ràng,to yield,不讓鬚眉|不遑多讓|互不相讓
15765,讔,U+8B94,yin3,yǐn,,
15766,讕,U+8B95,lan2,lán,to make a false charge,讕言|讕調
15767,讖,U+8B96,chen4|chan4,chèn|chàn,(literary) prophecy; omen,一語成讖|讖緯|讖語
15768,讗,U+8B97,xie2,xié,,
15769,讘,U+8B98,nie4,niè,(old) to talk a lot,
15770,讙,U+8B99,huan1|huan4,huān|huàn,hubbub,
15771,讚,U+8B9A,zan4,zàn,(bound form) to praise; to laud (variant of 贊|赞[zan4]),按讚|滿口稱讚|盛讚
15772,讛,U+8B9B,yi4,yì,,
15773,讜,U+8B9C,dang3|dang4,dǎng|dàng,honest,
15774,讝,U+8B9D,zhan2|zhan1,zhán|zhān,,
15775,讞,U+8B9E,yan4,yàn,to decide judicially,定讞
15776,讟,U+8B9F,du2,dú,to murmur,
15777,讠,U+8BA0,yan2,yán,"""speech"" or ""words"" radical in Chinese characters (Kangxi radical 149)",
15778,计,U+8BA1,ji4,jì,surname Ji,一年之计在于春|一日之计在于晨|三十六计
15779,订,U+8BA2,ding4,dìng,to agree,下订单|中俄改订条约|修订
15780,讣,U+8BA3,fu4,fù,to report a bereavement,讣告|讣文|讣闻
15781,认,U+8BA4,ren4,rèn,to recognize,不承认主义|低头认罪|供认
15782,讥,U+8BA5,ji1,jī,to ridicule,反唇相讥|讥刺|讥笑
15783,讦,U+8BA6,jie2,jié,to accuse,攻讦
15784,讧,U+8BA7,hong4,hòng,strife,内讧
15785,讨,U+8BA8,tao3,tǎo,to invite,乞讨|催讨|公开讨论会
15786,让,U+8BA9,rang4,ràng,to yield,不让须眉|不遑多让|互不相让
15787,讪,U+8BAA,shan4,shàn,to mock,搭讪|答讪|讪笑
15788,讫,U+8BAB,qi4,qì,finished,付讫|两讫|收讫
15789,讬,U+8BAC,tuo1,tuō,nonstandard simplified variant of 託|托[tuo1],
15790,训,U+8BAD,xun4,xùn,to teach; to train; to admonish,不足为训|受训|古训
15791,议,U+8BAE,yi4,yì,to comment on,上议院|下议院|下议院议员
15792,讯,U+8BAF,xun4,xùn,(bound form) to ask; to inquire,中复电讯|信息与通讯技术|侦讯
15793,记,U+8BB0,ji4,jì,to record,三国史记|不怕贼偷就怕贼惦记|不记名
15794,讱,U+8BB1,ren4,rèn,(literary) slow in speech,
15795,讲,U+8BB2,jiang3,jiǎng,to speak,一般来讲|主旨演讲|主讲
15796,讳,U+8BB3,hui4,huì,to avoid mentioning,不讳|供认不讳|名讳
15797,讴,U+8BB4,ou1,ōu,to sing,讴吟|讴歌
15798,讵,U+8BB5,ju4,jù,how (interj. of surprise),
15799,讶,U+8BB6,ya4,yà,astounded,怪讶|讶异|惊讶
15800,讷,U+8BB7,ne4,nè,to speak slowly,刚毅木讷|口讷|基希讷乌
15801,许,U+8BB8,xu3|hu3,xǔ|hǔ,surname Xu,不准许|不许|也许
15802,讹,U+8BB9,e2,é,error,以讹传讹|差讹|讹人
15803,论,U+8BBA,lun4|lun2,lùn|lún,"abbr. for 論語|论语[Lun2 yu3], The Analects (of Confucius)",一元论|一概而论|一神论
15804,讻,U+8BBB,xiong1,xiōng,,
15805,讼,U+8BBC,song4,sòng,litigation,刑事诉讼法|包揽词讼|在诉讼期间
15806,讽,U+8BBD,feng3|feng4,fěng|fèng,to satirize,仿讽|借古讽今|冷嘲热讽
15807,设,U+8BBE,she4,shè,to set up; to put in place,下设|不堪设想|中国交通建设
15808,访,U+8BBF,fang3,fǎng,(bound form) to seek by inquiry,上访|串亲访友|互访
15809,诀,U+8BC0,jue2,jué,to bid farewell,十六字诀|口诀|拖字诀
15810,证,U+8BC1,zheng4,zhèng,to admonish,上海证券交易所|上海证券交易所综合股价指数|上证
15811,诂,U+8BC2,gu3,gǔ,to comment,训诂|训诂学
15812,诃,U+8BC3,he1,hē,to scold,唐吉诃德|堂吉诃德|契诃夫
15813,评,U+8BC4,ping2,píng,to discuss,不予置评|不予评论|佳评如潮
15814,诅,U+8BC5,zu3,zǔ,curse,咒诅|诅咒
15815,识,U+8BC6,shi2|shi4|zhi4,shí|shì|zhì,to know,一丁不识|一字不识|一般见识
15816,诇,U+8BC7,xiong4,xiòng,(literary) to spy,
15817,诈,U+8BC8,zha4,zhà,to cheat,兵不厌诈|奸诈|巧诈
15818,诉,U+8BC9,su4,sù,variant of 訴|诉[su4],上诉|上诉法院|主诉
15819,诊,U+8BCA,zhen3,zhěn,to examine or treat medically,中德诊所|候诊|候诊室
15820,诋,U+8BCB,di3,dǐ,to defame,诋毁|丑诋
15821,诌,U+8BCC,zhou1,zhōu,to make up (a story),文诌诌|胡诌|胡诌乱傍
15822,词,U+8BCD,ci2,cí,old variant of 詞|词[ci2],一面之词|上位词|下位词
15823,诎,U+8BCE,qu1,qū,to bend,
15824,诏,U+8BCF,zhao4,zhào,(literary) to admonish,下诏|先帝遗诏|南诏
15825,诐,U+8BD0,bi4,bì,unfair,
15826,译,U+8BD1,yi4,yì,to translate,中译语通|互译|交叉编译器
15827,诒,U+8BD2,yi2,yí,(archaic) to present,
15828,诓,U+8BD3,kuang1,kuāng,to mislead,诓骗
15829,诔,U+8BD4,lei3,lěi,to eulogize the dead,
15830,试,U+8BD5,shi4,shì,to test,中试|以身试法|全面禁止核试验条约
15831,诖,U+8BD6,gua4,guà,to deceive,
15832,诗,U+8BD7,shi1,shī,"abbr. for Shijing 詩經|诗经[Shi1 jing1], the Book of Songs",一节诗|七言律诗|今体诗
15833,诘,U+8BD8,ji2|jie2,jí|jié,(bound form) to question closely; to interrogate,反诘|反诘问|盘诘
15834,诙,U+8BD9,hui1,huī,whimsical,诙谐
15835,诚,U+8BDA,cheng2,chéng,(bound form) sincere; authentic,一秉虔诚|坦诚|坦诚相见
15836,诛,U+8BDB,zhu1,zhū,to put (a criminal) to death,人不为己，天诛地灭|伏诛|口诛笔伐
15837,诜,U+8BDC,shen1,shēn,to inform,
15838,话,U+8BDD,hua4,huà,dialect,一句话|一家人不说两家话|一席话
15839,诞,U+8BDE,dan4,dàn,birth,任诞|佛诞日|怪诞
15840,诟,U+8BDF,gou4,gòu,disgrace,嗔诟|尤诟|攘诟
15841,诠,U+8BE0,quan2,quán,to explain,正教真诠|真诠|诠解
15842,诡,U+8BE1,gui3,guǐ,(bound form) sly; crafty,奇诡|吊诡|吊诡矜奇
15843,询,U+8BE2,xun2,xún,to ask about,咨询|国际电报电话咨询委员会|征询
15844,诣,U+8BE3,yi4,yì,to go (to visit a superior),渊诣|绝诣|苦心孤诣
15845,诤,U+8BE4,zheng4,zhèng,to admonish,诤人|诤友|诤臣
15846,该,U+8BE5,gai1,gāi,should,不该|亚该亚|合该
15847,详,U+8BE6,xiang2,xiáng,detailed,不详|作者不详|作者未详
15848,诧,U+8BE7,cha4,chà,to be surprised,甚感诧异|诧异|惊诧
15849,诨,U+8BE8,hun4,hùn,jest,打诨|插科打诨|撒科打诨
15850,诩,U+8BE9,xu3,xǔ,to brag,自诩
15851,诪,U+8BEA,zhou1,zhōu,(literary) to curse,
15852,诫,U+8BEB,jie4,jiè,commandment,劝诫|十诫|告诫
15853,诬,U+8BEC,wu1,wū,to accuse falsely,冤诬|反诬|攀诬
15854,语,U+8BED,yu3|yu4,yǔ|yù,dialect,一语不发|一语中的|一语成谶
15855,诮,U+8BEE,qiao4,qiào,ridicule,讥诮
15856,误,U+8BEF,wu4,wù,mistake,不误|偏误|两不误
15857,诰,U+8BF0,gao4,gào,to enjoin,
15858,诱,U+8BF1,you4,yòu,(literary) to induce; to entice,利诱|劝诱|哄诱
15859,诲,U+8BF2,hui4,huì,to teach,学而不厌，诲人不倦|教诲|规诲
15860,诳,U+8BF3,kuang2,kuáng,to deceive; to dupe,诳语
15861,说,U+8BF4,shuo1|shui4|yue4,shuō|shuì|yuè,to persuade,一家人不说两家话|一般来说|一般说来
15862,诵,U+8BF5,song4,sòng,to read aloud,传诵|吟诵|告诵
15863,诶,U+8BF6,ei2,éi,variant of 欸[ei1],
15864,请,U+8BF7,qing3,qǐng,to ask,三催四请|不情之请|不请自来
15865,诸,U+8BF8,zhu1,zhū,surname Zhu,三个臭皮匠，胜过一个诸葛亮|三个臭皮匠，合成一个诸葛亮|三个臭皮匠，赛过一个诸葛亮
15866,诹,U+8BF9,zou1,zōu,to choose,
15867,诺,U+8BFA,nuo4,nuò,to consent,一呼百诺|一诺千金|伊利诺
15868,读,U+8BFB,du2|dou4,dú|dòu,comma,以飨读者|住读|修读
15869,诼,U+8BFC,zhuo2,zhuó,to complain,
15870,诽,U+8BFD,fei3,fěi,slander,腹诽|诽闻|诽谤
15871,课,U+8BFE,ke4,kè,subject,上课|下课|代课
15872,诿,U+8BFF,wei3,wěi,to shirk,互相推诿|推诿|诿过
15873,谀,U+8C00,yu2,yú,to flatter,谀辞|阿谀|阿谀奉承
15874,谁,U+8C01,shui2|shei2,shuí|shéi,who,人谁无过|爱谁谁|没谁了
15875,谂,U+8C02,shen3,shěn,to know,
15876,调,U+8C03,diao4|tiao2,diào|tiáo,to transfer,上同调|上调|下调
15877,谄,U+8C04,chan3,chǎn,to flatter,谄媚|谄媚者|谗谄
15878,谅,U+8C05,liang4,liàng,to show understanding,原谅|原谅色|见谅
15879,谆,U+8C06,zhun1,zhūn,repeatedly (in giving advice),谆谆|谆谆告诫
15880,谇,U+8C07,sui4,suì,abuse,
15881,谈,U+8C08,tan2,tán,surname Tan,不经之谈|交谈|侃侃而谈
15882,谉,U+8C09,shen3,shěn,to investigate,
15883,谊,U+8C0A,yi4,yì,friendship,交谊|交谊舞|厚谊
15884,谋,U+8C0B,mou2,móu,to plan,不在其位，不谋其政|不谋而合|串谋
15885,谌,U+8C0C,chen2,chén,surname Chen,
15886,谍,U+8C0D,die2,dié,to spy,反间谍|台谍|谍报
15887,谎,U+8C0E,huang3,huǎng,lies,一派谎言|善意的谎言|圆谎
15888,谏,U+8C0F,jian4,jiàn,surname Jian,劝谏|几谏|从谏如流
15889,谐,U+8C10,xie2,xié,(bound form) harmonious,元音和谐|和谐|和谐性
15890,谑,U+8C11,xue4,xuè,joy,嘲谑|戏谑|调谑
15891,谒,U+8C12,ye4,yè,to visit (a superior),参谒|叩谒|干谒
15892,谓,U+8C13,wei4,wèi,surname Wei,一之谓甚|不知所谓|不谓
15893,谔,U+8C14,e4,è,honest speech,薛定谔|薛定谔方程
15894,谕,U+8C15,yu4,yù,order (from above),上谕|告谕|晓谕
15895,谖,U+8C16,xuan1,xuān,to deceive,
15896,谗,U+8C17,chan2,chán,to slander,谗佞|谗害|谗言
15897,谘,U+8C18,zi1,zī,variant of 咨[zi1],谘询
15898,谙,U+8C19,an1,ān,to be versed in,不谙世故|不谙水性|深谙
15899,谚,U+8C1A,yan4,yàn,proverb,俗谚|俗谚口碑|俚谚
15900,谛,U+8C1B,di4,dì,to examine,四圣谛|四谛|审谛
15901,谜,U+8C1C,mi2|mei4,mí|mèi,"see 謎兒|谜儿[mei4 r5], riddle",哑谜|字谜|打哑谜
15902,谝,U+8C1D,pian2|pian3,pián|piǎn,to brag,
15903,谞,U+8C1E,xu1,xū,(literary) ability and wisdom,
15904,谟,U+8C1F,mo2,mó,plan,休谟|德谟克拉西|忽鲁谟斯
15905,谠,U+8C20,dang3,dǎng,honest,
15906,谡,U+8C21,su4,sù,composed,
15907,谢,U+8C22,xie4,xiè,surname Xie,不用谢|不谢|代谢
15908,谣,U+8C23,yao2,yáo,popular ballad,传谣|大谣|歌谣
15909,谤,U+8C24,bang4,bàng,to slander,毁谤|诽谤
15910,谥,U+8C25,shi4,shì,(bound form) posthumous name or title,谥号|追谥
15911,谦,U+8C26,qian1,qiān,modest,囊谦|囊谦县|满招损，谦受益
15912,谧,U+8C27,mi4,mì,(literary) quiet; peaceful; tranquil,安谧|恬谧|静谧
15913,谨,U+8C28,jin3,jǐn,cautious,勤谨|严谨|小心谨慎
15914,谩,U+8C29,man2|man4,mán|màn,to deceive,谩骂
15915,谪,U+8C2A,zhe2,zhé,to relegate a high official to a minor post in an outlying region (punishment in imperial China),指谪|谪仙|谪居
15916,谫,U+8C2B,jian3,jiǎn,shallow,
15917,谬,U+8C2C,miu4,miù,(bound form) false; erroneous; absurd,乖谬|失之毫厘，谬以千里|差之毫厘，谬以千里
15918,谭,U+8C2D,tan2,tán,surname Tan,天方夜谭|谭嗣同|谭富英
15919,谮,U+8C2E,zen4,zèn,to slander,谮言
15920,谯,U+8C2F,qiao2|qiao4,qiáo|qiào,surname Qiao,南谯|南谯区|谯城
15921,谰,U+8C30,lan2,lán,to make a false charge,谰言|谰调
15922,谱,U+8C31,pu3,pǔ,chart,五线谱|光谱|光谱仪
15923,谲,U+8C32,jue2,jué,deceitful,奇谲|诡谲
15924,谳,U+8C33,yan4,yàn,to decide judicially,定谳
15925,谴,U+8C34,qian3,qiǎn,to censure,呵谴|天谴|自谴
15926,谵,U+8C35,zhan1,zhān,(literary) to rant; to rave; to be delirious,谵妄
15927,谶,U+8C36,chen4,chèn,(literary) prophecy; omen,一语成谶|谶纬|谶语
15928,谷,U+8C37,gu3|lu4|yu4,gǔ|lù|yù,grain,五谷|五谷丰登|低谷
15929,谸,U+8C38,qian1,qiān,,
15930,谹,U+8C39,hong2,hóng,,
15931,谺,U+8C3A,xia1,xiā,,
15932,谻,U+8C3B,ji2,jí,,
15933,谼,U+8C3C,hong2,hóng,,
15934,谽,U+8C3D,han1,hān,a mouth or opening,
15935,谾,U+8C3E,hong1|long2,hōng|lóng,,
15936,谿,U+8C3F,xi1|ji1,xī|jī,variant of 溪[xi1],婦姑勃谿
15937,豀,U+8C40,xi1,xī,,
15938,豁,U+8C41,huo1|huo4|hua2,huō|huò|huá,to play Chinese finger-guessing game,哦豁|外交豁免權|外交豁免权
15939,豂,U+8C42,liao2,liáo,,
15940,豃,U+8C43,han3|gan3,hǎn|gǎn,,
15941,豄,U+8C44,du2,dú,,
15942,豅,U+8C45,long2|long4,lóng|lòng,long and wide valley,
15943,豆,U+8C46,dou4,dòu,"legume; pulse; bean; pea (CL:顆|颗[ke1],粒[li4]) (variant of 豆[dou4])",乾煸四季豆|干煸四季豆|乾煸土豆絲
15944,豇,U+8C47,jiang1,jiāng,cowpeas,豇豆
15945,豈,U+8C48,qi3|kai3,qǐ|kǎi,old variant of 愷|恺[kai3],豈不|豈敢|豈料
15946,豉,U+8C49,shi4|chi3,shì|chǐ,salted fermented beans,蠔豉|蚝豉|豆豉
15947,豊,U+8C4A,li3|feng1,lǐ|fēng,variant of 豐|丰[feng1],
15948,豋,U+8C4B,deng1,dēng,ceremonial vessel,
15949,豌,U+8C4C,wan1,wān,used in 豌豆[wan1 dou4],豌豆|豌豆尖|豌豆粥
15950,豍,U+8C4D,bi1|bian3,bī|biǎn,pea (Pisum sativum),
15951,豎,U+8C4E,shu4,shù,to erect,橫七豎八|橫三豎四|橫挑鼻子豎挑眼
15952,豏,U+8C4F,xian4,xiàn,half-grown beans,
15953,豐,U+8C50,feng1,fēng,surname Feng,五穀豐登|人壽年豐|信豐
15954,豑,U+8C51,zhi4,zhì,old variant of 秩[zhi4],
15955,豒,U+8C52,zhi4,zhì,,
15956,豓,U+8C53,yan4,yàn,old variant of 豔|艳[yan4],
15957,豔,U+8C54,yan4,yàn,bright; fresh and attractive; glamorous,哀豔|嬌豔|豔陽天
15958,豕,U+8C55,shi3,shǐ,hog,狼奔豕突|豕豞|野豕
15959,豖,U+8C56,chu4,chù,a shackled pig,
15960,豗,U+8C57,hui1,huī,clash,
15961,豘,U+8C58,tun2,tún,,
15962,豙,U+8C59,yi4,yì,,
15963,豚,U+8C5A,tun2|dun1|dun4,tún|dūn|dùn,suckling pig,土豚|寬吻海豚|宽吻海豚
15964,豛,U+8C5B,yi4,yì,,
15965,豜,U+8C5C,jian1,jiān,fully grown pig,
15966,豝,U+8C5D,ba1,bā,corned beef,
15967,豞,U+8C5E,hou4,hòu,grunting of pigs,豕豞
15968,豟,U+8C5F,e4,è,,
15969,豠,U+8C60,chu2,chú,,
15970,象,U+8C61,xiang4,xiàng,elephant,不象話|不象话|世界氣象組織
15971,豢,U+8C62,huan4,huàn,to rear,芻豢|刍豢|豢圉
15972,豣,U+8C63,jian1|yan4,jiān|yàn,variant of 豜[jian1],
15973,豤,U+8C64,ken3|kun1,kěn|kūn,,
15974,豥,U+8C65,gai1,gāi,,
15975,豦,U+8C66,ju4,jù,a wild boar,
15976,豧,U+8C67,fu1|fu4|pu1,fū|fù|pū,,
15977,豨,U+8C68,xi1,xī,swine,豨薟|豨莶
15978,豩,U+8C69,bin1|huan1,bīn|huān,,
15979,豪,U+8C6A,hao2,háo,grand,伍德豪斯|億萬富豪|亿万富豪
15980,豫,U+8C6B,yu4|xie4|shu1,yù|xiè|shū,abbr. for Henan province 河南 in central China,不豫|冘豫|宿豫
15981,豬,U+8C6C,zhu1,zhū,hog,不怕神一樣的對手，就怕豬一樣的隊友|乳豬|亥豬
15982,豭,U+8C6D,jia1,jiā,boar,
15983,豮,U+8C6E,fen2,fén,gelded pig,
15984,豯,U+8C6F,xi1,xī,,
15985,豰,U+8C70,bo2|hu4|huo4|gou4,bó|hù|huò|gòu,,
15986,豱,U+8C71,wen1,wēn,short-headed pig,豱公
15987,豲,U+8C72,huan2,huán,,
15988,豳,U+8C73,bin1|ban1,bīn|bān,name of an ancient county in Shaanxi,
15989,豴,U+8C74,di2,dí,,
15990,豵,U+8C75,zong1,zōng,litter of pigs,
15991,豶,U+8C76,fen2,fén,gelded pig,
15992,豷,U+8C77,yi4,yì,breathing of pigs,
15993,豸,U+8C78,zhi4|zhai4,zhì|zhài,worm-like invertebrate,獬豸|蟲豸|虫豸
15994,豹,U+8C79,bao4,bào,leopard,俞文豹|全豹|吃熊心豹子膽
15995,豺,U+8C7A,chai2,chái,dog-like animal,豺狼|豺狼塞路|豺狼座
15996,豻,U+8C7B,an4,àn,jail,
15997,豼,U+8C7C,pi2,pí,,
15998,豽,U+8C7D,na4,nà,,
15999,豾,U+8C7E,pi1,pī,,
16000,豿,U+8C7F,gou3,gǒu,,
16001,貀,U+8C80,na4|duo4,nà|duò,,
16002,貁,U+8C81,you4,yòu,,
16003,貂,U+8C82,diao1,diāo,sable or marten (genus Martes),三貂角|水貂|狗尾續貂
16004,貃,U+8C83,mo4,mò,,
16005,貄,U+8C84,si4,sì,,
16006,貅,U+8C85,xiu1,xiū,"see 貔貅[pi2 xiu1], composite mythical animal (originally 貅 was the female)",貔貅
16007,貆,U+8C86,huan2|huan1,huán|huān,badger,
16008,貇,U+8C87,kun1|mao4|ken3,kūn|mào|kěn,,
16009,貈,U+8C88,he2|mo4,hé|mò,,
16010,貉,U+8C89,hao2|he2|mo4|ma4,háo|hé|mò|mà,raccoon dog (Nyctereutes procyonoides),一丘之貉|貉子|貉絨
16011,貊,U+8C8A,mo4|ma2,mò|má,name of a wild tribe,濊貊
16012,貋,U+8C8B,an4,àn,,
16013,貌,U+8C8C,mao4|mo4,mào|mò,(bound form) appearance; looks; outward form,丹霞地貌|人不可貌相|人不可貌相，海水不可斗量
16014,貍,U+8C8D,li2|mai2|yu4,lí|mái|yù,variant of 狸[li2],
16015,貎,U+8C8E,ni2,ní,,
16016,貏,U+8C8F,bi3,bǐ,,
16017,貐,U+8C90,yu3,yǔ,,
16018,貑,U+8C91,jia1,jiā,,
16019,貒,U+8C92,tuan1|tuan4,tuān|tuàn,,
16020,貓,U+8C93,mao1|mao2,māo|máo,cat (CL:隻|只[zhi1]),三毛貓|三腳貓|三色貓
16021,貔,U+8C94,pi2,pí,"see 貔貅[pi2 xiu1], composite mythical animal (originally 貔 was the male)",貔貅
16022,貕,U+8C95,xi1,xī,,
16023,貖,U+8C96,yi4,yì,,
16024,貗,U+8C97,ju4|yu2,jù|yú,,
16025,貘,U+8C98,mo4,mò,tapir,
16026,貙,U+8C99,chu1,chū,(archaic) animal resembling a tiger,
16027,貚,U+8C9A,tan2,tán,,
16028,貛,U+8C9B,huan1,huān,variant of 獾[huan1],
16029,貜,U+8C9C,jue2,jué,(ape),
16030,貝,U+8C9D,bei4,bèi,surname Bei,丹貝|乾貝|亞的斯亞貝巴
16031,貞,U+8C9E,zhen1|zheng1,zhēn|zhēng,chaste,三貞九烈|堅貞|堅貞不屈
16032,貟,U+8C9F,yuan2,yuán,old variant of 員|员[yuan2],
16033,負,U+8CA0,fu4,fù,to bear,不分勝負|不負|不負眾望
16034,財,U+8CA1,cai2,cái,money,上海財經大學|不義之財|中央財經大學
16035,貢,U+8CA2,gong4,gòng,surname Gong,子貢|朝貢|理論貢獻
16036,貣,U+8CA3,te4,tè,,
16037,貤,U+8CA4,yi2|yi4,yí|yì,to promote,
16038,貥,U+8CA5,hang2,háng,,
16039,貦,U+8CA6,wan2,wán,,
16040,貧,U+8CA7,pin2,pín,poor,一貧如洗|兒不嫌母醜，狗不嫌家貧|再生不良性貧血
16041,貨,U+8CA8,huo4,huò,goods,A貨|一分錢一分貨|一分錢兩分貨
16042,販,U+8CA9,fan4,fàn,to deal in,二道販子|人口販運|人販子
16043,貪,U+8CAA,tan1,tān,to have a voracious desire for,反貪|反貪污|反貪腐
16044,貫,U+8CAB,guan4|wan1,guàn|wān,to pierce through,一以貫之|一貫|全神貫注
16045,責,U+8CAC,ze2|zhai4,zé|zhài,duty,中航技進出口有限責任公司|人人有責|企業社會責任
16046,貭,U+8CAD,zhi4,zhì,,
16047,貮,U+8CAE,er4,èr,,
16048,貯,U+8CAF,zhu4,zhù,to store,積貯|貯備|貯存
16049,貰,U+8CB0,shi4,shì,to borrow,
16050,貱,U+8CB1,bi4,bì,,
16051,貲,U+8CB2,zi1,zī,to estimate,不貲|家貲萬貫|捐貲
16052,貳,U+8CB3,er4,èr,two (banker's anti-fraud numeral),不貳過|佐貳|約翰貳書
16053,貴,U+8CB4,gui4,guì,abbr. for Guizhou Province 貴州|贵州[Gui4 zhou1],不當家不知柴米貴|以和為貴|兵貴神速
16054,貵,U+8CB5,pian3,piǎn,,
16055,貶,U+8CB6,bian3|fa2,biǎn|fá,to diminish,一字褒貶|女性貶抑|男性貶抑
16056,買,U+8CB7,mai3,mǎi,to buy,一寸光陰一寸金，寸金難買寸光陰|一錘子買賣|代拿買特
16057,貸,U+8CB8,dai4|te4,dài|tè,to lend on interest,乞貸|低利貸款|信貸
16058,貹,U+8CB9,sheng4,shèng,,
16059,貺,U+8CBA,kuang4,kuàng,to bestow,
16060,費,U+8CBB,fei4|fu2|bi4,fèi|fú|bì,surname Fei,三公消費|三公經費|上門費
16061,貼,U+8CBC,tie1,tiē,to stick,乳貼|便利貼|倒貼
16062,貽,U+8CBD,yi2,yí,to present,自貽伊戚|貽人口實|貽害
16063,貾,U+8CBE,chi2,chí,,
16064,貿,U+8CBF,mao4,mào,commerce,一般貿易|世界貿易|世界貿易中心
16065,賀,U+8CC0,he4,hè,surname He,可喜可賀|奉申賀敬|志賀氏菌病
16066,賁,U+8CC1,bi4|fen2|ben1|fen4|fei2|ban1|lu4|pan1,bì|fén|bēn|fèn|féi|bān|lù|pān,surname Ben,賁臨|賁門
16067,賂,U+8CC2,lu4,lù,bribe,性賄賂|賄賂
16068,賃,U+8CC3,lin4,lìn,to rent,租賃|自駕租賃
16069,賄,U+8CC4,hui4,huì,(bound form) bribery,受賄|性賄賂|涉賄
16070,賅,U+8CC5,gai1,gāi,surname Gai,言簡意賅|賅博|賅括
16071,賆,U+8CC6,pian2,pián,,
16072,資,U+8CC7,zi1|zi4,zī|zì,resources,三資企業|不可再生資源|不變資本
16073,賈,U+8CC8,jia3|gu3|jia4,jiǎ|gǔ|jià,surname Jia,佩魯賈|內賈德|史提夫·賈伯斯
16074,賉,U+8CC9,xu4,xù,variant of 恤[xu4],
16075,賊,U+8CCA,zei2,zéi,thief; robber,上賊船|不怕賊偷就怕賊惦記|中賊鷗
16076,賋,U+8CCB,jiao3,jiǎo,,
16077,賌,U+8CCC,gai1,gāi,old variant of 賅|赅[gai1],
16078,賍,U+8CCD,zang1,zāng,,
16079,賎,U+8CCE,jian4,jiàn,,
16080,賏,U+8CCF,ying1,yīng,pearls or shells strung together,
16081,賐,U+8CD0,xun4,xùn,,
16082,賑,U+8CD1,zhen4,zhèn,to provide relief,以工代賑|賑恤|賑捐
16083,賒,U+8CD2,she1|sha1,shē|shā,to buy or sell on credit,賒帳|賒欠|賒賬
16084,賓,U+8CD3,bin1,bīn,visitor,主謂賓|主賓|主賓謂
16085,賔,U+8CD4,bin1,bīn,,
16086,賕,U+8CD5,qiu2,qiú,to bribe,
16087,賖,U+8CD6,she1,shē,,
16088,賗,U+8CD7,chuan4,chuàn,,
16089,賘,U+8CD8,zang1,zāng,,
16090,賙,U+8CD9,zhou1,zhōu,to give to the needy,賙人|賙卹|賙急
16091,賚,U+8CDA,lai4,lài,to bestow,扎賚特|扎賚特旗|鎮賚
16092,賛,U+8CDB,zan4,zàn,variant of 贊|赞[zan4],
16093,賜,U+8CDC,ci4,cì,(bound form) to confer; to bestow; to grant,不吝賜教|厚賜|天賜
16094,賝,U+8CDD,chen1,chēn,(gem),
16095,賞,U+8CDE,shang3,shǎng,to bestow (a reward),功高不賞|受賞|嘆賞
16096,賟,U+8CDF,tian3,tiǎn,,
16097,賠,U+8CE0,pei2,péi,to compensate for loss,倒賠|假一賠十|免賠
16098,賡,U+8CE1,geng1,gēng,(literary) to continue; to carry on,賡即|賡續
16099,賢,U+8CE2,xian2|xian4,xián|xiàn,worthy or virtuous person,任人唯賢|任賢使能|先賢
16100,賣,U+8CE3,mai4,mài,to sell,一錘子買賣|以老賣老|倒買倒賣
16101,賤,U+8CE4,jian4,jiàn,inexpensive,下賤|低賤|卑賤
16102,賥,U+8CE5,sui4,suì,money and property,
16103,賦,U+8CE6,fu4,fù,poetic essay,哀江南賦|天賦|天賦異稟
16104,賧,U+8CE7,tan4,tàn,(old barbarian dialects) to pay a fine in atonement,賧佛
16105,賨,U+8CE8,cong2,cóng,tribute paid by Han dynasty tribes,
16106,賩,U+8CE9,cong2,cóng,,
16107,質,U+8CEA,zhi4,zhì,character,中國地質大學|中國地質調查局|人質
16108,賫,U+8CEB,ji1,jī,to present (a gift),
16109,賬,U+8CEC,zhang4,zhàng,account,付賬|倒賬|借賬
16110,賭,U+8CED,du3,dǔ,to bet; to gamble,十賭九輸|吃喝嫖賭|對賭
16111,賮,U+8CEE,jin4,jìn,farewell presents,
16112,賯,U+8CEF,xiong1,xiōng,,
16113,賰,U+8CF0,chun3,chǔn,,
16114,賱,U+8CF1,yun3,yǔn,,
16115,賲,U+8CF2,bao3,bǎo,,
16116,賳,U+8CF3,zai1,zāi,,
16117,賴,U+8CF4,lai4,lài,surname Lai,不賴|仰賴|依賴
16118,賵,U+8CF5,feng4,fèng,(literary) gift (of money etc) to a bereaved family,
16119,賶,U+8CF6,cang4,càng,,
16120,賷,U+8CF7,ji1,jī,variant of 齎|赍[ji1],
16121,賸,U+8CF8,sheng4,shèng,variant of 剩[sheng4],
16122,賹,U+8CF9,yi4|ai4,yì|ài,,
16123,賺,U+8CFA,zhuan4|zuan4,zhuàn|zuàn,to earn,網賺|賺取|賺吆喝
16124,賻,U+8CFB,fu4,fù,to contribute to funeral expenses,賻儀
16125,購,U+8CFC,gou4,gòu,to buy,代購|併購|優先承購權
16126,賽,U+8CFD,sai4,sài,to compete,三個臭皮匠，賽過一個諸葛亮|三個臭皮匠，賽過諸葛亮|世錦賽
16127,賾,U+8CFE,ze2,zé,mysterious,
16128,賿,U+8CFF,liao2,liáo,,
16129,贀,U+8D00,yi4,yì,,
16130,贁,U+8D01,bai4,bài,,
16131,贂,U+8D02,chen3,chěn,,
16132,贃,U+8D03,wan4,wàn,,
16133,贄,U+8D04,zhi4|zhi2,zhì|zhí,gifts to superiors,李贄
16134,贅,U+8D05,zhui4,zhuì,(bound form) superfluous,入贅|冗贅|冗贅詞
16135,贆,U+8D06,biao1,biāo,,
16136,贇,U+8D07,yun1|bin1,yūn|bīn,good appearance,
16137,贈,U+8D08,zeng4,zèng,to give as a present,回贈|奉贈|捐贈
16138,贉,U+8D09,dan4,dàn,pay an advance,
16139,贊,U+8D0A,zan4,zàn,(bound form) to patronize; to support; to aid,一辭莫贊|不贊一詞|不贊成
16140,贋,U+8D0B,yan4,yàn,variant of 贗|赝[yan4],
16141,贌,U+8D0C,pu2,pú,,
16142,贍,U+8D0D,shan4|dan4,shàn|dàn,to support,南贍部洲|贍養|贍養費
16143,贎,U+8D0E,wan4,wàn,,
16144,贏,U+8D0F,ying2,yíng,to beat,共贏|打贏|贏利
16145,贐,U+8D10,jin4,jìn,farewell presents,
16146,贑,U+8D11,gan4,gàn,variant of 贛|赣[Gan4],
16147,贒,U+8D12,xian2,xián,,
16148,贓,U+8D13,zang1,zāng,stolen goods; loot; spoils,人贓俱獲|分贓|栽贓
16149,贔,U+8D14,bi4,bì,used in 贔屭|赑屃[bi4 xi4],贔屭
16150,贕,U+8D15,du2,dú,still-born chick (in unhatched egg),
16151,贖,U+8D16,shu2|shu4,shú|shù,to redeem,將功贖罪|找贖|擄人勒贖
16152,贗,U+8D17,yan4|yan2,yàn|yán,false,贗品
16153,贘,U+8D18,shang3,shǎng,,
16154,贙,U+8D19,xuan4,xuàn,,
16155,贚,U+8D1A,long4,lòng,,
16156,贛,U+8D1B,gan4|gong4|zhuang4,gàn|gòng|zhuàng,abbr. for Jiangxi Province 江西省[Jiang1 xi1 Sheng3],浙贛|贛州|贛州市
16157,贜,U+8D1C,zang1,zāng,variant of 贓|赃[zang1],
16158,贝,U+8D1D,bei4,bèi,surname Bei,丹贝|干贝|亚的斯亚贝巴
16159,贞,U+8D1E,zhen1,zhēn,chaste,三贞九烈|坚贞|坚贞不屈
16160,负,U+8D1F,fu4,fù,to bear,不分胜负|不负|不负众望
16161,贠,U+8D20,yuan2,yuán,old variant of 員|员[yuan2],
16162,贡,U+8D21,gong4,gòng,surname Gong,子贡|朝贡|理论贡献
16163,财,U+8D22,cai2,cái,money,上海财经大学|不义之财|中央财经大学
16164,责,U+8D23,ze2,zé,duty,中航技进出口有限责任公司|人人有责|企业社会责任
16165,贤,U+8D24,xian2,xián,worthy or virtuous person,任人唯贤|任贤使能|先贤
16166,败,U+8D25,bai4,bài,to defeat,一败涂地|不分胜败|不败之地
16167,账,U+8D26,zhang4,zhàng,account,付账|倒账|借账
16168,货,U+8D27,huo4,huò,goods,A货|一分钱一分货|一分钱两分货
16169,质,U+8D28,zhi4,zhì,character,中国地质大学|中国地质调查局|人质
16170,贩,U+8D29,fan4,fàn,to deal in,二道贩子|人口贩运|人贩子
16171,贪,U+8D2A,tan1,tān,to have a voracious desire for,反贪|反贪污|反贪腐
16172,贫,U+8D2B,pin2,pín,poor,一贫如洗|儿不嫌母丑，狗不嫌家贫|再生不良性贫血
16173,贬,U+8D2C,bian3,biǎn,to diminish,一字褒贬|女性贬抑|男性贬抑
16174,购,U+8D2D,gou4,gòu,to buy,代购|并购|优先承购权
16175,贮,U+8D2E,zhu4,zhù,to store,积贮|贮备|贮存
16176,贯,U+8D2F,guan4,guàn,to pierce through,一以贯之|一贯|全神贯注
16177,贰,U+8D30,er4,èr,two (banker's anti-fraud numeral),不贰过|佐贰|约翰贰书
16178,贱,U+8D31,jian4,jiàn,inexpensive,下贱|低贱|卑贱
16179,贲,U+8D32,ben1|bi4,bēn|bì,surname Ben,贲临|贲门
16180,贳,U+8D33,shi4,shì,to borrow,
16181,贴,U+8D34,tie1,tiē,to stick,乳贴|便利贴|倒贴
16182,贵,U+8D35,gui4,guì,abbr. for Guizhou Province 貴州|贵州[Gui4 zhou1],不当家不知柴米贵|以和为贵|兵贵神速
16183,贶,U+8D36,kuang4,kuàng,to bestow,
16184,贷,U+8D37,dai4,dài,to lend on interest,乞贷|低利贷款|信贷
16185,贸,U+8D38,mao4,mào,commerce,一般贸易|世界贸易|世界贸易中心
16186,费,U+8D39,fei4,fèi,surname Fei,三公消费|三公经费|上门费
16187,贺,U+8D3A,he4,hè,surname He,可喜可贺|奉申贺敬|志贺氏菌病
16188,贻,U+8D3B,yi2,yí,to present,自贻伊戚|贻人口实|贻害
16189,贼,U+8D3C,zei2,zéi,thief; robber,上贼船|不怕贼偷就怕贼惦记|中贼鸥
16190,贽,U+8D3D,zhi4,zhì,gifts to superiors,李贽
16191,贾,U+8D3E,jia3|gu3,jiǎ|gǔ,surname Jia,佩鲁贾|内贾德|史提夫·贾伯斯
16192,贿,U+8D3F,hui4,huì,(bound form) bribery,受贿|性贿赂|涉贿
16193,赀,U+8D40,zi1,zī,to estimate,不赀|家赀万贯|捐赀
16194,赁,U+8D41,lin4,lìn,to rent,租赁|自驾租赁
16195,赂,U+8D42,lu4,lù,bribe,性贿赂|贿赂
16196,赃,U+8D43,zang1,zāng,stolen goods; loot; spoils,人赃俱获|分赃|栽赃
16197,资,U+8D44,zi1,zī,resources,三资企业|不可再生资源|不变资本
16198,赅,U+8D45,gai1,gāi,surname Gai,言简意赅|赅博|赅括
16199,赆,U+8D46,jin4,jìn,farewell presents,
16200,赇,U+8D47,qiu2,qiú,to bribe,
16201,赈,U+8D48,zhen4,zhèn,to provide relief,以工代赈|赈恤|赈捐
16202,赉,U+8D49,lai4,lài,to bestow,扎赉特|扎赉特旗|镇赉
16203,赊,U+8D4A,she1,shē,to buy or sell on credit,赊帐|赊欠|赊账
16204,赋,U+8D4B,fu4,fù,poetic essay,哀江南赋|天赋|天赋异禀
16205,赌,U+8D4C,du3,dǔ,to bet; to gamble,十赌九输|吃喝嫖赌|对赌
16206,赍,U+8D4D,ji1,jī,to present (a gift),赍恨
16207,赎,U+8D4E,shu2,shú,to redeem,将功赎罪|找赎|掳人勒赎
16208,赏,U+8D4F,shang3,shǎng,to bestow (a reward),功高不赏|受赏|叹赏
16209,赐,U+8D50,ci4,cì,(bound form) to confer; to bestow; to grant,不吝赐教|厚赐|天赐
16210,赑,U+8D51,bi4,bì,used in 贔屭|赑屃[bi4 xi4],赑屃
16211,赒,U+8D52,zhou1,zhōu,to give to the needy,赒人|赒恤|赒急
16212,赓,U+8D53,geng1,gēng,(literary) to continue; to carry on,赓即|赓续
16213,赔,U+8D54,pei2,péi,to compensate for loss,倒赔|假一赔十|免赔
16214,赕,U+8D55,dan3,dǎn,(old barbarian dialects) to pay a fine in atonement,赕佛
16215,赖,U+8D56,lai4,lài,surname Lai,不赖|仰赖|依赖
16216,赗,U+8D57,feng4,fèng,(literary) gift (of money etc) to a bereaved family,
16217,赘,U+8D58,zhui4,zhuì,(bound form) superfluous,入赘|冗赘|冗赘词
16218,赙,U+8D59,fu4,fù,to contribute to funeral expenses,赙仪
16219,赚,U+8D5A,zhuan4|zuan4,zhuàn|zuàn,to earn,网赚|赚取|赚吆喝
16220,赛,U+8D5B,sai4,sài,to compete,三个臭皮匠，赛过一个诸葛亮|三个臭皮匠，赛过诸葛亮|世锦赛
16221,赜,U+8D5C,ze2,zé,mysterious,
16222,赝,U+8D5D,yan4,yàn,variant of 贗|赝[yan4],赝品
16223,赞,U+8D5E,zan4,zàn,variant of 讚|赞[zan4],一辞莫赞|不赞一词|不赞成
16224,赟,U+8D5F,yun1,yūn,good appearance,
16225,赠,U+8D60,zeng4,zèng,to give as a present,回赠|奉赠|捐赠
16226,赡,U+8D61,shan4,shàn,to support,南赡部洲|赡养|赡养费
16227,赢,U+8D62,ying2,yíng,to beat,共赢|打赢|赢利
16228,赣,U+8D63,gan4,gàn,variant of 贛|赣[Gan4],浙赣|赣州|赣州市
16229,赤,U+8D64,chi4,chì,red,努爾哈赤|努尔哈赤|反赤道流
16230,赥,U+8D65,xi1,xī,,
16231,赦,U+8D66,she4|ce4,shè|cè,to pardon (a convict),十惡不赦|十恶不赦|國際大赦
16232,赧,U+8D67,nan3,nǎn,blushing with shame,愧赧|羞赧|赧然
16233,赨,U+8D68,tong2|xiong2,tóng|xióng,,
16234,赩,U+8D69,xi4,xì,red,
16235,赪,U+8D6A,cheng1,chēng,deep red,
16236,赫,U+8D6B,he4|shi4,hè|shì,surname He,兆赫|別赫捷列夫|别赫捷列夫
16237,赬,U+8D6C,cheng1,chēng,deep red,
16238,赭,U+8D6D,zhe3,zhě,ocher,赭石|赭紅尾鴝|赭红尾鸲
16239,赮,U+8D6E,xia2,xiá,,
16240,赯,U+8D6F,tang2,táng,red,
16241,走,U+8D70,zou3,zǒu,to walk,一條路走到黑|一条路走到黑|一條道走到黑
16242,赱,U+8D71,zou3,zǒu,variant of 走[zou3],
16243,赲,U+8D72,li4,lì,,
16244,赳,U+8D73,jiu1|jiu4,jiū|jiù,see 赳赳[jiu1 jiu1],赳赳|雄赳赳
16245,赴,U+8D74,fu4,fù,to go,全力以赴|共赴|前赴後繼
16246,赵,U+8D75,zhao4,zhào,surname Zhao,前赵|围魏救赵|完璧归赵
16247,赶,U+8D76,gan3|qian2,gǎn|qián,to overtake; to catch up with,你追我赶|吃屎都赶不上热乎的|流星赶月
16248,起,U+8D77,qi3,qǐ,to rise,一哄而起|一波未平，一波又起|一病不起
16249,赸,U+8D78,shan4,shàn,to jump,搭赸
16250,赹,U+8D79,qiong2,qióng,,
16251,赺,U+8D7A,yin3|qin3,yǐn|qǐn,,
16252,赻,U+8D7B,xian3,xiǎn,,
16253,赼,U+8D7C,zi1,zī,,
16254,赽,U+8D7D,jue2|gui4,jué|guì,,
16255,赾,U+8D7E,qin3,qǐn,,
16256,赿,U+8D7F,chi2|di4,chí|dì,,
16257,趀,U+8D80,ci1,cī,,
16258,趁,U+8D81,chen4|zhen1|chen2|nian3|zhen3,chèn|zhēn|chén|niǎn|zhěn,to avail oneself of,打鐵趁熱|打铁趁热|趁人之危
16259,趂,U+8D82,chen4,chèn,old variant of 趁[chen4],
16260,趃,U+8D83,die2|tu2,dié|tú,,
16261,趄,U+8D84,ju1|qie4,jū|qiè,used in 趑趄[zi1 ju1],打趔趄|趑趄|趑趄不前
16262,超,U+8D85,chao1|chao3|chao4|tiao4,chāo|chǎo|chào|tiào,to exceed,B型超聲|B型超声|B超
16263,趆,U+8D86,di1,dī,,
16264,趇,U+8D87,xi4,xì,,
16265,趈,U+8D88,zhan1,zhān,,
16266,趉,U+8D89,jue2|ju2,jué|jú,,
16267,越,U+8D8A,yue4|huo2,yuè|huó,generic word for peoples or states of south China or south Asia at different historical periods,不可逾越|不敢越雷池一步|不越雷池
16268,趋,U+8D8B,qu1,qū,to hasten,一步一趋|上升趋势|上扬趋势
16269,趌,U+8D8C,ji2|jie2,jí|jié,,
16270,趍,U+8D8D,chi2|qu1,chí|qū,,
16271,趎,U+8D8E,chu2,chú,,
16272,趏,U+8D8F,gua1|huo2,guā|huó,,
16273,趐,U+8D90,xue4|chi4,xuè|chì,(archaic) to enter,
16274,趑,U+8D91,zi1|ci4,zī|cì,to falter,趑趄|趑趄不前|趑趄囁嚅
16275,趒,U+8D92,tiao2|tiao4|tiao3,tiáo|tiào|tiǎo,to jump,
16276,趓,U+8D93,duo3,duǒ,,
16277,趔,U+8D94,lie4,liè,used in 趔趄[lie4 qie5],打趔趄|趔趄
16278,趕,U+8D95,gan3,gǎn,to overtake; to catch up with,你追我趕|吃屎都趕不上熱乎的|流星趕月
16279,趖,U+8D96,suo1,suō,,
16280,趗,U+8D97,cu4,cù,,
16281,趘,U+8D98,xi2,xí,,
16282,趙,U+8D99,zhao4|diao4,zhào|diào,surname Zhao,前趙|圍魏救趙|完璧歸趙
16283,趚,U+8D9A,su4,sù,,
16284,趛,U+8D9B,yin3,yǐn,,
16285,趜,U+8D9C,ju2|qu1|qiu2,jú|qū|qiú,,
16286,趝,U+8D9D,jian4,jiàn,,
16287,趞,U+8D9E,que4|qi4|ji2,què|qì|jí,,
16288,趟,U+8D9F,tang4|zheng1|zheng4|cheng2|tang1,tàng|zhēng|zhèng|chéng|tāng,old variant of 趟[tang1],單趟|单趟|白跑一趟
16289,趠,U+8DA0,chuo4|chao4|tiao4|zhuo2,chuò|chào|tiào|zhuó,,
16290,趡,U+8DA1,cui3|wei3|ju4,cuǐ|wěi|jù,place name,
16291,趢,U+8DA2,lu4,lù,,
16292,趣,U+8DA3,qu4|cu4|qu1|cou3|zou1,qù|cù|qū|cǒu|zōu,interesting,了無生趣|了无生趣|品趣志
16293,趤,U+8DA4,dang4,dàng,,
16294,趥,U+8DA5,qiu1|cu4,qiū|cù,,
16295,趦,U+8DA6,zi1,zī,"variant of 趑, to falter",趦趄囁嚅|趦趄嗫嚅
16296,趧,U+8DA7,ti2,tí,,
16297,趨,U+8DA8,qu1|cu4|qu4|cou3,qū|cù|qù|cǒu,to hasten,一步一趨|上升趨勢|上揚趨勢
16298,趩,U+8DA9,chi4,chì,,
16299,趪,U+8DAA,huang2|guang1,huáng|guāng,,
16300,趫,U+8DAB,qiao2|jiao4|chao3,qiáo|jiào|chǎo,nimble,
16301,趬,U+8DAC,qiao1,qiāo,,
16302,趭,U+8DAD,jiao4,jiào,,
16303,趮,U+8DAE,zao4,zào,"easily provoked, hasty",
16304,趯,U+8DAF,ti4|yue4|yao4,tì|yuè|yào,to jump,
16305,趰,U+8DB0,er3,ěr,,
16306,趱,U+8DB1,zan3,zǎn,to hasten,
16307,趲,U+8DB2,zan3|zu1,zǎn|zū,to hasten,
16308,足,U+8DB3,zu2|ju4,zú|jù,excessive,一夔已足|一失足成千古恨|一舉手一投足
16309,趴,U+8DB4,pa1,pā,to lie on one's stomach,淫趴|累趴|趴伏
16310,趵,U+8DB5,bao4|bo1|zhuo2|chuo4|pao2,bào|bō|zhuó|chuò|páo,jump,
16311,趶,U+8DB6,ku4|wu1,kù|wū,,
16312,趷,U+8DB7,ke1,kē,to jolt,
16313,趸,U+8DB8,dun3,dǔn,wholesale,打趸儿|拥趸|监趸
16314,趹,U+8DB9,jue2|gui4,jué|guì,to gallop,
16315,趺,U+8DBA,fu1,fū,instep; tarsus,趺坐|跏趺|龜趺
16316,趻,U+8DBB,chen3,chěn,,
16317,趼,U+8DBC,jian3|yan4|yan2|jian1,jiǎn|yàn|yán|jiān,(bound form) callus,吳趼人|吴趼人|老趼
16318,趽,U+8DBD,fang4|pang2|fang1,fàng|páng|fāng,,
16319,趾,U+8DBE,zhi3,zhǐ,toe,三趾啄木鳥|三趾啄木鸟|三趾濱鷸
16320,趿,U+8DBF,ta1|sa4|qi4,tā|sà|qì,see 趿拉[ta1 la5],趿拉|趿拉兒|趿拉儿
16321,跀,U+8DC0,yue4,yuè,,
16322,跁,U+8DC1,ba4|pa2,bà|pá,to squat,
16323,跂,U+8DC2,qi2|qi3|qi4|ji1|zhi1,qí|qǐ|qì|jī|zhī,foot,跂坐|跂想|跂望
16324,跃,U+8DC3,yue4,yuè,to jump,一跃而起|喜跃|喜跃抃舞
16325,跄,U+8DC4,qiang1|qiang4,qiāng|qiàng,walk rapidly,跌跌跄跄|踉跄|跄踉
16326,跅,U+8DC5,tuo4|chi4,tuò|chì,careless,
16327,跆,U+8DC6,tai2,tái,"to trample, to kick",跆拳道
16328,跇,U+8DC7,yi4,yì,,
16329,跈,U+8DC8,nian3|jian4|chen2|tian4,niǎn|jiàn|chén|tiàn,,
16330,跉,U+8DC9,ling2,líng,,
16331,跊,U+8DCA,mei4,mèi,,
16332,跋,U+8DCB,ba2|bei4,bá|bèi,postscript,囂張跋扈|嚣张跋扈|序跋
16333,跌,U+8DCC,die1|die2|tu2,diē|dié|tú,to fall,下跌|回跌|大跌
16334,跍,U+8DCD,ku1,kū,to squat,
16335,跎,U+8DCE,tuo2,tuó,to stumble,年已蹉跎|日月蹉跎|蹉跎
16336,跏,U+8DCF,jia1,jiā,to sit cross-legged,全跏坐|半跏坐|跏趺
16337,跐,U+8DD0,ci1|ci3|zi3,cī|cǐ|zǐ,to trample,
16338,跑,U+8DD1,pao3|pao2|bo2,pǎo|páo|bó,(of an animal) to paw (the ground),中長跑|中长跑|亂跑
16339,跒,U+8DD2,qia3,qiǎ,,
16340,跓,U+8DD3,zhu4,zhù,,
16341,跔,U+8DD4,ju1|qu3,jū|qǔ,,
16342,跕,U+8DD5,dian3|tie1|die2|zhan4|die1,diǎn|tiē|dié|zhàn|diē,shuffle,
16343,跖,U+8DD6,zhi2,zhí,variant of 蹠|跖[zhi2],对跖点|跖骨
16344,跗,U+8DD7,fu1|fu4,fū|fù,instep,跗猴
16345,跘,U+8DD8,pan2|ban4,pán|bàn,,
16346,跙,U+8DD9,ju4|qu1|qie3|zhu4|qie4,jù|qū|qiě|zhù|qiè,"weak, lame",
16347,跚,U+8DDA,shan1,shān,used in 蹣跚|蹒跚[pan2 shan1],步履蹣跚|步履蹒跚|步態蹣跚
16348,跛,U+8DDB,bo3|bi4|po1,bǒ|bì|pō,to limp,跛子|跛腳|跛脚
16349,跜,U+8DDC,ni2,ní,,
16350,距,U+8DDD,ju4,jù,to be at a distance of ... from; to be apart from,偏差距離|偏差距离|傳輸距離
16351,跞,U+8DDE,li4|luo4,lì|luò,move,
16352,跟,U+8DDF,gen1,gēn,heel,哪兒跟哪兒|哪儿跟哪儿|好男不跟女鬥
16353,跠,U+8DE0,yi2,yí,,
16354,跡,U+8DE1,ji1,jī,footprint,不落痕跡|不著痕跡|事跡
16355,跢,U+8DE2,duo4|dai4|duo1|chi2,duò|dài|duō|chí,,
16356,跣,U+8DE3,xian3|xian1|sun3,xiǎn|xiān|sǔn,barefooted,蓬頭跣足|蓬头跣足
16357,跤,U+8DE4,jiao1|qiao1,jiāo|qiāo,a tumble,摔跤|絆跤|绊跤
16358,跥,U+8DE5,duo4,duò,variant of 跺[duo4],
16359,跦,U+8DE6,zhu1|chu2,zhū|chú,pace back and forth,
16360,跧,U+8DE7,quan2|zun1,quán|zūn,to curl up,
16361,跨,U+8DE8,kua4|ku4|kua1|kua3,kuà|kù|kuā|kuǎ,to step across,橫跨|横跨|跨上
16362,跩,U+8DE9,zhuai3|shi4,zhuǎi|shì,to waddle,跩文
16363,跪,U+8DEA,gui4,guì,to kneel,三跪九叩|下跪|滑跪
16364,跫,U+8DEB,qiong2|qiang1|qiong1,qióng|qiāng|qiōng,sound of footsteps,
16365,跬,U+8DEC,kui3|xie4,kuǐ|xiè,brief,
16366,跭,U+8DED,xiang2,xiáng,,
16367,跮,U+8DEE,chi4|die2,chì|dié,hasty walking,
16368,路,U+8DEF,lu4|luo4,lù|luò,surname Lu,一帶一路|一带一路|一條路走到黑
16369,跰,U+8DF0,pian2|beng4|bing3,pián|bèng|bǐng,,
16370,跱,U+8DF1,zhi4,zhì,to squat,
16371,跲,U+8DF2,jia2|jie2,jiá|jié,to stumble,
16372,跳,U+8DF3,tiao4|diao4|tao2,tiào|diào|táo,to jump,三級跳|三级跳|三級跳遠
16373,跴,U+8DF4,cai3,cǎi,variant of 踩[cai3],
16374,践,U+8DF5,jian4,jiàn,to fulfill (a promise),作践|勾践|实践
16375,跶,U+8DF6,da2|da,dá|da,to stumble,蹦跶
16376,跷,U+8DF7,qiao1,qiāo,to raise one's foot,按跷|踩高跷|蹊跷
16377,跸,U+8DF8,bi4,bì,to clear streets when emperor tours,驻跸
16378,跹,U+8DF9,xian1,xiān,to manner of dancing,翩跹
16379,跺,U+8DFA,duo4,duò,variant of 跺[duo4],跺腳|跺脚
16380,跻,U+8DFB,ji1,jī,(literary) to ascend; to climb; to mount,跻身
16381,跼,U+8DFC,ju2|qu4,jú|qù,cramped; narrow,跼促
16382,跽,U+8DFD,ji4,jì,kneel,
16383,跾,U+8DFE,shu1|chou1,shū|chōu,,
16384,跿,U+8DFF,tu2|duo2|chuo1,tú|duó|chuō,,
16385,踀,U+8E00,chu4|cu4,chù|cù,,
16386,踁,U+8E01,jing4|keng1,jìng|kēng,variant of 脛|胫[jing4],
16387,踂,U+8E02,nie4,niè,,
16388,踃,U+8E03,xiao1|qiao4,xiāo|qiào,,
16389,踄,U+8E04,bu4,bù,,
16390,踅,U+8E05,xue2|chi4,xué|chì,walk with one leg,踅子|踅摸
16391,踆,U+8E06,cun1|qun1|cun2|zun1|qiu4|zhun1,cūn|qūn|cún|zūn|qiù|zhūn,squat,
16392,踇,U+8E07,mu3,mǔ,,
16393,踈,U+8E08,shu1,shū,variant of 疏[shu1],
16394,踉,U+8E09,liang2|liang4|lang2|lang4,liáng|liàng|láng|làng,used in 跳踉[tiao4 liang2],跳踉|踉蹌|踉跄
16395,踊,U+8E0A,yong3,yǒng,leap,踊跃
16396,踋,U+8E0B,jiao3,jiǎo,old variant of 腳|脚[jiao3],
16397,踌,U+8E0C,chou2,chóu,used in 躊躇|踌躇[chou2 chu2],踌躇|踌躇不前|踌躇不决
16398,踍,U+8E0D,qiao1,qiāo,,
16399,踎,U+8E0E,mou2,móu,,
16400,踏,U+8E0F,ta4|ta1,tà|tā,see 踏實|踏实[ta1 shi5],制動踏板|制动踏板|加速踏板
16401,踐,U+8E10,jian4,jiàn,to fulfill (a promise),作踐|勾踐|實踐
16402,踑,U+8E11,qi2|ji1|ji4,qí|jī|jì,,
16403,踒,U+8E12,wo1|wei1|rui2,wō|wēi|ruí,to slip and sprain a limb,
16404,踓,U+8E13,wei3|cu4,wěi|cù,,
16405,踔,U+8E14,chuo1|diao4|zhuo1|tiao4|chuo4,chuō|diào|zhuō|tiào|chuò,to get ahead,發揚踔厲|发扬踔厉
16406,踕,U+8E15,jie2,jié,,
16407,踖,U+8E16,ji2|qi4|que4,jí|qì|què,to step,
16408,踗,U+8E17,nie4,niè,,
16409,踘,U+8E18,ju1,jū,leather ball,蹴踘
16410,踙,U+8E19,nie4,niè,,
16411,踚,U+8E1A,lun2,lún,,
16412,踛,U+8E1B,lu4,lù,,
16413,踜,U+8E1C,leng4|leng2|cheng3,lèng|léng|chěng,to stumble,
16414,踝,U+8E1D,huai2,huái,ankle,內踝|内踝|外踝
16415,踞,U+8E1E,ju4,jù,to be based upon,盤踞|盘踞|竄踞
16416,踟,U+8E1F,chi2,chí,used in 踟躕|踟蹰[chi2 chu2],踟躇|踟躕|踟蹰
16417,踠,U+8E20,wan3|wo4,wǎn|wò,ankle,
16418,踡,U+8E21,quan2|juan3,quán|juǎn,to curl up,
16419,踢,U+8E22,ti1|die2,tī|dié,to kick,二踢腳|二踢脚|批踢踢
16420,踣,U+8E23,bo2|pou4,bó|pòu,(literary) to tumble; to fall down,顛踣|颠踣
16421,踤,U+8E24,zu2|cu4|cui4,zú|cù|cuì,to butt against,
16422,踥,U+8E25,qie4,qiè,to walk with small steps,踥踥|踥蹀
16423,踦,U+8E26,yi3|qi1|ji1|ji3|yi4,yǐ|qī|jī|jǐ|yì,shin,
16424,踧,U+8E27,cu4|di2,cù|dí,carefully,
16425,踨,U+8E28,zong1,zōng,,
16426,踩,U+8E29,cai3|kui2,cǎi|kuí,variant of 踩[cai3],往泥裡踩|往泥里踩|扒高踩低
16427,踪,U+8E2A,zong1,zōng,variant of 蹤|踪[zong1],一去无影踪|不见一点踪影|来去无踪
16428,踫,U+8E2B,peng4|pan2,pèng|pán,old variant of 碰[peng4],
16429,踬,U+8E2C,zhi4,zhì,to stumble,跋前踬后
16430,踭,U+8E2D,zheng1,zhēng,,
16431,踮,U+8E2E,dian3,diǎn,to stand on tiptoe,踮腳尖|踮脚尖
16432,踯,U+8E2F,zhi2,zhí,used in 躑躅|踯躅[zhi2 zhu2],踯躅
16433,踰,U+8E30,yu2|yao2|chu1,yú|yáo|chū,variant of 逾[yu2],
16434,踱,U+8E31,duo2|chuo4,duó|chuò,to pace; to stroll,踱方步|踱步
16435,踲,U+8E32,dun4,dùn,,
16436,踳,U+8E33,chuan3|chun3|chun1,chuǎn|chǔn|chūn,,
16437,踴,U+8E34,yong3,yǒng,leap,踴躍
16438,踵,U+8E35,zhong3|zhong4,zhǒng|zhòng,to arrive,延頸企踵|延颈企踵|接踵
16439,踶,U+8E36,di4|zhi4|ti2|chi2|shi4,dì|zhì|tí|chí|shì,to kick,踶跂
16440,踷,U+8E37,zha3,zhǎ,,
16441,踸,U+8E38,chen3,chěn,,
16442,踹,U+8E39,chuai4|shuan4|duan4|chuan3,chuài|shuàn|duàn|chuǎn,to kick,踹共
16443,踺,U+8E3A,jian4,jiàn,used in 踺子[jian4 zi5],踺子
16444,踻,U+8E3B,gua1|gua3|tuo2,guā|guǎ|tuó,,
16445,踼,U+8E3C,tang2|tang3|shang1,táng|tǎng|shāng,to fall flat,
16446,踽,U+8E3D,ju3,jǔ,hunchbacked,踽踽獨行|踽踽独行
16447,踾,U+8E3E,fu2|bi4,fú|bì,,
16448,踿,U+8E3F,zu2,zú,,
16449,蹀,U+8E40,die2,dié,to tread on,大不列蹀|踥蹀|蹀血
16450,蹁,U+8E41,pian2,pián,to limp,
16451,蹂,U+8E42,rou2|rou3,róu|rǒu,trample,蹂躪|蹂躏
16452,蹃,U+8E43,nuo4|re4|na4,nuò|rè|nà,,
16453,蹄,U+8E44,ti2|di4,tí|dì,hoof,人有失手，馬有失蹄|人有失手，马有失蹄|偶蹄
16454,蹅,U+8E45,cha3|zha1,chǎ|zhā,"(coll.) to trudge (in mud, snow etc)",
16455,蹆,U+8E46,tui3,tuǐ,,
16456,蹇,U+8E47,jian3,jiǎn,surname Jian,時乖命蹇|时乖命蹇|蹇修
16457,蹈,U+8E48,dao3,dǎo,to tread on,亨丁頓舞蹈症|亨丁顿舞蹈症|亨廷頓舞蹈症
16458,蹉,U+8E49,cuo1,cuō,to error,年已蹉跎|日月蹉跎|蹉跎
16459,蹊,U+8E4A,qi1|xi1,qī|xī,used in 蹊蹺|蹊跷[qi1 qiao1],另闢蹊徑|另辟蹊径|獨辟蹊徑
16460,蹋,U+8E4B,ta4,tà,to step on,糟蹋|踢蹋舞|蹧蹋
16461,蹌,U+8E4C,qiang1|qiang4,qiāng|qiàng,walk rapidly,跌跌蹌蹌|踉蹌|蹌踉
16462,蹍,U+8E4D,nian3|zhan3|chan2,niǎn|zhǎn|chán,,
16463,蹎,U+8E4E,dian1,diān,to fall forward (variant of 顛|颠[dian1]),
16464,蹏,U+8E4F,ti2,tí,variant of 蹄[ti2],
16465,蹐,U+8E50,ji2,jí,walk with short steps,
16466,蹑,U+8E51,nie4,niè,to walk on tiptoe,蹑履|蹑悄悄|蹑手蹑脚
16467,蹒,U+8E52,pan2,pán,used in 蹣跚|蹒跚[pan2 shan1],步履蹒跚|步态蹒跚|蹒跚
16468,蹓,U+8E53,liu1|liu4,liū|liù,to stroll,
16469,蹔,U+8E54,zan4|can2,zàn|cán,to scurry,
16470,蹕,U+8E55,bi4,bì,to clear streets when emperor tours,駐蹕
16471,蹖,U+8E56,chong1,chōng,,
16472,蹗,U+8E57,lu4,lù,,
16473,蹘,U+8E58,liao2,liáo,,
16474,蹙,U+8E59,cu4,cù,to knit (one's brows),窮蹙|穷蹙|蹙眉
16475,蹚,U+8E5A,tang1|tang4|cheng1,tāng|tàng|chēng,to wade,蹚渾水|蹚浑水|鏟蹚
16476,蹛,U+8E5B,dai4|die1|dan1|zhi4,dài|diē|dān|zhì,,
16477,蹜,U+8E5C,su4,sù,walk carefully,
16478,蹝,U+8E5D,xi3,xǐ,slippers,
16479,蹞,U+8E5E,kui3,kuǐ,,
16480,蹟,U+8E5F,ji1,jī,variant of 跡|迹[ji4],古蹟|奇蹟
16481,蹠,U+8E60,zhi2|zhuo2,zhí|zhuó,metatarsus,對蹠點|蹠骨
16482,蹡,U+8E61,qiang1|qiang4,qiāng|qiàng,(manner of walking),踉蹡
16483,蹢,U+8E62,di2|zhi2,dí|zhí,hoof,
16484,蹣,U+8E63,pan2|man2|liang3,pán|mán|liǎng,used in 蹣跚|蹒跚[pan2 shan1],步履蹣跚|步態蹣跚|蹣跚
16485,蹤,U+8E64,zong1,zōng,(bound form) footprint; trace; tracks,一去無影蹤|不見一點蹤影|來去無蹤
16486,蹥,U+8E65,lian2,lián,,
16487,蹦,U+8E66,beng4,bèng,to jump; to bounce; to hop,歡蹦亂跳|欢蹦乱跳|活蹦亂跳
16488,蹧,U+8E67,zao1,zāo,see 蹧蹋[zao1 ta4],蹧塌|蹧蹋
16489,蹨,U+8E68,nian3|ran3,niǎn|rǎn,,
16490,蹩,U+8E69,bie2,bié,to limp,蹩腳|蹩脚
16491,蹪,U+8E6A,tui2,tuí,to stumble,
16492,蹫,U+8E6B,ju2,jú,,
16493,蹬,U+8E6C,deng1|deng4,dēng|dèng,to step on; to tread on,腳蹬|脚蹬|蹬子
16494,蹭,U+8E6D,ceng4|ceng2,cèng|céng,to rub against,刮蹭|磨磨蹭蹭|磨蹭
16495,蹮,U+8E6E,xian1,xiān,old variant of 躚|跹[xian1],
16496,蹯,U+8E6F,fan2,fán,paws of animal,
16497,蹰,U+8E70,chu2,chú,used in 踟躕|踟蹰[chi2 chu2],踟蹰|踟蹰不前|踌蹰
16498,蹱,U+8E71,zhong1|chong4,zhōng|chòng,,
16499,蹲,U+8E72,dun1|zun2|cun2|zun1|cun3|cuan2|qun3,dūn|zún|cún|zūn|cǔn|cuán|qǔn,(dialect) to sprain one's foot or leg due to a sudden impact or landing,半蹲|家裡蹲|家里蹲
16500,蹳,U+8E73,bo1,bō,,
16501,蹴,U+8E74,cu4|zu2|jiu,cù|zú|jiu,carefully,一蹴即至|一蹴可幾|一蹴可几
16502,蹵,U+8E75,cu4,cù,variant of 蹴[cu4],
16503,蹶,U+8E76,jue2|jue3|gui4,jué|juě|guì,to stumble,一蹶不振|尥蹶子
16504,蹷,U+8E77,jue2,jué,,
16505,蹸,U+8E78,lin4|lin2,lìn|lín,,
16506,蹹,U+8E79,ta2,tá,,
16507,蹺,U+8E7A,qiao1|qiao4,qiāo|qiào,to raise one's foot,踩高蹺|蹊蹺|蹺家
16508,蹻,U+8E7B,jue1|qiao1|jiao3|jue2|ju2|xue4,juē|qiāo|jiǎo|jué|jú|xuè,variant of 蹺|跷[qiao1],按蹻
16509,蹼,U+8E7C,pu3,pǔ,"web (of feet of ducks, frogs etc)",半蹼鷸|半蹼鹬|灰瓣蹼鷸
16510,蹽,U+8E7D,liao1,liāo,to run,
16511,蹾,U+8E7E,dun1,dūn,(coll.) to put sth down heavily,
16512,蹿,U+8E7F,cuan1,cuān,to leap up,抱头鼠蹿|蹿升|蹿房越脊
16513,躀,U+8E80,guan4,guàn,,
16514,躁,U+8E81,zao4,zào,impatient; hot-tempered,大腸激躁症|大肠激躁症|少安毋躁
16515,躂,U+8E82,da2,dá,to stumble,蹦躂
16516,躃,U+8E83,bi4,bì,variant of 躄[bi4],
16517,躄,U+8E84,bi4,bì,both feet crippled,
16518,躅,U+8E85,zhu2|zhuo2,zhú|zhuó,used in 躑躅|踯躅[zhi2 zhu2],躑躅|踯躅
16519,躆,U+8E86,ju4,jù,,
16520,躇,U+8E87,chu2|chuo4,chú|chuò,used in 躊躇|踌躇[chou2 chu2],踟躇|躊躇|踌躇
16521,躈,U+8E88,qiao4,qiào,,
16522,躉,U+8E89,dun3,dǔn,wholesale,打躉兒|擁躉|監躉
16523,躊,U+8E8A,chou2,chóu,used in 躊躇|踌躇[chou2 chu2],躊躇|躊躇不前|躊躇不決
16524,躋,U+8E8B,ji1,jī,(literary) to ascend; to climb; to mount,躋身
16525,躌,U+8E8C,wu3,wǔ,,
16526,躍,U+8E8D,yue4|ti4,yuè|tì,to jump,一躍而起|喜躍|喜躍抃舞
16527,躎,U+8E8E,nian3,niǎn,,
16528,躏,U+8E8F,lin4,lìn,used in 蹂躪|蹂躏[rou2 lin4],蹂躏
16529,躐,U+8E90,lie4,liè,step across,
16530,躑,U+8E91,zhi2,zhí,used in 躑躅|踯躅[zhi2 zhu2],躑躅
16531,躒,U+8E92,li4|yue4|luo4,lì|yuè|luò,move,
16532,躓,U+8E93,zhi4|zhi1,zhì|zhī,to stumble,跋前躓後
16533,躔,U+8E94,chan2|zhan4,chán|zhàn,(literary) animal tracks,廿八躔
16534,躕,U+8E95,chu2,chú,used in 踟躕|踟蹰[chi2 chu2],踟躕|踟躕不前|躊躕
16535,躖,U+8E96,duan4,duàn,,
16536,躗,U+8E97,wei4,wèi,to exaggerate,
16537,躘,U+8E98,long2|long3,lóng|lǒng,to walk,
16538,躙,U+8E99,lin4,lìn,"variant of 躪|躏, to trample down",
16539,躚,U+8E9A,xian1,xiān,to manner of dancing,翩躚
16540,躛,U+8E9B,wei4,wèi,variant of 躗[wei4],
16541,躜,U+8E9C,zuan1,zuān,to jump,
16542,躝,U+8E9D,lan2,lán,to pass,
16543,躞,U+8E9E,xie4,xiè,to walk,蹀躞|躞蹀
16544,躟,U+8E9F,rang2,ráng,,
16545,躠,U+8EA0,sa3|xie4,sǎ|xiè,to limp,
16546,躡,U+8EA1,nie4,niè,to walk on tiptoe,躡履|躡悄悄|躡手躡腳
16547,躢,U+8EA2,ta4,tà,,
16548,躣,U+8EA3,qu2,qú,(manner of walking),
16549,躤,U+8EA4,ji2,jí,,
16550,躥,U+8EA5,cuan1,cuān,to leap up,抱頭鼠躥|躥升|躥房越脊
16551,躦,U+8EA6,cuo2|zuan1,cuó|zuān,to jump,
16552,躧,U+8EA7,xi3,xǐ,shoe,
16553,躨,U+8EA8,kui2,kuí,,
16554,躩,U+8EA9,jue2|qi4,jué|qì,bend,
16555,躪,U+8EAA,lin4,lìn,used in 蹂躪|蹂躏[rou2 lin4],蹂躪
16556,身,U+8EAB,shen1|juan1,shēn|juān,body,一展身手|一日為師，終身為父|一日为师，终身为父
16557,躬,U+8EAC,gong1,gōng,"(literary) body (of a human, esp. the torso)",事必躬親|事必躬亲|卑躬屈節
16558,躭,U+8EAD,dan1,dān,variant of 耽[dan1],
16559,躮,U+8EAE,fen1,fēn,,
16560,躯,U+8EAF,qu1,qū,human body,捐躯|身躯|躯干
16561,躰,U+8EB0,ti3,tǐ,variant of 體|体[ti3],
16562,躱,U+8EB1,duo3,duǒ,,
16563,躲,U+8EB2,duo3,duǒ,to hide,明槍好躲，暗箭難防|明枪好躲，暗箭难防|明槍易躲，暗箭難防
16564,躳,U+8EB3,gong1,gōng,old variant of 躬[gong1],
16565,躴,U+8EB4,lang2,láng,,
16566,躵,U+8EB5,ren3,rěn,,
16567,躶,U+8EB6,luo3,luǒ,variant of 裸[luo3],
16568,躷,U+8EB7,ai3,ǎi,,
16569,躸,U+8EB8,ji1,jī,,
16570,躹,U+8EB9,ju2,jú,variant of 鞠[ju1],
16571,躺,U+8EBA,tang3|tang4,tǎng|tàng,to recline,仰躺|側躺|侧躺
16572,躻,U+8EBB,kong1,kōng,,
16573,躼,U+8EBC,lao4,lào,,
16574,躽,U+8EBD,yan3|yan4,yǎn|yàn,,
16575,躾,U+8EBE,mei3,měi,,
16576,躿,U+8EBF,kang1,kāng,,
16577,軀,U+8EC0,qu1,qū,human body,捐軀|身軀|軀幹
16578,軁,U+8EC1,lou2|lv3,lóu|lǚ,,
16579,軂,U+8EC2,lao4,lào,,
16580,軃,U+8EC3,duo3|tuo3,duǒ|tuǒ,variant of 嚲|亸[duo3],軃神
16581,軄,U+8EC4,zhi2,zhí,,
16582,軅,U+8EC5,yan4,yàn,,
16583,軆,U+8EC6,ti3,tǐ,old variant of 體|体[ti3],
16584,軇,U+8EC7,dao4,dào,,
16585,軈,U+8EC8,ying1,yīng,,
16586,軉,U+8EC9,yu4,yù,,
16587,車,U+8ECA,che1|ju1,chē|jū,surname Che,三輪車|三輪車夫|三駕馬車
16588,軋,U+8ECB,ya4|zha2|ga2,yà|zhá|gá,surname Ya,傾軋|冷軋|凹凸軋花
16589,軌,U+8ECC,gui3,guǐ,(bound form) rail; track; course; path,上軌道|不軌|低地軌道
16590,軍,U+8ECD,jun1,jūn,(bound form) army,一個將軍一個令|三軍|三軍用命
16591,軎,U+8ECE,wei4,wèi,,
16592,軏,U+8ECF,yue4,yuè,crossbar for yoking horses,
16593,軐,U+8ED0,xin4|xian4,xìn|xiàn,,
16594,軑,U+8ED1,dai4,dài,,
16595,軒,U+8ED2,xuan1|xian3|xian4|han3|jian1,xuān|xiǎn|xiàn|hǎn|jiān,surname Xuan,不分軒輊|器宇軒昂|氣宇軒昂
16596,軓,U+8ED3,fan4,fàn,,
16597,軔,U+8ED4,ren4,rèn,brake,發軔
16598,軕,U+8ED5,shan1,shān,,
16599,軖,U+8ED6,kuang2,kuáng,spinning wheel,
16600,軗,U+8ED7,shu1,shū,,
16601,軘,U+8ED8,tun2,tún,war chariot,
16602,軙,U+8ED9,chen2|qi2,chén|qí,,
16603,軚,U+8EDA,dai4,dài,(Cantonese) steering wheel,
16604,軛,U+8EDB,e4,è,yoke,共軛|共軛不盡根|共軛複數
16605,軜,U+8EDC,na4,nà,inner reins of a 4-horse team,
16606,軝,U+8EDD,qi2,qí,end of axle,
16607,軞,U+8EDE,mao2,máo,,
16608,軟,U+8EDF,ruan3,ruǎn,soft,免費軟件|共享軟體|到手軟
16609,軠,U+8EE0,kuang2,kuáng,old variant of 軖[kuang2],
16610,軡,U+8EE1,qian2,qián,old variant of 黔[Qian2],
16611,転,U+8EE2,zhuan3,zhuǎn,Japanese variant of 轉|转,
16612,軣,U+8EE3,hong1,hōng,,
16613,軤,U+8EE4,hu1,hū,surname Hu,
16614,軥,U+8EE5,qu2|gou1|gou4|ju1,qú|gōu|gòu|jū,ends of yoke,
16615,軦,U+8EE6,kuang4,kuàng,,
16616,軧,U+8EE7,di3|chi2,dǐ|chí,,
16617,軨,U+8EE8,ling2|ling3,líng|lǐng,lattice work on front and sides,
16618,軩,U+8EE9,dai4,dài,,
16619,軪,U+8EEA,ao1|ao4,āo|ào,,
16620,軫,U+8EEB,zhen3,zhěn,square,千變萬軫|殊深軫念|軫方
16621,軬,U+8EEC,fan4|ben4,fàn|bèn,,
16622,軭,U+8EED,kuang1,kuāng,to spoil (Cant.),
16623,軮,U+8EEE,yang3,yǎng,,
16624,軯,U+8EEF,peng1,pēng,,
16625,軰,U+8EF0,bei4,bèi,,
16626,軱,U+8EF1,gu1,gū,big bone,
16627,軲,U+8EF2,gu1,gū,used in 軲轆|轱辘[gu1 lu5],軲轆
16628,軳,U+8EF3,pao2,páo,,
16629,軴,U+8EF4,zhu4,zhù,,
16630,軵,U+8EF5,rong3|fu3|fu4|rong2,rǒng|fǔ|fù|róng,,
16631,軶,U+8EF6,e4,è,old variant of 軛|轭[e4],
16632,軷,U+8EF7,ba2,bá,sacrifice,
16633,軸,U+8EF8,zhou2|zhu2|zhou4,zhóu|zhú|zhòu,axis,中軸|中軸線|主軸
16634,軹,U+8EF9,zhi3,zhǐ,end of axle outside of hub,
16635,軺,U+8EFA,yao2|diao1,yáo|diāo,light carriage,
16636,軻,U+8EFB,ke1,kē,given name of Mencius,孟軻|荊軻|轗軻
16637,軼,U+8EFC,yi4|die2|zhe2,yì|dié|zhé,to excel,收殘綴軼|軼事|軼事遺聞
16638,軽,U+8EFD,zhi4|qing1,zhì|qīng,Japanese variant of 輕|轻[qing1],
16639,軾,U+8EFE,shi4,shì,(literary) handrail at the front of a carriage or chariot; to bow while leaning on this handrail as a gesture of respect,憑軾結轍|蘇軾|金富軾
16640,軿,U+8EFF,ping2,píng,curtained carriage used by women,
16641,輀,U+8F00,er2,ér,hearse,
16642,輁,U+8F01,gong3,gǒng,,
16643,輂,U+8F02,ju2,jú,horse carriage (old),輂輦|輂辇
16644,較,U+8F03,jiao4|jue2|xiao4,jiào|jué|xiào,(bound form) to compare,一較高下|年較差|彰明較著
16645,輄,U+8F04,guang1,guāng,,
16646,輅,U+8F05,lu4|he2|ya4,lù|hé|yà,"(archaic) large carriage, esp. a conveyance for a monarch",
16647,輆,U+8F06,kai3|kai4,kǎi|kài,,
16648,輇,U+8F07,quan2|chun1,quán|chūn,limited (of talent or ability),
16649,輈,U+8F08,zhou1,zhōu,(literary) shaft (of a cart),
16650,載,U+8F09,zai4|zai3|dai4|zai1|zi1,zài|zǎi|dài|zāi|zī,to record in writing,一年半載|上載|下載
16651,輊,U+8F0A,zhi4,zhì,back and lower of chariot,不分軒輊
16652,輋,U+8F0B,she1,shē,old variant of 畲[She1],
16653,輌,U+8F0C,liang4,liàng,,
16654,輍,U+8F0D,yu4,yù,,
16655,輎,U+8F0E,shao1,shāo,,
16656,輏,U+8F0F,you2,yóu,,
16657,輐,U+8F10,wan4|yuan3,wàn|yuǎn,,
16658,輑,U+8F11,yin3|qun1,yǐn|qūn,,
16659,輒,U+8F12,zhe2,zhé,then,動輒|動輒得咎|淺嘗輒止
16660,輓,U+8F13,wan3,wǎn,variant of 挽[wan3],輓聯|輓詩|輓近
16661,輔,U+8F14,fu3,fǔ,to assist,基輔|基輔羅斯|濁輔音
16662,輕,U+8F15,qing1|qing4,qīng|qìng,light,不知輕重|不輕饒|人微言輕
16663,輖,U+8F16,zhou1,zhōu,,
16664,輗,U+8F17,ni2|yi4,ní|yì,clamps for crossbar of carriage,
16665,輘,U+8F18,leng2|ling2|leng4,léng|líng|lèng,,
16666,輙,U+8F19,zhe2,zhé,variant of 輒|辄[zhe2],
16667,輚,U+8F1A,zhan4,zhàn,,
16668,輛,U+8F1B,liang4,liàng,classifier for vehicles,機動車輛|裝甲車輛|車輛
16669,輜,U+8F1C,zi1|zi4,zī|zì,covered wagon,輜重
16670,輝,U+8F1D,hui1,huī,splendor,光輝|劉家輝|愛輝
16671,輞,U+8F1E,wang3,wǎng,tire,
16672,輟,U+8F1F,chuo4,chuò,to stop (before completion),不輟|中輟|作輟
16673,輠,U+8F20,guo3|hua4|hui4,guǒ|huà|huì,grease-pot under a cart,
16674,輡,U+8F21,kan3,kǎn,,
16675,輢,U+8F22,yi3,yǐ,,
16676,輣,U+8F23,peng2,péng,war chariot (archaic),
16677,輤,U+8F24,qian4,qiàn,a pall to cover the hearse,
16678,輥,U+8F25,gun3,gǔn,roller,軋輥
16679,輦,U+8F26,nian3|lian3,niǎn|liǎn,(archaic) man-drawn carriage,步輦|輂輦|輦下
16680,輧,U+8F27,ping2|peng1,píng|pēng,,
16681,輨,U+8F28,guan3,guǎn,,
16682,輩,U+8F29,bei4,bèi,lifetime,一輩子|上輩|上輩子
16683,輪,U+8F2A,lun2,lún,wheel; disk; ring,一輪|三輪車|三輪車夫
16684,輫,U+8F2B,pai2,pái,carriage (archaic),
16685,輬,U+8F2C,liang2,liáng,see 轀輬|辒辌[wen1 liang2],轀輬
16686,輭,U+8F2D,ruan3|er2,ruǎn|ér,variant of 軟|软[ruan3],
16687,輮,U+8F2E,rou2|rou3,róu|rǒu,wheel band,
16688,輯,U+8F2F,ji2,jí,to gather up,出輯|剪輯|合輯
16689,輰,U+8F30,yang2,yáng,,
16690,輱,U+8F31,xian2|kan4,xián|kàn,,
16691,輲,U+8F32,chuan2,chuán,,
16692,輳,U+8F33,cou4,còu,to converge,
16693,輴,U+8F34,chun1|shun3,chūn|shǔn,hearse,
16694,輵,U+8F35,ge2|ya4|e4|qie4,gé|yà|è|qiè,great array of spears and chariots,
16695,輶,U+8F36,you2,yóu,light carriage,
16696,輷,U+8F37,hong1,hōng,,
16697,輸,U+8F38,shu1|shu4,shū|shù,to lose; to be beaten,一著不慎，滿盤皆輸|中國交通運輸協會|中國航空運輸協會
16698,輹,U+8F39,fu4|bu2,fù|bú,parts of cart holding the axle,
16699,輺,U+8F3A,zi1,zī,,
16700,輻,U+8F3B,fu2,fú,spoke of a wheel,伽馬輻射|光輻射|剩餘輻射
16701,輼,U+8F3C,wen1|yun1,wēn|yūn,"variant of 轀|辒, hearse",
16702,輽,U+8F3D,ben4,bèn,,
16703,輾,U+8F3E,zhan3|nian3,zhǎn|niǎn,variant of 碾[nian3],輾軋|輾轉|輾轉反側
16704,輿,U+8F3F,yu2|yu4,yú|yù,(literary) chassis of a carriage (contrasted with the canopy 堪[kan1]),堪輿|平輿|平輿縣
16705,轀,U+8F40,wen1,wēn,hearse,轀車|轀輬
16706,轁,U+8F41,tao1|kan3,tāo|kǎn,,
16707,轂,U+8F42,gu3|gu1,gǔ|gū,used in 轂轆|毂辘[gu1 lu5],華轂|輪轂|輪轂罩
16708,轃,U+8F43,zhen1,zhēn,,
16709,轄,U+8F44,xia2|he2,xiá|hé,linchpin (used to fasten a wheel to an axle),下轄|中央直轄市|市轄區
16710,轅,U+8F45,yuan2,yuán,shaft of a cart or carriage,南轅北轍|車轅|軒轅
16711,轆,U+8F46,lu4,lù,windlass,軲轆|轂轆|轆轆
16712,轇,U+8F47,jiao1|xiao3,jiāo|xiǎo,used in 轇轕|𫐖𮝺[jiao1 ge2],轇轕
16713,轈,U+8F48,chao2,cháo,,
16714,轉,U+8F49,zhuan3|zhuan4|zhuai3,zhuǎn|zhuàn|zhuǎi,see 轉文|转文[zhuai3 wen2],U形轉彎|一轉眼|不可逆轉
16715,轊,U+8F4A,wei4,wèi,,
16716,轋,U+8F4B,hun2,hún,,
16717,轌,U+8F4C,xue3,xuě,,
16718,轍,U+8F4D,zhe2,zhé,rut; track of a wheel (Taiwan pr. [che4]),一改故轍|南轅北轍|合轍
16719,轎,U+8F4E,jiao4,jiào,sedan chair,八抬大轎|四門轎車|家轎
16720,轏,U+8F4F,zhan4,zhàn,chariot for sleeping and conveyance,
16721,轐,U+8F50,bu2,bú,,
16722,轑,U+8F51,lao3|lao2|liao2|liao3|liao4,lǎo|láo|liáo|liǎo|liào,spokes,
16723,轒,U+8F52,fen2,fén,war chariot,
16724,轓,U+8F53,fan1,fān,,
16725,轔,U+8F54,lin2|lin4,lín|lìn,rumbling of wheels,
16726,轕,U+8F55,ge2,gé,used in 轇轕|𫐖𮝺[jiao1 ge2],轇轕
16727,轖,U+8F56,se4,sè,leather top of a cart,
16728,轗,U+8F57,kan3,kǎn,used in 轗軻|𫐘轲[kan3 ke3],轗軻
16729,轘,U+8F58,huan2|huan4,huán|huàn,to tear between chariots (as punishment),轘裂
16730,轙,U+8F59,yi3,yǐ,rings on the yokes,
16731,轚,U+8F5A,ji2,jí,,
16732,轛,U+8F5B,zhui4,zhuì,,
16733,轜,U+8F5C,er2,ér,variant of 輀[er2],
16734,轝,U+8F5D,yu4,yù,variant of 輿|舆[yu2],
16735,轞,U+8F5E,jian4,jiàn,vehicle for transporting prisoners,
16736,轟,U+8F5F,hong1,hōng,explosion,地毯式轟炸|戰略轟炸機|核轟炸
16737,轠,U+8F60,lei2,léi,,
16738,轡,U+8F61,pei4,pèi,bridle; reins,攬轡澄清|轡頭|長轡遠馭
16739,轢,U+8F62,li4,lì,to bully,
16740,轣,U+8F63,li4,lì,,
16741,轤,U+8F64,lu2,lú,windlass,轆轤
16742,轥,U+8F65,lin4,lìn,,
16743,车,U+8F66,che1|ju1,chē|jū,surname Che,三轮车|三轮车夫|三驾马车
16744,轧,U+8F67,ya4|zha2|ga2,yà|zhá|gá,surname Ya,倾轧|冷轧|凹凸轧花
16745,轨,U+8F68,gui3,guǐ,(bound form) rail; track; course; path,上轨道|不轨|低地轨道
16746,轩,U+8F69,xuan1,xuān,surname Xuan,不分轩轾|器宇轩昂|气宇轩昂
16747,轪,U+8F6A,dai4,dài,,
16748,轫,U+8F6B,ren4,rèn,brake,发轫
16749,转,U+8F6C,zhuan3|zhuan4|zhuai3,zhuǎn|zhuàn|zhuǎi,see 轉文|转文[zhuai3 wen2],U形转弯|一转眼|不可逆转
16750,轭,U+8F6D,e4,è,yoke,共轭|共轭不尽根|共轭复数
16751,轮,U+8F6E,lun2,lún,wheel; disk; ring,一轮|三轮车|三轮车夫
16752,软,U+8F6F,ruan3,ruǎn,soft,免费软件|共享软体|到手软
16753,轰,U+8F70,hong1,hōng,explosion,地毯式轰炸|战略轰炸机|核轰炸
16754,轱,U+8F71,gu1,gū,used in 軲轆|轱辘[gu1 lu5],轱辘
16755,轲,U+8F72,ke1|ke3,kē|kě,given name of Mencius,孟轲|荆轲|𫐘轲
16756,轳,U+8F73,lu2,lú,windlass,辘轳
16757,轴,U+8F74,zhou2|zhou4,zhóu|zhòu,axis,中轴|中轴线|主轴
16758,轵,U+8F75,zhi3,zhǐ,end of axle outside of hub,
16759,轶,U+8F76,yi4,yì,to excel,收残缀轶|轶事|轶事遗闻
16760,轷,U+8F77,hu1,hū,surname Hu,
16761,轸,U+8F78,zhen3,zhěn,square,千变万轸|殊深轸念|轸方
16762,轹,U+8F79,li4,lì,to bully,
16763,轺,U+8F7A,yao2,yáo,light carriage,
16764,轻,U+8F7B,qing1,qīng,light,不知轻重|不轻饶|人微言轻
16765,轼,U+8F7C,shi4,shì,(literary) handrail at the front of a carriage or chariot; to bow while leaning on this handrail as a gesture of respect,凭轼结辙|苏轼|金富轼
16766,载,U+8F7D,zai4|zai3,zài|zǎi,to record in writing,一年半载|上载|下载
16767,轾,U+8F7E,zhi4,zhì,back and lower of chariot,不分轩轾
16768,轿,U+8F7F,jiao4,jiào,sedan chair,八抬大轿|四门轿车|家轿
16769,辀,U+8F80,zhou1,zhōu,(literary) shaft (of a cart),
16770,辁,U+8F81,quan2,quán,limited (of talent or ability),
16771,辂,U+8F82,lu4,lù,"(archaic) large carriage, esp. a conveyance for a monarch",
16772,较,U+8F83,jiao4,jiào,(bound form) to compare,一较高下|年较差|彰明较著
16773,辄,U+8F84,zhe2,zhé,then,动辄|动辄得咎|浅尝辄止
16774,辅,U+8F85,fu3,fǔ,to assist,基辅|基辅罗斯|浊辅音
16775,辆,U+8F86,liang4,liàng,classifier for vehicles,机动车辆|装甲车辆|车辆
16776,辇,U+8F87,nian3,niǎn,(archaic) man-drawn carriage,步辇|輂辇|辇下
16777,辈,U+8F88,bei4,bèi,lifetime,一辈子|上辈|上辈子
16778,辉,U+8F89,hui1,huī,splendor,光辉|刘家辉|爱辉
16779,辊,U+8F8A,gun3,gǔn,roller,轧辊
16780,辋,U+8F8B,wang3,wǎng,tire,
16781,辌,U+8F8C,liang2,liáng,see 轀輬|辒辌[wen1 liang2],辒辌
16782,辍,U+8F8D,chuo4,chuò,to stop (before completion),不辍|中辍|作辍
16783,辎,U+8F8E,zi1,zī,covered wagon,辎重
16784,辏,U+8F8F,cou4,còu,to converge,
16785,辐,U+8F90,fu2,fú,spoke of a wheel,伽马辐射|光辐射|剩余辐射
16786,辑,U+8F91,ji2,jí,to gather up,出辑|剪辑|合辑
16787,辒,U+8F92,wen1,wēn,hearse,辒车|辒辌
16788,输,U+8F93,shu1,shū,to lose; to be beaten,一着不慎，满盘皆输|中国交通运输协会|中国航空运输协会
16789,辔,U+8F94,pei4,pèi,bridle; reins,揽辔澄清|辔头|长辔远驭
16790,辕,U+8F95,yuan2,yuán,shaft of a cart or carriage,南辕北辙|车辕|轩辕
16791,辖,U+8F96,xia2,xiá,linchpin (used to fasten a wheel to an axle),下辖|中央直辖市|市辖区
16792,辗,U+8F97,nian3|zhan3,niǎn|zhǎn,variant of 碾[nian3],辗轧|辗转|辗转反侧
16793,辘,U+8F98,lu4,lù,windlass,轱辘|毂辘|辘辘
16794,辙,U+8F99,zhe2,zhé,rut; track of a wheel (Taiwan pr. [che4]),一改故辙|南辕北辙|合辙
16795,辚,U+8F9A,lin2,lín,rumbling of wheels,
16796,辛,U+8F9B,xin1,xīn,surname Xin,不辭辛苦|不辞辛苦|五辛
16797,辜,U+8F9C,gu1,gū,surname Gu,傷及無辜|伤及无辜|死有餘辜
16798,辝,U+8F9D,ci2,cí,,
16799,辞,U+8F9E,ci2,cí,old variant of 辭|辞[ci2],一辞莫赞|不以辞害志|不辞劳苦
16800,辟,U+8F9F,pi4|bi4|mi3|pi1,pì|bì|mǐ|pī,(literary) king; monarch,丁巳復辟|丁巳复辟|另辟蹊径
16801,辠,U+8FA0,zui4|zui1,zuì|zuī,"variant of 罪[zui4], crime",
16802,辡,U+8FA1,bian4,biàn,,
16803,辢,U+8FA2,la4,là,old variant of 辣[la4],
16804,辣,U+8FA3,la4,là,old variant of 辣[la4],中辣|俗辣|則辣黑
16805,辤,U+8FA4,ci2,cí,old variant of 辭|辞[ci2],
16806,辥,U+8FA5,xue1|yi4,xuē|yì,,
16807,辦,U+8FA6,ban4,bàn,"to take care of (a matter); to deal with (a task, procedure etc); to organize (an event)",一手包辦|中共中央辦公廳|中央人民政府駐香港特別行政區聯絡辦公室
16808,辧,U+8FA7,bian4,biàn,,
16809,辨,U+8FA8,bian4|bian3|ban4|pian4,biàn|biǎn|bàn|piàn,to distinguish,不辨菽麥|不辨菽麦|八綱辨證
16810,辩,U+8FA9,bian4,biàn,to dispute,不容置辩|事实胜于雄辩|伏辩
16811,辪,U+8FAA,xue1,xuē,,
16812,辫,U+8FAB,bian4,biàn,a braid or queue,剃发留辫|小辫|小辫儿
16813,辬,U+8FAC,ban1,bān,,
16814,辭,U+8FAD,ci2,cí,to resign,一辭莫贊|不以辭害志|不辭勞苦
16815,辮,U+8FAE,bian4,biàn,a braid or queue,剃髮留辮|小辮|小辮兒
16816,辯,U+8FAF,bian4|pian2|bian3|ban4,biàn|pián|biǎn|bàn,to dispute,不容置辯|事實勝於雄辯|伏辯
16817,辰,U+8FB0,chen2,chén,"5th earthly branch: 7-9 a.m., 3rd solar month (5th April-4th May), year of the Dragon",丙辰|北辰|北辰區
16818,辱,U+8FB1,ru3,rǔ,disgrace,侮辱|凌辱|刑辱
16819,農,U+8FB2,nong2,nóng,surname Nong,三農|三農問題|上農
16820,辳,U+8FB3,nong2,nóng,variant of 農|农[nong2],
16821,辴,U+8FB4,chan3|zhen3,chǎn|zhěn,,
16822,辵,U+8FB5,chuo4,chuò,to walk (side part of split character),
16823,辶,U+8FB6,chuo4,chuò,to walk (side part of split character),
16824,辷,U+8FB7,yi1,yī,,
16825,辸,U+8FB8,reng2,réng,,
16826,边,U+8FB9,bian1|bian,biān|bian,side,一边|一边倒|七边形
16827,辺,U+8FBA,bian1,biān,Japanese variant of 邊|边[bian1],
16828,辻,U+8FBB,shi2,shí,(Japanese kokuji) street corner,
16829,込,U+8FBC,yu1,yū,(Japanese kokuji) to be crowded; to go into,
16830,辽,U+8FBD,liao2,liáo,short name for Liaoning 遼寧|辽宁[Liao2 ning2] province,司马辽太郎|埃克托·柏辽兹|东辽
16831,达,U+8FBE,da2|ti4|ta4,dá|tì|tà,surname Da,上达|下达|亚米拿达
16832,辿,U+8FBF,chan1|chan2,chān|chán,"used in names, e.g. 龍王辿|龙王辿[Long2 wang2 Chan1] Longwang Chan, a place in Shaanxi Province",
16833,迀,U+8FC0,gan1,gān,,
16834,迁,U+8FC1,qian1,qiān,to move,事过境迁|他迁|再迁
16835,迂,U+8FC2,yu1,yū,literal-minded,拘迂|迂儒|迂回奔襲
16836,迃,U+8FC3,yu1,yū,,
16837,迄,U+8FC4,qi4,qì,as yet,起迄|迄今|迄今為止
16838,迅,U+8FC5,xun4,xùn,rapid,迅即|迅捷|迅猛
16839,迆,U+8FC6,yi2|yi3|tuo2,yí|yǐ|tuó,variant of 迤[yi2],
16840,过,U+8FC7,guo4|guo1,guò|guō,surname Guo,一带而过|一笔带过|一过性
16841,迈,U+8FC8,mai4,mài,to take a step,伊思迈尔|年迈|清迈
16842,迉,U+8FC9,qi1,qī,,
16843,迊,U+8FCA,za1,zā,,
16844,迋,U+8FCB,wang4|guang4|kuang2,wàng|guàng|kuáng,to deceive,
16845,迌,U+8FCC,tu4,tù,,
16846,迍,U+8FCD,zhun1,zhūn,used in 迍邅[zhun1 zhan1],迍邅
16847,迎,U+8FCE,ying2|ying4,yíng|yìng,to welcome; to meet,不受歡迎|不受欢迎|出迎
16848,迏,U+8FCF,da2,dá,old variant of 達|达[da2],
16849,运,U+8FD0,yun4|yun3,yùn|yǔn,to move,一二九运动|三反运动|不结盟运动
16850,近,U+8FD1,jin4,jìn,near,不近人情|人無遠慮，必有近憂|人无远虑，必有近忧
16851,迒,U+8FD2,hang2|xiang2,háng|xiáng,,
16852,迓,U+8FD3,ya4,yà,to receive (as a guest),
16853,返,U+8FD4,fan3,fǎn,to return (to),一去不復返|一去不复返|回光返照
16854,迕,U+8FD5,wu4|wu3,wù|wǔ,"obstinate, perverse",乖迕
16855,迖,U+8FD6,da2,dá,,
16856,迗,U+8FD7,e2,é,,
16857,还,U+8FD8,hai2|huan2|fu2,hái|huán|fú,surname Huan,乍暖还寒|交还|以其人之道，还治其人之身
16858,这,U+8FD9,zhe4|zhei4,zhè|zhèi,(pronoun) this; these,在这之前|在这期间|如此这般
16859,迚,U+8FDA,da2,dá,,
16860,进,U+8FDB,jin4,jìn,to go forward,一杆进洞|一头栽进|上进
16861,远,U+8FDC,yuan3,yuǎn,far,三级跳远|不远千里|中远
16862,违,U+8FDD,wei2,wéi,to disobey,不违农时|久违|事与愿违
16863,连,U+8FDE,lian2,lián,surname Lian,一连|一连串|三连胜
16864,迟,U+8FDF,chi2,chí,surname Chi,事不宜迟|凌迟|出来混迟早要还的
16865,迠,U+8FE0,che4,chè,,
16866,迡,U+8FE1,ni4|chi2,nì|chí,,
16867,迢,U+8FE2,tiao2,tiáo,remote,千里迢迢|萬里迢迢|万里迢迢
16868,迣,U+8FE3,zhi4|chi4,zhì|chì,to leap over,
16869,迤,U+8FE4,yi2|yi3|tuo2,yí|yǐ|tuó,used in 逶迤[wei1 yi2],迤邐|迤逦|逶迤
16870,迥,U+8FE5,jiong3,jiǒng,variant of 迥[jiong3],迥然|迥然不同|迥異
16871,迦,U+8FE6,jia1|xie4,jiā|xiè,(phonetic sound for Buddhist terms),南迦巴瓦峰|帖撒羅尼迦|帖撒罗尼迦
16872,迧,U+8FE7,chen2,chén,,
16873,迨,U+8FE8,dai4,dài,until,
16874,迩,U+8FE9,er3,ěr,recently,名驰遐迩|室迩人遐|闻名遐迩
16875,迪,U+8FEA,di2,dí,to enlighten,傑奎琳·肯尼迪|杰奎琳·肯尼迪|凱迪拉克
16876,迫,U+8FEB,po4|pai3,pò|pǎi,variant of 迫[po4],交迫|切迫|危迫
16877,迬,U+8FEC,zhu4|wang3,zhù|wǎng,,
16878,迭,U+8FED,die2|yi4|da2,dié|yì|dá,alternately,三迭紀|三迭纪|不迭
16879,迮,U+8FEE,ze2|zuo4,zé|zuò,haste,迮徑|迮径
16880,迯,U+8FEF,tao2,táo,,
16881,述,U+8FF0,shu4,shù,(bound form) to state; to tell; to narrate; to relate,上述|供述|傳述
16882,迱,U+8FF1,tuo2|yi2,tuó|yí,,
16883,迲,U+8FF2,qu,qu,,
16884,迳,U+8FF3,jing4,jìng,variant of 徑|径[jing4],迳向|迳庭|迳流
16885,迴,U+8FF4,hui2,huí,to curve,巡迴|巡迴法庭|巡迴演出
16886,迵,U+8FF5,dong4,dòng,,
16887,迶,U+8FF6,you4,yòu,to walk,
16888,迷,U+8FF7,mi2|mi4,mí|mì,to bewilder,低迷|入迷|哈迷
16889,迸,U+8FF8,beng4,bèng,to burst forth,迸流|迸發|迸发
16890,迹,U+8FF9,ji4|ji1,jì|jī,footprint,不落痕迹|不着痕迹|事迹
16891,迺,U+8FFA,nai3,nǎi,"variant of 乃[nai3] (used as a surname, in given names or in place names)",甘迺迪
16892,迻,U+8FFB,yi2,yí,to shift,
16893,迼,U+8FFC,jie2,jié,,
16894,追,U+8FFD,zhui1|dui1|tui1,zhuī|duī|tuī,to sculpt,一言既出，駟馬難追|一言既出，驷马难追|乘勝追擊
16895,迾,U+8FFE,lie4,liè,,
16896,迿,U+8FFF,xun4,xùn,to be the first to begin a quarrel,
16897,退,U+9000,tui4,tuì,to retreat; to withdraw,一退六二五|三退|不知進退
16898,送,U+9001,song4,sòng,to send; to deliver; to transmit,不送|不送氣|不送气
16899,适,U+9002,shi4|kuo4,shì|kuò,see 李适[Li3 Kuo4],不舒适|不适|不适当
16900,逃,U+9003,tao2,táo,to escape,倉皇出逃|仓皇出逃|出逃
16901,逄,U+9004,pang2|feng2,páng|féng,surname Pang,
16902,逅,U+9005,hou4,hòu,used in 邂逅[xie4 hou4],邂逅
16903,逆,U+9006,ni4,nì,contrary,不可逆|不可逆轉|不可逆转
16904,逇,U+9007,dun4,dùn,,
16905,逈,U+9008,jiong3,jiǒng,old variant of 迥[jiong3],
16906,选,U+9009,xuan3,xuǎn,to choose,不加选择|世界小姐选美|中选
16907,逊,U+900A,xun4,xùn,to abdicate,不逊|亚马逊|亚马逊河
16908,逋,U+900B,bu1,bū,to flee,林逋|逋逃藪|逋逃薮
16909,逌,U+900C,you1|you2,yōu|yóu,distant,
16910,逍,U+900D,xiao1,xiāo,used in 逍遙|逍遥[xiao1 yao2],逍遙|逍遥|逍遙法外
16911,逎,U+900E,qiu2,qiú,,
16912,透,U+900F,tou4|shu1,tòu|shū,(bound form) to penetrate; to seep through,不透明|不透氣|不透气
16913,逐,U+9010,zhu2|di2|zhou4|tun2,zhú|dí|zhòu|tún,(bound form) to pursue,下逐客令|劣幣驅逐良幣|劣币驱逐良币
16914,逑,U+9011,qiu2,qiú,collect,
16915,递,U+9012,di4,dì,to hand over; to pass on; to deliver,一递一个|一递一声|传递
16916,逓,U+9013,di4,dì,Japanese variant of 遞|递[di4],
16917,途,U+9014,tu2,tú,way,不絕於途|不绝于途|中途
16918,逕,U+9015,jing4,jìng,variant of 徑|径[jing4],逕向|逕庭|逕流
16919,逖,U+9016,ti4,tì,(literary) remote; far away,
16920,逗,U+9017,dou4|zhu4|tou2|qi2,dòu|zhù|tóu|qí,to tease (playfully); to entice,句逗|引逗|挑逗
16921,逘,U+9018,yi3|si4,yǐ|sì,,
16922,這,U+9019,zhe4|yan4|zhei4,zhè|yàn|zhèi,(pronoun) this; these,在這之前|在這期間|如此這般
16923,通,U+901A,tong1|tong4,tōng|tòng,to go through,一卡通|一大通|一竅不通
16924,逛,U+901B,guang4|kuang2,guàng|kuáng,to stroll,瞎逛|逛蕩|逛荡
16925,逜,U+901C,wu4|wu3,wù|wǔ,,
16926,逝,U+901D,shi4,shì,(of flowing water or time) to pass by,仙逝|去逝|早逝
16927,逞,U+901E,cheng3|ying2,chěng|yíng,to show off,一逞獸欲|一逞兽欲|不逞之徒
16928,速,U+901F,su4,sù,fast,不速|不速之客|不速而至
16929,造,U+9020,zao4|cao4|cao1,zào|cào|cāo,to make,中國製造|中国制造|中國製造2025
16930,逡,U+9021,qun1|xun4|suo1,qūn|xùn|suō,to shrink back (from sth),逡巡|逡巡不前
16931,逢,U+9022,feng2|peng2|pang2,féng|péng|páng,to meet by chance,丘逢甲|久別重逢|久别重逢
16932,連,U+9023,lian2|lian3|lian4|lan4,lián|liǎn|liàn|làn,surname Lian,一連|一連串|三連勝
16933,逤,U+9024,suo4,suò,,
16934,逥,U+9025,hui2,huí,variant of 迴|回[hui2],
16935,逦,U+9026,li3,lǐ,winding,迤逦
16936,逧,U+9027,gu3,gǔ,,
16937,逨,U+9028,lai2|lai4,lái|lài,,
16938,逩,U+9029,ben4|ben1,bèn|bēn,variant of 奔[ben4],
16939,逪,U+902A,cuo4,cuò,,
16940,逫,U+902B,jue2|zhu2,jué|zhú,,
16941,逬,U+902C,beng4|peng1,bèng|pēng,,
16942,逭,U+902D,huan4,huàn,to escape from,
16943,逮,U+902E,dai3|dai4|di4,dǎi|dài|dì,(coll.) to catch; to seize; to capture,不逮捕特權|不逮捕特权|力有未逮
16944,逯,U+902F,lu4|dai4,lù|dài,surname Lu,
16945,逰,U+9030,you2,yóu,,
16946,週,U+9031,zhou1,zhōu,week,下週|元素週期表|北京週報
16947,進,U+9032,jin4,jìn,to go forward,一桿進洞|一頭栽進|上進
16948,逳,U+9033,yu4,yù,,
16949,逴,U+9034,chuo1|chuo4,chuō|chuò,apparent,
16950,逵,U+9035,kui2|kui3,kuí|kuǐ,crossroads,李逵
16951,逶,U+9036,wei1,wēi,used in 逶迤[wei1 yi2],逶迤
16952,逷,U+9037,ti4,tì,,
16953,逸,U+9038,yi4,yì,to escape,一勞永逸|一劳永逸|以逸待勞
16954,逹,U+9039,da2,dá,erroneous variant of 達|达[da2],
16955,逺,U+903A,yuan3,yuǎn,old variant of 遠|远[yuan3],
16956,逻,U+903B,luo2,luó,patrol,命题逻辑|巡逻|巡逻船
16957,逼,U+903C,bi1,bī,variant of 逼[bi1],二逼|倒逼|催逼
16958,逽,U+903D,nuo4,nuò,,
16959,逾,U+903E,yu2|dou4,yú|dòu,variant of 逾[yu2],不可逾越|年逾|年逾古稀
16960,逿,U+903F,dang4|tang2,dàng|táng,to fall,
16961,遀,U+9040,sui2,suí,,
16962,遁,U+9041,dun4|qun1|xun2,dùn|qūn|xún,to evade,奇門遁甲|奇门遁甲|尿遁
16963,遂,U+9042,sui4|sui2,suì|suí,used in 半身不遂[ban4 shen1 bu4 sui2],不遂|半身不遂|徑情直遂
16964,遃,U+9043,yan3|an4,yǎn|àn,,
16965,遄,U+9044,chuan2,chuán,to hurry,遄征
16966,遅,U+9045,chi2,chí,Japanese variant of 遲|迟,
16967,遆,U+9046,ti2,tí,,
16968,遇,U+9047,yu4|yong2|ou3,yù|yóng|ǒu,surname Yu,不期而遇|他鄉遇故知|他乡遇故知
16969,遈,U+9048,shi2,shí,,
16970,遉,U+9049,zhen1,zhēn,old variant of 偵|侦[zhen1],
16971,遊,U+904A,you2,yóu,to walk,三江生態旅遊區|世界旅遊組織|中國遊藝機遊樂園協會
16972,運,U+904B,yun4,yùn,to move,一二九運動|三反運動|不結盟運動
16973,遌,U+904C,e4,è,,
16974,遍,U+904D,bian4,biàn,variant of 遍[bian4],一遍|一遍又一遍|二遍苦
16975,過,U+904E,guo4|guo1|guo|huo4,guò|guō|guo|huò,surname Guo,一帶而過|一筆帶過|一過性
16976,遏,U+904F,e4,è,to restrain,怒不可遏|遏制|遏抑
16977,遐,U+9050,xia2,xiá,distant,升遐|名馳遐邇|名驰遐迩
16978,遑,U+9051,huang2,huáng,leisure,不遑|不遑多讓|不遑多让
16979,遒,U+9052,qiu2|qiu1,qiú|qiū,strong,揮斥方遒|挥斥方遒
16980,道,U+9053,dao4|dao3,dào|dǎo,"road; path (CL:條|条[tiao2],股[gu3])",一人得道，雞犬升天|一人得道，鸡犬升天|一條道走到黑
16981,達,U+9054,da2|ta4,dá|tà,surname Da,上達|下達|亞米拿達
16982,違,U+9055,wei2|hui2,wéi|huí,to disobey,不違農時|久違|事與願違
16983,遖,U+9056,nan2,nán,,
16984,遗,U+9057,yi2|wei4,yí|wèi,(bound form) to leave behind,一览无遗|不遗余力|且末遗址
16985,遘,U+9058,gou4,gòu,meet unexpectedly,
16986,遙,U+9059,yao2,yáo,(bound form) distant; remote; far away,平遙|平遙縣|路途遙遠
16987,遚,U+905A,chou4,chòu,,
16988,遛,U+905B,liu2|liu4,liú|liù,used in 逗遛[dou4 liu2],是騾子是馬，拉出來遛遛|是骡子是马，拉出来遛遛|是騾子是馬，牽出來遛遛
16989,遜,U+905C,xun4,xùn,to abdicate,不遜|亞馬遜|亞馬遜河
16990,遝,U+905D,ta4,tà,abundant,雜遝|杂遝
16991,遞,U+905E,di4|shi4|dai4,dì|shì|dài,to hand over; to pass on; to deliver,一遞一個|一遞一聲|傳遞
16992,遟,U+905F,chi2|zhi4|xi1,chí|zhì|xī,variant of 遲|迟[chi2],
16993,遠,U+9060,yuan3|yuan4,yuǎn|yuàn,far,三級跳遠|不遠千里|中遠
16994,遡,U+9061,su4,sù,variant of 溯[su4],
16995,遢,U+9062,ta4|ta|ta1,tà|ta|tā,used in 邋遢[la1 ta5],邋裡邋遢|邋里邋遢|邋遢
16996,遣,U+9063,qian3|qian4,qiǎn|qiàn,(bound form) to dispatch; to send,先遣隊|先遣队|娛遣
16997,遤,U+9064,ma3,mǎ,,
16998,遥,U+9065,yao2,yáo,(bound form) distant; remote; far away,平遥|平遥县|路途遥远
16999,遦,U+9066,guan4,guàn,,
17000,遧,U+9067,zhang1,zhāng,,
17001,遨,U+9068,ao2,áo,to make an excursion; to ramble; to travel,遨翔|遨遊|遨游
17002,適,U+9069,shi4|di2|ti4|zhe2,shì|dí|tì|zhé,surname Shi,不舒適|不適|不適當
17003,遪,U+906A,ca4,cà,,
17004,遫,U+906B,chi4,chì,alert,
17005,遬,U+906C,su4,sù,,
17006,遭,U+906D,zao1,zāo,to meet by chance (usually with misfortune),免遭|周遭|屋漏更遭連夜雨
17007,遮,U+906E,zhe1,zhē,to cover up (a shortcoming),一手遮天|口無遮攔|口无遮拦
17008,遯,U+906F,dun4,dùn,variant of 遁[dun4],
17009,遰,U+9070,di4|shi4|dai4,dì|shì|dài,to go away,
17010,遱,U+9071,lou2,lóu,,
17011,遲,U+9072,chi2|zhi4,chí|zhì,surname Chi,事不宜遲|凌遲|出來混遲早要還的
17012,遳,U+9073,cuo1,cuō,,
17013,遴,U+9074,lin2|lin4,lín|lìn,surname Lin,遴選|遴选
17014,遵,U+9075,zun1,zūn,to observe,凜遵|凛遵|恪遵
17015,遶,U+9076,rao4,rào,"variant of 繞|绕[rao4], to rotate around",
17016,遷,U+9077,qian1,qiān,to move,事過境遷|他遷|再遷
17017,選,U+9078,xuan3|xuan4|suan4|shua1,xuǎn|xuàn|suàn|shuā,to choose,不加選擇|世界小姐選美|中選
17018,遹,U+9079,yu4,yù,surname Yu,
17019,遺,U+907A,yi2|wei4|sui2,yí|wèi|suí,(bound form) to leave behind,一覽無遺|不遺餘力|且末遺址
17020,遻,U+907B,e4,è,recalcitrant,
17021,遼,U+907C,liao2,liáo,short name for Liaoning 遼寧|辽宁[Liao2 ning2] province,司馬遼太郎|埃克托·柏遼茲|東遼
17022,遽,U+907D,ju4|qu2,jù|qú,hurry,匆遽|急遽|惶遽
17023,遾,U+907E,shi4,shì,,
17024,避,U+907F,bi4,bì,to avoid,不可避|不可避免|不避斧鉞
17025,邀,U+9080,yao1,yāo,to invite,應邀|应邀|特邀
17026,邁,U+9081,mai4,mài,to take a step,伊思邁爾|年邁|清邁
17027,邂,U+9082,xie4,xiè,used in 邂逅[xie4 hou4],邂逅
17028,邃,U+9083,sui4,suì,deep,幽邃|明邃|沉邃
17029,還,U+9084,hai2|huan2|xuan2,hái|huán|xuán,surname Huan,乍暖還寒|交還|以其人之道，還治其人之身
17030,邅,U+9085,zhan1|zhan4,zhān|zhàn,not making progress,屯邅|迍邅
17031,邆,U+9086,teng2,téng,(used in place names),
17032,邇,U+9087,er3,ěr,recently,名馳遐邇|室邇人遐|聞名遐邇
17033,邈,U+9088,miao3|miao2,miǎo|miáo,profound,孫思邈|孙思邈|程邈
17034,邉,U+9089,bian1,biān,old variant of 邊|边[bian1],
17035,邊,U+908A,bian1|bian,biān|bian,side,一邊|一邊倒|七邊形
17036,邋,U+908B,la1|lie4,lā|liè,used in 邋遢[la1 ta5],邋裡邋遢|邋里邋遢|邋遢
17037,邌,U+908C,li2|chi2,lí|chí,,
17038,邍,U+908D,yuan2,yuán,,
17039,邎,U+908E,yao2,yáo,variant of 遙|遥[yao2],
17040,邏,U+908F,luo2|luo4,luó|luò,patrol,命題邏輯|巡邏|巡邏船
17041,邐,U+9090,li3,lǐ,winding,迤邐
17042,邑,U+9091,yi4|e4,yì|è,city,伯邑考|城邑|夏邑
17043,邒,U+9092,ting2,tíng,,
17044,邓,U+9093,deng4|shan1,dèng|shān,surname Deng,毛邓三|邓世昌|邓亚萍
17045,邔,U+9094,qi3,qǐ,,
17046,邕,U+9095,yong1|yong3,yōng|yǒng,Yong River (Guangxi),邕寧|邕宁|邕寧區
17047,邖,U+9096,shan1,shān,,
17048,邗,U+9097,han2,hán,name of an ancient river,邗江|邗江區|邗江区
17049,邘,U+9098,yu2,yú,surname Yu,
17050,邙,U+9099,mang2,máng,"Mt Mang at Luoyang in Henan, with many Han, Wei and Jin dynasty royal tombs",北邙|邙山|邙山行
17051,邚,U+909A,ru2|fu4,rú|fù,,
17052,邛,U+909B,qiong2,qióng,mound,邛崍|邛崃|邛崍山
17053,邜,U+909C,xi1,xī,,
17054,邝,U+909D,kuang4,kuàng,surname Kuang,
17055,邞,U+909E,fu1,fū,,
17056,邟,U+909F,kang4|hang2|kang1,kàng|háng|kāng,,
17057,邠,U+90A0,bin1,bīn,variant of 豳[Bin1],
17058,邡,U+90A1,fang1|fang4,fāng|fàng,name of a district in Sichuan,什邡|什邡市
17059,邢,U+90A2,xing2|geng3,xíng|gěng,surname Xing,邢臺|邢台|邢臺市
17060,那,U+90A3,na4|na1|nuo2|nuo4|nei4|na3|nei3|ne2|nai3|ne4,nà|nā|nuó|nuò|nèi|nǎ|něi|né|nǎi|nè,surname Na,一剎那|一刹那|亞利桑那
17061,邤,U+90A4,xin1,xīn,,
17062,邥,U+90A5,shen3,shěn,,
17063,邦,U+90A6,bang1,bāng,(bound form) country; nation; state,中央邦|俄羅斯聯邦|俄罗斯联邦
17064,邧,U+90A7,yuan2,yuán,place name,
17065,邨,U+90A8,cun1,cūn,variant of 村[cun1],馬南邨|马南邨
17066,邩,U+90A9,huo3,huǒ,,
17067,邪,U+90AA,xie2|ya2|ye2|xu2|she2,xié|yá|yé|xú|shé,old variant of 邪[xie2],中邪|偏邪不正|六邪
17068,邫,U+90AB,bang1,bāng,,
17069,邬,U+90AC,wu1,wū,surname Wu,
17070,邭,U+90AD,ju4,jù,,
17071,邮,U+90AE,you2,yóu,post (office),中国邮政|包邮|南京邮电大学
17072,邯,U+90AF,han2|han4,hán|hàn,name of a district in Hebei,邯山|邯山區|邯山区
17073,邰,U+90B0,tai2,tái,surname Tai,
17074,邱,U+90B1,qiu1,qiū,surname Qiu,大邱|大邱市|大邱廣域市
17075,邲,U+90B2,bi4|bian4,bì|biàn,surname Bi,
17076,邳,U+90B3,pi1,pī,surname Pi,邳州|邳州市|邳縣
17077,邴,U+90B4,bing3,bǐng,surname Bing,
17078,邵,U+90B5,shao4,shào,surname Shao,新邵|新邵縣|新邵县
17079,邶,U+90B6,bei4,bèi,name of a feudal state,
17080,邷,U+90B7,wa3,wǎ,old place name,邷麼兒|邷么儿
17081,邸,U+90B8,di3,dǐ,surname Di,宅邸|官邸|府邸
17082,邹,U+90B9,zou1,zōu,surname Zou,邹城|邹城市|邹容
17083,邺,U+90BA,ye4|qiu1,yè|qiū,surname Ye,建邺|建邺区
17084,邻,U+90BB,lin2,lín,neighbor,以邻为壑|友邻|四邻
17085,邼,U+90BC,kuang1,kuāng,,
17086,邽,U+90BD,gui1,guī,surname Gui,
17087,邾,U+90BE,zhu1,zhū,surname Zhu,
17088,邿,U+90BF,shi1,shī,place name,
17089,郀,U+90C0,ku1,kū,,
17090,郁,U+90C1,yu4,yù,variant of 鬱|郁[yu4],忧郁|忧郁症|抑郁
17091,郂,U+90C2,gai1|hai2,gāi|hái,,
17092,郃,U+90C3,he2|xia2,hé|xiá,name of a person,
17093,郄,U+90C4,qie4|xi4,qiè|xì,surname Qie,
17094,郅,U+90C5,zhi4|ji2,zhì|jí,surname Zhi,王治郅|臻於郅治|臻于郅治
17095,郆,U+90C6,ji2,jí,,
17096,郇,U+90C7,huan2|xun2,huán|xún,name of a feudal state,郇山隱修會|郇山隐修会
17097,郈,U+90C8,hou4,hòu,surname Hou,
17098,郉,U+90C9,xing2,xíng,,
17099,郊,U+90CA,jiao1,jiāo,surname Jiao,京郊|京郊日報|京郊日报
17100,郋,U+90CB,xi2,xí,,
17101,郌,U+90CC,gui1,guī,,
17102,郍,U+90CD,nuo2|na3|fu2,nuó|nǎ|fú,,
17103,郎,U+90CE,lang2|lang4,láng|làng,surname Lang,中郎將|中郎将|二郎
17104,郏,U+90CF,jia2,jiá,name of a district in Henan,郏县
17105,郐,U+90D0,kuai4,kuài,surname Kuai,
17106,郑,U+90D1,zheng4,zhèng,"Zheng, a Zhou-dynasty state in the vicinity of present-day Xinzheng 新鄭|新郑[Xin1 zheng4], a county-level city in Henan",新郑|新郑市|林郑
17107,郒,U+90D2,lang2,láng,,
17108,郓,U+90D3,yun4,yùn,place name,郓城|郓城县
17109,郔,U+90D4,yan2,yán,(place name),
17110,郕,U+90D5,cheng2,chéng,surname Cheng,
17111,郖,U+90D6,dou4,dòu,,
17112,郗,U+90D7,xi1|chi1,xī|chī,surname Chi,
17113,郘,U+90D8,lv3,lǚ,,
17114,郙,U+90D9,fu3,fǔ,ancient place name,
17115,郚,U+90DA,wu2|yu2,wú|yú,place name,
17116,郛,U+90DB,fu2,fú,suburbs,眾說郛|众说郛
17117,郜,U+90DC,gao4,gào,surname Gao,
17118,郝,U+90DD,hao3|shi4,hǎo|shì,ancient place name,郝海東|郝海东
17119,郞,U+90DE,lang2,láng,variant of 郎[Lang2],
17120,郟,U+90DF,jia2,jiá,name of a district in Henan,郟縣
17121,郠,U+90E0,geng3,gěng,(place name),
17122,郡,U+90E1,jun4,jùn,canton,吉州郡|威爾特郡|威尔特郡
17123,郢,U+90E2,ying3|cheng2,yǐng|chéng,"Ying, ancient capital of Chu 楚 in Hubei, Jianling county 江陵縣|江陵县",郢書燕說|郢书燕说
17124,郣,U+90E3,bo2,bó,,
17125,郤,U+90E4,xi4,xì,surname Xi,批郤導窾|批郤导窾
17126,郥,U+90E5,bei4,bèi,,
17127,郦,U+90E6,li4,lì,surname Li,
17128,郧,U+90E7,yun2,yún,name of a feudal state,郧西|郧西县|郧阳
17129,部,U+90E8,bu4|pou3,bù|pǒu,ministry,PA部|一小部分|一部二十四史，不知從何說起
17130,郩,U+90E9,xiao2|ao3,xiáo|ǎo,,
17131,郪,U+90EA,qi1,qī,name of a river,
17132,郫,U+90EB,pi2,pí,place name,郫縣|郫县
17133,郬,U+90EC,qing1,qīng,,
17134,郭,U+90ED,guo1|guo2,guō|guó,surname Guo,前郭爾羅斯蒙古族自治縣|前郭尔罗斯蒙古族自治县|前郭縣
17135,郮,U+90EE,zhou1,zhōu,,
17136,郯,U+90EF,tan2,tán,surname Tan,郯城|郯城縣|郯城县
17137,郰,U+90F0,zou1|ju3,zōu|jǔ,birthplace of Confucius in Shandong,
17138,郱,U+90F1,ping2,píng,,
17139,郲,U+90F2,lai2|lei3,lái|lěi,"name of a country in Spring and Autumn period in modern Shandong, destroyed by Qi 齊|齐",
17140,郳,U+90F3,ni2,ní,place name,
17141,郴,U+90F4,chen1|lan2,chēn|lán,name of a district in Hunan,郴州|郴州市
17142,郵,U+90F5,you2|chui2,yóu|chuí,post (office),中國郵政|包郵|南京郵電大學
17143,郶,U+90F6,bu4,bù,,
17144,郷,U+90F7,xiang1,xiāng,Japanese variant of 鄉|乡,
17145,郸,U+90F8,dan1,dān,"used in place names 邯鄲|邯郸[Han2 dan1] (historically, a county in Hebei, now a city) and 鄲城|郸城[Dan1 cheng2] (a county in Henan)",邯郸|邯郸学步|邯郸市
17146,郹,U+90F9,ju2,jú,place name,
17147,郺,U+90FA,yong1,yōng,,
17148,郻,U+90FB,qiao1,qiāo,,
17149,郼,U+90FC,yi1,yī,,
17150,都,U+90FD,dou1|du1,dōu|dū,surname Du,三都|三都水族自治縣|三都水族自治县
17151,郾,U+90FE,yan3|yan1,yǎn|yān,place name,郾城|郾城區|郾城区
17152,郿,U+90FF,mei2,méi,ancient place name,
17153,鄀,U+9100,ruo4,ruò,place name,
17154,鄁,U+9101,bei4,bèi,,
17155,鄂,U+9102,e4,è,surname E,畢爾巴鄂|毕尔巴鄂|胡鄂公
17156,鄃,U+9103,shu1,shū,,
17157,鄄,U+9104,juan4,juàn,name of a district in Shandong,鄄城|鄄城縣|鄄城县
17158,鄅,U+9105,yu3,yǔ,"Yu, Zhou Dynasty vassal state, in present-day Linyi 臨沂|临沂[Lin2 yi2], Shandong",
17159,鄆,U+9106,yun4,yùn,place name,鄆城|鄆城縣
17160,鄇,U+9107,hou2,hóu,place name,
17161,鄈,U+9108,kui2,kuí,place name,
17162,鄉,U+9109,xiang1|xiang3|xiang4,xiāng|xiǎng|xiàng,country or countryside,七美鄉|三地門鄉|三星鄉
17163,鄊,U+910A,xiang1,xiāng,,
17164,鄋,U+910B,sou1,sōu,see 鄋瞞|鄋瞒[Sou1 man2],鄋瞞|鄋瞒
17165,鄌,U+910C,tang2,táng,,
17166,鄍,U+910D,ming2,míng,place name,
17167,鄎,U+910E,xi1,xī,place name,
17168,鄏,U+910F,ru3,rǔ,place name,
17169,鄐,U+9110,chu4,chù,surname Chu,
17170,鄑,U+9111,zi1,zī,place name,
17171,鄒,U+9112,zou1|ju4,zōu|jù,surname Zou,鄒城|鄒城市|鄒容
17172,鄓,U+9113,ye4,yè,,
17173,鄔,U+9114,wu1,wū,surname Wu,
17174,鄕,U+9115,xiang1,xiāng,variant of 鄉|乡[xiang1],
17175,鄖,U+9116,yun2,yún,name of a feudal state,鄖西|鄖西縣|鄖陽
17176,鄗,U+9117,hao4|qiao1|jiao1,hào|qiāo|jiāo,ancient place name,
17177,鄘,U+9118,yong1,yōng,surname Yong,
17178,鄙,U+9119,bi3,bǐ,rustic,卑鄙|卑鄙無恥|卑鄙无耻
17179,鄚,U+911A,mao4|mo4,mào|mò,surname Mo,
17180,鄛,U+911B,chao2,cháo,,
17181,鄜,U+911C,fu1|lu4,fū|lù,name of a district in Shaanxi,
17182,鄝,U+911D,liao3,liǎo,,
17183,鄞,U+911E,yin2,yín,"used in 鄞州[Yin2 zhou1], a district in Zhejiang",鄞州|鄞州區|鄞州区
17184,鄟,U+911F,zhuan1,zhuān,,
17185,鄠,U+9120,hu4,hù,name of a district in Shaanxi,
17186,鄡,U+9121,qiao1,qiāo,,
17187,鄢,U+9122,yan1,yān,surname Yan,鄢陵|鄢陵縣|鄢陵县
17188,鄣,U+9123,zhang1|zhang4,zhāng|zhàng,place name,
17189,鄤,U+9124,man4|wan4,màn|wàn,place name,
17190,鄥,U+9125,qiao1,qiāo,,
17191,鄦,U+9126,xu3,xǔ,surname Xu,
17192,鄧,U+9127,deng4,dèng,surname Deng,毛鄧三|鄧世昌|鄧亞萍
17193,鄨,U+9128,bi4,bì,,
17194,鄩,U+9129,xun2,xún,surname Xun,
17195,鄪,U+912A,bi4,bì,,
17196,鄫,U+912B,zeng1|ceng2,zēng|céng,surname Zeng,
17197,鄬,U+912C,wei2,wéi,place in Henan province,
17198,鄭,U+912D,zheng4,zhèng,"Zheng, a Zhou-dynasty state in the vicinity of present-day Xinzheng 新鄭|新郑[Xin1 zheng4], a county-level city in Henan",新鄭|新鄭市|林鄭
17199,鄮,U+912E,mao4,mào,ancient place name,
17200,鄯,U+912F,shan4,shàn,name of a district in Xinjiang,
17201,鄰,U+9130,lin2|lin4,lín|lìn,neighbor,以鄰為壑|友鄰|四鄰
17202,鄱,U+9131,po2|pi2|pan2,pó|pí|pán,name of a lake,鄱陽|鄱阳|鄱陽湖
17203,鄲,U+9132,dan1|duo1,dān|duō,"used in place names 邯鄲|邯郸[Han2 dan1] (historically, a county in Hebei, now a city) and 鄲城|郸城[Dan1 cheng2] (a county in Henan)",邯鄲|邯鄲學步|邯鄲市
17204,鄳,U+9133,meng2,méng,,
17205,鄴,U+9134,ye4,yè,surname Ye,建鄴|建鄴區
17206,鄵,U+9135,cao4|sao1,cào|sāo,"ancient place name (between present-day Xinzheng County 新鄭|新郑[Xin1 zheng4] and Lushan County 魯山|鲁山[Lu3 shan1], Henan)",
17207,鄶,U+9136,kuai4,kuài,surname Kuai,
17208,鄷,U+9137,feng1,fēng,old variant of 酆[Feng1],
17209,鄸,U+9138,meng2,méng,,
17210,鄹,U+9139,zou1|ju4,zōu|jù,name of a state,
17211,鄺,U+913A,kuang4|kuo4,kuàng|kuò,surname Kuang,
17212,鄻,U+913B,lian3,liǎn,place name,
17213,鄼,U+913C,zan4,zàn,,
17214,鄽,U+913D,chan2,chán,,
17215,鄾,U+913E,you1,yōu,place name,
17216,鄿,U+913F,ji1|qi2,jī|qí,(herb),
17217,酀,U+9140,yan4|yan3,yàn|yǎn,,
17218,酁,U+9141,chan2,chán,,
17219,酂,U+9142,cuo2|zan4,cuó|zàn,group of 100 families,
17220,酃,U+9143,ling2,líng,name of a district in Hunan,酃縣|酃县
17221,酄,U+9144,huan1|quan1,huān|quān,,
17222,酅,U+9145,xi1,xī,place name,
17223,酆,U+9146,feng1,fēng,Zhou Dynasty capital,酆都
17224,酇,U+9147,zan4|cuo2,zàn|cuó,group of 100 families,
17225,酈,U+9148,li4|li2|zhi2,lì|lí|zhí,surname Li,
17226,酉,U+9149,you3,yǒu,"10th earthly branch: 5-7 p.m., 8th solar month (8th September-7th October), year of the Rooster",丁酉|乙酉|己酉
17227,酊,U+914A,ding1|ding3,dīng|dǐng,tincture (loanword),酊劑|酊剂|酩酊
17228,酋,U+914B,qiu2,qiú,tribal chief,酋長|酋长|酋長國
17229,酌,U+914C,zhuo2,zhuó,to pour wine,便酌|參酌|参酌
17230,配,U+914D,pei4,pèi,to join,交配|元配|分配
17231,酎,U+914E,zhou4,zhòu,strong wine,
17232,酏,U+914F,yi3|yi2,yǐ|yí,elixirs,
17233,酐,U+9150,gan1|hang4,gān|hàng,anhydride,
17234,酑,U+9151,yu2,yú,,
17235,酒,U+9152,jiu3,jiǔ,wine (esp. rice wine),下酒|下酒菜|不勝酒力
17236,酓,U+9153,yan3|yan4|yin3,yǎn|yàn|yǐn,,
17237,酔,U+9154,zui4,zuì,Japanese variant of 醉,
17238,酕,U+9155,mao2,máo,used in 酕醄[mao2 tao2],酕醄
17239,酖,U+9156,zhen4|dan1,zhèn|dān,addicted to liquor,
17240,酗,U+9157,xu4,xù,drunk,酗訟|酗讼|酗酒
17241,酘,U+9158,dou4,dòu,,
17242,酙,U+9159,zhen1,zhēn,,
17243,酚,U+915A,fen1,fēn,phenol,四氫大麻酚|四氢大麻酚|大麻二酚
17244,酛,U+915B,yuan2,yuán,,
17245,酜,U+915C,fu,fu,,
17246,酝,U+915D,yun4,yùn,to brew,酝酿
17247,酞,U+915E,tai4,tài,phthalein (chemistry),酚酞
17248,酟,U+915F,tian1,tiān,,
17249,酠,U+9160,qia3,qiǎ,,
17250,酡,U+9161,tuo2|duo4,tuó|duò,flushed (from drinking),
17251,酢,U+9162,cu4|zuo4,cù|zuò,variant of 醋[cu4],酢漿草|酢浆草|酬酢
17252,酣,U+9163,han1|han4,hān|hàn,intoxicated,戰酣|战酣|酒至半酣
17253,酤,U+9164,gu1,gū,to deal in liquors,
17254,酥,U+9165,su1,sū,flaky pastry,奶酥|牛脷酥|耶酥
17255,酦,U+9166,po4|po1|fa1,pò|pō|fā,used in 醱酵|酦酵[fa1 jiao4],酦酵
17256,酧,U+9167,chou2,chóu,variant of 酬[chou2],
17257,酨,U+9168,zai4|zui4,zài|zuì,,
17258,酩,U+9169,ming3,mǐng,used in 酩酊[ming3 ding3],酩酊|酩酊大醉
17259,酪,U+916A,lao4|luo4|lu4,lào|luò|lù,"(bound form) semi-solid food made from milk (junket, cheese etc)",乳酪|乳酪蛋糕|乳酪餅
17260,酫,U+916B,chuo4,chuò,,
17261,酬,U+916C,chou2,chóu,old variant of 酬[chou2],同工同酬|報酬|报酬
17262,酭,U+916D,you4,yòu,,
17263,酮,U+916E,tong2|dong4|chong2,tóng|dòng|chóng,ketone,丙酮|丙酮酸|丙酮酸脫氫酶
17264,酯,U+916F,zhi3,zhǐ,ester,丁內酯|丁内酯|三尖杉酯鹼
17265,酰,U+9170,xian1,xiān,acid radical,乙酰|乙酰胺吡咯烷酮|乙酰膽鹼
17266,酱,U+9171,jiang4,jiàng,thick paste of fermented soybean,XO酱|伍斯特酱|克林姆酱
17267,酲,U+9172,cheng2,chéng,(literary) inebriated,解酲
17268,酳,U+9173,yin4,yìn,,
17269,酴,U+9174,tu2,tú,yeast,
17270,酵,U+9175,jiao4,jiào,yeast; leaven,發酵|发酵|糖酵解
17271,酶,U+9176,mei2,méi,enzyme,丙酮酸脫氫酶|丙酮酸脱氢酶|內酰胺酶
17272,酷,U+9177,ku4,kù,ruthless,優酷|优酷|冷酷
17273,酸,U+9178,suan1,suān,sour,三磷酸腺苷|三酸甘油酯|不飽和脂肪酸
17274,酹,U+9179,lei4,lèi,pour out libation,
17275,酺,U+917A,pu2,pú,drink heavily,
17276,酻,U+917B,zui4|fu2,zuì|fú,,
17277,酼,U+917C,hai3,hǎi,,
17278,酽,U+917D,yan4,yàn,"(of tea, wine etc) strong; (of ink, aroma etc) thick; (of a color) deep; rich",
17279,酾,U+917E,shai1|shi1,shāi|shī,(literary) to filter (wine),
17280,酿,U+917F,niang4|niang2,niàng|niáng,to ferment,佳利酿|佳酿|佳丽酿
17281,醀,U+9180,wei2|zhui4,wéi|zhuì,,
17282,醁,U+9181,lu4,lù,name of a wine,
17283,醂,U+9182,lan3,lǎn,used in 味醂[wei4 lin2],味醂
17284,醃,U+9183,yan1|ang1,yān|āng,to salt,醃汁|醃泡|醃漬
17285,醄,U+9184,tao2,táo,used in 酕醄[mao2 tao2],酕醄
17286,醅,U+9185,pei1,pēi,unstrained spirits,
17287,醆,U+9186,zhan3,zhǎn,wine cup,
17288,醇,U+9187,chun2,chún,alcohol,一元醇|丁二醇|丁醇
17289,醈,U+9188,tan2|dan4,tán|dàn,,
17290,醉,U+9189,zui4,zuì,intoxicated,一醉方休|不醉不歸|不醉不归
17291,醊,U+918A,zhui4,zhuì,pour libation on ground,
17292,醋,U+918B,cu4|zuo4,cù|zuò,vinegar,冰醋酸|加油添醋|半瓶子醋
17293,醌,U+918C,kun1,kūn,quinone (chemistry),對苯醌|对苯醌|萘醌
17294,醍,U+918D,ti2|ti3,tí|tǐ,used in 醍醐[ti2 hu2],醍醐|醍醐灌頂|醍醐灌顶
17295,醎,U+918E,xian2|jian3,xián|jiǎn,,
17296,醏,U+918F,du1,dū,,
17297,醐,U+9190,hu2,hú,used in 醍醐[ti2 hu2],醍醐|醍醐灌頂|醍醐灌顶
17298,醑,U+9191,xu3,xǔ,spiritus,
17299,醒,U+9192,xing3|cheng2|jing1,xǐng|chéng|jīng,to wake up,一覺醒來|一觉醒来|人間清醒
17300,醓,U+9193,tan3,tǎn,brine of pickled meat,
17301,醔,U+9194,qiu2|chou1,qiú|chōu,,
17302,醕,U+9195,chun2,chún,old variant of 醇[chun2],
17303,醖,U+9196,yun4,yùn,variant of 醞|酝[yun4],
17304,醗,U+9197,po4,pò,,
17305,醘,U+9198,ke1,kē,,
17306,醙,U+9199,sou1,sōu,,
17307,醚,U+919A,mi2,mí,ether,丙醚|乙醚|二丁醚
17308,醛,U+919B,quan2|chuo4,quán|chuò,aldehyde,丁醛|丙烯醛|丙醛
17309,醜,U+919C,chou3,chǒu,shameful,么麼小醜|兒不嫌母醜，狗不嫌家貧|出醜
17310,醝,U+919D,cuo1|cuo3,cuō|cuǒ,liquor,
17311,醞,U+919E,yun4,yùn,to brew,醞釀
17312,醟,U+919F,yong4,yòng,to drink to excess,
17313,醠,U+91A0,ang4,àng,,
17314,醡,U+91A1,zha4,zhà,press for extracting wine,
17315,醢,U+91A2,hai3,hǎi,minced meat,菹醢
17316,醣,U+91A3,tang2,táng,carbohydrate,多醣|肝醣|醣苷
17317,醤,U+91A4,jiang4,jiàng,Japanese variant of 醬|酱[jiang4],
17318,醥,U+91A5,piao3,piǎo,,
17319,醦,U+91A6,chen3|chan3,chěn|chǎn,,
17320,醧,U+91A7,yu4|ou1,yù|ōu,,
17321,醨,U+91A8,li2,lí,dregs of wine,
17322,醩,U+91A9,zao1,zāo,,
17323,醪,U+91AA,lao2,láo,wine or liquor with sediment,醪糟
17324,醫,U+91AB,yi1|yi3,yī|yǐ,medical,中西醫|中西醫結合|中醫
17325,醬,U+91AC,jiang4,jiàng,thick paste of fermented soybean,XO醬|伍斯特醬|克林姆醬
17326,醭,U+91AD,bu2,bú,mold on liquids,
17327,醮,U+91AE,jiao4|qiao2|zhan4,jiào|qiáo|zhàn,to perform sacrifice,再醮
17328,醯,U+91AF,xi1,xī,acyl,菸醯胺|烟醯胺|菸鹼醯胺
17329,醰,U+91B0,tan2,tán,bitter taste in wine,
17330,醱,U+91B1,fa1|po4|po1,fā|pò|pō,used in 醱酵|酦酵[fa1 jiao4],醱酵
17331,醲,U+91B2,nong2,nóng,concentrated,
17332,醳,U+91B3,yi4|shi4,yì|shì,fine wine,
17333,醴,U+91B4,li3,lǐ,sweet wine,醴泉縣|醴泉县|醴陵
17334,醵,U+91B5,ju4,jù,to contribute to a feast,
17335,醶,U+91B6,yan4|lian3|xian1|jian3,yàn|liǎn|xiān|jiǎn,,
17336,醷,U+91B7,yi4|yi3|ai4,yì|yǐ|ài,,
17337,醸,U+91B8,niang4,niàng,Japanese variant of 釀|酿,
17338,醹,U+91B9,ru2,rú,strong (of wine),
17339,醺,U+91BA,xun1,xūn,helplessly intoxicated,微醺|醉醺醺
17340,醻,U+91BB,chou2|shou4|dao4,chóu|shòu|dào,variant of 酬[chou2],
17341,醼,U+91BC,yan4,yàn,variant of 宴[yan4],
17342,醽,U+91BD,ling2,líng,name of a wine,
17343,醾,U+91BE,mi2,mí,unfiltered wine,
17344,醿,U+91BF,mi2,mí,,
17345,釀,U+91C0,niang4|niang2,niàng|niáng,to ferment,佳利釀|佳釀|佳麗釀
17346,釁,U+91C1,xin4,xìn,quarrel,尋釁|尋釁滋事罪|挑釁
17347,釂,U+91C2,jiao4,jiào,drain a goblet,
17348,釃,U+91C3,shai1|shi1|li2,shāi|shī|lí,(literary) to filter (wine),
17349,釄,U+91C4,mi2,mí,,
17350,釅,U+91C5,yan4,yàn,"(of tea, wine etc) strong; (of ink, aroma etc) thick; (of a color) deep; rich",
17351,釆,U+91C6,bian4|bian3,biàn|biǎn,old variant of 辨[bian4],
17352,采,U+91C7,cai3|cai4,cǎi|cài,to pick,丰采|倒采|光采
17353,釈,U+91C8,shi4,shì,Japanese variant of 釋|释,
17354,釉,U+91C9,you4,yòu,glaze (of porcelain),唇釉|牙釉質|牙釉质
17355,释,U+91CA,shi4,shì,to explain,交保释放|保释|假释
17356,釋,U+91CB,shi4|yi4,shì|yì,to explain,交保釋放|保釋|假釋
17357,里,U+91CC,li3|li,lǐ|li,variant of 裡|里[li3],一日千里|七里河|七里河區
17358,重,U+91CD,zhong4|chong2|tong2,zhòng|chóng|tóng,to repeat,一言為重|一言为重|三重
17359,野,U+91CE,ye3|shu4,yě|shù,old variant of 野[ye3],上野|下野|世界野生生物基金會
17360,量,U+91CF,liang4|liang2,liàng|liáng,to measure,丈量|三角測量法|三角测量法
17361,釐,U+91D0,li2|xi1|lai2|tai1|lai4|xi3,lí|xī|lái|tāi|lài|xǐ,"Li (c. 2000 BC), sixth of the legendary Flame Emperors 炎帝[Yan2 di4] descended from Shennong 神農|神农[Shen2 nong2] Farmer God, also known as Ai 哀[Ai1]",公釐|失之毫釐，差之千里|失之毫釐，差以千里
17362,金,U+91D1,jin1|jin4,jīn|jìn,surname Jin,K金|一刻千金|一字千金
17363,釒,U+91D2,jin1,jīn,,
17364,釓,U+91D3,ga2|qiu2,gá|qiú,gadolinium (chemistry),
17365,釔,U+91D4,yi3,yǐ,yttrium (chemistry),
17366,釕,U+91D5,liao3|liao4,liǎo|liào,ruthenium (chemistry),釕銱兒
17367,釖,U+91D6,dao1,dāo,,
17368,釗,U+91D7,zhao1,zhāo,to encourage,李大釗|章士釗
17369,釘,U+91D8,ding1|ding4|ling2,dīng|dìng|líng,nail,九齒釘耙|內六角圓柱頭螺釘|圖釘
17370,釙,U+91D9,po4|po1,pò|pō,polonium (chemistry),
17371,釚,U+91DA,qiu2,qiú,,
17372,釛,U+91DB,ba1,bā,,
17373,釜,U+91DC,fu3,fǔ,kettle,加壓釜|加压釜|大釜
17374,針,U+91DD,zhen1,zhēn,needle,一針見血|二百方針|做針線
17375,釞,U+91DE,zhi2,zhí,,
17376,釟,U+91DF,ba1,bā,,
17377,釠,U+91E0,luan4,luàn,,
17378,釡,U+91E1,fu3,fǔ,old variant of 釜[fu3],
17379,釢,U+91E2,nai3,nǎi,(old) neodymium,
17380,釣,U+91E3,diao4,diào,to fish with a hook and line; to angle,任憑風浪起，穩坐釣魚臺|冰釣|垂釣
17381,釤,U+91E4,shan4|shan1|xian1,shàn|shān|xiān,samarium (chemistry),釤刀|釤鐮
17382,釥,U+91E5,qiao3|jiao3,qiǎo|jiǎo,,
17383,釦,U+91E6,kou4,kòu,button,尼龍搭釦|帶釦|皮帶釦
17384,釧,U+91E7,chuan4|chuan1,chuàn|chuān,surname Chuan,
17385,釨,U+91E8,zi3,zǐ,,
17386,釩,U+91E9,fan3|fan4|fan2,fǎn|fàn|fán,vanadium (chemistry),五氧化二釩|釩鉀鈾礦石
17387,釪,U+91EA,hua2|yu2,huá|yú,an alms bowl,
17388,釫,U+91EB,hua2|wu1,huá|wū,,
17389,釬,U+91EC,han4|gan1,hàn|gān,variant of 焊[han4],
17390,釭,U+91ED,gang1|gong1,gāng|gōng,hanging bowl for lamp or fish,
17391,釮,U+91EE,qi2,qí,,
17392,釯,U+91EF,mang2,máng,,
17393,釰,U+91F0,ri4|ren4|jian4,rì|rèn|jiàn,,
17394,釱,U+91F1,di4,dì,fetters,
17395,釲,U+91F2,si4,sì,,
17396,釳,U+91F3,xi4,xì,(arch.) metal horn attached as shield to horse or to the axle of a chariot,方釳
17397,釴,U+91F4,yi4,yì,,
17398,釵,U+91F5,chai1|cha1,chāi|chā,hairpin,薛寶釵|髮釵
17399,釶,U+91F6,shi1|yi2|ye3,shī|yí|yě,,
17400,釷,U+91F7,tu3,tǔ,thorium (chemistry),
17401,釸,U+91F8,xi1,xī,variant of 矽[xi1],
17402,釹,U+91F9,nv3,nǚ,neodymium (chemistry),
17403,釺,U+91FA,qian1,qiān,a drill (for boring through rock),炮釺|釺子|鋼釺
17404,釻,U+91FB,qiu2,qiú,,
17405,釼,U+91FC,jian4,jiàn,,
17406,釽,U+91FD,pi4|pi1|zhao1,pì|pī|zhāo,,
17407,釾,U+91FE,ye2|ya2,yé|yá,,
17408,釿,U+91FF,jin1|yin3|yin2,jīn|yǐn|yín,,
17409,鈀,U+9200,ba3|ba1|pa2,bǎ|bā|pá,palladium (chemistry),釘鈀
17410,鈁,U+9201,fang1,fāng,francium (chemistry),
17411,鈂,U+9202,chen2|qin2|zhen4,chén|qín|zhèn,,
17412,鈃,U+9203,xing2,xíng,long-necked wine flask,
17413,鈄,U+9204,dou3,dǒu,surname Tou,
17414,鈅,U+9205,yue4,yuè,,
17415,鈆,U+9206,qian1|zhong1,qiān|zhōng,old variant of 沿[yan2],
17416,鈇,U+9207,fu1|fu3,fū|fǔ,(literary) fodder chopper,
17417,鈈,U+9208,bu4|pi1,bù|pī,plutonium (chemistry),
17418,鈉,U+9209,na4|rui4,nà|ruì,sodium (chemistry),二氯異三聚氰酸鈉|二氯苯胺苯乙酸鈉|二硫基丙磺酸鈉
17419,鈊,U+920A,xin1|qin4,xīn|qìn,,
17420,鈋,U+920B,e2,é,,
17421,鈌,U+920C,jue2,jué,"to pierce, to stab",
17422,鈍,U+920D,dun4,dùn,blunt,味覺遲鈍|思想頑鈍|愚鈍
17423,鈎,U+920E,gou1,gōu,variant of 鉤|钩[gou1],衣裳鈎兒|鈎稽|鐵鈎
17424,鈏,U+920F,yin3,yǐn,,
17425,鈐,U+9210,qian2|han2,qián|hán,latch of door,
17426,鈑,U+9211,ban3,bǎn,metal plate,鈑金
17427,鈒,U+9212,sa4|xi4,sà|xì,germanium (old),
17428,鈓,U+9213,ren2,rén,,
17429,鈔,U+9214,chao1|chao3,chāo|chǎo,money,假鈔|偽鈔|冥鈔
17430,鈕,U+9215,niu3|chou3,niǔ|chǒu,surname Niu,印鈕|按鈕|旋鈕
17431,鈖,U+9216,fen1,fēn,,
17432,鈗,U+9217,yun3|dui4,yǔn|duì,,
17433,鈘,U+9218,yi3,yǐ,,
17434,鈙,U+9219,qin2,qín,,
17435,鈚,U+921A,pi1|bi1|bi3,pī|bī|bǐ,,
17436,鈛,U+921B,guo1,guō,,
17437,鈜,U+921C,hong2,hóng,,
17438,鈝,U+921D,yin2,yín,,
17439,鈞,U+921E,jun1,jūn,30 catties,千鈞一髮|在千鈞一髮之際|鈞諭
17440,鈟,U+921F,diao4,diào,,
17441,鈠,U+9220,yi4,yì,,
17442,鈡,U+9221,zhong1,zhōng,,
17443,鈢,U+9222,xi3,xǐ,,
17444,鈣,U+9223,gai4,gài,calcium (chemistry),氧化鈣|氫氧化鈣|氯化鈣
17445,鈤,U+9224,ri4,rì,archaic translation of element germanium Ge32 鍺|锗[zhe3],
17446,鈥,U+9225,huo3,huǒ,holmium (chemistry),
17447,鈦,U+9226,tai4,tài,titanium (chemistry),二氧化鈦|鈦鐵礦
17448,鈧,U+9227,kang4,kàng,scandium (chemistry),
17449,鈨,U+9228,yuan2,yuán,,
17450,鈩,U+9229,lu2,lú,,
17451,鈪,U+922A,e4,è,,
17452,鈫,U+922B,qin2,qín,,
17453,鈬,U+922C,duo2,duó,surname Duo,
17454,鈭,U+922D,zi1,zī,,
17455,鈮,U+922E,ni3|ni2,nǐ|ní,niobium (chemistry),
17456,鈯,U+922F,tu2,tú,,
17457,鈰,U+9230,shi4,shì,cerium (chemistry),
17458,鈱,U+9231,min2|min3,mín|mǐn,,
17459,鈲,U+9232,gu1|pi4,gū|pì,,
17460,鈳,U+9233,ke1,kē,columbium,
17461,鈴,U+9234,ling2,líng,(small) bell,五十鈴|來電答鈴|叮鈴
17462,鈵,U+9235,bing3,bǐng,,
17463,鈶,U+9236,si4|ci2|tai2,sì|cí|tái,,
17464,鈷,U+9237,gu3|hu2|gu4,gǔ|hú|gù,(chemistry) cobalt (Taiwan pr. [gu1]),依地酸二鈷|鈷鉧
17465,鈸,U+9238,bo2,bó,cymbals,中國鈸|水鈸|疊音鈸
17466,鈹,U+9239,pi1|pi2,pī|pí,beryllium (chemistry),
17467,鈺,U+923A,yu4,yù,treasure,朱祁鈺
17468,鈻,U+923B,si4,sì,,
17469,鈼,U+923C,zuo2,zuó,,
17470,鈽,U+923D,bu1,bū,metal plate,
17471,鈾,U+923E,you2|zhou4,yóu|zhòu,uranium (chemistry),二氧化鈾|低濃縮鈾|六氟化鈾
17472,鈿,U+923F,tian2|dian4,tián|diàn,"to inlay with gold, silver etc",
17473,鉀,U+9240,jia3|ge2,jiǎ|gé,potassium (chemistry),山奈鉀|山梨酸鉀|氫氧化鉀
17474,鉁,U+9241,zhen1|zhen4,zhēn|zhèn,,
17475,鉂,U+9242,shi3,shǐ,,
17476,鉃,U+9243,shi4|zu2,shì|zú,,
17477,鉄,U+9244,zhi2|tie3,zhí|tiě,old variant of 鐵|铁[tie3],
17478,鉅,U+9245,ju4,jù,variant of 巨[ju4],甚鉅|艱鉅|鉅子
17479,鉆,U+9246,chan1|qian2|tie1,chān|qián|tiē,treasure,
17480,鉇,U+9247,shi1|yi2,shī|yí,,
17481,鉈,U+9248,shi1|she2|yi2|tuo2|ta1,shī|shé|yí|tuó|tā,thallium (chemistry),
17482,鉉,U+9249,xuan4,xuàn,stick-like implement inserted into the handles of a tripod cauldron in ancient times in order to lift the cauldron,徐鉉|盧武鉉
17483,鉊,U+924A,zhao1,zhāo,sickle,
17484,鉋,U+924B,bao4|pao2|bao2,bào|páo|báo,variant of 刨[bao4],
17485,鉌,U+924C,he2,hé,small bell,
17486,鉍,U+924D,bi4|se4,bì|sè,bismuth (chemistry),
17487,鉎,U+924E,sheng1,shēng,,
17488,鉏,U+924F,chu2|zu1|zhu4|ju3|cha2|xu2,chú|zū|zhù|jǔ|chá|xú,hoe,
17489,鉐,U+9250,shi2|zu2,shí|zú,,
17490,鉑,U+9251,bo2,bó,platinum (chemistry),鉑金
17491,鉒,U+9252,zhu4,zhù,,
17492,鉓,U+9253,chi4,chì,,
17493,鉔,U+9254,za1,zā,,
17494,鉕,U+9255,po1|po3,pō|pǒ,promethium (chemistry),
17495,鉖,U+9256,tong2,tóng,,
17496,鉗,U+9257,qian2|an1,qián|ān,pincers,克絲鉗子|剝皮鉗|壓線鉗
17497,鉘,U+9258,fu2,fú,,
17498,鉙,U+9259,zhai3,zhǎi,,
17499,鉚,U+925A,mao3|liu3,mǎo|liǔ,to fasten with a rivet; to rivet,拉鉚槍|釘是釘，鉚是鉚|鉚上
17500,鉛,U+925B,qian1|yan2,qiān|yán,lead (chemistry),削鉛筆|削鉛筆機|方鉛礦
17501,鉜,U+925C,fu2,fú,,
17502,鉝,U+925D,li4,lì,livermorium (chemistry),
17503,鉞,U+925E,yue4,yuè,battle-ax,不避斧鉞|刀鋸斧鉞|斧鉞之誅
17504,鉟,U+925F,pi1,pī,,
17505,鉠,U+9260,yang1,yāng,(onom.) ring,
17506,鉡,U+9261,ban4,bàn,,
17507,鉢,U+9262,bo1,bō,variant of 缽|钵[bo1],
17508,鉣,U+9263,jie2,jié,,
17509,鉤,U+9264,gou1|gou4|qu2,gōu|gòu|qú,to hook,上鉤|上鉤兒|倒鉤
17510,鉥,U+9265,shu4|xu4,shù|xù,acmite,
17511,鉦,U+9266,zheng1,zhēng,gong used to halt troops,
17512,鉧,U+9267,mu3,mǔ,used in 鈷鉧|钴𬭁[gu3 mu3],鈷鉧
17513,鉨,U+9268,xi3|ni3|nie3,xǐ|nǐ|niě,variant of 璽|玺 ruler's seal,
17514,鉩,U+9269,xi3|nie4,xǐ|niè,,
17515,鉪,U+926A,di4,dì,,
17516,鉫,U+926B,jia1,jiā,,
17517,鉬,U+926C,mu4,mù,molybdenum (chemistry),
17518,鉭,U+926D,tan3,tǎn,tantalum (chemistry),
17519,鉮,U+926E,huan2|shen2|shen1,huán|shén|shēn,,
17520,鉯,U+926F,yi3,yǐ,,
17521,鉰,U+9270,si1,sī,,
17522,鉱,U+9271,kuang4,kuàng,Japanese variant of 礦|矿,
17523,鉲,U+9272,ka3,kǎ,(chemistry) cadmium (old),
17524,鉳,U+9273,bei3,běi,berkelium (chemistry) (Tw),
17525,鉴,U+9274,jian4,jiàn,variant of 鑑|鉴[jian4],DNA鉴定|以史为鉴|借鉴
17526,鉵,U+9275,tong2|zhuo2,tóng|zhuó,,
17527,鉶,U+9276,xing2,xíng,soup cauldron,
17528,鉷,U+9277,hong2,hóng,,
17529,鉸,U+9278,jiao3,jiǎo,scissors,蝴蝶鉸|鉸刀|鉸鏈
17530,鉹,U+9279,chi3,chǐ,,
17531,鉺,U+927A,er4|keng1|er3,èr|kēng|ěr,erbium (chemistry),
17532,鉻,U+927B,ge4|luo4|ge1,gè|luò|gē,chromium (chemistry),單鉻
17533,鉼,U+927C,bing3|ping2,bǐng|píng,plate,
17534,鉽,U+927D,shi4,shì,,
17535,鉾,U+927E,mou2|mao2,móu|máo,(archaic) battle helmet (variant of 鍪[mou2]),蒲鉾
17536,鉿,U+927F,jia1|ge1|ke1|ha1,jiā|gē|kē|hā,hafnium (chemistry),
17537,銀,U+9280,yin2,yín,silver,上海浦東發展銀行|世界銀行|世銀
17538,銁,U+9281,jun1,jūn,,
17539,銂,U+9282,zhou1,zhōu,,
17540,銃,U+9283,chong4,chòng,ancient firearm,佛朗機銃|鳥銃
17541,銄,U+9284,xiang3|jiong1,xiǎng|jiōng,,
17542,銅,U+9285,tong2,tóng,copper (chemistry),古銅色|古銅色卷尾|廢銅爛鐵
17543,銆,U+9286,mo4,mò,,
17544,銇,U+9287,lei4,lèi,,
17545,銈,U+9288,ji1,jī,,
17546,銉,U+9289,yu4|si4,yù|sì,,
17547,銊,U+928A,xu4|hui4,xù|huì,,
17548,銋,U+928B,ren2|ren3,rén|rěn,,
17549,銌,U+928C,zun4,zùn,,
17550,銍,U+928D,zhi4,zhì,sickle,
17551,銎,U+928E,qiong2|qiong1,qióng|qiōng,eye of an axe,
17552,銏,U+928F,shan4|shuo4,shàn|shuò,,
17553,銐,U+9290,chi4|li4,chì|lì,,
17554,銑,U+9291,xian3|xian1|xi3,xiǎn|xiān|xǐ,to mill (machining),銑工|銑床|銑鐵
17555,銒,U+9292,xing2|jian1,xíng|jiān,,
17556,銓,U+9293,quan2,quán,to estimate,胡銓|蔣士銓|銓敘部
17557,銔,U+9294,pi1,pī,,
17558,銕,U+9295,tie3|yi2,tiě|yí,old variant of 鐵|铁[tie3],
17559,銖,U+9296,zhu1,zhū,twenty-fourth part of a tael (2 or 3 grams),泰銖|錙銖必較
17560,銗,U+9297,xiang4|hou2,xiàng|hóu,,
17561,銘,U+9298,ming2,míng,to engrave,刻骨銘心|墓誌銘|座右銘
17562,銙,U+9299,kua3,kuǎ,,
17563,銚,U+929A,yao2|diao4|tiao2|qiao1|yao4,yáo|diào|tiáo|qiāo|yào,surname Yao,
17564,銛,U+929B,xian1|tian3|gua1,xiān|tiǎn|guā,fish-spear,
17565,銜,U+929C,xian2,xián,bit (of a bridle),名銜|學銜|官銜
17566,銝,U+929D,xiu1,xiū,,
17567,銞,U+929E,jun1,jūn,old variant of 鈞|钧[jun1],
17568,銟,U+929F,cha1,chā,,
17569,銠,U+92A0,lao3,lǎo,rhodium (chemistry),
17570,銡,U+92A1,ji2,jí,,
17571,銢,U+92A2,pi3,pǐ,,
17572,銣,U+92A3,ru2,rú,rubidium (chemistry),
17573,銤,U+92A4,mi3,mǐ,formerly used for the chemical elements americium 鎇|镅[mei2] and osmium 鋨|锇[e2],
17574,銥,U+92A5,yi1,yī,iridium (chemistry),
17575,銦,U+92A6,yin1,yīn,indium (chemistry),
17576,銧,U+92A7,guang1,guāng,point of a sword,
17577,銨,U+92A8,an3,ǎn,ammonium,氯化銨|硝酸銨|硫酸銨
17578,銩,U+92A9,diu1,diū,thulium (chemistry),
17579,銪,U+92AA,you3,yǒu,europium (chemistry),
17580,銫,U+92AB,se4,sè,cesium (chemistry),
17581,銬,U+92AC,kao4,kào,shackles,手銬|鐐銬
17582,銭,U+92AD,qian2,qián,Japanese variant of 錢|钱,
17583,銮,U+92AE,luan2,luán,imperial,回銮|金銮殿|銮驾
17584,銯,U+92AF,si1,sī,,
17585,銰,U+92B0,ai1,āi,"character used in Korea in former times to represent the syllable ""ngai""",
17586,銱,U+92B1,diao4,diào,see 釕銱兒|钌铞儿[liao4 diao4 r5],釕銱兒
17587,銲,U+92B2,han4,hàn,variant of 焊[han4],
17588,銳,U+92B3,rui4,ruì,acute,尖銳|尖銳化|尖銳批評
17589,銴,U+92B4,shi4|zhi4,shì|zhì,,
17590,銵,U+92B5,keng1,kēng,old variant of 鏗|铿[keng1],
17591,銶,U+92B6,qiu2,qiú,single-headed pick,
17592,銷,U+92B7,xiao1,xiāo,to melt (metal),一筆勾銷|不可撤銷信用證|主承銷商
17593,銸,U+92B8,zhe2|nie4,zhé|niè,,
17594,銹,U+92B9,xiu4|you4,xiù|yòu,variant of 鏽|锈[xiu4],不銹鋼
17595,銺,U+92BA,zang4,zàng,,
17596,銻,U+92BB,ti2|ti1,tí|tī,antimony (chemistry),
17597,銼,U+92BC,cuo4,cuò,file (tool used for smoothing),銼刀
17598,銽,U+92BD,gua1,guā,,
17599,銾,U+92BE,hong4|gong3,hòng|gǒng,variant of 汞[gong3],
17600,銿,U+92BF,zhong1|yong1,zhōng|yōng,,
17601,鋀,U+92C0,tou1|dou4|tu4,tōu|dòu|tù,,
17602,鋁,U+92C1,lv3|lv4,lǚ|lǜ,aluminum (chemistry),氧化鋁|氫氧化鋁|氯化鋁
17603,鋂,U+92C2,mei2|meng2,méi|méng,americium (chemistry) (Tw),
17604,鋃,U+92C3,lang2,láng,chain,擋鋃|鋃鐺|鋃鐺入獄
17605,鋄,U+92C4,wan4,wàn,,
17606,鋅,U+92C5,xin1|zi3,xīn|zǐ,zinc (chemistry),氧化鋅|氯化鋅|鍍鋅
17607,鋆,U+92C6,yun2|jun1,yún|jūn,gold,
17608,鋇,U+92C7,bei4,bèi,barium (chemistry),硫酸鋇
17609,鋈,U+92C8,wu4,wù,-plated,
17610,鋉,U+92C9,su4,sù,,
17611,鋊,U+92CA,yu4,yù,a poker,
17612,鋋,U+92CB,chan2|yan2,chán|yán,,
17613,鋌,U+92CC,ding4|ting3,dìng|tǐng,ingot,鋌而走險
17614,鋍,U+92CD,bo2,bó,"old term for beryllium, now written 鈹|铍[pi2]",
17615,鋎,U+92CE,han4,hàn,,
17616,鋏,U+92CF,jia2,jiá,pincers for use at a fire,鋏子
17617,鋐,U+92D0,hong2,hóng,utensil,
17618,鋑,U+92D1,cuan1|jian1|juan1,cuān|jiān|juān,"to engrave or carve, as a block for printing",
17619,鋒,U+92D2,feng1,fēng,point of a spear,中鋒|交鋒|偏鋒
17620,鋓,U+92D3,chan1,chān,,
17621,鋔,U+92D4,wan3,wǎn,,
17622,鋕,U+92D5,zhi4,zhì,to engrave,
17623,鋖,U+92D6,si1|tuo2,sī|tuó,,
17624,鋗,U+92D7,xuan1|juan1|juan4,xuān|juān|juàn,,
17625,鋘,U+92D8,hua2|wu2|hu2,huá|wú|hú,to plaster,
17626,鋙,U+92D9,yu3|yu2|wu2,yǔ|yú|wú,hoe,
17627,鋚,U+92DA,tiao2,tiáo,,
17628,鋛,U+92DB,kuang4,kuàng,,
17629,鋜,U+92DC,zhuo2|chuo4,zhuó|chuò,,
17630,鋝,U+92DD,lve4,lüè,(ancient unit of weight),
17631,鋞,U+92DE,xing2|xing4|jing1,xíng|xìng|jīng,,
17632,鋟,U+92DF,qin3|qian1|qin1|jin4,qǐn|qiān|qīn|jìn,to carve,
17633,鋠,U+92E0,shen4,shèn,,
17634,鋡,U+92E1,han2,hán,to hold,
17635,鋢,U+92E2,lve4,lüè,,
17636,鋣,U+92E3,ye2,yé,used in 鏌鋣|镆铘[Mo4 ye2],鏌鋣
17637,鋤,U+92E4,chu2|ju3,chú|jǔ,a hoe,誅鋤|誅鋤異己|鋤地
17638,鋥,U+92E5,zeng4,zèng,polished,亮鋥鋥|鋥亮|鋥光
17639,鋦,U+92E6,ju1|ju2,jū|jú,to mend by stapling or cramping broken pieces together,鋦子
17640,鋧,U+92E7,xian4,xiàn,,
17641,鋨,U+92E8,e2|tie3,é|tiě,osmium (chemistry),
17642,鋩,U+92E9,mang2,máng,sharp point,鋒鋩
17643,鋪,U+92EA,pu4|pu1,pù|pū,to spread,上下鋪|五金店鋪|吊鋪
17644,鋫,U+92EB,li2,lí,,
17645,鋬,U+92EC,pan4,pàn,"(dialect) handle of a cup, kettle or other vessel",
17646,鋭,U+92ED,rui4|dui4|yue4,ruì|duì|yuè,Japanese variant of 銳|锐,
17647,鋮,U+92EE,cheng2,chéng,(used in people's names),
17648,鋯,U+92EF,gao4,gào,zirconium (chemistry),鋯合金|鋯石|鋯英砂
17649,鋰,U+92F0,li3,lǐ,lithium (chemistry),鋰離子電池|鋰電池
17650,鋱,U+92F1,te4,tè,terbium (chemistry),
17651,鋲,U+92F2,bing1,bīng,,
17652,鋳,U+92F3,zhu4,zhù,Japanese variant of 鑄|铸,
17653,鋴,U+92F4,zhen4,zhèn,,
17654,鋵,U+92F5,tu1,tū,,
17655,鋶,U+92F6,liu3,liǔ,,
17656,鋷,U+92F7,zui4|nie4,zuì|niè,,
17657,鋸,U+92F8,ju4|ju1,jù|jū,variant of 鋦|锔[ju1],刀鋸斧鉞|刀鋸鼎鑊|前鋸肌
17658,鋹,U+92F9,chang3,chǎng,sharp,
17659,鋺,U+92FA,yuan3|yuan1|wan3|wan1,yuǎn|yuān|wǎn|wān,variant of 碗[wan3],
17660,鋻,U+92FB,jian4|jian1,jiàn|jiān,variant of 鑑|鉴[jian4],
17661,鋼,U+92FC,gang1|gang4,gāng|gàng,steel,不銹鋼|不鏽鋼|人是鐵飯是鋼
17662,鋽,U+92FD,diao4,diào,,
17663,鋾,U+92FE,tao2,táo,,
17664,鋿,U+92FF,chang2,cháng,,
17665,錀,U+9300,lun2|fen1,lún|fēn,(metal),
17666,錁,U+9301,guo3|kua3|ke4,guǒ|kuǎ|kè,grease-pot for cart,
17667,錂,U+9302,ling2,líng,,
17668,錃,U+9303,pi1,pī,,
17669,錄,U+9304,lu4,lù,surname Lu,世界紀錄|側錄|偽紀錄片
17670,錅,U+9305,li2,lí,,
17671,錆,U+9306,qiang1,qiāng,the color of a mineral,
17672,錇,U+9307,pou2|fu2|pei2,póu|fú|péi,berkelium (chemistry),
17673,錈,U+9308,juan3,juǎn,to bend iron,
17674,錉,U+9309,min2,mín,,
17675,錊,U+930A,zui4|zu1,zuì|zū,,
17676,錋,U+930B,peng2|beng4,péng|bèng,,
17677,錌,U+930C,an4,àn,,
17678,錍,U+930D,pi1|bei1|bi1|pi2,pī|bēi|bī|pí,flat arrow-head,
17679,錎,U+930E,xian4|gan4|qian4,xiàn|gàn|qiàn,,
17680,錏,U+930F,ya1|ya4,yā|yà,ammonium (old),
17681,錐,U+9310,zhui1,zhuī,cone,三角錐|交通錐|光錐
17682,錑,U+9311,lei4|li4,lèi|lì,,
17683,錒,U+9312,a1|ke1,ā|kē,actinium (chemistry),錒系元素
17684,錓,U+9313,kong1,kōng,,
17685,錔,U+9314,ta4,tà,to encase the end with metal,
17686,錕,U+9315,kun1|gun3,kūn|gǔn,steel sword,曹錕
17687,錖,U+9316,du2,dú,,
17688,錗,U+9317,nei4|zhui4|wei4,nèi|zhuì|wèi,,
17689,錘,U+9318,chui2,chuí,hammer,一錘子買賣|一錘定音|包剪錘
17690,錙,U+9319,zi1,zī,ancient weight,錙銖必較
17691,錚,U+931A,zheng1,zhēng,clang of metals,錚亮|錚錚鐵漢|錚錚鐵骨
17692,錛,U+931B,ben1,bēn,adz,
17693,錜,U+931C,nie4,niè,,
17694,錝,U+931D,zong4,zòng,,
17695,錞,U+931E,chun2|dui4|duo4,chún|duì|duò,copper drum,
17696,錟,U+931F,tan2|xian1|yan3,tán|xiān|yǎn,long spear,
17697,錠,U+9320,ding4,dìng,(weaving) spindle,紙錠|銀錠|錫錠
17698,錡,U+9321,qi2|yi3,qí|yǐ,three legged cauldron (old),
17699,錢,U+9322,qian2|jian3,qián|jiǎn,surname Qian,一分錢一分貨|一分錢兩分貨|一切向錢看
17700,錣,U+9323,zhui4|chuo4,zhuì|chuò,,
17701,錤,U+9324,ji1,jī,hoe,
17702,錥,U+9325,yu4,yù,,
17703,錦,U+9326,jin3,jǐn,brocade,三索錦蛇|世錦賽|什錦
17704,錧,U+9327,guan3,guǎn,,
17705,錨,U+9328,mao2,máo,anchor,下錨|拋下錨|拋錨
17706,錩,U+9329,chang1,chāng,metal utensil,
17707,錪,U+932A,tian3|tun3,tiǎn|tǔn,,
17708,錫,U+932B,xi1|ti4,xī|tì,tin (chemistry),劉禹錫|察布查爾錫伯自治縣|拉瓦錫
17709,錬,U+932C,lian4,liàn,Japanese variant of 煉|炼[lian4],
17710,錭,U+932D,tao2|diao1,táo|diāo,,
17711,錮,U+932E,gu4,gù,obstinate disease,囚錮鋒|禁錮|錮囚鋒
17712,錯,U+932F,cuo4|cu4|xi1,cuò|cù|xī,surname Cuo,一錯再錯|不錯|交錯
17713,錰,U+9330,shu4,shù,,
17714,錱,U+9331,zhen1,zhēn,,
17715,録,U+9332,lu4|lv4,lù|lǜ,Japanese variant of 錄|录[lu4],
17716,錳,U+9333,meng3,měng,manganese (chemistry),二氧化錳|錳礦|錳結核
17717,錴,U+9334,lu4,lù,rhodium (chemistry) (old),
17718,錵,U+9335,hua1,huā,holmium (chemistry) (old),
17719,錶,U+9336,biao3,biǎo,watch (timepiece),名錶|對錶|懷錶
17720,錷,U+9337,ga2,gá,,
17721,錸,U+9338,lai2,lái,rhenium (chemistry),
17722,錹,U+9339,ken3,kěn,,
17723,錺,U+933A,fang1,fāng,,
17724,錻,U+933B,wu,wu,,
17725,錼,U+933C,nai4,nài,neptunium (chemistry) (Tw),
17726,錽,U+933D,wan4|jian3,wàn|jiǎn,,
17727,錾,U+933E,zan4,zàn,to engrave,錾子
17728,錿,U+933F,hu3,hǔ,,
17729,鍀,U+9340,de2,dé,technetium (chemistry),
17730,鍁,U+9341,xian1,xiān,shovel,老鼠拖木鍁，大頭在後頭|鐵鍁
17731,鍂,U+9342,pian1,piān,,
17732,鍃,U+9343,huo1,huō,(metalwork) to ream,鍃孔
17733,鍄,U+9344,liang4,liàng,,
17734,鍅,U+9345,fa3,fǎ,francium (chemistry) (Tw),
17735,鍆,U+9346,men2,mén,mendelevium (chemistry),
17736,鍇,U+9347,kai3|jie1|jie3,kǎi|jiē|jiě,high quality iron,
17737,鍈,U+9348,ying1,yīng,(onom.) ring,
17738,鍉,U+9349,di1|chi2|di2|shi4,dī|chí|dí|shì,spoon,
17739,鍊,U+934A,lian4|jian4,liàn|jiàn,"variant of 鏈|链[lian4], chain",千錘百鍊|鍛鍊
17740,鍋,U+934B,guo1|guo3,guō|guǒ,pot; pan; wok; cauldron,一品鍋|一粒老鼠屎壞了一鍋粥|一鍋端
17741,鍌,U+934C,xian3,xiǎn,,
17742,鍍,U+934D,du4,dù,"to plate (with gold, silver etc)",鍍上|鍍層|鍍金
17743,鍎,U+934E,tu2,tú,,
17744,鍏,U+934F,wei2,wéi,spade,
17745,鍐,U+9350,zong1,zōng,"a headstall, ornament on a bridle",
17746,鍑,U+9351,fu4,fù,,
17747,鍒,U+9352,rou2,róu,,
17748,鍓,U+9353,ji2,jí,,
17749,鍔,U+9354,e4,è,blade edge,蔡鍔
17750,鍕,U+9355,jun1,jūn,,
17751,鍖,U+9356,chen3|zhen1,chěn|zhēn,,
17752,鍗,U+9357,ti2,tí,,
17753,鍘,U+9358,zha2,zhá,lever-style guillotine,鍘刀|龍頭鍘
17754,鍙,U+9359,hu4,hù,,
17755,鍚,U+935A,yang2,yáng,ornaments on headstall of horse,
17756,鍛,U+935B,duan4,duàn,to forge,鍛造|鍛鍊|鍛鐵
17757,鍜,U+935C,xia2,xiá,,
17758,鍝,U+935D,yu2,yú,,
17759,鍞,U+935E,keng1,kēng,,
17760,鍟,U+935F,sheng1,shēng,,
17761,鍠,U+9360,huang2,huáng,sound of drums and bells,
17762,鍡,U+9361,wei3,wěi,,
17763,鍢,U+9362,fu4,fù,,
17764,鍣,U+9363,zhao1,zhāo,,
17765,鍤,U+9364,cha1,chā,spade,
17766,鍥,U+9365,qie4,qiè,to cut,鍥而不捨
17767,鍦,U+9366,shi1|she2,shī|shé,,
17768,鍧,U+9367,hong1,hōng,,
17769,鍨,U+9368,kui2,kuí,,
17770,鍩,U+9369,tian3|nuo4,tiǎn|nuò,nobelium (chemistry),
17771,鍪,U+936A,mou2,móu,(archaic) iron pot,兜鍪
17772,鍫,U+936B,qiao1,qiāo,variant of 鍬|锹[qiao1],
17773,鍬,U+936C,qiao1,qiāo,shovel,扁鍬形蟲|鍬形蟲|鐵鍬
17774,鍭,U+936D,hou2,hóu,metal arrowhead,
17775,鍮,U+936E,tou1,tōu,,
17776,鍯,U+936F,cong1,cōng,,
17777,鍰,U+9370,huan2,huán,ancient unit of weight,罰鍰
17778,鍱,U+9371,ye4|xie2,yè|xié,thin plates of metal,
17779,鍲,U+9372,min2,mín,,
17780,鍳,U+9373,jian4,jiàn,old variant of 鑒|鉴[jian4],
17781,鍴,U+9374,duan1,duān,(arch.) drinking goblet,
17782,鍵,U+9375,jian4,jiàn,key (on a piano or computer keyboard),三鍵|上箭頭鍵|下箭頭鍵
17783,鍶,U+9376,song1|si1,sōng|sī,strontium (chemistry),
17784,鍷,U+9377,kui2,kuí,,
17785,鍸,U+9378,hu2,hú,,
17786,鍹,U+9379,xuan1,xuān,spade,
17787,鍺,U+937A,zhe3|duo3|du3,zhě|duǒ|dǔ,germanium (chemistry),
17788,鍻,U+937B,jie2,jié,,
17789,鍼,U+937C,zhen1|qian2,zhēn|qián,"variant of 針|针[zhen1], needle",
17790,鍽,U+937D,bian1,biān,,
17791,鍾,U+937E,zhong1,zhōng,surname Zhong,一見鍾情|情有獨鍾|甩鍾
17792,鍿,U+937F,zi1,zī,,
17793,鎀,U+9380,xiu1,xiū,,
17794,鎁,U+9381,ye2,yé,,
17795,鎂,U+9382,mei3,měi,magnesium (chemistry),桂綸鎂|氧化鎂|氫氧化鎂
17796,鎃,U+9383,pai4,pài,,
17797,鎄,U+9384,ai1,āi,einsteinium (chemistry),
17798,鎅,U+9385,jie4,jiè,,
17799,鎆,U+9386,qian,qian,,
17800,鎇,U+9387,mei2,méi,americium (chemistry),
17801,鎈,U+9388,suo3|cha1,suǒ|chā,,
17802,鎉,U+9389,da2|ta4,dá|tà,thallium,
17803,鎊,U+938A,bang4|pang1,bàng|pāng,pound (sterling) (loanword),英鎊
17804,鎋,U+938B,xia2,xiá,linchpin (used to fasten a wheel to an axle) (variant of 轄|辖[xia2]),
17805,鎌,U+938C,lian2,lián,variant of 鐮|镰[lian2],
17806,鎍,U+938D,suo3|se4,suǒ|sè,chain,
17807,鎎,U+938E,kai4,kài,,
17808,鎏,U+938F,liu2,liú,variant of 鎦|镏[liu2],鎏金
17809,鎐,U+9390,yao2|zu2,yáo|zú,,
17810,鎑,U+9391,ye4|ta4|ge2,yè|tà|gé,,
17811,鎒,U+9392,nou4|hao1,nòu|hāo,variant of 耨[nou4],
17812,鎓,U+9393,weng1,wēng,shovel,
17813,鎔,U+9394,rong2,róng,to smelt,朱鎔基|鎔爐
17814,鎕,U+9395,tang2,táng,,
17815,鎖,U+9396,suo3,suǒ,to lock; to lock up,一把鑰匙開一把鎖|上鎖|倒鎖
17816,鎗,U+9397,qiang1|cheng1|qiang4,qiāng|chēng|qiàng,variant of 槍|枪[qiang1],
17817,鎘,U+9398,li4|ge2,lì|gé,cadmium (chemistry),
17818,鎙,U+9399,shuo4,shuò,,
17819,鎚,U+939A,chui2|dui1|zhui4,chuí|duī|zhuì,variant of 錘|锤[chui2],
17820,鎛,U+939B,bo2,bó,ancient musical intrument shaped as a bell,皇甫鎛
17821,鎜,U+939C,pan2,pán,,
17822,鎝,U+939D,da1|sa4,dā|sà,technetium (chemistry) (Tw),
17823,鎞,U+939E,bi1|pi1,bī|pī,plowshare,
17824,鎟,U+939F,sang3,sǎng,,
17825,鎠,U+93A0,gang1,gāng,,
17826,鎡,U+93A1,zi1,zī,hoe,
17827,鎢,U+93A2,wu1,wū,tungsten (chemistry),白鎢礦
17828,鎣,U+93A3,ying2|ying1|jiong3,yíng|yīng|jiǒng,polish,華鎣|華鎣市
17829,鎤,U+93A4,huang4,huàng,sound of a bell,
17830,鎥,U+93A5,tiao2,tiáo,,
17831,鎦,U+93A6,liu2|liu4,liú|liù,(Tw) (chemistry) lutetium,金鎦子|鎦子|鎦金
17832,鎧,U+93A7,kai3,kǎi,armor,甲鎧|鎧甲
17833,鎨,U+93A8,sun3,sǔn,,
17834,鎩,U+93A9,sha1|shi4|se4,shā|shì|sè,(old) spear; lance,鎩羽|鎩羽而歸
17835,鎪,U+93AA,sou1,sōu,to engrave (metal of wood),
17836,鎫,U+93AB,wan4,wàn,,
17837,鎬,U+93AC,hao4|gao3,hào|gǎo,a pick,丁字鎬|冰鎬|十字鎬
17838,鎭,U+93AD,zhen4,zhèn,variant of 鎮|镇[zhen4],
17839,鎮,U+93AE,zhen4|zhen1|tian2,zhèn|zhēn|tián,to press down,三峽鎮|二林鎮|冰鎮
17840,鎯,U+93AF,lang2|luo3,láng|luǒ,large hammer,
17841,鎰,U+93B0,yi4,yì,ancient unit of weight equal to 20 or 24 liang 兩|两[liang3],
17842,鎱,U+93B1,yuan2,yuán,,
17843,鎲,U+93B2,tang3,tǎng,old variant of 钂|镋[tang3],
17844,鎳,U+93B3,nie4,niè,nickel (chemistry),鎳箔
17845,鎴,U+93B4,xi2,xí,"strontium (obsolete, now 鍶|锶[si1])",
17846,鎵,U+93B5,jia1,jiā,gallium (chemistry),氮化鎵|砷化鎵
17847,鎶,U+93B6,ge1,gē,copernicium (chemistry),
17848,鎷,U+93B7,ma3,mǎ,,
17849,鎸,U+93B8,juan1,juān,"variant of 鐫|镌, to engrave (on wood or stone)",
17850,鎹,U+93B9,song4,sòng,(Japanese kokuji) large staple driven into two pieces of wood to hold them together,
17851,鎺,U+93BA,zu3,zǔ,,
17852,鎻,U+93BB,suo3,suǒ,old variant of 鎖|锁[suo3],
17853,鎼,U+93BC,xia4,xià,,
17854,鎽,U+93BD,feng1,fēng,,
17855,鎾,U+93BE,wen1,wēn,,
17856,鎿,U+93BF,na2,ná,neptunium (chemistry),
17857,鏀,U+93C0,lu3,lǔ,,
17858,鏁,U+93C1,suo3,suǒ,old variant of 鎖|锁[suo3],
17859,鏂,U+93C2,ou1|kou1,ōu|kōu,,
17860,鏃,U+93C3,zu2|chuo4,zú|chuò,arrowhead,箭鏃
17861,鏄,U+93C4,tuan2,tuán,,
17862,鏅,U+93C5,xiu1|xiu4,xiū|xiù,,
17863,鏆,U+93C6,guan4,guàn,,
17864,鏇,U+93C7,xuan4|xuan2,xuàn|xuán,to shape on a lathe,鏇子|鏇工|鏇床
17865,鏈,U+93C8,lian4|lian2,liàn|lián,chain,人鏈|供應鏈|側鏈
17866,鏉,U+93C9,shou4|sou1,shòu|sōu,,
17867,鏊,U+93CA,ao4,ào,griddle,鏊子
17868,鏋,U+93CB,man3,mǎn,,
17869,鏌,U+93CC,mo4,mò,used in 鏌鋣|镆铘[Mo4 ye2],鏌鋣
17870,鏍,U+93CD,luo2,luó,,
17871,鏎,U+93CE,bi4,bì,,
17872,鏏,U+93CF,wei4,wèi,,
17873,鏐,U+93D0,liu2|liu4|liao2,liú|liù|liáo,fine gold,
17874,鏑,U+93D1,di2|di1,dí|dī,dysprosium (chemistry),
17875,鏒,U+93D2,san3|qiao1|can4,sǎn|qiāo|càn,,
17876,鏓,U+93D3,zong3|cong1,zǒng|cōng,,
17877,鏔,U+93D4,yi2,yí,,
17878,鏕,U+93D5,lu4|ao2,lù|áo,,
17879,鏖,U+93D6,ao2|biao1,áo|biāo,violent fighting,鏖戰|鏖战
17880,鏗,U+93D7,keng1,kēng,(onom.) clang,鏗然|鏗鏘
17881,鏘,U+93D8,qiang1,qiāng,tinkling of small bells,鏗鏘
17882,鏙,U+93D9,cui1,cuī,,
17883,鏚,U+93DA,qi1,qī,battle-axe,
17884,鏛,U+93DB,chang2,cháng,,
17885,鏜,U+93DC,tang1|tang2,tāng|táng,noise of drums,
17886,鏝,U+93DD,man4,màn,side of coin without words,
17887,鏞,U+93DE,yong1,yōng,large bell,
17888,鏟,U+93DF,chan3,chǎn,variant of 剷|铲[chan3],刮鏟|反鏟|小鏟子
17889,鏠,U+93E0,feng1,fēng,old variant of 鋒|锋[feng1],
17890,鏡,U+93E1,jing4,jìng,mirror,NG鏡頭|OK鏡|三稜鏡
17891,鏢,U+93E2,biao1,biāo,dart-like throwing weapon,保鏢|梭鏢|迴力鏢
17892,鏣,U+93E3,shu4,shù,,
17893,鏤,U+93E4,lou4|lv2,lòu|lǘ,to engrave,銘心鏤骨|鏤刻|鏤空
17894,鏥,U+93E5,xiu4,xiù,,
17895,鏦,U+93E6,cong1,cōng,spear,
17896,鏧,U+93E7,long2,lóng,,
17897,鏨,U+93E8,zan4,zàn,to engrave,鏨子
17898,鏩,U+93E9,jian4|zan4,jiàn|zàn,,
17899,鏪,U+93EA,cao2,cáo,,
17900,鏫,U+93EB,li2,lí,,
17901,鏬,U+93EC,xia4,xià,,
17902,鏭,U+93ED,xi1,xī,,
17903,鏮,U+93EE,kang1,kāng,,
17904,鏯,U+93EF,shuang3,shuǎng,,
17905,鏰,U+93F0,beng4,bèng,small coin,鋼鏰
17906,鏱,U+93F1,zhang,zhang,,
17907,鏲,U+93F2,qian,qian,,
17908,鏳,U+93F3,cheng1,chēng,,
17909,鏴,U+93F4,lu4,lù,,
17910,鏵,U+93F5,hua2,huá,plowshare,何厚鏵|多鏵犁|犁鏵
17911,鏶,U+93F6,ji2,jí,,
17912,鏷,U+93F7,pu2,pú,protactinium (chemistry),
17913,鏸,U+93F8,hui4|sui4|rui4,huì|suì|ruì,three edged spear,
17914,鏹,U+93F9,qiang3|qiang1,qiǎng|qiāng,sulfuric acid,鏹水
17915,鏺,U+93FA,po1,pō,,
17916,鏻,U+93FB,lin2,lín,phosphonium,
17917,鏼,U+93FC,se4,sè,,
17918,鏽,U+93FD,xiu4,xiù,to rust,不鏽鋼|不鏽鐵|刀不磨要生鏽，人不學要落後
17919,鏾,U+93FE,san3|xian4|sa4,sǎn|xiàn|sà,the trigger of a crossbow,
17920,鏿,U+93FF,cheng1,chēng,,
17921,鐀,U+9400,kui4|gui4,kuì|guì,,
17922,鐁,U+9401,si1,sī,,
17923,鐂,U+9402,liu2,liú,,
17924,鐃,U+9403,nao2|nao4,náo|nào,big cymbals,
17925,鐄,U+9404,huang2,huáng,bell,
17926,鐅,U+9405,pie3,piě,,
17927,鐆,U+9406,sui4,suì,,
17928,鐇,U+9407,fan2,fán,vanadium,
17929,鐈,U+9408,qiao2,qiáo,,
17930,鐉,U+9409,quan1,quān,,
17931,鐊,U+940A,yang2,yáng,,
17932,鐋,U+940B,tang1|tang4,tāng|tàng,,
17933,鐌,U+940C,xiang4,xiàng,,
17934,鐍,U+940D,jue2|yu4,jué|yù,,
17935,鐎,U+940E,jiao1,jiāo,,
17936,鐏,U+940F,zun1,zūn,butt end of spear,
17937,鐐,U+9410,liao2,liáo,fetters,腳鐐|鐐銬|鐐鎖
17938,鐑,U+9411,qie4,qiè,,
17939,鐒,U+9412,lao2,láo,lawrencium (chemistry),
17940,鐓,U+9413,dui4|dui1|dun1,duì|duī|dūn,upsetting (forged pieces),
17941,鐔,U+9414,xin2,xín,surname Tan,
17942,鐕,U+9415,zan1,zān,,
17943,鐖,U+9416,ji1|qi2,jī|qí,,
17944,鐗,U+9417,jian3,jiǎn,variant of 鐧|锏[jian3],
17945,鐘,U+9418,zhong1,zhōng,a (large) bell (CL:架[jia4]),三分鐘熱度|上鐘|做一天和尚撞一天鐘
17946,鐙,U+9419,deng4|deng1,dèng|dēng,stirrup,鐙骨|馬鐙
17947,鐚,U+941A,ya1,yā,,
17948,鐛,U+941B,ying3,yǐng,,
17949,鐜,U+941C,dui1|dun1,duī|dūn,,
17950,鐝,U+941D,jue2,jué,(dialect) (bound form) mattock; hoe,鐝頭
17951,鐞,U+941E,nou4,nòu,,
17952,鐟,U+941F,zan1|ti4,zān|tì,,
17953,鐠,U+9420,pu3,pǔ,praseodymium (chemistry),
17954,鐡,U+9421,tie3,tiě,"variant of 鐵|铁[tie3], iron",
17955,鐢,U+9422,fan2,fán,,
17956,鐣,U+9423,cheng1,chēng,,
17957,鐤,U+9424,ding3,dǐng,,
17958,鐥,U+9425,shan4,shàn,,
17959,鐦,U+9426,kai1,kāi,californium (chemistry),
17960,鐧,U+9427,jian1|jian3,jiān|jiǎn,ancient weapon like a long solid metal truncheon,撒手鐧|殺手鐧
17961,鐨,U+9428,fei4,fèi,fermium (chemistry),
17962,鐩,U+9429,sui4,suì,(literary) brass mirror used to light a fire by focusing the sun's rays,
17963,鐪,U+942A,lu3,lǔ,,
17964,鐫,U+942B,juan1,juān,to engrave (on wood or stone),鐫刻|鐫心銘骨|鐫鏤
17965,鐬,U+942C,hui4,huì,,
17966,鐭,U+942D,yu4,yù,,
17967,鐮,U+942E,lian2,lián,(bound form) sickle,大鐮刀|掛鐮|釤鐮
17968,鐯,U+942F,zhuo2,zhuó,,
17969,鐰,U+9430,qiao1|sao4|cao2,qiāo|sào|cáo,,
17970,鐱,U+9431,jian4|qian1,jiàn|qiān,old variant of 劍|剑[jian4],
17971,鐲,U+9432,zhuo2|shu3,zhuó|shǔ,bracelet,手鐲|鐲子
17972,鐳,U+9433,lei2,léi,radium (chemistry),鐳射|鐳射印表機
17973,鐴,U+9434,bi4|bei4,bì|bèi,,
17974,鐵,U+9435,tie3|die2,tiě|dié,surname Tie,三氯化鐵|三角鐵|三鐵
17975,鐶,U+9436,huan2|xuan4,huán|xuàn,(ancient weight),
17976,鐷,U+9437,ye4,yè,,
17977,鐸,U+9438,duo2,duó,surname Duo,司鐸|晉鐸|都鐸王朝
17978,鐹,U+9439,guo3|guo1,guǒ|guō,,
17979,鐺,U+943A,dang1|cheng1|tang1,dāng|chēng|tāng,frying pan,鈴鐺|鋃鐺|鋃鐺入獄
17980,鐻,U+943B,ju4|qu2,jù|qú,(mus. instr.),
17981,鐼,U+943C,fen2|ben1,fén|bēn,,
17982,鐽,U+943D,da2,dá,darmstadtium (chemistry),
17983,鐾,U+943E,bei4,bèi,to sharpen (a knife) on a stone or a strop,
17984,鐿,U+943F,yi4,yì,ytterbium (chemistry),
17985,鑀,U+9440,ai4,ài,einsteinium (chemistry) (Tw),
17986,鑁,U+9441,zong1,zōng,,
17987,鑂,U+9442,xun4,xùn,,
17988,鑃,U+9443,diao4,diào,,
17989,鑄,U+9444,zhu4,zhù,to cast or found metals,冀朝鑄|冶鑄|澆鑄
17990,鑅,U+9445,heng2,héng,(onom.) for sound of bell (arch.),
17991,鑆,U+9446,zhui4,zhuì,,
17992,鑇,U+9447,ji1,jī,,
17993,鑈,U+9448,nie4|ni3,niè|nǐ,,
17994,鑉,U+9449,he2,hé,,
17995,鑊,U+944A,huo4,huò,wok (dialect),刀鋸鼎鑊|斧鉞湯鑊|鑊氣
17996,鑋,U+944B,qing1,qīng,,
17997,鑌,U+944C,bin1,bīn,fine steel,
17998,鑍,U+944D,ying1,yīng,,
17999,鑎,U+944E,kui4,kuì,,
18000,鑏,U+944F,ning2|ning3,níng|nǐng,,
18001,鑐,U+9450,xu1|ru2|rou2,xū|rú|róu,bolt of a Chinese lock,
18002,鑑,U+9451,jian4,jiàn,bronze mirror (used in ancient times),前車之鑑|年鑑|引以為鑑
18003,鑒,U+9452,jian4,jiàn,variant of 鑑|鉴[jian4],DNA鑒定|以史為鑒|借鑒
18004,鑓,U+9453,qian3,qiǎn,,
18005,鑔,U+9454,cha3,chǎ,small cymbals,打鑔|踩鑔
18006,鑕,U+9455,zhi4,zhì,(executioner's) block,
18007,鑖,U+9456,mie4|mi4,miè|mì,,
18008,鑗,U+9457,li2,lí,,
18009,鑘,U+9458,lei2|lei3,léi|lěi,,
18010,鑙,U+9459,ji1,jī,,
18011,鑚,U+945A,zuan4,zuàn,variant of 鑽|钻[zuan4],
18012,鑛,U+945B,kuang4|gong3,kuàng|gǒng,variant of 礦|矿[kuang4],
18013,鑜,U+945C,shang3,shǎng,,
18014,鑝,U+945D,peng2,péng,,
18015,鑞,U+945E,la4,là,solder,白鑞|銀樣鑞槍頭|錫鑞
18016,鑟,U+945F,du2,dú,,
18017,鑠,U+9460,shuo4|yue4|li4,shuò|yuè|lì,bright,眾口鑠金|矍鑠|銷鑠
18018,鑡,U+9461,chuo4,chuò,,
18019,鑢,U+9462,lv4,lǜ,surname Lü,
18020,鑣,U+9463,biao1,biāo,bit (of a bridle),保鑣|分道揚鑣|連鑣並軫
18021,鑤,U+9464,bao4,bào,variant of 刨[bao4],
18022,鑥,U+9465,lu3,lǔ,lutetium (chemistry),
18023,鑦,U+9466,xian,xian,,
18024,鑧,U+9467,kuan1,kuān,,
18025,鑨,U+9468,long2,lóng,,
18026,鑩,U+9469,e4,è,,
18027,鑪,U+946A,lu2,lú,variant of 爐|炉[lu2],
18028,鑫,U+946B,xin1|xun4,xīn|xùn,"(used in names of people and shops, symbolizing prosperity)",譚鑫培|谭鑫培
18029,鑬,U+946C,jian4,jiàn,,
18030,鑭,U+946D,lan4|lan2,làn|lán,lanthanum (chemistry),鑭系元素
18031,鑮,U+946E,bo2,bó,,
18032,鑯,U+946F,jian1|qian1,jiān|qiān,awl,
18033,鑰,U+9470,yao4|yue4,yào|yuè,key,一把鑰匙開一把鎖|公鑰|公開鑰匙
18034,鑱,U+9471,chan2,chán,sharp instrument for digging,
18035,鑲,U+9472,xiang1|rang2,xiāng|ráng,to inlay,正鑲白旗|鑲嵌|鑲牙
18036,鑳,U+9473,jian4,jiàn,old variant of 鍵|键[jian4],
18037,鑴,U+9474,xi1|hui1,xī|huī,"to engrave or carve, as a block for printing",
18038,鑵,U+9475,guan4,guàn,variant of 罐[guan4],
18039,鑶,U+9476,cang2,cáng,(onom.) (sound of a bell),
18040,鑷,U+9477,nie4,niè,(bound form) tweezers,手術鑷|鑷子
18041,鑸,U+9478,lei3,lěi,,
18042,鑹,U+9479,cuan1|cuan4,cuān|cuàn,ice spud (aka ice chisel) with a pointy tip,冰鑹|鑹子
18043,鑺,U+947A,qu2,qú,,
18044,鑻,U+947B,pan4,pàn,,
18045,鑼,U+947C,luo2,luó,gong,廝鑼|敲打鑼鼓|敲鑼
18046,鑽,U+947D,zuan1|zuan4,zuān|zuàn,to drill,冰鑽|刁鑽|刻苦鑽研
18047,鑾,U+947E,luan2,luán,imperial,回鑾|金鑾殿|鑾駕
18048,鑿,U+947F,zao2|zuo4|zu2|zao4,záo|zuò|zú|zào,(bound form) chisel,圓鑿方枘|妄生穿鑿|方枘圓鑿
18049,钀,U+9480,nie4|yi3,niè|yǐ,,
18050,钁,U+9481,jue2,jué,variant of 鐝|镢[jue2],
18051,钂,U+9482,tang3,tǎng,ancient weapon resembling a pitchfork,
18052,钃,U+9483,zhu2,zhú,metal,
18053,钄,U+9484,lan2,lán,,
18054,钅,U+9485,jin1,jīn,,
18055,钆,U+9486,ga2,gá,gadolinium (chemistry),
18056,钇,U+9487,yi3,yǐ,yttrium (chemistry),
18057,针,U+9488,zhen1,zhēn,needle,一针见血|二百方针|做针线
18058,钉,U+9489,ding1|ding4,dīng|dìng,nail,九齿钉耙|内六角圆柱头螺钉|图钉
18059,钊,U+948A,zhao1,zhāo,to encourage,李大钊|章士钊
18060,钋,U+948B,po1,pō,polonium (chemistry),
18061,钌,U+948C,liao3|liao4,liǎo|liào,ruthenium (chemistry),钌铞儿
18062,钍,U+948D,tu3,tǔ,thorium (chemistry),
18063,钎,U+948E,qian1,qiān,a drill (for boring through rock),炮钎|钎子|钢钎
18064,钏,U+948F,chuan4,chuàn,surname Chuan,
18065,钐,U+9490,shan1|shan4,shān|shàn,samarium (chemistry),钐刀|钐镰
18066,钑,U+9491,sa4,sà,germanium (old),
18067,钒,U+9492,fan2,fán,vanadium (chemistry),五氧化二钒|钒钾铀矿石
18068,钓,U+9493,diao4,diào,to fish with a hook and line; to angle,任凭风浪起，稳坐钓鱼台|冰钓|垂钓
18069,钔,U+9494,men2,mén,mendelevium (chemistry),
18070,钕,U+9495,nv3,nǚ,neodymium (chemistry),
18071,钖,U+9496,yang2,yáng,ornaments on headstall of horse,
18072,钗,U+9497,chai1,chāi,hairpin,薛宝钗|发钗
18073,钘,U+9498,xing2,xíng,long-necked wine flask,
18074,钙,U+9499,gai4,gài,calcium (chemistry),氧化钙|氢氧化钙|氯化钙
18075,钚,U+949A,bu4,bù,plutonium (chemistry),
18076,钛,U+949B,tai4,tài,titanium (chemistry),二氧化钛|钛铁矿
18077,钜,U+949C,ju4,jù,(literary) hard iron,钜子|钜惠
18078,钝,U+949D,dun4,dùn,blunt,味觉迟钝|思想顽钝|愚钝
18079,钞,U+949E,chao1,chāo,money,假钞|伪钞|冥钞
18080,钟,U+949F,zhong1,zhōng,surname Zhong,一见钟情|三分钟热度|上钟
18081,钠,U+94A0,na4,nà,sodium (chemistry),二氯异三聚氰酸钠|二氯苯胺苯乙酸钠|二硫基丙磺酸钠
18082,钡,U+94A1,bei4,bèi,barium (chemistry),硫酸钡
18083,钢,U+94A2,gang1|gang4,gāng|gàng,steel,不锈钢|人是铁饭是钢|刺钢丝
18084,钣,U+94A3,ban3,bǎn,metal plate,钣金
18085,钤,U+94A4,qian2,qián,latch of door,
18086,钥,U+94A5,yao4|yue4,yào|yuè,key,一把钥匙开一把锁|公钥|公开钥匙
18087,钦,U+94A6,qin1,qīn,surname Qin,令人钦佩|何应钦|尤尔钦科
18088,钧,U+94A7,jun1,jūn,30 catties,千钧一发|在千钧一发之际|钧谕
18089,钨,U+94A8,wu1,wū,tungsten (chemistry),白钨矿
18090,钩,U+94A9,gou1,gōu,variant of 鉤|钩[gou1],上钩|上钩儿|倒钩
18091,钪,U+94AA,kang4,kàng,scandium (chemistry),
18092,钫,U+94AB,fang1,fāng,francium (chemistry),
18093,钬,U+94AC,huo3,huǒ,holmium (chemistry),
18094,钭,U+94AD,tou3|dou3,tǒu|dǒu,surname Tou,
18095,钮,U+94AE,niu3,niǔ,surname Niu,印钮|按钮|旋钮
18096,钯,U+94AF,ba3|pa2,bǎ|pá,palladium (chemistry),钉钯
18097,钰,U+94B0,yu4,yù,treasure,朱祁钰
18098,钱,U+94B1,qian2,qián,surname Qian,一分钱一分货|一分钱两分货|一切向钱看
18099,钲,U+94B2,zheng1,zhēng,gong used to halt troops,
18100,钳,U+94B3,qian2,qián,pincers,克丝钳子|剥皮钳|压线钳
18101,钴,U+94B4,gu3,gǔ,(chemistry) cobalt (Taiwan pr. [gu1]),依地酸二钴|钴𬭁
18102,钵,U+94B5,bo1,bō,small earthenware plate or basin,乳钵|墨尔钵|托钵修会
18103,钶,U+94B6,ke1,kē,columbium,
18104,钷,U+94B7,po3,pǒ,promethium (chemistry),
18105,钸,U+94B8,bu1,bū,metal plate,
18106,钹,U+94B9,bo2,bó,cymbals,中国钹|水钹|叠音钹
18107,钺,U+94BA,yue4,yuè,battle-ax,不避斧钺|刀锯斧钺|斧钺之诛
18108,钻,U+94BB,zuan1|zuan4,zuān|zuàn,variant of 鑽|钻[zuan4],冰钻|刁钻|刻苦钻研
18109,钼,U+94BC,mu4,mù,molybdenum (chemistry),
18110,钽,U+94BD,tan3,tǎn,tantalum (chemistry),
18111,钾,U+94BE,jia3,jiǎ,potassium (chemistry),山奈钾|山梨酸钾|氢氧化钾
18112,钿,U+94BF,dian4|tian2,diàn|tián,"to inlay with gold, silver etc",
18113,铀,U+94C0,you2,yóu,uranium (chemistry),二氧化铀|低浓缩铀|六氟化铀
18114,铁,U+94C1,tie3,tiě,surname Tie,三氯化铁|三角铁|三铁
18115,铂,U+94C2,bo2,bó,platinum (chemistry),铂金
18116,铃,U+94C3,ling2,líng,(small) bell,五十铃|来电答铃|叮铃
18117,铄,U+94C4,shuo4,shuò,bright,众口铄金|矍铄|销铄
18118,铅,U+94C5,qian1|yan2,qiān|yán,old variant of 鉛|铅[qian1],削铅笔|削铅笔机|方铅矿
18119,铆,U+94C6,mao3,mǎo,to fasten with a rivet; to rivet,拉铆枪|钉是钉，铆是铆|铆上
18120,铇,U+94C7,bao4,bào,variant of 刨[bao4],
18121,铈,U+94C8,shi4,shì,cerium (chemistry),
18122,铉,U+94C9,xuan4,xuàn,stick-like implement inserted into the handles of a tripod cauldron in ancient times in order to lift the cauldron,徐铉|卢武铉
18123,铊,U+94CA,ta1|tuo2,tā|tuó,thallium (chemistry),
18124,铋,U+94CB,bi4,bì,bismuth (chemistry),
18125,铌,U+94CC,ni2,ní,niobium (chemistry),
18126,铍,U+94CD,pi1|pi2,pī|pí,beryllium (chemistry),
18127,铎,U+94CE,duo2,duó,surname Duo,司铎|晋铎|都铎王朝
18128,铏,U+94CF,xing2,xíng,soup cauldron,
18129,铐,U+94D0,kao4,kào,shackles,手铐|镣铐
18130,铑,U+94D1,lao3,lǎo,rhodium (chemistry),
18131,铒,U+94D2,er3,ěr,erbium (chemistry),
18132,铓,U+94D3,mang2,máng,sharp point,锋铓
18133,铔,U+94D4,ya1,yā,ammonium (old),
18134,铕,U+94D5,you3,yǒu,europium (chemistry),
18135,铖,U+94D6,cheng2,chéng,(used in people's names),
18136,铗,U+94D7,jia2,jiá,pincers for use at a fire,铗子
18137,铘,U+94D8,ye2,yé,used in 鏌鋣|镆铘[Mo4 ye2],镆铘
18138,铙,U+94D9,nao2,náo,big cymbals,
18139,铚,U+94DA,zhi4,zhì,sickle,
18140,铛,U+94DB,dang1|cheng1,dāng|chēng,frying pan,铃铛|锒铛|锒铛入狱
18141,铜,U+94DC,tong2,tóng,copper (chemistry),古铜色|古铜色卷尾|废铜烂铁
18142,铝,U+94DD,lv3,lǚ,aluminum (chemistry),氧化铝|氢氧化铝|氯化铝
18143,铞,U+94DE,diao4,diào,see 釕銱兒|钌铞儿[liao4 diao4 r5],钌铞儿
18144,铟,U+94DF,yin1,yīn,indium (chemistry),
18145,铠,U+94E0,kai3,kǎi,armor,甲铠|铠甲
18146,铡,U+94E1,zha2,zhá,lever-style guillotine,铡刀|龙头铡
18147,铢,U+94E2,zhu1,zhū,twenty-fourth part of a tael (2 or 3 grams),泰铢|锱铢必较
18148,铣,U+94E3,xi3|xian3,xǐ|xiǎn,to mill (machining),铣工|铣床|铣铁
18149,铤,U+94E4,ding4|ting3,dìng|tǐng,ingot,铤而走险
18150,铥,U+94E5,diu1,diū,thulium (chemistry),
18151,铦,U+94E6,xian1,xiān,fish-spear,
18152,铧,U+94E7,hua2,huá,plowshare,何厚铧|多铧犁|犁铧
18153,铨,U+94E8,quan2,quán,to estimate,胡铨|蒋士铨|铨叙部
18154,铩,U+94E9,sha1,shā,(old) spear; lance,铩羽|铩羽而归
18155,铪,U+94EA,ha1,hā,hafnium (chemistry),
18156,铫,U+94EB,diao4|yao2,diào|yáo,surname Yao,
18157,铬,U+94EC,ge4,gè,chromium (chemistry),单铬
18158,铭,U+94ED,ming2,míng,to engrave,刻骨铭心|墓志铭|座右铭
18159,铮,U+94EE,zheng1|zheng4,zhēng|zhèng,clang of metals,铮亮|铮铮铁汉|铮铮铁骨
18160,铯,U+94EF,se4,sè,cesium (chemistry),
18161,铰,U+94F0,jiao3,jiǎo,scissors,蝴蝶铰|铰刀|铰链
18162,铱,U+94F1,yi1,yī,iridium (chemistry),
18163,铲,U+94F2,chan3,chǎn,to scrape the ground with a spade (to make it level or to remove weeds); to shovel,刮铲|铲平|铲除
18164,铳,U+94F3,chong4,chòng,ancient firearm,佛朗机铳|鸟铳
18165,铴,U+94F4,tang1,tāng,,
18166,铵,U+94F5,an3,ǎn,ammonium,氯化铵|硝酸铵|硫酸铵
18167,银,U+94F6,yin2,yín,silver,上海浦东发展银行|世界银行|世银
18168,铷,U+94F7,ru2,rú,rubidium (chemistry),
18169,铸,U+94F8,zhu4,zhù,to cast or found metals,冀朝铸|冶铸|浇铸
18170,铹,U+94F9,lao2,láo,lawrencium (chemistry),
18171,铺,U+94FA,pu4|pu1,pù|pū,variant of 鋪|铺[pu4],上下铺|五金店铺|吊铺
18172,铻,U+94FB,wu2|yu3,wú|yǔ,hoe,
18173,铼,U+94FC,lai2,lái,rhenium (chemistry),
18174,铽,U+94FD,te4,tè,terbium (chemistry),
18175,链,U+94FE,lian4,liàn,chain,人链|供应链|侧链
18176,铿,U+94FF,keng1,kēng,(onom.) clang,铿然|铿锵
18177,销,U+9500,xiao1,xiāo,to melt (metal),一笔勾销|不可撤销信用证|主承销商
18178,锁,U+9501,suo3,suǒ,to lock; to lock up,一把钥匙开一把锁|上锁|倒锁
18179,锂,U+9502,li3,lǐ,lithium (chemistry),锂离子电池|锂电池
18180,锃,U+9503,zeng4,zèng,polished,亮锃锃|锃亮|锃光
18181,锄,U+9504,chu2,chú,a hoe,诛锄|诛锄异己|锄地
18182,锅,U+9505,guo1,guō,pot; pan; wok; cauldron,一品锅|一粒老鼠屎坏了一锅粥|一锅端
18183,锆,U+9506,gao4,gào,zirconium (chemistry),锆合金|锆石|锆英砂
18184,锇,U+9507,e2,é,osmium (chemistry),
18185,锈,U+9508,xiu4,xiù,variant of 鏽|锈[xiu4],不锈钢|不锈铁|刀不磨要生锈，人不学要落后
18186,锉,U+9509,cuo4,cuò,(literary) to fracture (a bone),锉冰|锉尸|锉刀
18187,锊,U+950A,lve4,lüè,(ancient unit of weight),
18188,锋,U+950B,feng1,fēng,point of a spear,中锋|交锋|偏锋
18189,锌,U+950C,xin1,xīn,zinc (chemistry),氧化锌|氯化锌|镀锌
18190,锍,U+950D,liu3,liǔ,,
18191,锎,U+950E,kai1,kāi,californium (chemistry),
18192,锏,U+950F,jian3|jian4,jiǎn|jiàn,ancient weapon like a long solid metal truncheon,撒手锏|杀手锏
18193,锐,U+9510,rui4,ruì,acute,尖锐|尖锐化|尖锐批评
18194,锑,U+9511,ti1,tī,antimony (chemistry),
18195,锒,U+9512,lang2,láng,chain,挡锒|锒铛|锒铛入狱
18196,锓,U+9513,qin3,qǐn,to carve,
18197,锔,U+9514,ju1|ju2,jū|jú,to mend by stapling or cramping broken pieces together,锔子
18198,锕,U+9515,a1,ā,actinium (chemistry),锕系元素
18199,锖,U+9516,qiang1,qiāng,the color of a mineral,
18200,锗,U+9517,zhe3,zhě,germanium (chemistry),
18201,锘,U+9518,nuo4,nuò,nobelium (chemistry),
18202,错,U+9519,cuo4,cuò,surname Cuo,一错再错|不错|交错
18203,锚,U+951A,mao2,máo,anchor,下锚|抛下锚|抛锚
18204,锛,U+951B,ben1,bēn,adz,
18205,锜,U+951C,qi2,qí,three legged cauldron (old),
18206,锝,U+951D,de2,dé,technetium (chemistry),
18207,锞,U+951E,ke4,kè,grease-pot for cart,
18208,锟,U+951F,kun1,kūn,steel sword,曹锟
18209,锠,U+9520,chang1,chāng,metal utensil,
18210,锡,U+9521,xi1,xī,tin (chemistry),刘禹锡|察布查尔锡伯自治县|拉瓦锡
18211,锢,U+9522,gu4,gù,obstinate disease,囚锢锋|禁锢|锢囚锋
18212,锣,U+9523,luo2,luó,gong,厮锣|敲打锣鼓|敲锣
18213,锤,U+9524,chui2,chuí,hammer,一锤子买卖|一锤定音|包剪锤
18214,锥,U+9525,zhui1,zhuī,cone,三角锥|交通锥|光锥
18215,锦,U+9526,jin3,jǐn,brocade,三索锦蛇|世锦赛|什锦
18216,锧,U+9527,zhi4,zhì,(executioner's) block,
18217,锨,U+9528,xian1,xiān,shovel,老鼠拖木锨，大头在后头|铁锨
18218,锩,U+9529,juan3,juǎn,to bend iron,
18219,锪,U+952A,huo1,huō,(metalwork) to ream,锪孔
18220,锫,U+952B,pei2,péi,berkelium (chemistry),
18221,锬,U+952C,tan2|xian1,tán|xiān,long spear,
18222,锭,U+952D,ding4,dìng,(weaving) spindle,纸锭|银锭|锡锭
18223,键,U+952E,jian4,jiàn,key (on a piano or computer keyboard),三键|上箭头键|下箭头键
18224,锯,U+952F,ju4|ju1,jù|jū,variant of 鋦|锔[ju1],刀锯斧钺|刀锯鼎镬|前锯肌
18225,锰,U+9530,meng3,měng,manganese (chemistry),二氧化锰|锰矿|锰结核
18226,锱,U+9531,zi1,zī,ancient weight,锱铢必较
18227,锲,U+9532,qie4,qiè,to cut,锲而不舍
18228,锳,U+9533,ying1,yīng,(onom.) ring,
18229,锴,U+9534,kai3,kǎi,high quality iron,
18230,锵,U+9535,qiang1,qiāng,tinkling of small bells,铿锵
18231,锶,U+9536,si1,sī,strontium (chemistry),
18232,锷,U+9537,e4,è,blade edge,蔡锷
18233,锸,U+9538,cha1,chā,spade,
18234,锹,U+9539,qiao1,qiāo,variant of 鍬|锹[qiao1],扁锹形虫|锹形虫|铁锹
18235,锺,U+953A,zhong1,zhōng,nonstandard simplified variant of 鍾|钟[zhong1],
18236,锻,U+953B,duan4,duàn,to forge,锻造|锻炼|锻铁
18237,锼,U+953C,sou1,sōu,to engrave (metal of wood),
18238,锽,U+953D,huang2,huáng,sound of drums and bells,
18239,锾,U+953E,huan2,huán,ancient unit of weight,罚锾
18240,锿,U+953F,ai1,āi,einsteinium (chemistry),
18241,镀,U+9540,du4,dù,"to plate (with gold, silver etc)",镀上|镀层|镀金
18242,镁,U+9541,mei3,měi,magnesium (chemistry),桂纶镁|氧化镁|氢氧化镁
18243,镂,U+9542,lou4,lòu,to engrave,铭心镂骨|镂刻|镂空
18244,镃,U+9543,zi1,zī,hoe,
18245,镄,U+9544,fei4,fèi,fermium (chemistry),
18246,镅,U+9545,mei2,méi,americium (chemistry),
18247,镆,U+9546,mo4,mò,used in 鏌鋣|镆铘[Mo4 ye2],镆铘
18248,镇,U+9547,zhen4,zhèn,to press down,三峡镇|二林镇|冰镇
18249,镈,U+9548,bo2,bó,ancient musical intrument shaped as a bell,皇甫镈
18250,镉,U+9549,ge2,gé,cadmium (chemistry),
18251,镊,U+954A,nie4,niè,(bound form) tweezers,手术镊|镊子
18252,镋,U+954B,tang3,tǎng,old variant of 钂|镋[tang3],
18253,镌,U+954C,juan1,juān,to engrave (on wood or stone),镌刻|镌心铭骨|镌镂
18254,镍,U+954D,nie4,niè,nickel (chemistry),镍箔
18255,镎,U+954E,na2,ná,neptunium (chemistry),
18256,镏,U+954F,liu2|liu4,liú|liù,(Tw) (chemistry) lutetium,金镏子|镏子|镏金
18257,镐,U+9550,gao3|hao4,gǎo|hào,a pick,丁字镐|冰镐|十字镐
18258,镑,U+9551,bang4,bàng,pound (sterling) (loanword),英镑
18259,镒,U+9552,yi4,yì,ancient unit of weight equal to 20 or 24 liang 兩|两[liang3],
18260,镓,U+9553,jia1,jiā,gallium (chemistry),氮化镓|砷化镓
18261,镔,U+9554,bin1,bīn,fine steel,
18262,镕,U+9555,rong2,róng,to smelt,朱镕基|镕炉
18263,镖,U+9556,biao1,biāo,dart-like throwing weapon,保镖|梭镖|回力镖
18264,镗,U+9557,tang1|tang2,tāng|táng,noise of drums,
18265,镘,U+9558,man4,màn,side of coin without words,
18266,镙,U+9559,luo2,luó,,
18267,镚,U+955A,beng4,bèng,small coin,钢镚
18268,镛,U+955B,yong1,yōng,large bell,
18269,镜,U+955C,jing4,jìng,mirror,NG镜头|OK镜|三棱镜
18270,镝,U+955D,di1|di2,dī|dí,dysprosium (chemistry),
18271,镞,U+955E,zu2,zú,arrowhead,箭镞
18272,镟,U+955F,xuan4,xuàn,to shape on a lathe,
18273,镠,U+9560,liu2,liú,fine gold,
18274,镡,U+9561,chan2|tan2|xin2,chán|tán|xín,surname Tan,
18275,镢,U+9562,jue2,jué,(dialect) (bound form) mattock; hoe,镢头
18276,镣,U+9563,liao4,liào,fetters,脚镣|镣铐|镣锁
18277,镤,U+9564,pu2,pú,protactinium (chemistry),
18278,镥,U+9565,lu3,lǔ,lutetium (chemistry),
18279,镦,U+9566,dui4|dun1,duì|dūn,upsetting (forged pieces),
18280,镧,U+9567,lan2,lán,lanthanum (chemistry),镧系元素
18281,镨,U+9568,pu3,pǔ,praseodymium (chemistry),
18282,镩,U+9569,cuan1,cuān,ice spud (aka ice chisel) with a pointy tip,冰镩|镩子
18283,镪,U+956A,qiang1|qiang3,qiāng|qiǎng,sulfuric acid,镪水
18284,镫,U+956B,deng4,dèng,stirrup,镫骨|马镫
18285,镬,U+956C,huo4,huò,wok (dialect),刀锯鼎镬|斧钺汤镬|镬气
18286,镭,U+956D,lei2,léi,radium (chemistry),镭射|镭射印表机
18287,镮,U+956E,huan2,huán,(ancient weight),
18288,镯,U+956F,zhuo2,zhuó,bracelet,手镯|镯子
18289,镰,U+9570,lian2,lián,old variant of 鐮|镰[lian2],大镰刀|挂镰|钐镰
18290,镱,U+9571,yi4,yì,ytterbium (chemistry),
18291,镲,U+9572,cha3,chǎ,small cymbals,打镲|踩镲
18292,镳,U+9573,biao1,biāo,bit (of a bridle),保镳|分道扬镳|连镳并轸
18293,镴,U+9574,la4,là,solder,白镴|银样镴枪头|锡镴
18294,镵,U+9575,chan2,chán,sharp instrument for digging,
18295,镶,U+9576,xiang1,xiāng,to inlay,正镶白旗|镶嵌|镶牙
18296,長,U+9577,zhang3|chang2|zhang4,zhǎng|cháng|zhàng,long,一技之長|一無所長|一長一短
18297,镸,U+9578,chang2,cháng,"""long"" or ""to grow"" radical in Chinese characters (Kangxi radical 168)",
18298,镹,U+9579,jiu3,jiǔ,,
18299,镺,U+957A,ao3,ǎo,,
18300,镻,U+957B,die2,dié,name of poisonous snake in ancient text,
18301,镼,U+957C,qu1,qū,,
18302,镽,U+957D,liao3|liao2,liǎo|liáo,,
18303,镾,U+957E,mi2,mí,,
18304,长,U+957F,zhang3|chang2,zhǎng|cháng,long,一技之长|一无所长|一长一短
18305,門,U+9580,men2,mén,surname Men,一門式|一門心思|三地門
18306,閁,U+9581,ma4,mà,,
18307,閂,U+9582,shuan1,shuān,bolt,槍閂|鎖閂|門閂
18308,閃,U+9583,shan3,shǎn,surname Shan,一閃念|一閃而過|亮閃閃
18309,閄,U+9584,huo4|shan3,huò|shǎn,,
18310,閅,U+9585,men2,mén,,
18311,閆,U+9586,yan2,yán,surname Yan,
18312,閇,U+9587,bi4,bì,old variant of 閉|闭[bi4],
18313,閈,U+9588,han4|bi4,hàn|bì,gate of a village,
18314,閉,U+9589,bi4,bì,to close,便閉|倒閉|吃閉門羹
18315,閊,U+958A,shan1,shān,,
18316,開,U+958B,kai1|qian1,kāi|qiān,to open (transitive or intransitive),一夫當關，萬夫莫開|一把鑰匙開一把鎖|三七開
18317,閌,U+958C,kang4,kàng,used in 閌閬|闶阆[kang1 lang2],閌閬
18318,閍,U+958D,beng1,bēng,,
18319,閎,U+958E,hong2,hóng,surname Hong,
18320,閏,U+958F,run4,rùn,intercalary,敖閏|閏四月，吃樹葉|閏年
18321,閐,U+9590,san4,sàn,,
18322,閑,U+9591,xian2,xián,enclosure,偷閑|冬閑|安閑
18323,閒,U+9592,xian2|jian4|jian1|jian3,xián|jiàn|jiān|jiǎn,variant of 間|间[jian1],休閒|休閒褲|休閒鞋
18324,間,U+9593,jian1|jian4|jian3,jiān|jiàn|jiǎn,between,一夜之間|一時間|一瞬間
18325,閔,U+9594,min3|min2,mǐn|mín,surname Min,閔凶|閔科夫斯基|閔行區
18326,閕,U+9595,xia1|xia3,xiā|xiǎ,,
18327,閖,U+9596,shui,shui,,
18328,閗,U+9597,dou4,dòu,variant of 鬥|斗[dou4],
18329,閘,U+9598,zha2|ya1|ge1,zhá|yā|gē,sluice; sluice gate,下閘|大閘蟹|手閘
18330,閙,U+9599,nao4,nào,variant of 鬧|闹[nao4],
18331,閚,U+959A,zhan1,zhān,,
18332,閛,U+959B,peng1|peng4,pēng|pèng,the sound of opening or closing the door,
18333,閜,U+959C,xia3|e3,xiǎ|ě,,
18334,閝,U+959D,ling2,líng,,
18335,閞,U+959E,bian4|guan1,biàn|guān,,
18336,閟,U+959F,bi4,bì,hidden,
18337,閠,U+95A0,run4,rùn,,
18338,閡,U+95A1,ai4|he2|hai4|gai1|kai3,ài|hé|hài|gāi|kǎi,obstruct,隔閡
18339,関,U+95A2,guan1,guān,variant of 關|关[guan1],
18340,閣,U+95A3,ge2,gé,pavilion (usu. two-storied),亭臺樓閣|亭閣|仙山瓊閣
18341,閤,U+95A4,ge2|ge1,gé|gē,variant of 合[he2],
18342,閥,U+95A5,fa2,fá,"powerful individual, family or group",北洋軍閥|吸入閥|奉系軍閥
18343,閦,U+95A6,chu4,chù,crowd,東方阿閦佛|东方阿閦佛|阿閦佛
18344,閧,U+95A7,hong4|xiang4,hòng|xiàng,variant of 鬨|哄[hong4],
18345,閨,U+95A8,gui1,guī,small arched door,大家閨秀|孀閨|深閨
18346,閩,U+95A9,min3,mǐn,short name for Fujian province 福建[Fu2 jian4],川魯粵蘇浙閩湘徽|納閩|閩侯
18347,閪,U+95AA,se1,sē,,
18348,閫,U+95AB,kun3,kǔn,threshold,令閫|閨閫|閫奧
18349,閬,U+95AC,lang4|lang3|liang3,làng|lǎng|liǎng,used in 閌閬|闶阆[kang1 lang2],閌閬|閬中|閬中市
18350,閭,U+95AD,lv2,lǘ,gate of a village,吳王闔閭|尾閭骨|改換門閭
18351,閮,U+95AE,ting2|ting3,tíng|tǐng,,
18352,閯,U+95AF,sha4,shà,,
18353,閰,U+95B0,ju2,jú,,
18354,閱,U+95B1,yue4,yuè,to inspect,借閱|傳閱|參閱
18355,閲,U+95B2,yue4,yuè,Japanese variant of 閱|阅,
18356,閳,U+95B3,chan3,chǎn,old variant of 闡|阐[chan3],
18357,閴,U+95B4,qu4,qù,,
18358,閵,U+95B5,lin4,lìn,,
18359,閶,U+95B6,chang1|tang1,chāng|tāng,gate of heaven,
18360,閷,U+95B7,shai4|sha1,shài|shā,,
18361,閸,U+95B8,kun3,kǔn,,
18362,閹,U+95B9,yan1,yān,to castrate,閹人|閹割|閹然
18363,閺,U+95BA,wen2,wén,to look down,
18364,閻,U+95BB,yan2|yan3|yan4,yán|yǎn|yàn,surname Yan (sometimes written 閆|闫[Yan2] in recent years),見閻王|閻君|閻王
18365,閼,U+95BC,e4|yu4|yan1,è|yù|yān,to block,閼氏|雍閼
18366,閽,U+95BD,hun1,hūn,doorkeeper,
18367,閾,U+95BE,yu4,yù,threshold,聽閾|閾值|閾限
18368,閿,U+95BF,wen2,wén,"wen xiang, Henan province",
18369,闀,U+95C0,hong4,hòng,,
18370,闁,U+95C1,bao1,bāo,old variant of 褒[bao1],
18371,闂,U+95C2,hong4|xiang4|juan3,hòng|xiàng|juǎn,,
18372,闃,U+95C3,qu4,qù,quiet,空闃|闃寂|闃然
18373,闄,U+95C4,yao3,yǎo,,
18374,闅,U+95C5,wen2,wén,,
18375,闆,U+95C6,ban3|pan3,bǎn|pǎn,"see 老闆|老板, boss",老闆|老闆娘
18376,闇,U+95C7,an4|an3|an1|yin1|yin3,àn|ǎn|ān|yīn|yǐn,(literary) to close (a door),
18377,闈,U+95C8,wei2,wéi,door to women's room,春闈|秋闈
18378,闉,U+95C9,yin1,yīn,surname Yin,
18379,闊,U+95CA,kuo4,kuò,rich,久闊|壯闊|大刀闊斧
18380,闋,U+95CB,que4|jue2|kui2,què|jué|kuí,(literary) to end; to stop,
18381,闌,U+95CC,lan2|lan4,lán|làn,railing,勾闌|夜闌|夜闌人靜
18382,闍,U+95CD,du1|she2,dū|shé,defensive platform over gate,瞽闍|闍梨|闍黎
18383,闎,U+95CE,quan2,quán,,
18384,闏,U+95CF,feng1,fēng,,
18385,闐,U+95D0,tian2,tián,fill up,和闐
18386,闑,U+95D1,nie4,niè,vertical divider of a door way,
18387,闒,U+95D2,ta4,tà,door or window in an upper story,
18388,闓,U+95D3,kai3,kǎi,to loosen,
18389,闔,U+95D4,he2,hé,door,吳王闔廬|吳王闔閭|闔家
18390,闕,U+95D5,que4|que1|jue2,què|quē|jué,surname Que,城闕|宮闕|補闕
18391,闖,U+95D6,chuang3|chen4,chuǎng|chèn,to rush,擅闖|私闖|走南闖北
18392,闗,U+95D7,guan1,guān,old variant of 關|关[guan1],
18393,闘,U+95D8,dou4,dòu,Japanese variant of 鬥|斗,
18394,闙,U+95D9,qi3,qǐ,,
18395,闚,U+95DA,kui1,kuī,variant of 窺|窥[kui1],
18396,闛,U+95DB,tang2|tang1|chang1,táng|tāng|chāng,,
18397,關,U+95DC,guan1|wan1|wan3,guān|wān|wǎn,surname Guan,一夫當關，萬夫莫開|一語雙關|七星關
18398,闝,U+95DD,piao2,piáo,,
18399,闞,U+95DE,kan4|han3|xian4,kàn|hǎn|xiàn,surname Kan,
18400,闟,U+95DF,xi4|se4|ta4,xì|sè|tà,peacefully,
18401,闠,U+95E0,hui4,huì,gate of market,
18402,闡,U+95E1,chan3,chǎn,to express,推闡|闡揚|闡明
18403,闢,U+95E2,pi4|pi1,pì|pī,to open (a door),另闢蹊徑|精闢|警闢
18404,闣,U+95E3,dang4|tang1,dàng|tāng,,
18405,闤,U+95E4,huan2,huán,wall around a market place,
18406,闥,U+95E5,ta4,tà,door of an inner room,
18407,闦,U+95E6,wen2,wén,,
18408,闧,U+95E7,ta1,tā,,
18409,门,U+95E8,men2,mén,surname Men,一门式|一门心思|三地门
18410,闩,U+95E9,shuan1,shuān,bolt,枪闩|锁闩|门闩
18411,闪,U+95EA,shan3,shǎn,surname Shan,一闪念|一闪而过|亮闪闪
18412,闫,U+95EB,yan2,yán,surname Yan,
18413,闬,U+95EC,han4,hàn,gate of a village,
18414,闭,U+95ED,bi4,bì,to close,便闭|倒闭|吃闭门羹
18415,问,U+95EE,wen4,wèn,to ask; to inquire,一问三不知|三农问题|三体问题
18416,闯,U+95EF,chuang3,chuǎng,to rush,擅闯|私闯|走南闯北
18417,闰,U+95F0,run4,rùn,intercalary,敖闰|闰四月，吃树叶|闰年
18418,闱,U+95F1,wei2,wéi,door to women's room,春闱|秋闱
18419,闲,U+95F2,xian2,xián,enclosure,休闲|休闲裤|休闲鞋
18420,闳,U+95F3,hong2,hóng,surname Hong,
18421,间,U+95F4,jian1|jian4,jiān|jiàn,between,一夜之间|一时间|一瞬间
18422,闵,U+95F5,min3,mǐn,surname Min,闵凶|闵科夫斯基|闵行区
18423,闶,U+95F6,kang1|kang4,kāng|kàng,used in 閌閬|闶阆[kang1 lang2],闶阆
18424,闷,U+95F7,men4|men1,mèn|mēn,stuffy,闷屁|闷闷不乐|闷热
18425,闸,U+95F8,zha2,zhá,old variant of 閘|闸[zha2],下闸|大闸蟹|手闸
18426,闹,U+95F9,nao4,nào,variant of 鬧|闹[nao4],一哭二闹三上吊|五鬼闹判|内行看门道，外行看热闹
18427,闺,U+95FA,gui1,guī,small arched door,大家闺秀|孀闺|深闺
18428,闻,U+95FB,wen2,wén,surname Wen,一无所闻|上海文广新闻传媒集团|不闻不问
18429,闼,U+95FC,ta4,tà,door of an inner room,
18430,闽,U+95FD,min3,mǐn,short name for Fujian province 福建[Fu2 jian4],川鲁粤苏浙闽湘徽|纳闽|闽侯
18431,闾,U+95FE,lv2,lǘ,gate of a village,吴王阖闾|尾闾骨|改换门闾
18432,闿,U+95FF,kai3,kǎi,to loosen,
18433,阀,U+9600,fa2,fá,"powerful individual, family or group",北洋军阀|吸入阀|奉系军阀
18434,阁,U+9601,ge2,gé,pavilion (usu. two-storied),亭台楼阁|亭阁|仙山琼阁
18435,阂,U+9602,he2,hé,obstruct,隔阂
18436,阃,U+9603,kun3,kǔn,threshold,令阃|闺阃|阃奥
18437,阄,U+9604,jiu1,jiū,lots (to be drawn),抓阄
18438,阅,U+9605,yue4,yuè,to inspect,借阅|传阅|参阅
18439,阆,U+9606,lang2|lang4,láng|làng,used in 閌閬|闶阆[kang1 lang2],闶阆|阆中|阆中市
18440,阇,U+9607,du1|she2,dū|shé,defensive platform over gate,瞽阇|阇梨|阇黎
18441,阈,U+9608,yu4,yù,threshold,听阈|阈值|阈限
18442,阉,U+9609,yan1,yān,to castrate,阉人|阉割|阉然
18443,阊,U+960A,chang1,chāng,gate of heaven,
18444,阋,U+960B,xi4,xì,to argue,兄弟阋于墙，外御其侮|兄弟阋墙
18445,阌,U+960C,wen2,wén,"wen xiang, Henan province",
18446,阍,U+960D,hun1,hūn,doorkeeper,
18447,阎,U+960E,yan2,yán,surname Yan (sometimes written 閆|闫[Yan2] in recent years),见阎王|阎君|阎王
18448,阏,U+960F,e4|yan1,è|yān,to block,阏氏|雍阏
18449,阐,U+9610,chan3,chǎn,to express,推阐|阐扬|阐明
18450,阑,U+9611,lan2,lán,railing,勾阑|夜阑|夜阑人静
18451,阒,U+9612,qu4,qù,quiet,空阒|阒寂|阒然
18452,阓,U+9613,hui4,huì,gate of market,
18453,阔,U+9614,kuo4,kuò,variant of 闊|阔[kuo4],久阔|壮阔|大刀阔斧
18454,阕,U+9615,que4,què,(literary) to end; to stop,
18455,阖,U+9616,he2,hé,door,吴王阖庐|吴王阖闾|阖家
18456,阗,U+9617,tian2,tián,fill up,和阗
18457,阘,U+9618,da2|ta4,dá|tà,door or window in an upper story,
18458,阙,U+9619,que1|que4,quē|què,surname Que,城阙|宫阙|补阙
18459,阚,U+961A,han3|kan4,hǎn|kàn,surname Kan,
18460,阛,U+961B,huan2,huán,wall around a market place,
18461,阜,U+961C,fu4,fù,abundant,岐阜縣|岐阜县|曲阜
18462,阝,U+961D,fu4,fù,,
18463,阞,U+961E,le4,lè,layer,
18464,队,U+961F,dui4,duì,squadron,一字纵队|不怕神一样的对手，就怕猪一样的队友|中国人民武装警察部队
18465,阠,U+9620,xin4,xìn,,
18466,阡,U+9621,qian1,qiān,road leading north and south,喀爾巴阡山脈|喀尔巴阡山脉|石阡
18467,阢,U+9622,wu4|wei2,wù|wéi,used in 阢隉|阢陧[wu4 nie4],阢隉|阢陧
18468,阣,U+9623,gai4|yi4,gài|yì,,
18469,阤,U+9624,zhi4|yi2|tuo2,zhì|yí|tuó,bank,
18470,阥,U+9625,yin1,yīn,,
18471,阦,U+9626,yang2,yáng,,
18472,阧,U+9627,dou3,dǒu,,
18473,阨,U+9628,e4|ai4,è|ài,defile,
18474,阩,U+9629,sheng1,shēng,,
18475,阪,U+962A,ban3,bǎn,slope,大阪|大阪府|大阪燒
18476,阫,U+962B,pei2,péi,,
18477,阬,U+962C,keng1|kang4|gang1,kēng|kàng|gāng,variant of 坑[keng1],
18478,阭,U+962D,yun3|yan3,yǔn|yǎn,,
18479,阮,U+962E,ruan3|yuan2,ruǎn|yuán,surname Ruan,中阮|大阮|阮元
18480,阯,U+962F,zhi3,zhǐ,variant of 址[zhi3],
18481,阰,U+9630,pi2,pí,mountain in ancient Chu,
18482,阱,U+9631,jing3,jǐng,variant of 阱[jing3],修昔底德陷阱|勢阱|势阱
18483,防,U+9632,fang2,fáng,to protect,三北防護林|三北防护林|中國國防科技信息中心
18484,阳,U+9633,yang2,yáng,positive (electric.),中阳|中阳县|丹阳
18485,阴,U+9634,yin1,yīn,surname Yin,一命归阴|一寸光阴一寸金|一寸光阴一寸金，寸金难买寸光阴
18486,阵,U+9635,zhen4,zhèn,disposition of troops,一小阵儿|一阵|一阵子
18487,阶,U+9636,jie1,jiē,variant of 階|阶[jie1],七声音阶|下台阶|中产阶级
18488,阷,U+9637,cheng1,chēng,,
18489,阸,U+9638,e4|ai4,è|ài,,
18490,阹,U+9639,qu1,qū,a pen,
18491,阺,U+963A,di3,dǐ,,
18492,阻,U+963B,zu3|zhu4,zǔ|zhù,to hinder,交通阻塞|修阻|偏置電阻
18493,阼,U+963C,zuo4,zuò,steps leading to the eastern door,
18494,阽,U+963D,dian4|yan2,diàn|yán,dangerous,
18495,阾,U+963E,ling3|ling2,lǐng|líng,,
18496,阿,U+963F,a1|e1|e3|a3|a4|a,ā|ē|ě|ǎ|à|a,"abbr. for country names that begin with 阿[a1]: Algeria 阿爾及利亞|阿尔及利亚[A1 er3 ji2 li4 ya4], Afghanistan 阿富汗[A1 fu4 han4] etc",三阿姨|二阿姨|亞西爾·阿拉法特
18497,陀,U+9640,tuo2|duo4,tuó|duò,(phonetic),佛陀|南普陀寺|吠陀
18498,陁,U+9641,tuo2|zhi4|yi3,tuó|zhì|yǐ,variant of 阤[tuo2],
18499,陂,U+9642,bei1|pi2|bi4|po1,bēi|pí|bì|pō,pool,芍陂|陂塘|陂陀
18500,陃,U+9643,bing3,bǐng,,
18501,附,U+9644,fu4|bu4|fu1,fù|bù|fū,variant of 附[fu4],依附|全資附屬公司|全资附属公司
18502,际,U+9645,ji4,jì,border,一望无际|不切合实际|不切实际
18503,陆,U+9646,lu4|liu4,lù|liù,surname Lu,下陆|下陆区|不着陆飞行
18504,陇,U+9647,long3,lǒng,short name for Gansu province 甘肅省|甘肃省[Gan1 su4 Sheng3],仪陇|仪陇县|得陇望蜀
18505,陈,U+9648,chen2,chén,surname Chen,乏善可陈|五味杂陈|六陈
18506,陉,U+9649,xing2,xíng,border the stove,井陉|井陉矿区|井陉县
18507,陊,U+964A,duo4,duò,,
18508,陋,U+964B,lou4,lòu,low,卑陋|卑陋齷齪|卑陋龌龊
18509,陌,U+964C,mo4,mò,raised path,奧陌陌|奥陌陌|形同陌路
18510,降,U+964D,jiang4|xiang2|xiang4,jiàng|xiáng|xiàng,to drop,一力降十會|一力降十会|一物降一物
18511,陎,U+964E,shu1,shū,surname Shu,
18512,陏,U+964F,duo4|sui2,duò|suí,old variant of 隨|随[Sui2],
18513,限,U+9650,xian4|wen3,xiàn|wěn,to limit,上限|下限|中國石油化工股份有限公司
18514,陑,U+9651,er2,ér,place name,
18515,陒,U+9652,gui3,guǐ,,
18516,陓,U+9653,yu1,yū,,
18517,陔,U+9654,gai1,gāi,step,
18518,陕,U+9655,shan3,shǎn,abbr. for Shaanxi 陝西|陕西 province,宁陕|宁陕县|陕北
18519,陖,U+9656,jun4,jùn,old variant of 峻[jun4],
18520,陗,U+9657,qiao4,qiào,variant of 峭[qiao4],
18521,陘,U+9658,xing2|jing4,xíng|jìng,border the stove,井陘|井陘礦區|井陘縣
18522,陙,U+9659,chun2,chún,,
18523,陚,U+965A,fu4|wu3,fù|wǔ,,
18524,陛,U+965B,bi4,bì,the steps to the throne,陛下
18525,陜,U+965C,xia2,xiá,variant of 狹|狭[xia2],
18526,陝,U+965D,shan3,shǎn,abbr. for Shaanxi 陝西|陕西 province,寧陝|寧陝縣|陝北
18527,陞,U+965E,sheng1,shēng,to ascend; to rise (variant of 升[sheng1]),步步高陞
18528,陟,U+965F,zhi4|de2,zhì|dé,to advance,武陟|武陟縣|武陟县
18529,陠,U+9660,pu1|bu1|bu4,pū|bū|bù,,
18530,陡,U+9661,dou3,dǒu,steep,陡削|陡坡|陡壁
18531,院,U+9662,yuan4,yuàn,courtyard,三合院|上海大劇院|上海大剧院
18532,陣,U+9663,zhen4,zhèn,disposition of troops,一小陣兒|一陣|一陣子
18533,除,U+9664,chu2|zhu4|shu1,chú|zhù|shū,to get rid of,三下五除二|乘除|免除
18534,陥,U+9665,xian4,xiàn,Japanese variant of 陷[xian4],
18535,陦,U+9666,dao3,dǎo,,
18536,陧,U+9667,nie4,niè,dangerous,杌陧|阢陧
18537,陨,U+9668,yun3,yǔn,(bound form) to fall from the sky,球粒陨石|陨命|陨坑
18538,险,U+9669,xian3,xiǎn,danger,一切险|不便险|不避艰险
18539,陪,U+966A,pei2,péi,to accompany,三陪小姐|久陪|作陪
18540,陫,U+966B,fei4|pei2,fèi|péi,,
18541,陬,U+966C,zou1|zhe2,zōu|zhé,corner,山陬海澨
18542,陭,U+966D,yi4|yi3,yì|yǐ,,
18543,陮,U+966E,dui4,duì,,
18544,陯,U+966F,lun2|lun4,lún|lùn,,
18545,陰,U+9670,yin1|yin4|an1,yīn|yìn|ān,surname Yin,一命歸陰|一寸光陰一寸金|一寸光陰一寸金，寸金難買寸光陰
18546,陱,U+9671,ju1,jū,,
18547,陲,U+9672,chui2,chuí,frontier,邊陲|边陲
18548,陳,U+9673,chen2|zhen4,chén|zhèn,surname Chen,乏善可陳|五味雜陳|六陳
18549,陴,U+9674,pi2|bi4,pí|bì,parapet,陴縣|陴县
18550,陵,U+9675,ling2,líng,mound,丘陵|中山陵|乾陵
18551,陶,U+9676,tao2|yao2|dao4,táo|yáo|dào,surname Tao,司陶特|奧陶系|奥陶系
18552,陷,U+9677,xian4,xiàn,pitfall,下陷|人類免疫缺陷病毒|人类免疫缺陷病毒
18553,陸,U+9678,lu4|liu4,lù|liù,surname Lu,下陸|下陸區|不著陸飛行
18554,陹,U+9679,sheng1,shēng,,
18555,険,U+967A,xian3,xiǎn,Japanese variant of 險|险,
18556,陻,U+967B,yin1,yīn,variant of 堙[yin1],
18557,陼,U+967C,zhu3|du3,zhǔ|dǔ,islet,
18558,陽,U+967D,yang2,yáng,positive (electric.),中陽|中陽縣|丹陽
18559,陾,U+967E,reng2|er2,réng|ér,sound of stonemason's shovel,
18560,陿,U+967F,xia2,xiá,old variant of 狹|狭[xia2],
18561,隀,U+9680,chong2,chóng,,
18562,隁,U+9681,yan4|yan3,yàn|yǎn,,
18563,隂,U+9682,yin1,yīn,variant of 陰|阴[yin1],
18564,隃,U+9683,shu4|yu2|yao2,shù|yú|yáo,exceed,
18565,隄,U+9684,di1|ti2,dī|tí,variant of 堤[di1],決隄
18566,隅,U+9685,yu2,yú,corner,向隅|向隅而泣|失之東隅，收之桑榆
18567,隆,U+9686,long2|long1,lóng|lōng,surname Long,乾隆|伊普西隆|伊隆·馬斯克
18568,隇,U+9687,wei1,wēi,,
18569,隈,U+9688,wei1,wēi,bay,
18570,隉,U+9689,nie4,niè,dangerous,杌隉|阢隉
18571,隊,U+968A,dui4|zhui4|sui4,duì|zhuì|suì,squadron,一字縱隊|不怕神一樣的對手，就怕豬一樣的隊友|中國人民武裝警察部隊
18572,隋,U+968B,sui2|duo4|tuo3|tuo1,suí|duò|tuǒ|tuō,the Sui dynasty (581–617 AD),隋代|隋唐|隋唐演義
18573,隌,U+968C,an3,ǎn,,
18574,隍,U+968D,huang2,huáng,dry moat,城隍
18575,階,U+968E,jie1,jiē,rank or step,七聲音階|下臺階|中產階級
18576,随,U+968F,sui2,suí,surname Sui,不随意|不随意肌|任随
18577,隐,U+9690,yin3,yǐn,(bound form) secret; hidden; concealed; crypto-,个人隐私|小隐隐于林，大隐隐于市|小隐隐于野，大隐隐于市
18578,隑,U+9691,gai4|gai1|ai2|qi2,gài|gāi|ái|qí,,
18579,隒,U+9692,yan3,yǎn,"the appearance of a mountain, as if two pots were standing one upon the other",
18580,隓,U+9693,hui1|duo4,huī|duò,,
18581,隔,U+9694,ge2|rong3|ji1,gé|rǒng|jī,to separate,一日不見，如隔三秋|一日不见，如隔三秋|一線之隔
18582,隕,U+9695,yun3|yuan2,yǔn|yuán,(bound form) to fall from the sky,球粒隕石|隕命|隕坑
18583,隖,U+9696,wu4,wù,variant of 塢|坞[wu4],
18584,隗,U+9697,kui2|wei3|gui1,kuí|wěi|guī,surname Kui,
18585,隘,U+9698,ai4|e4,ài|è,(bound form) narrow,山隘|心胸狹隘|心胸狭隘
18586,隙,U+9699,xi4,xì,crack,乘隙|仇隙|伺隙
18587,隚,U+969A,tang2,táng,,
18588,際,U+969B,ji4,jì,border,一望無際|不切合實際|不切實際
18589,障,U+969C,zhang4|zhang1,zhàng|zhāng,to block,一葉障目|一叶障目|保障
18590,隝,U+969D,dao3,dǎo,,
18591,隞,U+969E,ao2,áo,"Ao, Shang Dynasty capital (northeast part of modern day Zhengzhou, Henan)",
18592,隟,U+969F,xi4,xì,old variant of 隙[xi4],
18593,隠,U+96A0,yin3,yǐn,Japanese variant of 隱|隐[yin3],
18594,隡,U+96A1,sa4,sà,,
18595,隢,U+96A2,rao3,rǎo,,
18596,隣,U+96A3,lin2,lín,variant of 鄰|邻[lin2],
18597,隤,U+96A4,tui2,tuí,variant of 頹|颓[tui2],
18598,隥,U+96A5,deng4,dèng,,
18599,隦,U+96A6,jiao3|pi2,jiǎo|pí,,
18600,隧,U+96A7,sui4|zhui4,suì|zhuì,tunnel,腕隧道症候群|隧洞|隧道
18601,隨,U+96A8,sui2,suí,surname Sui,不隨意|不隨意肌|任隨
18602,隩,U+96A9,ao4|yu4,ào|yù,bay,
18603,險,U+96AA,xian3|jian3|yan2,xiǎn|jiǎn|yán,danger,一切險|不便險|不避艱險
18604,隫,U+96AB,fen2,fén,,
18605,隬,U+96AC,ni3,nǐ,,
18606,隭,U+96AD,er2,ér,,
18607,隮,U+96AE,ji1,jī,to go up,
18608,隯,U+96AF,dao3,dǎo,,
18609,隰,U+96B0,xi2|xie4,xí|xiè,surname Xi,隰縣|隰县
18610,隱,U+96B1,yin3|yin4,yǐn|yìn,(bound form) secret; hidden; concealed; crypto-,個人隱私|小隱隱於林，大隱隱於市|小隱隱於野，大隱隱於市
18611,隲,U+96B2,zhi4,zhì,,
18612,隳,U+96B3,hui1,huī,destroy,
18613,隴,U+96B4,long3,lǒng,short name for Gansu province 甘肅省|甘肃省[Gan1 su4 Sheng3],儀隴|儀隴縣|得隴望蜀
18614,隵,U+96B5,xi1,xī,,
18615,隶,U+96B6,li4|dai4|yi4|di4,lì|dài|yì|dì,variant of 隸|隶[li4],奴隶|奴隶主|奴隶制
18616,隷,U+96B7,li4,lì,variant of 隸|隶[li4],
18617,隸,U+96B8,li4,lì,(bound form) a person in servitude; low-ranking subordinate,奴隸|奴隸主|奴隸制
18618,隹,U+96B9,zhui1|cui1|wei2,zhuī|cuī|wéi,short-tailed bird,
18619,隺,U+96BA,hu2|he4|que4,hú|hè|què,,
18620,隻,U+96BB,zhi1|huo4,zhī|huò,"classifier for birds and certain animals, one of a pair, some utensils, vessels etc",三隻手|別具隻眼|大隻
18621,隼,U+96BC,sun3,sǔn,falcon,擬游隼|拟游隼|棕腹隼鵰
18622,隽,U+96BD,juan4|jun4,juàn|jùn,surname Juan,含味隽永|隽品|隽妙
18623,难,U+96BE,nan2|nan4,nán|nàn,difficult (to...),一寸光阴一寸金，寸金难买寸光阴|一木难支|一言既出，驷马难追
18624,隿,U+96BF,yi4,yì,,
18625,雀,U+96C0,que4|qiao1|qiao3,què|qiāo|qiǎo,a freckle,三趾鴉雀|三趾鸦雀|中國白眉朱雀
18626,雁,U+96C1,yan4,yàn,wild goose,劉賓雁|刘宾雁|加拿大雁
18627,雂,U+96C2,qin2,qín,(bird),
18628,雃,U+96C3,qian1|jie4,qiān|jiè,,
18629,雄,U+96C4,xiong2,xióng,male,一決雌雄|一决雌雄|事實勝於雄辯
18630,雅,U+96C5,ya3|ya1|ya2,yǎ|yā|yá,elegant,一日之雅|不登大雅之堂|不雅
18631,集,U+96C6,ji2,jí,to gather,七十七國集團|七十七国集团|七國集團
18632,雇,U+96C7,gu4|hu4,gù|hù,variant of 雇[gu4],雇主|雇佣|雇凶
18633,雈,U+96C8,huan2,huán,type of owl,
18634,雉,U+96C9,zhi4|kai3|yi3|si4,zhì|kǎi|yǐ|sì,ringed pheasant,四川雉鶉|四川雉鹑|山雉
18635,雊,U+96CA,gou4,gòu,crowing of pheasant,
18636,雋,U+96CB,juan4|jun4|zui4,juàn|jùn|zuì,surname Juan,含味雋永|雋品|雋妙
18637,雌,U+96CC,ci2,cí,female,一決雌雄|一决雌雄|信口雌黃
18638,雍,U+96CD,yong1,yōng,surname Yong,懸雍垂|悬雍垂|時雍
18639,雎,U+96CE,ju1,jū,osprey,
18640,雏,U+96CF,chu2,chú,(bound form) chick; young bird,伏龙凤雏|幼雏|雏儿
18641,雐,U+96D0,hu1,hū,,
18642,雑,U+96D1,za2,zá,Japanese variant of 雜|杂,
18643,雒,U+96D2,luo4,luò,black horse with white mane,
18644,雓,U+96D3,yu2,yú,,
18645,雔,U+96D4,chou2,chóu,,
18646,雕,U+96D5,diao1,diāo,"variant of 雕[diao1], to engrave",一箭双雕|冰雕|凹雕
18647,雖,U+96D6,sui1,suī,although,牡丹雖好，全仗綠葉扶|牡丹雖好，全仗綠葉扶持|牡丹雖好，全憑綠葉扶持
18648,雗,U+96D7,han4,hàn,a white pheasant,
18649,雘,U+96D8,wo4,wò,red earth used for paints,
18650,雙,U+96D9,shuang1,shuāng,surname Shuang,一箭雙鵰|一語雙關|又雙叒叕
18651,雚,U+96DA,guan4|huan2,guàn|huán,(archaic) stork,雚菌
18652,雛,U+96DB,chu2|ju2|ju4,chú|jú|jù,(bound form) chick; young bird,伏龍鳳雛|幼雛|雛兒
18653,雜,U+96DC,za2,zá,mixed,二氧雜芑|五味雜陳|冗雜
18654,雝,U+96DD,yong1,yōng,old variant of 雍[yong1],
18655,雞,U+96DE,ji1,jī,fowl,一人得道，雞犬升天|仔雞|做雞
18656,雟,U+96DF,xi1,xī,sparrow,
18657,雠,U+96E0,chou2,chóu,to collate,仇雠
18658,雡,U+96E1,liu4,liù,,
18659,離,U+96E2,li2|li4|li3|chi1|gu3,lí|lì|lǐ|chī|gǔ,surname Li,三句話不離本行|不即不離|不可分離
18660,難,U+96E3,nan2|nan4|nuo2,nán|nàn|nuó,difficult (to...),一寸光陰一寸金，寸金難買寸光陰|一木難支|一言既出，駟馬難追
18661,雤,U+96E4,xue2,xué,,
18662,雥,U+96E5,za2,zá,,
18663,雦,U+96E6,ji2,jí,,
18664,雧,U+96E7,ji2,jí,,
18665,雨,U+96E8,yu3|yu4,yǔ|yù,rain,一雨成秋|下毛毛雨|下雨
18666,雩,U+96E9,yu2|yu4|xu1,yú|yù|xū,summer sacrifice for rain,
18667,雪,U+96EA,xue3,xuě,surname Xue,一雪前恥|一雪前耻|下雪
18668,雫,U+96EB,na3,nǎ,,
18669,雬,U+96EC,fou3,fǒu,,
18670,雭,U+96ED,se4|xi2,sè|xí,,
18671,雮,U+96EE,mu4,mù,,
18672,雯,U+96EF,wen2,wén,multicolored clouds,蔣雯麗|蒋雯丽
18673,雰,U+96F0,fen1,fēn,misty,雰圍|雰围
18674,雱,U+96F1,pang1|pang2|fang1,pāng|páng|fāng,(literary) (of rainfall or snowfall) heavy,
18675,雲,U+96F2,yun2,yún,surname Yun,三葉星雲|九霄雲外|亮星雲
18676,雳,U+96F3,li4,lì,used in 霹靂|霹雳[pi1 li4],列缺霹雳|晴天霹雳|霹雳
18677,雴,U+96F4,chi4,chì,,
18678,雵,U+96F5,yang1,yāng,,
18679,零,U+96F6,ling2|lian2,líng|lián,zero,一千零一夜|丁零噹啷|丁零当啷
18680,雷,U+96F7,lei2|lei4,léi|lèi,surname Lei,不敢越雷池一步|不越雷池|乾打雷，不下雨
18681,雸,U+96F8,an2,án,,
18682,雹,U+96F9,bao2,báo,hail,冰雹|雹塊|雹块
18683,雺,U+96FA,wu4|meng2,wù|méng,,
18684,電,U+96FB,dian4,diàn,lightning,一號電池|七號電池|三用電表
18685,雼,U+96FC,dang4,dàng,,
18686,雽,U+96FD,hu4|hu1,hù|hū,,
18687,雾,U+96FE,wu4,wù,fog,一头雾水|吞云吐雾|喷雾
18688,雿,U+96FF,diao4,diào,,
18689,需,U+9700,xu1|nuo4|ru2|ruan3,xū|nuò|rú|ruǎn,to require,不時之需|不时之需|亟需
18690,霁,U+9701,ji4,jì,sky clearing up,光风霁月|开霁
18691,霂,U+9702,mu4,mù,used in 霢霂[mai4 mu4],霢霂
18692,霃,U+9703,chen2,chén,,
18693,霄,U+9704,xiao1|xiao4,xiāo|xiào,firmament,九重霄|九霄雲外|九霄云外
18694,霅,U+9705,zha4|zha2|sha4|sa4|yi4,zhà|zhá|shà|sà|yì,surname Zha,
18695,霆,U+9706,ting2,tíng,clap of thunder,大發雷霆|大发雷霆|星流霆擊
18696,震,U+9707,zhen4|shen1,zhèn|shēn,to shake,中國地震台網|中国地震台网|中國地震局
18697,霈,U+9708,pei4,pèi,torrent of rain,
18698,霉,U+9709,mei2,méi,mold,倒血霉|倒霉|倒霉蛋
18699,霊,U+970A,ling2,líng,Japanese variant of 靈|灵,
18700,霋,U+970B,qi1,qī,,
18701,霌,U+970C,zhou1,zhōu,,
18702,霍,U+970D,huo4|he4|suo3,huò|hè|suǒ,surname Huo,伊金霍洛|伊金霍洛旗|埃因霍溫
18703,霎,U+970E,sha4,shà,all of a sudden,一時半霎|一时半霎|一霎
18704,霏,U+970F,fei1,fēi,fall of snow,噶霏
18705,霐,U+9710,hong2,hóng,,
18706,霑,U+9711,zhan1,zhān,variant of 沾[zhan1],
18707,霒,U+9712,yin1,yīn,old variant of 陰|阴[yin1],
18708,霓,U+9713,ni2,ní,Japanese cicada,大旱之望雲霓|大旱之望云霓|大旱望雲霓
18709,霔,U+9714,zhu4,zhù,,
18710,霕,U+9715,tun2,tún,,
18711,霖,U+9716,lin2,lín,continued rain,味霖|張作霖|张作霖
18712,霗,U+9717,ling2,líng,,
18713,霘,U+9718,dong4,dòng,,
18714,霙,U+9719,ying1|yang1,yīng|yāng,sleet,
18715,霚,U+971A,wu4,wù,,
18716,霛,U+971B,ling2,líng,old variant of 靈|灵[ling2],
18717,霜,U+971C,shuang1,shuāng,frost,傲雪凌霜|傲雪欺霜|傲霜凌雪
18718,霝,U+971D,ling2,líng,drops of rain,
18719,霞,U+971E,xia2,xiá,rose-tinted sky or clouds at sunrise or sunset,丹霞|丹霞地貌|丹霞山
18720,霟,U+971F,hong2,hóng,,
18721,霠,U+9720,yin1,yīn,,
18722,霡,U+9721,mai4,mài,old variant of 霢[mai4],
18723,霢,U+9722,mai4,mài,used in 霢霂[mai4 mu4],霢霂
18724,霣,U+9723,yun3,yǔn,rain storm,
18725,霤,U+9724,liu4,liù,dripping of rain from eaves,
18726,霥,U+9725,meng4,mèng,,
18727,霦,U+9726,bin1,bīn,,
18728,霧,U+9727,wu4|meng2,wù|méng,fog,一頭霧水|吞雲吐霧|噴霧
18729,霨,U+9728,wei4,wèi,rising of clouds,
18730,霩,U+9729,kuo4,kuò,variant of 廓[kuo4],
18731,霪,U+972A,yin2,yín,heavy rain,霪雨
18732,霫,U+972B,xi2,xí,Sui-Tang (premodern ethnic group),
18733,霬,U+972C,yi4,yì,,
18734,霭,U+972D,ai3,ǎi,mist,慈霭|暮霭|朝露暮霭
18735,霮,U+972E,dan4,dàn,denseness of clouds,
18736,霯,U+972F,teng4,tèng,,
18737,霰,U+9730,xian4|san3,xiàn|sǎn,graupel,榴霰彈|榴霰弹|霰彈槍
18738,霱,U+9731,yu4,yù,,
18739,露,U+9732,lu4|lou4,lù|lòu,surname Lu,一夜露水|三點全露|三点全露
18740,霳,U+9733,long2,lóng,,
18741,霴,U+9734,dai4,dài,,
18742,霵,U+9735,ji2,jí,,
18743,霶,U+9736,pang1,pāng,,
18744,霷,U+9737,yang2,yáng,,
18745,霸,U+9738,ba4|po4,bà|pò,variant of 霸[ba4],五霸|制霸|吃霸王餐
18746,霹,U+9739,pi1,pī,used in 霹靂|霹雳[pi1 li4] and 霹雷[pi1 lei2],列缺霹靂|列缺霹雳|晴天霹靂
18747,霺,U+973A,wei2,wéi,old variant of 溦[wei1],
18748,霻,U+973B,feng1,fēng,,
18749,霼,U+973C,xi4,xì,,
18750,霽,U+973D,ji4,jì,sky clearing up,光風霽月|開霽
18751,霾,U+973E,mai2|li2,mái|lí,haze,灰霾|煙霾|烟霾
18752,霿,U+973F,meng2|mao4|wu4,méng|mào|wù,,
18753,靀,U+9740,meng2,méng,,
18754,靁,U+9741,lei2,léi,old variant of 雷[lei2],
18755,靂,U+9742,li4,lì,used in 霹靂|霹雳[pi1 li4],列缺霹靂|晴天霹靂|霹靂
18756,靃,U+9743,huo4|sui3|suo3,huò|suǐ|suǒ,,
18757,靄,U+9744,ai3,ǎi,mist,慈靄|暮靄|朝露暮靄
18758,靅,U+9745,fei4,fèi,,
18759,靆,U+9746,dai4,dài,see 靉靆|叆叇[ai4 dai4],靉靆
18760,靇,U+9747,long2|ling2,lóng|líng,,
18761,靈,U+9748,ling2,líng,quick,一靈真性|不靈|二斑百靈
18762,靉,U+9749,ai4|yi3,ài|yǐ,misty,靉靆|靉靉
18763,靊,U+974A,feng1,fēng,,
18764,靋,U+974B,li4,lì,,
18765,靌,U+974C,bao3,bǎo,,
18766,靍,U+974D,he4,hè,,
18767,靎,U+974E,he4,hè,,
18768,靏,U+974F,he4,hè,,
18769,靐,U+9750,bing4,bìng,thunder,
18770,靑,U+9751,qing1,qīng,variant of 青[qing1],
18771,青,U+9752,qing1|jing1,qīng|jīng,"abbr. for 青海[Qing1 hai3], Qinghai Province",不分青紅皂白|不分青红皂白|不問青紅皂白
18772,靓,U+9753,jing4|liang4,jìng|liàng,to make up (one's face),靓仔|靓女|靓妆
18773,靔,U+9754,tian1,tiān,old variant of 天[tian1],
18774,靕,U+9755,zhen1,zhēn,,
18775,靖,U+9756,jing4,jìng,surname Jing,保靖|保靖縣|保靖县
18776,靗,U+9757,cheng1,chēng,,
18777,靘,U+9758,qing4|qing1|jing4,qìng|qīng|jìng,,
18778,静,U+9759,jing4,jìng,still,僻静|冷静|冷静期
18779,靚,U+975A,jing4|liang2,jìng|liáng,to make up (one's face),靚仔|靚女|靚妝
18780,靛,U+975B,dian4,diàn,indigo pigment,山靛|紅橙黃綠藍靛紫|红橙黄绿蓝靛紫
18781,靜,U+975C,jing4,jìng,still,僻靜|冷靜|冷靜期
18782,靝,U+975D,tian1,tiān,old variant of 天[tian1],
18783,非,U+975E,fei1|fei3,fēi|fěi,"abbr. for 非洲[Fei1 zhou1], Africa",不到長城非好漢|不到长城非好汉|並非
18784,靟,U+975F,fei1,fēi,,
18785,靠,U+9760,kao4,kào,to lean against or on,不可靠|依靠|信靠
18786,靡,U+9761,mi2|mi3|ma2,mí|mǐ|má,to waste (money),侈靡|奢靡|委靡
18787,面,U+9762,mian4,miàn,face,一方面|一面|一面之交
18788,靣,U+9763,mian4,miàn,variant of 面[mian4],
18789,靤,U+9764,bao4,bào,,
18790,靥,U+9765,ye4,yè,dimple,笑靥
18791,靦,U+9766,tian3|mian3,tiǎn|miǎn,used in 靦覥|䩄觍[mian3 tian3],靦腆|靦覥
18792,靧,U+9767,hui4,huì,,
18793,靨,U+9768,ye4|yan3,yè|yǎn,dimple,笑靨
18794,革,U+9769,ge2|ji2,gé|jí,animal hide,中國國民黨革命委員會|中国国民党革命委员会|二次革命
18795,靪,U+976A,ding1,dīng,to cobble,補靪|补靪
18796,靫,U+976B,cha2,chá,,
18797,靬,U+976C,qian2|jian1|kan1|han4,qián|jiān|kān|hàn,"see 犂靬[Li2 jian1], Han dynasty name for countries in far West",犁靬|犂靬
18798,靭,U+976D,ren4,rèn,variant of 韌|韧[ren4],
18799,靮,U+976E,di2,dí,reins,
18800,靯,U+976F,du4,dù,,
18801,靰,U+9770,wu4,wù,used in 靰鞡[wu4 la5],靰鞡
18802,靱,U+9771,ren4,rèn,old variant of 韌|韧[ren4],
18803,靲,U+9772,qin2,qín,leather shoes,
18804,靳,U+9773,jin4,jìn,surname Jin,
18805,靴,U+9774,xue1,xuē,boots,掛靴|挂靴|氈靴
18806,靵,U+9775,niu3,niǔ,,
18807,靶,U+9776,ba3|ba4,bǎ|bà,target,打靶|抄靶子|活靶子
18808,靷,U+9777,yin3,yǐn,traces (of a carriage),
18809,靸,U+9778,sa3|ta1,sǎ|tā,children's shoe (old),
18810,靹,U+9779,na4,nà,,
18811,靺,U+977A,mo4|wa4,mò|wà,name of a tribe,
18812,靻,U+977B,zu3,zǔ,,
18813,靼,U+977C,da2,dá,(phonetic),韃靼|鞑靼|韃靼人
18814,靽,U+977D,ban4,bàn,,
18815,靾,U+977E,yi4,yì,,
18816,靿,U+977F,yao4,yào,the leg of a boot or sock,靿子|高靿
18817,鞀,U+9780,tao2,táo,variant of 鼗[tao2],
18818,鞁,U+9781,bei4|bai4|bi4,bèi|bài|bì,horse tack (articles of harness such as saddle and bridle),
18819,鞂,U+9782,jie1,jiē,,
18820,鞃,U+9783,hong2,hóng,a leaning board on carriage,
18821,鞄,U+9784,pao2,páo,to work hides,
18822,鞅,U+9785,yang1|yang4|yang3,yāng|yàng|yǎng,martingale (part of a horse's harness),商鞅|商鞅變法|商鞅变法
18823,鞆,U+9786,bing3,bǐng,,
18824,鞇,U+9787,yin1,yīn,variant of 茵[yin1],
18825,鞈,U+9788,ge2|sa3|ta4,gé|sǎ|tà,,
18826,鞉,U+9789,tao2,táo,old variant of 鼗[tao2],
18827,鞊,U+978A,jie2|ji2,jié|jí,,
18828,鞋,U+978B,xie2|wa1,xié|wā,shoe,上鞋|人字拖鞋|休閒鞋
18829,鞌,U+978C,an1,ān,"An, a place in the area of present-day Jinan, Shandong where in 589 BC there was a battle between the states of Qi 齊國|齐国[Qi2 guo2] and Jin 晉國|晋国[Jin4 guo2]",
18830,鞍,U+978D,an1,ān,variant of 鞍[an1],鞍前馬後|鞍前马后|鞍子
18831,鞎,U+978E,hen2,hén,,
18832,鞏,U+978F,gong3,gǒng,surname Gong,岑鞏|岑鞏縣|曾鞏
18833,鞐,U+9790,qia3,qiǎ,,
18834,鞑,U+9791,da2,dá,Tartar,鞑虏|鞑靼|鞑靼人
18835,鞒,U+9792,qiao2,qiáo,the pommel and cantle of a saddle,
18836,鞓,U+9793,ting1,tīng,,
18837,鞔,U+9794,man2|men4,mán|mèn,,
18838,鞕,U+9795,ying4|bian1,yìng|biān,,
18839,鞖,U+9796,sui1,suī,,
18840,鞗,U+9797,tiao2,tiáo,reins of leather,
18841,鞘,U+9798,qiao4|shao1,qiào|shāo,scabbard; sheath,出鞘|刀鞘|卵鞘
18842,鞙,U+9799,xuan4|juan1,xuàn|juān,fine,
18843,鞚,U+979A,kong4,kòng,(literary) bridle (of a horse),名鞿利鞚|名𩉜利鞚
18844,鞛,U+979B,beng3,běng,,
18845,鞜,U+979C,ta4,tà,,
18846,鞝,U+979D,shang4|zhang3,shàng|zhǎng,variant of 緔|绱[shang4],鞝鞋
18847,鞞,U+979E,bing3|bi4|pi2|bei1,bǐng|bì|pí|bēi,scabbard,
18848,鞟,U+979F,kuo4,kuò,,
18849,鞠,U+97A0,ju1|qu1|qiong1,jū|qū|qiōng,surname Ju,蹴鞠|鞠躬|鞠躬盡力
18850,鞡,U+97A1,la,la,used in 靰鞡[wu4 la5],靰鞡
18851,鞢,U+97A2,xie4|zha2|die2,xiè|zhá|dié,,
18852,鞣,U+97A3,rou2,róu,suede,鞣製|鞣制|鞣質
18853,鞤,U+97A4,bang1,bāng,,
18854,鞥,U+97A5,eng1,ēng,(literary) reins (for a horse),
18855,鞦,U+97A6,qiu1,qiū,used in 鞦韆|秋千[qiu1 qian1],盪鞦韆|鞦韆
18856,鞧,U+97A7,qiu1,qiū,crupper,
18857,鞨,U+97A8,he2|she2|mo4,hé|shé|mò,buskin,
18858,鞩,U+97A9,qiao4,qiào,,
18859,鞪,U+97AA,mu4|mou2,mù|móu,,
18860,鞫,U+97AB,ju1|qu1,jū|qū,to interrogate,
18861,鞬,U+97AC,jian1|jian4,jiān|jiàn,a quiver on a horse,
18862,鞭,U+97AD,bian1,biān,whip or lash,三節鞭|三节鞭|先鞭
18863,鞮,U+97AE,di1,dī,surname Di,
18864,鞯,U+97AF,jian1,jiān,(bound form) saddle blanket,鞍鞯
18865,鞰,U+97B0,wen1,wēn,,
18866,鞱,U+97B1,tao1,tāo,,
18867,鞲,U+97B2,gou1,gōu,variant of 韝[gou1],鞲鞴
18868,鞳,U+97B3,ta4,tà,,
18869,鞴,U+97B4,bei4|fu2|bu4|bai4,bèi|fú|bù|bài,to saddle a horse,鞲鞴
18870,鞵,U+97B5,xie2,xié,variant of 鞋[xie2],
18871,鞶,U+97B6,pan2,pán,large belt,
18872,鞷,U+97B7,ge2,gé,,
18873,鞸,U+97B8,bi4|bing3,bì|bǐng,,
18874,鞹,U+97B9,kuo4,kuò,leather,
18875,鞺,U+97BA,tang1,tāng,,
18876,鞻,U+97BB,lou2,lóu,,
18877,鞼,U+97BC,gui4|hui4,guì|huì,,
18878,鞽,U+97BD,qiao2|qiao1|jue1,qiáo|qiāo|juē,the pommel and cantle of a saddle,
18879,鞾,U+97BE,xue1,xuē,variant of 靴[xue1],
18880,鞿,U+97BF,ji1,jī,(literary) bit (of a horse's bridle),名鞿利鞚
18881,韀,U+97C0,jian1,jiān,variant of 韉|鞯[jian1],
18882,韁,U+97C1,jiang1,jiāng,bridle,名韁利鎖|脫韁|脫韁之馬
18883,韂,U+97C2,chan4,chàn,(bound form) saddle blanket,鞍韂
18884,韃,U+97C3,da2|ta4,dá|tà,Tartar,韃虜|韃靼|韃靼人
18885,韄,U+97C4,hu4,hù,,
18886,韅,U+97C5,xian3,xiǎn,leather girth on horse,
18887,韆,U+97C6,qian1,qiān,used in 鞦韆|秋千[qiu1 qian1],盪鞦韆|鞦韆
18888,韇,U+97C7,du2,dú,,
18889,韈,U+97C8,wa4,wà,variant of 韤|袜[wa4],
18890,韉,U+97C9,jian1,jiān,(bound form) saddle blanket,鞍韉
18891,韊,U+97CA,lan2,lán,,
18892,韋,U+97CB,wei2|hui2,wéi|huí,surname Wei,呂不韋|基拉韋厄|塞韋里諾
18893,韌,U+97CC,ren4,rèn,annealed,堅韌|堅韌不拔|強韌
18894,韍,U+97CD,fu2,fú,kneepad,
18895,韎,U+97CE,mei4,mèi,a grass that gives red dye,
18896,韏,U+97CF,quan4|juan4,quàn|juàn,,
18897,韐,U+97D0,ge2,gé,,
18898,韑,U+97D1,wei3,wěi,,
18899,韒,U+97D2,qiao4|shao1,qiào|shāo,,
18900,韓,U+97D3,han2,hán,"Han, one of the Seven Hero States of the Warring States 戰國七雄|战国七雄",中日韓|中日韓統一表意文字|中日韓越
18901,韔,U+97D4,chang4,chàng,bow bag,
18902,韕,U+97D5,kuo4,kuò,,
18903,韖,U+97D6,rou3,rǒu,"tan, soften",
18904,韗,U+97D7,yun4,yùn,,
18905,韘,U+97D8,she4,shè,archer's thumb ring,
18906,韙,U+97D9,wei3,wěi,correct,丁韙良|不韙|冒大不韙
18907,韚,U+97DA,ge2,gé,,
18908,韛,U+97DB,bai4|fu2,bài|fú,bellows (for blowing air into a fire),
18909,韜,U+97DC,tao1|tao4,tāo|tào,bow case or scabbard,六韜|六韜三略|秦韜玉
18910,韝,U+97DD,gou1,gōu,archer's arm guard,
18911,韞,U+97DE,yun4|wen1,yùn|wēn,contain,
18912,韟,U+97DF,gao1,gāo,,
18913,韠,U+97E0,bi4,bì,,
18914,韡,U+97E1,wei3|xue1,wěi|xuē,gorgeous,
18915,韢,U+97E2,sui4|hui4,suì|huì,,
18916,韣,U+97E3,du2,dú,bow case,
18917,韤,U+97E4,wa4,wà,variant of 襪|袜[wa4],
18918,韥,U+97E5,du2,dú,,
18919,韦,U+97E6,wei2,wéi,surname Wei,吕不韦|基拉韦厄|塞韦里诺
18920,韧,U+97E7,ren4,rèn,variant of 韌|韧[ren4],坚韧|坚韧不拔|强韧
18921,韨,U+97E8,fu2,fú,kneepad,
18922,韩,U+97E9,han2,hán,"Han, one of the Seven Hero States of the Warring States 戰國七雄|战国七雄",中日韩|中日韩统一表意文字|中日韩越
18923,韪,U+97EA,wei3,wěi,correct,丁韪良|不韪|冒大不韪
18924,韫,U+97EB,yun4,yùn,contain,
18925,韬,U+97EC,tao1,tāo,bow case or scabbard,六韬|六韬三略|秦韬玉
18926,韭,U+97ED,jiu3,jiǔ,leek,割韭菜|韭菜|韭菜盒子
18927,韮,U+97EE,jiu3,jiǔ,variant of 韭[jiu3],
18928,韯,U+97EF,xian1,xiān,,
18929,韰,U+97F0,xie4,xiè,,
18930,韱,U+97F1,xian1,xiān,wild onions or leeks,
18931,韲,U+97F2,ji1,jī,,
18932,音,U+97F3,yin1,yīn,sound,一槌定音|一錘定音|一锤定音
18933,韴,U+97F4,za2,zá,,
18934,韵,U+97F5,yun4,yùn,the final (of a syllable) (Chinese phonology),儿化韵|切韵|别有韵味
18935,韶,U+97F6,shao2,sháo,surname Shao,仰韶|仰韶文化|張韶涵
18936,韷,U+97F7,le4,lè,,
18937,韸,U+97F8,peng2,péng,,
18938,韹,U+97F9,huang2|ying1,huáng|yīng,music of bell and drum,
18939,韺,U+97FA,ying1,yīng,music of legendary emperor Gu,
18940,韻,U+97FB,yun4,yùn,the final (of a syllable) (Chinese phonology),兒化韻|切韻|別有韻味
18941,韼,U+97FC,peng2,péng,,
18942,韽,U+97FD,an1,ān,,
18943,韾,U+97FE,yin1,yīn,,
18944,響,U+97FF,xiang3,xiǎng,echo,一個巴掌拍不響|一炮打響|一瓶子不響，半瓶子晃蕩
18945,頀,U+9800,hu4,hù,music,
18946,頁,U+9801,ye4|xie2,yè|xié,head,上一頁|上頁|下一頁
18947,頂,U+9802,ding3,dǐng,apex,三個臭皮匠，頂個諸葛亮|中氣層頂|丹頂鶴
18948,頃,U+9803,qing3|qing1|kui3,qǐng|qīng|kuǐ,variant of 傾|倾[qing1],一彈指頃|俄頃|公頃
18949,頄,U+9804,kui2,kuí,cheekbone,
18950,項,U+9805,xiang4,xiàng,surname Xiang,七項全能|三大紀律八項注意|三項
18951,順,U+9806,shun4,shùn,to obey,一帆風順|一路順風|不順
18952,頇,U+9807,han1|an4,hān|àn,dawdling,
18953,須,U+9808,xu1,xū,must,何須|布須曼人|必須
18954,頉,U+9809,yi2,yí,,
18955,頊,U+980A,xu1,xū,surname Xu,頊頊|顓頊
18956,頋,U+980B,e3,ě,,
18957,頌,U+980C,song4|rong2,sòng|róng,ode,傳頌|可頌|巴頌管
18958,頍,U+980D,kui3,kuǐ,raise one's head,
18959,頎,U+980E,qi2|ken3,qí|kěn,tall,
18960,頏,U+980F,hang2|gang1|hang4,háng|gāng|hàng,fly down,
18961,預,U+9810,yu4,yù,to advance,出乎預料|勿謂言之不預|參預
18962,頑,U+9811,wan2|kun1,wán|kūn,mischievous,兇頑|冥頑|冥頑不靈
18963,頒,U+9812,ban1|fen2,bān|fén,to promulgate,頒布|頒授|頒獎
18964,頓,U+9813,dun4|du2,dùn|dú,to stop,亨丁頓舞蹈症|亨廷頓舞蹈症|代頓
18965,頔,U+9814,di2,dí,fine,
18966,頕,U+9815,dan1|dian4,dān|diàn,,
18967,頖,U+9816,pan4,pàn,disperse,
18968,頗,U+9817,po1|po3|po4|pi2,pō|pǒ|pò|pí,surname Po,偏頗|廉頗|德宏傣族景頗族自治州
18969,領,U+9818,ling3,lǐng,neck,上級領導|不得要領|低領口
18970,頙,U+9819,che4,chè,,
18971,頚,U+981A,jing3,jǐng,old variant of 頸|颈[jing3],
18972,頛,U+981B,lei4,lèi,,
18973,頜,U+981C,he2|han2|qin1|ge2,hé|hán|qīn|gé,(bound form) jaw,上頜|上頜骨|下頜
18974,頝,U+981D,qiao1,qiāo,,
18975,頞,U+981E,e4|an4,è|àn,junction of nose and forehead,
18976,頟,U+981F,e2,é,variant of 額|额[e2],
18977,頠,U+9820,wei3,wěi,easeful carriage of one's head,
18978,頡,U+9821,xie2|jia2|jie2,xié|jiá|jié,surname Xie,倉頡
18979,頢,U+9822,kuo4,kuò,,
18980,頣,U+9823,shen3,shěn,,
18981,頤,U+9824,yi2,yí,(literary) chin; jaw,伙頤|周敦頤|夥頤
18982,頥,U+9825,yi2,yí,,
18983,頦,U+9826,hai2|ke1|ke2,hái|kē|ké,chin,下巴頦|下頦|棕頦噪鶥
18984,頧,U+9827,dui3|dui1,duǐ|duī,,
18985,頨,U+9828,yu3|bian4,yǔ|biàn,,
18986,頩,U+9829,ping1|ping3,pīng|pǐng,,
18987,頪,U+982A,lei4,lèi,,
18988,頫,U+982B,fu3|tao1|tiao4,fǔ|tāo|tiào,variant of 俯[fu3],
18989,頬,U+982C,jia2,jiá,variant of 頰|颊[jia2],
18990,頭,U+982D,tou2|tou,tóu|tou,head,NG鏡頭|一個頭兩個大|一年到頭
18991,頮,U+982E,hui4,huì,,
18992,頯,U+982F,kui2,kuí,cheekbone,
18993,頰,U+9830,jia2,jiá,cheeks,兩頰生津|批頰|栗頰噪鶥
18994,頱,U+9831,luo1,luō,,
18995,頲,U+9832,ting3,tǐng,narrow forehead,
18996,頳,U+9833,cheng1,chēng,old variant of 赬|赪[cheng1],
18997,頴,U+9834,ying3|jing3,yǐng|jǐng,old variant of 穎|颖[ying3],
18998,頵,U+9835,yun1,yūn,,
18999,頶,U+9836,hu2,hú,,
19000,頷,U+9837,han4,hàn,chin,上頷|下頷|下頷骨
19001,頸,U+9838,jing3|geng3,jǐng|gěng,used in 脖頸|脖颈[bo2 geng3],吊頸|子宮頸|子宮頸抹片
19002,頹,U+9839,tui2,tuí,to crumble,傾頹|山頹木壞|斷壁頹垣
19003,頺,U+983A,tui2,tuí,,
19004,頻,U+983B,pin2|bin1,pín|bīn,frequency,倍頻器|分頻|基頻
19005,頼,U+983C,lai4,lài,variant of 賴|赖[lai4],
19006,頽,U+983D,tui2,tuí,variant of 頹|颓[tui2],
19007,頾,U+983E,zi1,zī,,
19008,頿,U+983F,zi1,zī,,
19009,顀,U+9840,chui2,chuí,,
19010,顁,U+9841,ding4|ding3,dìng|dǐng,,
19011,顂,U+9842,lai4|lai2,lài|lái,,
19012,顃,U+9843,tan2|shan3,tán|shǎn,,
19013,顄,U+9844,han4,hàn,,
19014,顅,U+9845,qian1,qiān,,
19015,顆,U+9846,ke1|ke3|kuan3,kē|kě|kuǎn,"classifier for small spheres, pearls, corn grains, teeth, hearts, satellites etc",一顆老鼠屎壞了一鍋湯|一顆老鼠屎壞了一鍋粥|分泌顆粒
19016,顇,U+9847,cui4|zu2,cuì|zú,variant of 悴[cui4],
19017,顈,U+9848,xuan3|jiong1|jiong3|xian4,xuǎn|jiōng|jiǒng|xiàn,,
19018,顉,U+9849,qin1,qīn,,
19019,顊,U+984A,yi2,yí,,
19020,顋,U+984B,sai1,sāi,variant of 腮[sai1],
19021,題,U+984C,ti2|di4,tí|dì,surname Ti,三農問題|三體問題|不題
19022,額,U+984D,e2,é,forehead,交易額|份額|信用額
19023,顎,U+984E,e4,è,jaw,上顎正門齒|下顎|唇顎裂
19024,顏,U+984F,yan2,yán,surname Yan,五顏六色|伯顏|厚顏
19025,顐,U+9850,wen4|hun2|hun4,wèn|hún|hùn,,
19026,顑,U+9851,kan3|yan4,kǎn|yàn,yellow,
19027,顒,U+9852,yong2|yu2,yóng|yú,grand,
19028,顓,U+9853,zhuan1,zhuān,surname Zhuan,顓頊
19029,顔,U+9854,yan2|ya2,yán|yá,Japanese variant of 顏|颜[yan2],
19030,顕,U+9855,xian3,xiǎn,Japanese variant of 顯|显,
19031,顖,U+9856,xin4,xìn,,
19032,顗,U+9857,yi3,yǐ,pleasing,智顗
19033,願,U+9858,yuan4|yuan3,yuàn|yuǎn,(bound form) wish; hope; desire,一廂情願|一相情願|不情願
19034,顙,U+9859,sang3,sǎng,(literary) forehead,稽顙
19035,顚,U+985A,dian1|tian2|tian4,diān|tián|tiàn,variant of 顛|颠[dian1],
19036,顛,U+985B,dian1,diān,top (of the head),不列顛|不列顛保衛戰|不列顛哥倫比亞
19037,顜,U+985C,jiang3,jiǎng,honest,
19038,顝,U+985D,kui1|kua3,kuī|kuǎ,,
19039,類,U+985E,lei4,lèi,kind; type; class; category,一類|一類保護動物|不倫不類
19040,顟,U+985F,lao2,láo,,
19041,顠,U+9860,piao3,piǎo,,
19042,顡,U+9861,wai4|zhuai4,wài|zhuài,,
19043,顢,U+9862,man2|man1,mán|mān,dawdling,
19044,顣,U+9863,cu4,cù,frown,
19045,顤,U+9864,yao2|qiao4,yáo|qiào,,
19046,顥,U+9865,hao4,hào,(literary) white and shining,崔顥|程顥
19047,顦,U+9866,qiao2,qiáo,variant of 憔[qiao2],
19048,顧,U+9867,gu4,gù,surname Gu,三顧茅廬|不屑一顧|不管不顧
19049,顨,U+9868,xun4,xùn,,
19050,顩,U+9869,yan3|qin4|han4|qian3,yǎn|qìn|hàn|qiǎn,,
19051,顪,U+986A,hui4,huì,,
19052,顫,U+986B,chan4|zhan4|shan1,chàn|zhàn|shān,to tremble,冷顫|去顫|室顫
19053,顬,U+986C,ru2,rú,"see 顳顬|颞颥, temple (the sides of human head)",顳顬
19054,顭,U+986D,meng2,méng,,
19055,顮,U+986E,bin1,bīn,,
19056,顯,U+986F,xian3|xian4,xiǎn|xiàn,to make visible,不顯山不露水|主顯節|來電顯示
19057,顰,U+9870,pin2,pín,to scowl,一顰一笑|東施效顰|顰眉
19058,顱,U+9871,lu2,lú,forehead,頭顱|顱底|顱測量
19059,顲,U+9872,lan3|lin3,lǎn|lǐn,,
19060,顳,U+9873,nie4,niè,bones of the temple (on the human head),顳葉|顳顬|顳骨
19061,顴,U+9874,quan2,quán,cheek bones,隱顴|顴弓|顴骨
19062,页,U+9875,ye4,yè,head,上一页|上页|下一页
19063,顶,U+9876,ding3,dǐng,apex,三个臭皮匠，顶个诸葛亮|中气层顶|丹顶鹤
19064,顷,U+9877,qing3,qǐng,variant of 傾|倾[qing1],一弹指顷|俄顷|公顷
19065,顸,U+9878,han1,hān,dawdling,
19066,项,U+9879,xiang4,xiàng,surname Xiang,七项全能|三大纪律八项注意|三项
19067,顺,U+987A,shun4,shùn,to obey,一帆风顺|一路顺风|不顺
19068,须,U+987B,xu1,xū,must,不让须眉|何须|全须全尾儿
19069,顼,U+987C,xu1,xū,surname Xu,顼顼|颛顼
19070,顽,U+987D,wan2,wán,mischievous,凶顽|冥顽|冥顽不灵
19071,顾,U+987E,gu4,gù,surname Gu,三顾茅庐|不屑一顾|不管不顾
19072,顿,U+987F,dun4|du2,dùn|dú,to stop,亨丁顿舞蹈症|亨廷顿舞蹈症|代顿
19073,颀,U+9880,qi2,qí,tall,
19074,颁,U+9881,ban1,bān,to promulgate,颁布|颁授|颁奖
19075,颂,U+9882,song4,sòng,ode,传颂|可颂|巴颂管
19076,颃,U+9883,hang2,háng,fly down,
19077,预,U+9884,yu4,yù,to advance,出乎预料|勿谓言之不预|参预
19078,颅,U+9885,lu2,lú,forehead,头颅|颅底|颅测量
19079,领,U+9886,ling3,lǐng,neck,上级领导|不得要领|低领口
19080,颇,U+9887,po3|po1,pǒ|pō,surname Po,偏颇|廉颇|德宏傣族景颇族自治州
19081,颈,U+9888,jing3|geng3,jǐng|gěng,used in 脖頸|脖颈[bo2 geng3],吊颈|子宫颈|子宫颈抹片
19082,颉,U+9889,jie2|xie2,jié|xié,surname Xie,仓颉
19083,颊,U+988A,jia2,jiá,cheeks,两颊生津|批颊|栗颊噪鹛
19084,颋,U+988B,ting3,tǐng,narrow forehead,
19085,颌,U+988C,he2|ge2,hé|gé,(bound form) jaw,上颌|上颌骨|下颌
19086,颍,U+988D,ying3,yǐng,surname Ying,颍上|颍上县|颍州
19087,颎,U+988E,jiong3,jiǒng,blaze,
19088,颏,U+988F,ke1|ke2,kē|ké,chin,下巴颏|下颏|棕颏噪鹛
19089,颐,U+9890,yi2,yí,(literary) chin; jaw,伙颐|周敦颐|夥颐
19090,频,U+9891,pin2,pín,frequency,倍频器|分频|基频
19091,颒,U+9892,hui4,huì,,
19092,颓,U+9893,tui2,tuí,variant of 頹|颓[tui2],倾颓|山颓木坏|断壁颓垣
19093,颔,U+9894,han4,hàn,chin,上颔|下颔|下颔骨
19094,颕,U+9895,ying3,yǐng,old variant of 穎|颖[ying3],
19095,颖,U+9896,ying3,yǐng,head of grain,孔颖达|新颖|王颖
19096,颗,U+9897,ke1,kē,"classifier for small spheres, pearls, corn grains, teeth, hearts, satellites etc",一颗老鼠屎坏了一锅汤|一颗老鼠屎坏了一锅粥|分泌颗粒
19097,题,U+9898,ti2,tí,surname Ti,三农问题|三体问题|不题
19098,颙,U+9899,yong2,yóng,grand,
19099,颚,U+989A,e4,è,jaw,上颚正门齿|下颚|唇颚裂
19100,颛,U+989B,zhuan1,zhuān,surname Zhuan,颛顼
19101,颜,U+989C,yan2,yán,surname Yan,五颜六色|伯颜|厚颜
19102,额,U+989D,e2,é,variant of 額|额[e2],交易额|份额|信用额
19103,颞,U+989E,nie4,niè,bones of the temple (on the human head),颞叶|颞颥|颞骨
19104,颟,U+989F,man1,mān,dawdling,
19105,颠,U+98A0,dian1,diān,top (of the head),不列颠|不列颠保卫战|不列颠哥伦比亚
19106,颡,U+98A1,sang3,sǎng,(literary) forehead,稽颡
19107,颢,U+98A2,hao4,hào,(literary) white and shining,崔颢|程颢
19108,颣,U+98A3,lei4,lèi,flaw,
19109,颤,U+98A4,chan4|zhan4,chàn|zhàn,to tremble,冷颤|去颤|室颤
19110,颥,U+98A5,ru2,rú,"see 顳顬|颞颥, temple (the sides of human head)",颞颥
19111,颦,U+98A6,pin2,pín,to scowl,一颦一笑|东施效颦|颦眉
19112,颧,U+98A7,quan2,quán,cheek bones,隐颧|颧弓|颧骨
19113,風,U+98A8,feng1|feng4|feng3,fēng|fèng|fěng,wind,一帆風順|一路順風|一路風塵
19114,颩,U+98A9,biao1|diu1,biāo|diū,,
19115,颪,U+98AA,gua1,guā,,
19116,颫,U+98AB,fu2,fú,,
19117,颬,U+98AC,xia1,xiā,,
19118,颭,U+98AD,zhan3,zhǎn,to sway in the wind,颭颭
19119,颮,U+98AE,biao1|pao2,biāo|páo,whirlwind,
19120,颯,U+98AF,sa4|li4,sà|lì,sound of wind,秋風颯颯|英姿颯爽|颯然
19121,颰,U+98B0,ba2|fu2,bá|fú,,
19122,颱,U+98B1,tai2,tái,typhoon,颱風
19123,颲,U+98B2,lie4,liè,,
19124,颳,U+98B3,gua1|ji3,guā|jǐ,to blow (of the wind),颳風
19125,颴,U+98B4,xuan4,xuàn,,
19126,颵,U+98B5,shao1|xiao1,shāo|xiāo,,
19127,颶,U+98B6,ju4,jù,used in 颶風|飓风[ju4 feng1],颶風
19128,颷,U+98B7,biao1,biāo,,
19129,颸,U+98B8,si1,sī,cool breeze of autumn,
19130,颹,U+98B9,wei3,wěi,,
19131,颺,U+98BA,yang2,yáng,to soar,
19132,颻,U+98BB,yao2|yao4,yáo|yào,floating in the air,飄颻
19133,颼,U+98BC,sou1,sōu,to blow (as of wind),冷颼颼|颼颼
19134,颽,U+98BD,kai3,kǎi,balmy,
19135,颾,U+98BE,sou1|sao1,sōu|sāo,blowing of the wind,
19136,颿,U+98BF,fan1,fān,to gallop,
19137,飀,U+98C0,liu2,liú,soughing of wind,
19138,飁,U+98C1,xi2,xí,,
19139,飂,U+98C2,liu4|liao2,liù|liáo,wind in high places,
19140,飃,U+98C3,piao1|piao4,piāo|piào,variant of 飄|飘[piao1],
19141,飄,U+98C4,piao1,piāo,to float (in the air); to flutter; to waft,四海飄零|椰林飄香|琴劍飄零
19142,飅,U+98C5,liu2,liú,,
19143,飆,U+98C6,biao1,biāo,(literary) very strong wind; gale,狂飆|發飆|飆升
19144,飇,U+98C7,biao1,biāo,,
19145,飈,U+98C8,biao1,biāo,variant of 飆|飙[biao1],
19146,飉,U+98C9,liao2,liáo,,
19147,飊,U+98CA,biao1,biāo,,
19148,飋,U+98CB,se4,sè,,
19149,飌,U+98CC,feng1,fēng,old variant of 風|风[feng1],
19150,飍,U+98CD,xiu1,xiū,,
19151,风,U+98CE,feng1,fēng,wind,一帆风顺|一路顺风|一路风尘
19152,飏,U+98CF,yang2,yáng,to soar,
19153,飐,U+98D0,zhan3,zhǎn,to sway in the wind,飐飐
19154,飑,U+98D1,biao1,biāo,whirlwind,
19155,飒,U+98D2,sa4,sà,variant of 颯|飒[sa4],秋风飒飒|英姿飒爽|飒然
19156,飓,U+98D3,ju4,jù,used in 颶風|飓风[ju4 feng1],飓风
19157,飔,U+98D4,si1,sī,cool breeze of autumn,
19158,飕,U+98D5,sou1,sōu,to blow (as of wind),冷飕飕|飕飕
19159,飖,U+98D6,yao2,yáo,floating in the air,飘飖
19160,飗,U+98D7,liu2,liú,soughing of wind,
19161,飘,U+98D8,piao1,piāo,variant of 飄|飘[piao1],四海飘零|椰林飘香|琴剑飘零
19162,飙,U+98D9,biao1,biāo,(literary) very strong wind; gale,狂飙|发飙|飙升
19163,飚,U+98DA,biao1,biāo,variant of 飆|飙[biao1],
19164,飛,U+98DB,fei1,fēi,to fly,下飛機|不明飛行物|不翼而飛
19165,飜,U+98DC,fan1,fān,variant of 翻[fan1],
19166,飝,U+98DD,fei1,fēi,,
19167,飞,U+98DE,fei1,fēi,to fly,下飞机|不明飞行物|不翼而飞
19168,食,U+98DF,shi2|si4|yi4,shí|sì|yì,to eat,三旬九食|不食人間煙火|不食人间烟火
19169,飠,U+98E0,shi2,shí,"""to eat"" or ""food"" radical in Chinese characters (Kangxi radical 184)",
19170,飡,U+98E1,can1,cān,variant of 餐[can1],
19171,飢,U+98E2,ji1,jī,(bound form) hungry,充飢|充飢止渴|如飢似渴
19172,飣,U+98E3,ding4,dìng,display food for show only,
19173,飤,U+98E4,si4,sì,old variant of 飼|饲[si4],
19174,飥,U+98E5,tuo1,tuō,used in 餺飥|馎饦[bo2 tuo1],餺飥
19175,飦,U+98E6,zhan1|gan1,zhān|gān,,
19176,飧,U+98E7,sun1,sūn,(literary) supper,朝饔夕飧|盤飧|盘飧
19177,飨,U+98E8,xiang3,xiǎng,(literary) to offer food and drinks,以飨读者|宴飨|尚飨
19178,飩,U+98E9,tun2|zhun4,tún|zhùn,used in 餛飩|馄饨[hun2 tun5],餛飩
19179,飪,U+98EA,ren4,rèn,cooked food,烹飪|烹飪法
19180,飫,U+98EB,yu4,yù,full (as of eating),飫甘饜肥
19181,飬,U+98EC,juan4|yong3,juàn|yǒng,old variant of 餋[juan4],
19182,飭,U+98ED,chi4|shi4,chì|shì,(bound form) to put in order,嚴飭|捯飭|整飭
19183,飮,U+98EE,yin3,yǐn,variant of 飲|饮[yin3],
19184,飯,U+98EF,fan4,fàn,cooked rice,三茶六飯|下飯|丟飯碗
19185,飰,U+98F0,fan4,fàn,old variant of 飯|饭[fan4],
19186,飱,U+98F1,sun1|can1,sūn|cān,variant of 飧[sun1],
19187,飲,U+98F2,yin3|yin4,yǐn|yìn,to drink,一飲而盡|冰飲|冷飲
19188,飳,U+98F3,tou3|zhu4,tǒu|zhù,,
19189,飴,U+98F4,yi2|si4,yí|sì,maltose syrup,含飴弄孫|甘之如飴|糖飴
19190,飵,U+98F5,zuo4|ze2,zuò|zé,,
19191,飶,U+98F6,bi4,bì,fragrance of food,
19192,飷,U+98F7,jie3,jiě,,
19193,飸,U+98F8,tao1,tāo,,
19194,飹,U+98F9,bao3,bǎo,,
19195,飺,U+98FA,ci2,cí,,
19196,飻,U+98FB,tie4,tiè,,
19197,飼,U+98FC,si4,sì,to raise,動物性飼料|穀飼|草飼
19198,飽,U+98FD,bao3,bǎo,to eat till full,一飽眼福|不飽和|不飽和脂肪酸
19199,飾,U+98FE,shi4|chi4,shì|chì,decoration,不加修飾|不加掩飾|亮飾
19200,飿,U+98FF,duo4,duò,used in 餶飿|馉饳[gu3 duo4],餶飿|鵪鶉餶飿兒
19201,餀,U+9900,hai4,hài,tainted food,
19202,餁,U+9901,ren4,rèn,variant of 飪|饪[ren4],
19203,餂,U+9902,tian3|tian2,tiǎn|tián,to obtain by deception,
19204,餃,U+9903,jiao3|jiao4,jiǎo|jiào,dumplings with meat filling,包餃子|水晶餃|水餃
19205,餄,U+9904,jia2|he2,jiá|hé,used in 餄餎|饸饹[he2 le5],餄餎
19206,餅,U+9905,bing3,bǐng,round flat cake,乳酪餅|冰皮月餅|口袋餅
19207,餆,U+9906,yao2,yáo,,
19208,餇,U+9907,tong2,tóng,food,
19209,餈,U+9908,ci2,cí,variant of 糍[ci2],
19210,餉,U+9909,xiang3,xiǎng,soldier's pay,兵餉|吃空餉|糧餉
19211,養,U+990A,yang3|yang4,yǎng|yàng,to raise (animals),以債養債|以藥養醫|休養
19212,餋,U+990B,juan4,juàn,to offer sacrifices,
19213,餌,U+990C,er3,ěr,pastry,散餌|祿餌|誘餌
19214,餍,U+990D,yan4,yàn,to eat to the full,贪得无餍|饫甘餍肥
19215,餎,U+990E,le,le,used in 餎餷|饹馇[ge1 zha5],餄餎|餎餷
19216,餏,U+990F,xi1,xī,,
19217,餐,U+9910,can1|sun1,cān|sūn,meal,一日三餐|中國餐館症候群|中国餐馆症候群
19218,餑,U+9911,bo1,bō,cake,餑餑|香餑餑
19219,餒,U+9912,nei3,něi,(bound form) hungry; starving,勝不驕，敗不餒|氣餒|自餒
19220,餓,U+9913,e4,è,hungry,受凍挨餓|忍飢挨餓|挨凍受餓
19221,餔,U+9914,bu4|bu1,bù|bū,to eat,餔子
19222,餕,U+9915,jun4,jùn,(literary) leftovers (of a meal),
19223,餖,U+9916,dou4,dòu,to set out food,
19224,餗,U+9917,su4,sù,pot of cooked rice,
19225,餘,U+9918,yu2|ye2,yú|yé,extra,一覽無餘|七政四餘|不遺餘力
19226,餙,U+9919,shi4|xi1,shì|xī,,
19227,餚,U+991A,yao2,yáo,variant of 肴[yao2],佳餚|菜餚
19228,餛,U+991B,hun2|kun1,hún|kūn,used in 餛飩|馄饨[hun2 tun5],餛燉|餛飩
19229,餜,U+991C,guo3,guǒ,cake,餜子
19230,餝,U+991D,shi4,shì,,
19231,餞,U+991E,jian4,jiàn,farewell dinner,蜜餞|餞別|餞行
19232,餟,U+991F,zhui4,zhuì,circle shrines and make sacrifices,
19233,餠,U+9920,bing3,bǐng,variant of 餅|饼[bing3],
19234,餡,U+9921,xian4|kan4,xiàn|kàn,"filling; stuffing (for dumplings, pies etc)",內餡|天上不會掉餡餅|天上掉餡餅
19235,餢,U+9922,bu4,bù,,
19236,餣,U+9923,ye4,yè,,
19237,餤,U+9924,tan2|dan4,tán|dàn,to advance,
19238,餥,U+9925,fei1,fēi,,
19239,餦,U+9926,zhang1,zhāng,,
19240,餧,U+9927,wei4|nei3,wèi|něi,variant of 餵|喂[wei4],
19241,館,U+9928,guan3,guǎn,building,上館子|下館子|中國國家博物館
19242,餩,U+9929,e4,è,hiccup,
19243,餪,U+992A,nuan3|nuan4,nuǎn|nuàn,send a present of a feast,
19244,餫,U+992B,yun4|hun2,yùn|hún,variant of 餛|馄[hun2],
19245,餬,U+992C,hu2,hú,congee,餬口
19246,餭,U+992D,huang2,huáng,,
19247,餮,U+992E,tie4,tiè,(literary) greedy; gluttonous,饕餮|饕餮之徒|饕餮大餐
19248,餯,U+992F,hui4,huì,(of food) rotten and smelly,
19249,餰,U+9930,jian1|zhan1,jiān|zhān,,
19250,餱,U+9931,hou2,hóu,dry provisions,
19251,餲,U+9932,ai4|he2,ài|hé,(literary) (of food) spoiled; sour; gone off,
19252,餳,U+9933,tang2|xing2,táng|xíng,maltose syrup,餳麵
19253,餴,U+9934,fen1,fēn,,
19254,餵,U+9935,wei4,wèi,to feed,投餵|母乳餵養|餵哺
19255,餶,U+9936,gu3,gǔ,used in 餶飿|馉饳[gu3 duo4],餶飿|鵪鶉餶飿兒
19256,餷,U+9937,cha1,chā,to cook and stir (animal feed),餎餷
19257,餸,U+9938,song4,sòng,"dish of food, usu. to be eaten with rice (Cantonese)",
19258,餹,U+9939,tang2,táng,old variant of 糖[tang2],
19259,餺,U+993A,bo2,bó,used in 餺飥|馎饦[bo2 tuo1],餺飥
19260,餻,U+993B,gao1,gāo,variant of 糕[gao1],
19261,餼,U+993C,xi4,xì,grain ration,饔餼
19262,餽,U+993D,kui4,kuì,(literary) to make an offering to the gods,
19263,餾,U+993E,liu4|liu2,liù|liú,to distill,乾餾|分餾|直餾
19264,餿,U+993F,sou1,sōu,rancid,餿主意|餿臭
19265,饀,U+9940,tao2|tao1|xian4,táo|tāo|xiàn,,
19266,饁,U+9941,ye4,yè,to carry food to laborers in the field,
19267,饂,U+9942,wen1,wēn,,
19268,饃,U+9943,mo2,mó,small loaf of steamed bread,吃別人嚼過的饃不香|泡饃|肉夾饃
19269,饄,U+9944,tang2,táng,old variant of 糖[tang2],
19270,饅,U+9945,man2,mán,used in 饅頭|馒头[man2 tou5],不蒸饅頭爭口氣|吃人血饅頭|饅頭
19271,饆,U+9946,bi4,bì,,
19272,饇,U+9947,yu4,yù,variant of 飫|饫[yu4],
19273,饈,U+9948,xiu1,xiū,delicacies,珍饈|珍饈美味|珍饈美饌
19274,饉,U+9949,jin3,jǐn,time of famine or crop failure,饑饉薦臻
19275,饊,U+994A,san3,sǎn,used in 饊子|馓子[san3 zi5],饊子
19276,饋,U+994B,kui4|tui2,kuì|tuí,(bound form) to present (a gift),反饋|回饋|正反饋
19277,饌,U+994C,zhuan4|xuan3,zhuàn|xuǎn,food,珍饈美饌|盛饌|美饌
19278,饍,U+994D,shan4,shàn,variant of 膳[shan4],
19279,饎,U+994E,chi4,chì,food,
19280,饏,U+994F,dan4,dàn,,
19281,饐,U+9950,yi4|ye1|en4,yì|yē|èn,rancid,
19282,饑,U+9951,ji1|qi2,jī|qí,variant of 飢|饥[ji1],啼饑號寒|積穀防饑|饑荒
19283,饒,U+9952,rao2,ráo,surname Rao,上饒|上饒市|不依不饒
19284,饓,U+9953,cheng1,chēng,,
19285,饔,U+9954,yong1,yōng,(literary) cooked food,朝饔夕飧|饔飧|饔餼
19286,饕,U+9955,tao1,tāo,(literary) greedy; gluttonous,老饕|饕客|饕餮
19287,饖,U+9956,wei4,wèi,,
19288,饗,U+9957,xiang3,xiǎng,(literary) to offer food and drinks,以饗讀者|宴饗|尚饗
19289,饘,U+9958,zhan1,zhān,thick congee,
19290,饙,U+9959,fen1,fēn,to steam rice,
19291,饚,U+995A,hai4,hài,,
19292,饛,U+995B,meng2,méng,,
19293,饜,U+995C,yan4,yàn,to eat to the full,貪得無饜|飫甘饜肥
19294,饝,U+995D,mo2,mó,variant of 饃|馍[mo2],
19295,饞,U+995E,chan2,chán,gluttonous,嘴饞|眼饞|眼饞肚飽
19296,饟,U+995F,xiang3,xiǎng,variant of 餉|饷[xiang3],
19297,饠,U+9960,luo2,luó,,
19298,饡,U+9961,zan4,zàn,,
19299,饢,U+9962,nang2|nang3,náng|nǎng,naan,打饢|饢嗓|饢坑
19300,饣,U+9963,shi2,shí,"""to eat"" or ""food"" radical in Chinese characters (Kangxi radical 184)",
19301,饤,U+9964,ding4,dìng,display food for show only,
19302,饥,U+9965,ji1,jī,(bound form) hungry,充饥|充饥止渴|啼饥号寒
19303,饦,U+9966,tuo1,tuō,used in 餺飥|馎饦[bo2 tuo1],馎饦
19304,饧,U+9967,tang2|xing2,táng|xíng,maltose syrup,饧面
19305,饨,U+9968,tun2,tún,used in 餛飩|馄饨[hun2 tun5],馄饨
19306,饩,U+9969,xi4,xì,grain ration,饔饩
19307,饪,U+996A,ren4,rèn,cooked food,烹饪|烹饪法
19308,饫,U+996B,yu4,yù,full (as of eating),饫甘餍肥
19309,饬,U+996C,chi4,chì,(bound form) to put in order,严饬|捯饬|整饬
19310,饭,U+996D,fan4,fàn,cooked rice,三茶六饭|下饭|丢饭碗
19311,饮,U+996E,yin3|yin4,yǐn|yìn,old variant of 飲|饮[yin3],一饮而尽|冰饮|冷饮
19312,饯,U+996F,jian4,jiàn,farewell dinner,蜜饯|饯别|饯行
19313,饰,U+9970,shi4,shì,decoration,不加修饰|不加掩饰|亮饰
19314,饱,U+9971,bao3,bǎo,to eat till full,一饱眼福|不饱和|不饱和脂肪酸
19315,饲,U+9972,si4,sì,old variant of 飼|饲[si4],动物性饲料|谷饲|草饲
19316,饳,U+9973,duo4,duò,used in 餶飿|馉饳[gu3 duo4],馉饳|鹌鹑馉饳儿
19317,饴,U+9974,yi2,yí,maltose syrup,含饴弄孙|甘之如饴|糖饴
19318,饵,U+9975,er3,ěr,pastry,散饵|禄饵|诱饵
19319,饶,U+9976,rao2,ráo,surname Rao,上饶|上饶市|不依不饶
19320,饷,U+9977,xiang3,xiǎng,soldier's pay,兵饷|吃空饷|粮饷
19321,饸,U+9978,he2,hé,used in 餄餎|饸饹[he2 le5],饸饹
19322,饹,U+9979,le|ge1,le|gē,used in 餎餷|饹馇[ge1 zha5],饸饹|饹馇
19323,饺,U+997A,jiao3,jiǎo,dumplings with meat filling,包饺子|水晶饺|水饺
19324,饻,U+997B,xi1,xī,,
19325,饼,U+997C,bing3,bǐng,round flat cake,乳酪饼|冰皮月饼|口袋饼
19326,饽,U+997D,bo1,bō,cake,饽饽|香饽饽
19327,饾,U+997E,dou4,dòu,to set out food,
19328,饿,U+997F,e4,è,hungry,受冻挨饿|忍饥挨饿|挨冻受饿
19329,馀,U+9980,yu2,yú,surname Yu,扶馀
19330,馁,U+9981,nei3,něi,(bound form) hungry; starving,胜不骄，败不馁|气馁|自馁
19331,馂,U+9982,jun4,jùn,(literary) leftovers (of a meal),
19332,馃,U+9983,guo3,guǒ,cake,馃子
19333,馄,U+9984,hun2,hún,used in 餛飩|馄饨[hun2 tun5],馄炖|馄饨
19334,馅,U+9985,xian4,xiàn,"filling; stuffing (for dumplings, pies etc)",内馅|天上不会掉馅饼|天上掉馅饼
19335,馆,U+9986,guan3,guǎn,variant of 館|馆[guan3],上馆子|下馆子|中国国家博物馆
19336,馇,U+9987,cha1|zha,chā|zha,to cook and stir (animal feed),饹馇
19337,馈,U+9988,kui4,kuì,(literary) to make an offering to the gods,反馈|回馈|正反馈
19338,馉,U+9989,gu3,gǔ,used in 餶飿|馉饳[gu3 duo4],馉饳|鹌鹑馉饳儿
19339,馊,U+998A,sou1,sōu,rancid,馊主意|馊臭
19340,馋,U+998B,chan2,chán,gluttonous,嘴馋|眼馋|眼馋肚饱
19341,馌,U+998C,ye4,yè,to carry food to laborers in the field,
19342,馍,U+998D,mo2,mó,small loaf of steamed bread,吃别人嚼过的馍不香|泡馍|肉夹馍
19343,馎,U+998E,bo2,bó,used in 餺飥|馎饦[bo2 tuo1],馎饦
19344,馏,U+998F,liu2|liu4,liú|liù,to distill,干馏|分馏|直馏
19345,馐,U+9990,xiu1,xiū,delicacies,珍馐|珍馐美味|珍馐美馔
19346,馑,U+9991,jin3,jǐn,time of famine or crop failure,饥馑荐臻
19347,馒,U+9992,man2,mán,used in 饅頭|馒头[man2 tou5],不蒸馒头争口气|吃人血馒头|馒头
19348,馓,U+9993,san3,sǎn,used in 饊子|馓子[san3 zi5],馓子
19349,馔,U+9994,zhuan4,zhuàn,old variant of 饌|馔[zhuan4],珍馐美馔|盛馔|美馔
19350,馕,U+9995,nang2|nang3,náng|nǎng,naan,打馕|馕嗓|馕坑
19351,首,U+9996,shou3,shǒu,head,上首|不首先使用|低首下心
19352,馗,U+9997,kui2|qiu2,kuí|qiú,cheekbone,鍾馗|钟馗
19353,馘,U+9998,guo2|xu4,guó|xù,(literary) to cut off the left ear of a slain enemy,馘首
19354,香,U+9999,xiang1,xiāng,fragrant,丁香|七里香|上香
19355,馚,U+999A,fen2,fén,,
19356,馛,U+999B,bo2,bó,,
19357,馜,U+999C,ni3,nǐ,,
19358,馝,U+999D,bi4,bì,fragrance,
19359,馞,U+999E,bo2|po4,bó|pò,,
19360,馟,U+999F,tu2,tú,,
19361,馠,U+99A0,han1,hān,,
19362,馡,U+99A1,fei1,fēi,fragrant,
19363,馢,U+99A2,jian1,jiān,,
19364,馣,U+99A3,an1,ān,fragrant odor,
19365,馤,U+99A4,ai4,ài,,
19366,馥,U+99A5,fu4|bi4,fù|bì,fragrance,香馥馥|馥郁|馥馥
19367,馦,U+99A6,xian1,xiān,,
19368,馧,U+99A7,yun1|wo4,yūn|wò,,
19369,馨,U+99A8,xin1,xīn,fragrant,康乃馨|德藝雙馨|德艺双馨
19370,馩,U+99A9,fen2,fén,,
19371,馪,U+99AA,pin1,pīn,,
19372,馫,U+99AB,xin1,xīn,,
19373,馬,U+99AC,ma3,mǎ,surname Ma,一字馬|一言既出，駟馬難追|一馬勺壞一鍋
19374,馭,U+99AD,yu4,yù,variant of 御[yu4],以一馭萬|統馭|長轡遠馭
19375,馮,U+99AE,feng2|ping2,féng|píng,surname Feng,暴虎馮河|馮內果|馮友蘭
19376,馯,U+99AF,han4|qian2|han2,hàn|qián|hán,old variant of 駻[han4],
19377,馰,U+99B0,di2,dí,,
19378,馱,U+99B1,tuo2|duo4|dai4,tuó|duò|dài,load carried by a pack animal,下馱|韋馱菩薩|馱子
19379,馲,U+99B2,zhe2|tuo1,zhé|tuō,camel,
19380,馳,U+99B3,chi2,chí,to run fast,交馳|卡洛馳|卡駱馳
19381,馴,U+99B4,xun2,xún,to attain gradually,桀驁不馴|溫馴|調馴
19382,馵,U+99B5,zhu4,zhù,(horse),
19383,馶,U+99B6,zhi1|shi4,zhī|shì,,
19384,馷,U+99B7,pei4,pèi,,
19385,馸,U+99B8,xin4|jin4,xìn|jìn,,
19386,馹,U+99B9,ri4,rì,horse for relaying dispatches,
19387,馺,U+99BA,sa4,sà,,
19388,馻,U+99BB,yun3,yǔn,,
19389,馼,U+99BC,wen2,wén,,
19390,馽,U+99BD,zhi2,zhí,,
19391,馾,U+99BE,dan4|dan3,dàn|dǎn,,
19392,馿,U+99BF,lv2,lǘ,variant of 驢|驴[lu:2],
19393,駀,U+99C0,you2,yóu,,
19394,駁,U+99C1,bo2,bó,variegated,不值一駁|反駁|回駁
19395,駂,U+99C2,bao3,bǎo,,
19396,駃,U+99C3,jue2|kuai4,jué|kuài,used in 駃騠|𫘝𫘨[jue2 ti2],駃騠
19397,駄,U+99C4,tuo2,tuó,Japanese variant of 馱|驮,
19398,駅,U+99C5,yi4,yì,Japanese variant of 驛|驿[yi4],
19399,駆,U+99C6,qu1,qū,Japanese variant of 驅|驱,
19400,駇,U+99C7,wen2,wén,,
19401,駈,U+99C8,qu1,qū,old variant of 驅|驱[qu1],
19402,駉,U+99C9,jiong1,jiōng,(literary) (of a horse) stout; sturdy,
19403,駊,U+99CA,po3,pǒ,,
19404,駋,U+99CB,zhao1,zhāo,(horse),
19405,駌,U+99CC,yuan1,yuān,,
19406,駍,U+99CD,pei2|peng1,péi|pēng,,
19407,駎,U+99CE,zhou4,zhòu,,
19408,駏,U+99CF,ju4,jù,,
19409,駐,U+99D0,zhu4,zhù,to halt,中央人民政府駐香港特別行政區聯絡辦公室|屯駐|常駐
19410,駑,U+99D1,nu2,nú,(literary) inferior horse,駑鈍|駑馬|駑馬戀棧
19411,駒,U+99D2,ju1|ju4,jū|jù,colt,白駒過隙|馬駒|馬駒子
19412,駓,U+99D3,pi1,pī,(horse),
19413,駔,U+99D4,zang3|zu4|zu3,zǎng|zù|zǔ,powerful horse,
19414,駕,U+99D5,jia4|jia1,jià|jiā,surname Jia,三駕馬車|並駕齊驅|代駕
19415,駖,U+99D6,ling2,líng,,
19416,駗,U+99D7,zhen3,zhěn,chatter mark,
19417,駘,U+99D8,tai2|dai4|zhai4|tai1,tái|dài|zhài|tāi,tired,
19418,駙,U+99D9,fu4,fù,prince consort,駙馬
19419,駚,U+99DA,yang3,yǎng,,
19420,駛,U+99DB,shi3,shǐ,"(of a vehicle, horse etc) to go fast; to speed",停駛|副駕駛|副駕駛員
19421,駜,U+99DC,bi4,bì,strong horse,
19422,駝,U+99DD,tuo2,tuó,hump or hunchbacked,單峰駝|壓死駱駝的最後一根稻草|大羊駝
19423,駞,U+99DE,tuo2,tuó,variant of 駝|驼[tuo2],騍駞
19424,駟,U+99DF,si4,sì,team of 4 horses,一言既出，駟馬難追|君子一言，駟馬難追
19425,駠,U+99E0,liu2,liú,old variant of 騮|骝[liu2],
19426,駡,U+99E1,ma4,mà,variant of 罵|骂[ma4],
19427,駢,U+99E2,pian2,pián,surname Pian,駢偶文風|駢儷|駢肩
19428,駣,U+99E3,tao2,táo,,
19429,駤,U+99E4,zhi4,zhì,,
19430,駥,U+99E5,rong2,róng,,
19431,駦,U+99E6,teng2,téng,,
19432,駧,U+99E7,dong4,dòng,,
19433,駨,U+99E8,xun1|xuan4,xūn|xuàn,,
19434,駩,U+99E9,quan1,quān,,
19435,駪,U+99EA,shen1,shēn,large crowd,
19436,駫,U+99EB,jiong1,jiōng,,
19437,駬,U+99EC,er3,ěr,(horse),
19438,駭,U+99ED,hai4,hài,to astonish,威駭|殺雞駭猴|防駭
19439,駮,U+99EE,bo2,bó,variant of 駁|驳[bo2],斑駮陸離
19440,駯,U+99EF,zhu1,zhū,black muzzle (of a horse),
19441,駰,U+99F0,yin1,yīn,iron-gray (horse),
19442,駱,U+99F1,luo4|jia4,luò|jià,surname Luo,卡駱馳|壓死駱駝的最後一根稻草|曬駱駝
19443,駲,U+99F2,zhou1,zhōu,,
19444,駳,U+99F3,dan4,dàn,,
19445,駴,U+99F4,hai4,hài,thunderous beating of drums,
19446,駵,U+99F5,liu2,liú,old variant of 騮|骝[liu2],
19447,駶,U+99F6,ju2,jú,,
19448,駷,U+99F7,song3,sǒng,,
19449,駸,U+99F8,qin1,qīn,fleet horse,
19450,駹,U+99F9,mang2,máng,black horse with a white face,
19451,駺,U+99FA,lang2|liang2,láng|liáng,,
19452,駻,U+99FB,han4,hàn,(of horse) fierce,
19453,駼,U+99FC,tu2,tú,used in 騊駼|𫘦𬳿[tao2 tu2],騊駼
19454,駽,U+99FD,xuan1,xuān,gray,
19455,駾,U+99FE,tui4,tuì,approach at swift gallop (on horses),
19456,駿,U+99FF,jun4,jùn,spirited horse,宮崎駿|駿馬
19457,騀,U+9A00,e3|e2,ě|é,,
19458,騁,U+9A01,cheng3,chěng,to hasten,縱橫馳騁|馳騁
19459,騂,U+9A02,xing1,xīng,horse (or cattle) of reddish color,
19460,騃,U+9A03,ai2|si4|tai3,ái|sì|tǎi,stupid,愚騃|痴騃
19461,騄,U+9A04,lu4,lù,(horse),
19462,騅,U+9A05,zhui1,zhuī,surname Zhui,
19463,騆,U+9A06,zhou1|dong4,zhōu|dòng,divine horse,
19464,騇,U+9A07,she4,shè,mare,
19465,騈,U+9A08,pian2,pián,,
19466,騉,U+9A09,kun1,kūn,fine horse,
19467,騊,U+9A0A,tao2,táo,used in 騊駼|𫘦𬳿[tao2 tu2],騊駼
19468,騋,U+9A0B,lai2,lái,mare,
19469,騌,U+9A0C,zong1,zōng,variant of 騣|鬃[zong1],
19470,騍,U+9A0D,ke4,kè,"(bound form) (of a horse, mule, camel etc) female",騍馬|騍駞|騍騾
19471,騎,U+9A0E,qi2|ji4,qí|jì,(Tw) saddle horse,一騎絕塵|勢成騎虎|坐騎
19472,騏,U+9A0F,qi2,qí,(literary) black horse,騏驎|騏麟
19473,騐,U+9A10,yan4,yàn,variant of 驗|验[yan4],
19474,騑,U+9A11,fei1,fēi,side horse (in a team of harnessed horses),
19475,騒,U+9A12,sao1,sāo,Japanese variant of 騷|骚,
19476,験,U+9A13,yan4,yàn,Japanese variant of 驗|验,
19477,騔,U+9A14,ge2,gé,,
19478,騕,U+9A15,yao3,yǎo,name of a fabulous horse,
19479,騖,U+9A16,wu4,wù,(bound form) to rush about,外騖|好高騖遠|心無旁騖
19480,騗,U+9A17,pian4,piàn,old variant of 騙|骗[pian4],
19481,騘,U+9A18,cong1,cōng,old variant of 驄|骢[cong1],
19482,騙,U+9A19,pian4,piàn,to cheat,上當受騙|受騙|哄騙
19483,騚,U+9A1A,qian2,qián,,
19484,騛,U+9A1B,fei1,fēi,,
19485,騜,U+9A1C,huang2,huáng,,
19486,騝,U+9A1D,qian2,qián,,
19487,騞,U+9A1E,huo1,huō,,
19488,騟,U+9A1F,yu2,yú,,
19489,騠,U+9A20,ti2,tí,used in 駃騠|𫘝𫘨[jue2 ti2],駃騠
19490,騡,U+9A21,quan2,quán,,
19491,騢,U+9A22,xia2,xiá,(horse),
19492,騣,U+9A23,zong1,zōng,variant of 鬃[zong1],
19493,騤,U+9A24,kui2|jue2,kuí|jué,(of a horse) powerful,
19494,騥,U+9A25,rou2,róu,,
19495,騦,U+9A26,si1,sī,,
19496,騧,U+9A27,gua1,guā,piebald horse,
19497,騨,U+9A28,tuo2,tuó,,
19498,騩,U+9A29,gui1|tui2,guī|tuí,,
19499,騪,U+9A2A,sou1,sōu,,
19500,騫,U+9A2B,qian1|jian3,qiān|jiǎn,(literary) to hold high,張騫
19501,騬,U+9A2C,cheng2,chéng,,
19502,騭,U+9A2D,zhi4,zhì,a stallion,評騭|陰騭
19503,騮,U+9A2E,liu2,liú,bay horse with black mane,馬騮
19504,騯,U+9A2F,peng2|bang3,péng|bǎng,,
19505,騰,U+9A30,teng2,téng,(bound form) to gallop; to prance,倒騰|克什克騰|克什克騰旗
19506,騱,U+9A31,xi2,xí,(literary) horse with white forelegs,
19507,騲,U+9A32,cao3,cǎo,,
19508,騳,U+9A33,du2,dú,,
19509,騴,U+9A34,yan4,yàn,,
19510,騵,U+9A35,yuan2,yuán,chestnut horse with white belly,
19511,騶,U+9A36,zou1|zhu1|zhou4|qu1,zōu|zhū|zhòu|qū,surname Zou,騶從|騶虞
19512,騷,U+9A37,sao1|sao3|xiao1,sāo|sǎo|xiāo,(bound form) to disturb; to disrupt,喧嘩與騷動|性騷擾|悶騷
19513,騸,U+9A38,shan4,shàn,to geld,
19514,騹,U+9A39,qi2,qí,,
19515,騺,U+9A3A,zhi4|chi4,zhì|chì,heavy horse,
19516,騻,U+9A3B,shuang1,shuāng,,
19517,騼,U+9A3C,lu4,lù,,
19518,騽,U+9A3D,xi2,xí,,
19519,騾,U+9A3E,luo2,luó,mule,是騾子是馬，拉出來遛遛|是騾子是馬，牽出來遛遛|馬騾
19520,騿,U+9A3F,zhang1,zhāng,,
19521,驀,U+9A40,mo4|ma4,mò|mà,leap on or over,驀地|驀地裡|驀然
19522,驁,U+9A41,ao4|yao4,ào|yào,a noble steed (literary),桀貪驁詐|桀驁不遜|桀驁不順
19523,驂,U+9A42,can1,cān,outside horses of a team of 4,
19524,驃,U+9A43,biao1|piao4,biāo|piào,white horse,
19525,驄,U+9A44,cong1,cōng,buckskin horse,
19526,驅,U+9A45,qu1,qū,to expel,並駕齊驅|先驅|先驅者
19527,驆,U+9A46,bi4,bì,used in transliterating Buddhist books,
19528,驇,U+9A47,zhi4,zhì,,
19529,驈,U+9A48,yu4,yù,black horse with white legs,
19530,驉,U+9A49,xu1,xū,,
19531,驊,U+9A4A,hua2,huá,chestnut horse,黃驊|黃驊市
19532,驋,U+9A4B,bo1,bō,,
19533,驌,U+9A4C,su4,sù,used in 驌驦|骕骦[su4 shuang1],驌驦
19534,驍,U+9A4D,xiao1,xiāo,good horse,驍勇善戰|驍將
19535,驎,U+9A4E,lin2,lín,(literary) horse with a dappled coat,騏驎
19536,驏,U+9A4F,zhan4,zhàn,(literary) to ride a horse without a saddle,驏騎
19537,驐,U+9A50,dun1,dūn,,
19538,驑,U+9A51,liu2,liú,,
19539,驒,U+9A52,tuo2,tuó,(horse),
19540,驓,U+9A53,ceng2,céng,,
19541,驔,U+9A54,dian4,diàn,black horse,
19542,驕,U+9A55,jiao1|xiao1|ju1|qiao2,jiāo|xiāo|jū|qiáo,proud,勝不驕，敗不餒|戒驕戒躁|虛心使人進步，驕傲使人落後
19543,驖,U+9A56,tie3,tiě,dark brown horse,
19544,驗,U+9A57,yan4,yàn,to examine,久經考驗|先驗|先驗概率
19545,驘,U+9A58,luo2,luó,variant of 騾|骡[luo2],
19546,驙,U+9A59,zhan1|zhan4,zhān|zhàn,(horse),
19547,驚,U+9A5A,jing1,jīng,to startle,一夕數驚|一驚一乍|一鳴驚人
19548,驛,U+9A5B,yi4,yì,post horse,電驛|驛傳|驛城
19549,驜,U+9A5C,ye4,yè,,
19550,驝,U+9A5D,tuo1,tuō,,
19551,驞,U+9A5E,pin1,pīn,,
19552,驟,U+9A5F,zhou4,zhòu,sudden,分步驟|心臟驟停|急驟
19553,驠,U+9A60,yan4,yàn,,
19554,驡,U+9A61,long2|zang3,lóng|zǎng,,
19555,驢,U+9A62,lv2,lǘ,donkey,人家牽驢你拔橛|別人牽驢你拔橛子|博士買驢
19556,驣,U+9A63,teng2,téng,,
19557,驤,U+9A64,xiang1,xiāng,(literary) to run friskily (of a horse),騰驤|龍驤虎步
19558,驥,U+9A65,ji4,jì,thoroughbred horse,按圖索驥|牛驥同槽|牛驥同皂
19559,驦,U+9A66,shuang1,shuāng,used in 驌驦|骕骦[su4 shuang1],驌驦
19560,驧,U+9A67,ju2,jú,,
19561,驨,U+9A68,xi2,xí,,
19562,驩,U+9A69,huan1,huān,a breed of horse,
19563,驪,U+9A6A,li2|chi2,lí|chí,black horse,句驪河|探驪得珠|牝牡驪黃
19564,驫,U+9A6B,biao1|piao1,biāo|piāo,a horde of horses,
19565,马,U+9A6C,ma3,mǎ,surname Ma,一字马|一言既出，驷马难追|一马勺坏一锅
19566,驭,U+9A6D,yu4,yù,variant of 御[yu4],以一驭万|统驭|长辔远驭
19567,驮,U+9A6E,tuo2|duo4,tuó|duò,variant of 馱|驮[tuo2],下驮|韦驮菩萨|驮子
19568,驯,U+9A6F,xun4|xun2,xùn|xún,to attain gradually,桀骜不驯|温驯|调驯
19569,驰,U+9A70,chi2,chí,to run fast,交驰|卡洛驰|卡骆驰
19570,驱,U+9A71,qu1,qū,variant of 驅|驱[qu1],并驾齐驱|先驱|先驱者
19571,驲,U+9A72,ri4,rì,horse for relaying dispatches,
19572,驳,U+9A73,bo2,bó,variegated,不值一驳|反驳|回驳
19573,驴,U+9A74,lv2,lǘ,variant of 驢|驴[lu:2],人家牵驴你拔橛|别人牵驴你拔橛子|博士买驴
19574,驵,U+9A75,zang3,zǎng,powerful horse,
19575,驶,U+9A76,shi3,shǐ,"(of a vehicle, horse etc) to go fast; to speed",停驶|副驾驶|副驾驶员
19576,驷,U+9A77,si4,sì,team of 4 horses,一言既出，驷马难追|君子一言，驷马难追
19577,驸,U+9A78,fu4,fù,prince consort,驸马
19578,驹,U+9A79,ju1,jū,colt,白驹过隙|马驹|马驹子
19579,驺,U+9A7A,zou1,zōu,surname Zou,驺从|驺虞
19580,驻,U+9A7B,zhu4,zhù,to halt,中央人民政府驻香港特别行政区联络办公室|屯驻|常驻
19581,驼,U+9A7C,tuo2,tuó,hump or hunchbacked,单峰驼|压死骆驼的最后一根稻草|大羊驼
19582,驽,U+9A7D,nu2,nú,(literary) inferior horse,驽钝|驽马|驽马恋栈
19583,驾,U+9A7E,jia4,jià,surname Jia,三驾马车|并驾齐驱|代驾
19584,驿,U+9A7F,yi4,yì,post horse,电驿|驿传|驿城
19585,骀,U+9A80,dai4|tai2,dài|tái,tired,
19586,骁,U+9A81,xiao1,xiāo,good horse,骁勇善战|骁将
19587,骂,U+9A82,ma4,mà,to scold,侮骂|叱骂|咒骂
19588,骃,U+9A83,yin1,yīn,iron-gray (horse),
19589,骄,U+9A84,jiao1,jiāo,proud,胜不骄，败不馁|戒骄戒躁|虚心使人进步，骄傲使人落后
19590,骅,U+9A85,hua2,huá,chestnut horse,黄骅|黄骅市
19591,骆,U+9A86,luo4,luò,surname Luo,卡骆驰|压死骆驼的最后一根稻草|晒骆驼
19592,骇,U+9A87,hai4,hài,to astonish,威骇|杀鸡骇猴|防骇
19593,骈,U+9A88,pian2,pián,surname Pian,骈偶文风|骈俪|骈肩
19594,骉,U+9A89,biao1,biāo,a horde of horses,
19595,骊,U+9A8A,li2,lí,black horse,句骊河|探骊得珠|牝牡骊黄
19596,骋,U+9A8B,cheng3,chěng,to hasten,纵横驰骋|驰骋
19597,验,U+9A8C,yan4,yàn,variant of 驗|验[yan4],久经考验|先验|先验概率
19598,骍,U+9A8D,xing1,xīng,horse (or cattle) of reddish color,
19599,骎,U+9A8E,qin1,qīn,fleet horse,
19600,骏,U+9A8F,jun4,jùn,spirited horse,宫崎骏|骏马
19601,骐,U+9A90,qi2,qí,(literary) black horse,骐𬴊|骐麟
19602,骑,U+9A91,qi2,qí,(Tw) saddle horse,一骑绝尘|势成骑虎|坐骑
19603,骒,U+9A92,ke4,kè,"(bound form) (of a horse, mule, camel etc) female",骒马|骒驼|骒骡
19604,骓,U+9A93,zhui1,zhuī,surname Zhui,
19605,骔,U+9A94,zong1,zōng,variant of 騣|鬃[zong1],
19606,骕,U+9A95,su4,sù,used in 驌驦|骕骦[su4 shuang1],骕骦
19607,骖,U+9A96,can1,cān,outside horses of a team of 4,
19608,骗,U+9A97,pian4,piàn,to cheat,上当受骗|受骗|哄骗
19609,骘,U+9A98,zhi4,zhì,a stallion,评骘|阴骘
19610,骙,U+9A99,kui2,kuí,(of a horse) powerful,
19611,骚,U+9A9A,sao1,sāo,(bound form) to disturb; to disrupt,喧哗与骚动|性骚扰|闷骚
19612,骛,U+9A9B,wu4,wù,(bound form) to rush about,外骛|好高骛远|心无旁骛
19613,骜,U+9A9C,ao4,ào,a noble steed (literary),桀贪骜诈|桀骜不逊|桀骜不顺
19614,骝,U+9A9D,liu2,liú,bay horse with black mane,马骝
19615,骞,U+9A9E,qian1,qiān,(literary) to hold high,张骞
19616,骟,U+9A9F,shan4,shàn,to geld,
19617,骠,U+9AA0,biao1|piao4,biāo|piào,white horse,
19618,骡,U+9AA1,luo2,luó,mule,是骡子是马，拉出来遛遛|是骡子是马，牵出来遛遛|马骡
19619,骢,U+9AA2,cong1,cōng,buckskin horse,
19620,骣,U+9AA3,chan3,chǎn,(literary) to ride a horse without a saddle,骣骑
19621,骤,U+9AA4,zhou4,zhòu,sudden,分步骤|心脏骤停|急骤
19622,骥,U+9AA5,ji4,jì,thoroughbred horse,按图索骥|牛骥同槽|牛骥同皂
19623,骦,U+9AA6,shuang1,shuāng,used in 驌驦|骕骦[su4 shuang1],骕骦
19624,骧,U+9AA7,xiang1,xiāng,(literary) to run friskily (of a horse),腾骧|龙骧虎步
19625,骨,U+9AA8,gu3|gu1|gu2,gǔ|gū|gú,used in 骨碌碌[gu1 lu4 lu4],一骨碌|丁骨牛排|上頜骨
19626,骩,U+9AA9,wei3,wěi,,
19627,骪,U+9AAA,wei3,wěi,,
19628,骫,U+9AAB,wei3|wan2,wěi|wán,be bent,
19629,骬,U+9AAC,yu2,yú,,
19630,骭,U+9AAD,gan4,gàn,shinbone,
19631,骮,U+9AAE,yi4,yì,,
19632,骯,U+9AAF,ang1|kang3,āng|kǎng,used in 骯髒|肮脏[ang1 zang1],骯髒
19633,骰,U+9AB0,tou2|gu3,tóu|gǔ,dice,大話骰|大话骰|擲骰子
19634,骱,U+9AB1,jie4|jia2|xie4,jiè|jiá|xiè,joint of bones,
19635,骲,U+9AB2,bao4,bào,,
19636,骳,U+9AB3,bei4,bèi,,
19637,骴,U+9AB4,ci1|zhai4,cī|zhài,a putrid carcass,
19638,骵,U+9AB5,ti3,tǐ,,
19639,骶,U+9AB6,di3,dǐ,(bound form) sacrum,骶骨
19640,骷,U+9AB7,ku1,kū,used in 骷髏|骷髅[ku1 lou2],骷髏|骷髅|骷髏頭
19641,骸,U+9AB8,hai2|gai1,hái|gāi,bones of the body,土木形骸|屍骸|尸骸
19642,骹,U+9AB9,qiao1|jiao1|xiao1,qiāo|jiāo|xiāo,shank (the leg from knee to ankle),
19643,骺,U+9ABA,hou2,hóu,(anatomy) epiphysis,骨骺|骺軟骨板|骺软骨板
19644,骻,U+9ABB,kua4,kuà,,
19645,骼,U+9ABC,ge2,gé,used in 骨骼[gu3 ge2],外骨骼|骨骼|骨骼肌
19646,骽,U+9ABD,tui3,tuǐ,hip bone,
19647,骾,U+9ABE,geng3,gěng,to choke on a piece of food,
19648,骿,U+9ABF,pian2,pián,,
19649,髀,U+9AC0,bi4,bì,buttocks,周髀算經|周髀算经|拊髀
19650,髁,U+9AC1,ke1|kua4,kē|kuà,condyles,
19651,髂,U+9AC2,qia4|ge2,qià|gé,ilium,髂窩|髂窝|髂骨
19652,髃,U+9AC3,yu2,yú,,
19653,髄,U+9AC4,sui3,suǐ,variant of 髓[sui3],
19654,髅,U+9AC5,lou2,lóu,used in 髑髏|髑髅[du2 lou2] and 骷髏|骷髅[ku1 lou2],骷髅|骷髅头|髑髅
19655,髆,U+9AC6,bo2|po4,bó|pò,shoulder blade,
19656,髇,U+9AC7,xiao1,xiāo,(onom.) sound of arrows,
19657,髈,U+9AC8,bang3|pang2|pang3,bǎng|páng|pǎng,old variant of 膀[bang3],
19658,髉,U+9AC9,bo2|jue2,bó|jué,,
19659,髊,U+9ACA,ci1|cuo1,cī|cuō,,
19660,髋,U+9ACB,kuan1,kuān,pelvis,髋关节|髋骨
19661,髌,U+9ACC,bin4,bìn,kneecapping,髌骨
19662,髍,U+9ACD,mo2,mó,paralysis of one side of the body,
19663,髎,U+9ACE,liao2,liáo,(literary) hip bone,
19664,髏,U+9ACF,lou2,lóu,used in 髑髏|髑髅[du2 lou2] and 骷髏|骷髅[ku1 lou2],骷髏|骷髏頭|髑髏
19665,髐,U+9AD0,xiao1,xiāo,(onom.) sound of arrows,
19666,髑,U+9AD1,du2,dú,used in 髑髏|髑髅[du2 lou2],髑髏|髑髅
19667,髒,U+9AD2,zang1|zang3,zāng|zǎng,dirty,小髒鬼|弄髒|滿口髒話
19668,髓,U+9AD3,sui3,suǐ,(bound form) bone marrow; (fig.) innermost part,多發性骨髓瘤|多发性骨髓瘤|延髓
19669,體,U+9AD4,ti3|ti1,tǐ|tī,used in 體己|体己[ti1 ji5],21三體綜合症|一體|一體兩面
19670,髕,U+9AD5,bin4,bìn,kneecapping,髕骨
19671,髖,U+9AD6,kuan1,kuān,pelvis,髖關節|髖骨
19672,髗,U+9AD7,lu2,lú,,
19673,高,U+9AD8,gao1|gao4,gāo|gào,surname Gao,一見高低|一见高低|一較高下
19674,髙,U+9AD9,gao1,gāo,variant of 高[gao1],
19675,髚,U+9ADA,qiao4,qiào,,
19676,髛,U+9ADB,kao1,kāo,,
19677,髜,U+9ADC,qiao3,qiǎo,,
19678,髝,U+9ADD,lao2,láo,used in 髝髞[lao2 sao4],髝髞
19679,髞,U+9ADE,sao4,sào,used in 髝髞[lao2 sao4],髝髞
19680,髟,U+9ADF,biao1|piao4|shan1,biāo|piào|shān,hair,
19681,髠,U+9AE0,kun1,kūn,variant of 髡[kun1],
19682,髡,U+9AE1,kun1,kūn,scalping,
19683,髢,U+9AE2,di2,dí,old variant of 鬄[di2],
19684,髣,U+9AE3,fang3,fǎng,seemingly,
19685,髤,U+9AE4,xiu1,xiū,,
19686,髥,U+9AE5,ran2,rán,old variant of 髯[ran2],
19687,髦,U+9AE6,mao2,máo,bang (hair),時髦|时髦|趕時髦
19688,髧,U+9AE7,dan4,dàn,long hair,
19689,髨,U+9AE8,kun1,kūn,old variant of 髡[kun1],
19690,髩,U+9AE9,bin4,bìn,old variant of 鬢|鬓[bin4],
19691,髪,U+9AEA,fa4|fa3,fà|fǎ,Japanese variant of 髮|发,
19692,髫,U+9AEB,tiao2,tiáo,(literary) hair hanging down in front (children's hairstyle),垂髫
19693,髬,U+9AEC,pi1,pī,,
19694,髭,U+9AED,zi1,zī,mustache,鬍髭|胡髭
19695,髮,U+9AEE,fa4|fa3,fà|fǎ,hair,令人髮指|假髮|剃髮令
19696,髯,U+9AEF,ran2,rán,old variant of 髯[ran2],髯口|髯鬚|髯须
19697,髰,U+9AF0,ti4,tì,,
19698,髱,U+9AF1,bao4,bào,,
19699,髲,U+9AF2,bi4,bì,a wig,
19700,髳,U+9AF3,mao2|rou2|meng2,máo|róu|méng,bang (hair),
19701,髴,U+9AF4,fu2|fei4,fú|fèi,(female) head ornament,
19702,髵,U+9AF5,er2,ér,,
19703,髶,U+9AF6,rong2|er4,róng|èr,,
19704,髷,U+9AF7,qu1,qū,,
19705,髸,U+9AF8,gong1,gōng,,
19706,髹,U+9AF9,xiu1,xiū,red lacquer,
19707,髺,U+9AFA,kuo4|yue4,kuò|yuè,hair rolled up in a bun,
19708,髻,U+9AFB,ji4|jie2,jì|jié,"hair rolled up in a bun, topknot",丫髻|螺髻|雙髻鯊
19709,髼,U+9AFC,peng2,péng,,
19710,髽,U+9AFD,zhua1,zhuā,dress the hair,
19711,髾,U+9AFE,shao1|shao3|shao4,shāo|shǎo|shào,tail of a comet,
19712,髿,U+9AFF,suo1,suō,,
19713,鬀,U+9B00,ti4,tì,variant of 剃[ti4],
19714,鬁,U+9B01,li4,lì,bald,
19715,鬂,U+9B02,bin4,bìn,,
19716,鬃,U+9B03,zong1,zōng,variant of 鬃[zong1],鬃毛
19717,鬄,U+9B04,di2|ti4,dí|tì,wig,
19718,鬅,U+9B05,peng2,péng,disheveled,
19719,鬆,U+9B06,song1|song4|song2,sōng|sòng|sóng,loose,嘴鬆|寬鬆|小鬆糕
19720,鬇,U+9B07,zheng1,zhēng,,
19721,鬈,U+9B08,quan2,quán,to curl,
19722,鬉,U+9B09,zong1,zōng,disheveled hair,
19723,鬊,U+9B0A,shun4,shùn,,
19724,鬋,U+9B0B,jian3,jiǎn,to hang down (hair),
19725,鬌,U+9B0C,tuo3|chui2|duo3,tuǒ|chuí|duǒ,,
19726,鬍,U+9B0D,hu2,hú,beard,八字鬍|八字鬍鬚|刮鬍刀
19727,鬎,U+9B0E,la4,là,bald,
19728,鬏,U+9B0F,jiu1,jiū,bun (of hair),
19729,鬐,U+9B10,qi2,qí,dorsal fins,
19730,鬑,U+9B11,lian2,lián,hanging temple hair,
19731,鬒,U+9B12,zhen3,zhěn,bushy black hair,鬒髮|鬒发
19732,鬓,U+9B13,bin4,bìn,temples,耳鬓厮磨|云鬓|鬓毛
19733,鬔,U+9B14,peng2,péng,,
19734,鬕,U+9B15,ma4,mà,,
19735,鬖,U+9B16,san1|san4,sān|sàn,wild hair,
19736,鬗,U+9B17,man2,mán,head ornaments,
19737,鬘,U+9B18,man2,mán,(of woman's hair) beautiful,
19738,鬙,U+9B19,seng1,sēng,short hair,
19739,鬚,U+9B1A,xu1,xū,beard,不讓鬚眉|全鬚全尾兒|八字鬍鬚
19740,鬛,U+9B1B,lie4,liè,,
19741,鬜,U+9B1C,qian1,qiān,,
19742,鬝,U+9B1D,qian1,qiān,,
19743,鬞,U+9B1E,nang2|nang4,náng|nàng,,
19744,鬟,U+9B1F,huan2,huán,a knot of hair on top of head,丫鬟|小鬟
19745,鬠,U+9B20,kuo4|kuai4,kuò|kuài,to make a top knot,
19746,鬡,U+9B21,ning2,níng,,
19747,鬢,U+9B22,bin4,bìn,temples,耳鬢廝磨|雲鬢|鬢毛
19748,鬣,U+9B23,lie4,liè,bristles,鬣毛|鬣狗|鬣蜥
19749,鬤,U+9B24,rang2|ning2,ráng|níng,,
19750,鬥,U+9B25,dou4,dòu,to fight,一對一鬥牛|三對三鬥牛|二虎相鬥，必有一傷
19751,鬦,U+9B26,dou4,dòu,variant of 鬭|斗[dou4],
19752,鬧,U+9B27,nao4,nào,noisy,一哭二鬧三上吊|五鬼鬧判|內行看門道，外行看熱鬧
19753,鬨,U+9B28,hong4|xiang4,hòng|xiàng,tumult,一鬨而散|內鬨|起鬨
19754,鬩,U+9B29,xi4|he4,xì|hè,to argue,兄弟鬩於墻，外禦其侮|兄弟鬩牆
19755,鬪,U+9B2A,dou4,dòu,variant of 鬥|斗[dou4],
19756,鬫,U+9B2B,han3,hǎn,variant of 闞|阚[kan4],
19757,鬬,U+9B2C,dou4,dòu,variant of 鬥|斗[dou4],
19758,鬭,U+9B2D,dou4,dòu,variant of 鬥|斗[dou4],賭鬭
19759,鬮,U+9B2E,jiu1,jiū,lots (to be drawn),抓鬮
19760,鬯,U+9B2F,chang4,chàng,a kind of sacrificial wine used in ancient times,
19761,鬰,U+9B30,yu4,yù,old variant of 鬱|郁[yu4],
19762,鬱,U+9B31,yu4,yù,surname Yu,憂鬱|憂鬱症|抑鬱
19763,鬲,U+9B32,ge2|li4|e4,gé|lì|è,surname Ge,
19764,鬳,U+9B33,yan4,yàn,,
19765,鬴,U+9B34,fu3|li4,fǔ|lì,variant of 釜[fu3],
19766,鬵,U+9B35,qin2|xin2,qín|xín,big iron pot,
19767,鬶,U+9B36,gui1,guī,,
19768,鬷,U+9B37,zong1|zeng3,zōng|zěng,kettle on legs,
19769,鬸,U+9B38,liu4,liù,,
19770,鬹,U+9B39,gui1|xie2,guī|xié,,
19771,鬺,U+9B3A,shang1,shāng,,
19772,鬻,U+9B3B,yu4|zhou1|ju1,yù|zhōu|jū,"to sell, esp. in strained circumstances",獯鬻|賣官鬻爵|卖官鬻爵
19773,鬼,U+9B3C,gui3,guǐ,disembodied spirit; ghost; devil,不做虧心事，不怕鬼敲門|不做亏心事，不怕鬼敲门|二鬼子
19774,鬽,U+9B3D,mei4,mèi,,
19775,鬾,U+9B3E,ji4|qi2,jì|qí,,
19776,鬿,U+9B3F,qi2,qí,,
19777,魀,U+9B40,ga4,gà,old variant of 尬[ga4],
19778,魁,U+9B41,kui2|kui3|kuai4,kuí|kuǐ|kuài,chief,奪魁|夺魁|易洛魁
19779,魂,U+9B42,hun2,hún,old variant of 魂[hun2],三魂|三魂七魄|丟魂
19780,魃,U+9B43,ba2,bá,drought demon,旱魃
19781,魄,U+9B44,po4|bo2|tuo4,pò|bó|tuò,(literary) soul; mortal soul (i.e. attached to the body),七魄|三魂七魄|丟魂落魄
19782,魅,U+9B45,mei4,mèi,demon,人格魅力|去魅|有魅力
19783,魆,U+9B46,xu1,xū,dim; dark,魆魆|黑魆魆
19784,魇,U+9B47,yan3,yǎn,to have a nightmare,梦魇|魇寐
19785,魈,U+9B48,xiao1,xiāo,used in 山魈[shan1 xiao1],山魈
19786,魉,U+9B49,liang3,liǎng,used in 魍魎|魍魉[wang3 liang3],魍魉|魍魉鬼怪|魑魅魍魉
19787,魊,U+9B4A,yu4,yù,variant of 蜮[yu4],
19788,魋,U+9B4B,tui2|chui2,tuí|chuí,Japanese brown bear,
19789,魌,U+9B4C,qi1,qī,mask of a god used in ceremonies to exorcise demons and drive away pestilence,
19790,魍,U+9B4D,wang3,wǎng,used in 魍魎|魍魉[wang3 liang3],魍魎|魍魉|魍魎鬼怪
19791,魎,U+9B4E,liang3,liǎng,used in 魍魎|魍魉[wang3 liang3],魍魎|魍魎鬼怪|魑魅魍魎
19792,魏,U+9B4F,wei4|wei2|wei1,wèi|wéi|wēi,surname Wei,北魏|圍魏救趙|围魏救赵
19793,魐,U+9B50,gan1,gān,,
19794,魑,U+9B51,chi1,chī,used in 魑魅[chi1 mei4],魑魅|魑魅魍魎|魑魅魍魉
19795,魒,U+9B52,piao1,piāo,,
19796,魓,U+9B53,bi4,bì,,
19797,魔,U+9B54,mo2,mó,(bound form) evil spirit; devil,中魔|伏地魔|夢魔
19798,魕,U+9B55,ji3,jǐ,,
19799,魖,U+9B56,xu1,xū,used in 黑魖魖[hei1 xu1 xu1],黑魖魖
19800,魗,U+9B57,chou3|chou2,chǒu|chóu,,
19801,魘,U+9B58,yan3,yǎn,to have a nightmare,夢魘|魘寐
19802,魙,U+9B59,zhan1,zhān,,
19803,魚,U+9B5A,yu2,yú,surname Yu,䰾魚|七帶石斑魚|三天打魚，兩天曬網
19804,魛,U+9B5B,dao1,dāo,Coilia ectenes,
19805,魜,U+9B5C,ren2,rén,,
19806,魝,U+9B5D,jie2|ji4,jié|jì,,
19807,魞,U+9B5E,ba1,bā,,
19808,魟,U+9B5F,hong2|gong1,hóng|gōng,ray (fish),魟魚
19809,魠,U+9B60,tuo1,tuō,used in 土魠魚|土𱇏鱼[tu3 tuo1 yu2] and 𩵚魠魚|𬶂𱇏鱼[tu3 tuo1 yu2],土魠魚|𩵚魠魚
19810,魡,U+9B61,diao4|di2,diào|dí,,
19811,魢,U+9B62,ji3,jǐ,(bound form) fish of genus Girella,斑魢
19812,魣,U+9B63,xu4|yu2,xù|yú,perch,魣魚|魣鱼
19813,魤,U+9B64,e2|hua4,é|huà,,
19814,魥,U+9B65,e4|qie4|ji4,è|qiè|jì,,
19815,魦,U+9B66,sha1|suo1,shā|suō,"shark family, including some rays and skates",
19816,魧,U+9B67,hang2,háng,,
19817,魨,U+9B68,tun2,tún,pufferfish (family Tetraodontidae),河魨
19818,魩,U+9B69,mo4,mò,,
19819,魪,U+9B6A,jie4,jiè,,
19820,魫,U+9B6B,shen3,shěn,,
19821,魬,U+9B6C,ban3,bǎn,sole or flounder,
19822,魭,U+9B6D,yuan2|wan3,yuán|wǎn,old variant of 黿|鼋[yuan2],
19823,魮,U+9B6E,pi2|bi3,pí|bǐ,,
19824,魯,U+9B6F,lu3|lv3,lǔ|lǚ,surname Lu,伊壁鳩魯|佩魯賈|克蘇魯
19825,魰,U+9B70,wen2,wén,,
19826,魱,U+9B71,hu2|hu4,hú|hù,,
19827,魲,U+9B72,lu2,lú,,
19828,魳,U+9B73,za1|shi1,zā|shī,,
19829,魴,U+9B74,fang2,fáng,bream,魴鮄
19830,魵,U+9B75,fen2|fen4,fén|fèn,shrimp,
19831,魶,U+9B76,na4,nà,,
19832,魷,U+9B77,you2,yóu,(bound form) squid,法克魷|炒魷魚|魷釣
19833,魸,U+9B78,pian4,piàn,catfish,
19834,魹,U+9B79,mo2,mó,,
19835,魺,U+9B7A,he2|ge3,hé|gě,(archaic) blowfish,
19836,魻,U+9B7B,xia2|xia1,xiá|xiā,,
19837,魼,U+9B7C,qu1|xie2,qū|xié,,
19838,魽,U+9B7D,han2|han1,hán|hān,,
19839,魾,U+9B7E,pi1|pi2,pī|pí,"Bagarius, an Asian genus of catfishes",
19840,魿,U+9B7F,ling2|lin2,líng|lín,,
19841,鮀,U+9B80,tuo2,tuó,catfish,
19842,鮁,U+9B81,bo1|ba4,bō|bà,(bound form) Spanish mackerel,鮁魚|鮁魚圈|鮁魚圈區
19843,鮂,U+9B82,qiu2,qiú,,
19844,鮃,U+9B83,ping2,píng,family of flatfish,大菱鮃
19845,鮄,U+9B84,fu2,fú,used in 魴鮄|鲂𫚒[fang2 fu2],魴鮄
19846,鮅,U+9B85,bi4,bì,,
19847,鮆,U+9B86,ci3|ji4,cǐ|jì,(fish),
19848,鮇,U+9B87,wei4,wèi,,
19849,鮈,U+9B88,ju1|qu2|gou3,jū|qú|gǒu,"gudgeon (Gobio gobio, a small freshwater fish, or any of various similar or related species)",
19850,鮉,U+9B89,diao1,diāo,,
19851,鮊,U+9B8A,ba4|bo2,bà|bó,"culter, a generic term for cyprinid fish of genera Culter and Erythroculter",
19852,鮋,U+9B8B,you2|chou2,yóu|chóu,scorpionfish,
19853,鮌,U+9B8C,gun3,gǔn,variant of 鯀|鲧[Gun3],
19854,鮍,U+9B8D,pi1|pi2|ju4,pī|pí|jù,used in 鰟鮍|鳑鲏[pang2 pi2],興凱刺鰟鮍|越南刺鰟鮍|高體鰟鮍
19855,鮎,U+9B8E,nian2,nián,sheatfish (Parasilurus asotus),
19856,鮏,U+9B8F,xing1|zheng1,xīng|zhēng,,
19857,鮐,U+9B90,tai2,tái,mackerel,羽鰓鮐
19858,鮑,U+9B91,bao4|bao1|pao1,bào|bāo|pāo,surname Bao,杏鮑菇|鮑勃·伍德沃德|鮑勃·馬利
19859,鮒,U+9B92,fu4,fù,silver carp,涸轍之鮒
19860,鮓,U+9B93,zha3|zha4,zhǎ|zhà,salted fish,
19861,鮔,U+9B94,ju4,jù,,
19862,鮕,U+9B95,gu1,gū,,
19863,鮖,U+9B96,shi2,shí,,
19864,鮗,U+9B97,dong1,dōng,,
19865,鮘,U+9B98,dai,dai,,
19866,鮙,U+9B99,ta4,tà,,
19867,鮚,U+9B9A,jie2|qia4,jié|qià,oyster,
19868,鮛,U+9B9B,shu1,shū,,
19869,鮜,U+9B9C,hou4,hòu,see 鱯|鳠[hu4],
19870,鮝,U+9B9D,xiang3|zhen4,xiǎng|zhèn,,
19871,鮞,U+9B9E,er2,ér,caviar,
19872,鮟,U+9B9F,an4|an1,àn|ān,used in 鮟鱇|𩽾𩾌[an1 kang1],鮟鱇
19873,鮠,U+9BA0,wei2,wéi,a kind of shad with a head like a sturgeon,
19874,鮡,U+9BA1,zhao4,zhào,fish of family Sisoridae (Asiatic catfishes),
19875,鮢,U+9BA2,zhu1,zhū,,
19876,鮣,U+9BA3,yin4,yìn,shark sucker (Echeneis naucrates),
19877,鮤,U+9BA4,lie4,liè,,
19878,鮥,U+9BA5,luo4|ge2,luò|gé,,
19879,鮦,U+9BA6,tong2,tóng,snakefish,
19880,鮧,U+9BA7,ti3|yi2,tǐ|yí,,
19881,鮨,U+9BA8,yi4|qi2,yì|qí,sushi,鮨科
19882,鮩,U+9BA9,bing4|bi4,bìng|bì,,
19883,鮪,U+9BAA,wei3,wěi,little tuna,鮪魚|鮪魚肚
19884,鮫,U+9BAB,jiao1,jiāo,(bound form) shark,竹鮫|青鮫|馬鮫
19885,鮬,U+9BAC,ku1|ku4,kū|kù,,
19886,鮭,U+9BAD,gui1|xie2|hua4|wa1|kui2,guī|xié|huà|wā|kuí,trout,鮭魚
19887,鮮,U+9BAE,xian1|xian3|xian4,xiān|xiǎn|xiàn,fresh,三鮮|保鮮|保鮮期
19888,鮯,U+9BAF,ge2,gé,,
19889,鮰,U+9BB0,hui2,huí,,
19890,鮱,U+9BB1,lao3,lǎo,,
19891,鮲,U+9BB2,fu2,fú,,
19892,鮳,U+9BB3,kao4,kào,,
19893,鮴,U+9BB4,xiu1,xiū,,
19894,鮵,U+9BB5,duo2,duó,,
19895,鮶,U+9BB6,jun1,jūn,Sebastodes guntheri,
19896,鮷,U+9BB7,ti2,tí,,
19897,鮸,U+9BB8,mian3,miǎn,Sciaena albiflora,
19898,鮹,U+9BB9,shao1,shāo,,
19899,鮺,U+9BBA,zha3,zhǎ,variant of 鮓|鲊[zha3],
19900,鮻,U+9BBB,suo1,suō,redlip mullet (Planiliza haematocheilus),
19901,鮼,U+9BBC,qin1,qīn,,
19902,鮽,U+9BBD,yu2,yú,,
19903,鮾,U+9BBE,nei3,něi,,
19904,鮿,U+9BBF,zhe2,zhé,(fresh-water fish),
19905,鯀,U+9BC0,gun3,gǔn,"Gun, mythical father of Yu the Great 大禹[Da4 Yu3]",
19906,鯁,U+9BC1,geng3,gěng,to choke on a piece of food,如鯁在喉|骨鯁|骨鯁之臣
19907,鯂,U+9BC2,su1,sū,,
19908,鯃,U+9BC3,wu2,wú,,
19909,鯄,U+9BC4,qiu2,qiú,Lepidotrigla strauchi,
19910,鯅,U+9BC5,shan1|shen3,shān|shěn,,
19911,鯆,U+9BC6,pu1|bu1,pū|bū,the skate or ray,
19912,鯇,U+9BC7,huan4,huàn,grass carp,黑鯇
19913,鯈,U+9BC8,tiao2|you2|chou2,tiáo|yóu|chóu,Leuciscus macropus,
19914,鯉,U+9BC9,li3,lǐ,carp,海鯉|裸鯉|錦鯉
19915,鯊,U+9BCA,sha1,shā,shark,大白鯊|姥鯊|巨牙鯊
19916,鯋,U+9BCB,sha1,shā,,
19917,鯌,U+9BCC,kao4,kào,,
19918,鯍,U+9BCD,meng2,méng,,
19919,鯎,U+9BCE,cheng2,chéng,,
19920,鯏,U+9BCF,li2,lí,,
19921,鯐,U+9BD0,zou3,zǒu,,
19922,鯑,U+9BD1,xi1,xī,,
19923,鯒,U+9BD2,yong3,yǒng,,
19924,鯓,U+9BD3,shen1,shēn,,
19925,鯔,U+9BD4,zi1,zī,mullet,鯔魚|鯔魚頭
19926,鯕,U+9BD5,qi2,qí,used in 鯕鰍|鲯鳅[qi2 qiu1],鯕鰍
19927,鯖,U+9BD6,zheng1|qing1,zhēng|qīng,mackerel,鯖魚
19928,鯗,U+9BD7,xiang3,xiǎng,dried fish,鯗魚
19929,鯘,U+9BD8,nei3,něi,,
19930,鯙,U+9BD9,chun2,chún,Scomberomorus sinensis,
19931,鯚,U+9BDA,ji4,jì,,
19932,鯛,U+9BDB,diao1,diāo,porgy,丁鯛|真鯛|鯛魚
19933,鯜,U+9BDC,qie4,qiè,,
19934,鯝,U+9BDD,gu4,gù,"Xenocypris, genus of cyprinid fish found in eastern Asia",似鯝
19935,鯞,U+9BDE,zhou3,zhǒu,,
19936,鯟,U+9BDF,dong1,dōng,,
19937,鯠,U+9BE0,lai2,lái,see 鰣魚|鲥鱼[shi2 yu2],
19938,鯡,U+9BE1,fei4|fei1,fèi|fēi,Pacific herring,圓腹鯡|西鯡|鯡魚
19939,鯢,U+9BE2,ni2,ní,Cryptobranchus japonicus,大鯢
19940,鯣,U+9BE3,yi4,yì,,
19941,鯤,U+9BE4,kun1,kūn,fry (newly hatched fish),鯤鵬|鯤鵬展翅
19942,鯥,U+9BE5,lu4,lù,Pomatomus saltatrix,
19943,鯦,U+9BE6,jiu4|ai3,jiù|ǎi,,
19944,鯧,U+9BE7,chang1,chāng,see 鯧魚|鲳鱼[chang1 yu2],烏鯧|銀鯧|鯧魚
19945,鯨,U+9BE8,jing1|qing2,jīng|qíng,whale,一角鯨|座頭鯨|抹香鯨
19946,鯩,U+9BE9,lun2,lún,,
19947,鯪,U+9BEA,ling2,líng,mud carp (Cirrhina molitorella),土鯪魚|石鯪魚|鯪魚
19948,鯫,U+9BEB,zou1,zōu,surname Zou,
19949,鯬,U+9BEC,li2,lí,,
19950,鯭,U+9BED,meng3,měng,,
19951,鯮,U+9BEE,zong1,zōng,long spiky-head carp,
19952,鯯,U+9BEF,zhi4,zhì,,
19953,鯰,U+9BF0,nian2,nián,sheatfish (Parasilurus asotus),鯰魚
19954,鯱,U+9BF1,hu3,hǔ,,
19955,鯲,U+9BF2,yu2,yú,,
19956,鯳,U+9BF3,di3,dǐ,,
19957,鯴,U+9BF4,shi1,shī,,
19958,鯵,U+9BF5,shen1,shēn,,
19959,鯶,U+9BF6,huan4,huàn,,
19960,鯷,U+9BF7,ti2,tí,anchovy,鯷魚
19961,鯸,U+9BF8,hou2,hóu,blowfish,
19962,鯹,U+9BF9,xing1,xīng,,
19963,鯺,U+9BFA,zhu1,zhū,,
19964,鯻,U+9BFB,la4,là,,
19965,鯼,U+9BFC,zong1,zōng,,
19966,鯽,U+9BFD,zei2|ji4,zéi|jì,bastard carp,布氏非鯽|鯽魚
19967,鯾,U+9BFE,bian1,biān,,
19968,鯿,U+9BFF,bian1,biān,bream,鯿魚
19969,鰀,U+9C00,huan4,huàn,,
19970,鰁,U+9C01,quan2,quán,fish of genus Sarcocheilichthys (a genus of cyprinid fishes found in eastern Asia),克氏黑鰭鰁|海南鰁
19971,鰂,U+9C02,zei2|ze2,zéi|zé,cuttlefish,鰂魚涌
19972,鰃,U+9C03,wei1,wēi,,
19973,鰄,U+9C04,wei1,wēi,,
19974,鰅,U+9C05,yu2,yú,a kind of striped fish,
19975,鰆,U+9C06,chun1,chūn,see 鰆魚|䲠鱼[chun1 yu2],鰆魚
19976,鰇,U+9C07,rou2,róu,,
19977,鰈,U+9C08,die2|qie4|zha2,dié|qiè|zhá,flatfish,大鰈魚|秀色孫鰈|鰈片
19978,鰉,U+9C09,huang2,huáng,sturgeon,
19979,鰊,U+9C0A,lian4,liàn,,
19980,鰋,U+9C0B,yan3,yǎn,mudfish,
19981,鰌,U+9C0C,qiu1,qiū,,
19982,鰍,U+9C0D,qiu1,qiū,loach (family Cobitidae),泥鰍|鯕鰍
19983,鰎,U+9C0E,jian3,jiǎn,,
19984,鰏,U+9C0F,bi1,bī,"the ponyfishes, aka slipmouths (Leiognathidae, a family of fishes in the order Perciformes)",
19985,鰐,U+9C10,e4,è,variant of 鱷|鳄[e4],
19986,鰑,U+9C11,yang2,yáng,,
19987,鰒,U+9C12,fu4,fù,Haliotis gigantea,
19988,鰓,U+9C13,sai1|xi2,sāi|xí,gills of fish,七鰓鰻|瓣鰓綱|羽鰓鮐
19989,鰔,U+9C14,gan3|jian1|xian2,gǎn|jiān|xián,,
19990,鰕,U+9C15,xia1,xiā,variant of 蝦|虾[xia1],
19991,鰖,U+9C16,tuo3|wei3,tuǒ|wěi,,
19992,鰗,U+9C17,hu2,hú,,
19993,鰘,U+9C18,shi4,shì,,
19994,鰙,U+9C19,ruo4,ruò,,
19995,鰚,U+9C1A,xuan1,xuān,,
19996,鰛,U+9C1B,wen1,wēn,"variant of 鰮|鳁, sardine",
19997,鰜,U+9C1C,qian4|jian1,qiàn|jiān,flounder,
19998,鰝,U+9C1D,hao4,hào,,
19999,鰞,U+9C1E,wu1,wū,,
20000,鰟,U+9C1F,fang2|pang2,fáng|páng,used in 鰟鮍|鳑鲏[pang2 pi2],興凱刺鰟鮍|越南刺鰟鮍|高體鰟鮍
20001,鰠,U+9C20,sao1,sāo,,
20002,鰡,U+9C21,liu2,liú,,
20003,鰢,U+9C22,ma3,mǎ,,
20004,鰣,U+9C23,shi2,shí,used in 鰣魚|鲥鱼[shi2 yu2],鰣魚
20005,鰤,U+9C24,shi1,shī,yellowtail (Seriola qinqueradiata),
20006,鰥,U+9C25,guan1|guan4|kun1|gun3,guān|guàn|kūn|gǔn,widower,鰥夫|鰥寡孤獨|鰥居
20007,鰦,U+9C26,zi1,zī,(archaic) a kind of black fish,
20008,鰧,U+9C27,teng2,téng,,
20009,鰨,U+9C28,ta3|die2,tǎ|dié,sole (fish),
20010,鰩,U+9C29,yao2,yáo,skate (cartilaginous fish belonging to the family Rajidae),
20011,鰪,U+9C2A,e2|ge2,é|gé,,
20012,鰫,U+9C2B,yong2,yóng,bighead carp,
20013,鰬,U+9C2C,qian2,qián,,
20014,鰭,U+9C2D,qi2,qí,fin,克氏黑鰭鰁|尾鰭|減搖鰭
20015,鰮,U+9C2E,wen1,wēn,sardine,
20016,鰯,U+9C2F,ruo4,ruò,,
20017,鰰,U+9C30,shen2,shén,,
20018,鰱,U+9C31,lian2,lián,Hypophthalmichthys moritrix,花鰱|鰱魚
20019,鰲,U+9C32,ao2,áo,mythological sea turtle,博鰲|博鰲亞洲論壇|博鰲鎮
20020,鰳,U+9C33,le4,lè,Chinese herring (Ilisha elongata),
20021,鰴,U+9C34,hui1,huī,,
20022,鰵,U+9C35,min3,mǐn,cod,
20023,鰶,U+9C36,ji4,jì,Konosirus punctatus,
20024,鰷,U+9C37,tiao2,tiáo,"Korean sharpbelly (fish, Hemiculter leucisculus)",
20025,鰸,U+9C38,qu1,qū,,
20026,鰹,U+9C39,jian1,jiān,bonito,紅腳鰹鳥|紅鰹|藍臉鰹鳥
20027,鰺,U+9C3A,shen1|sao1|can1,shēn|sāo|cān,carangid (zoology),
20028,鰻,U+9C3B,man2,mán,(bound form) eel (Anguilla japonica),七鰓鰻|八目鰻|澳洲鰻鱺
20029,鰼,U+9C3C,xi2,xí,loach,
20030,鰽,U+9C3D,qiu2,qiú,herring,
20031,鰾,U+9C3E,biao4,biào,swim bladder,魚鰾|鰾膠
20032,鰿,U+9C3F,ji4,jì,,
20033,鱀,U+9C40,ji4,jì,see 白鱀豚|白𬶨豚[bai2 ji4 tun2],白鱀豚
20034,鱁,U+9C41,zhu2,zhú,,
20035,鱂,U+9C42,jiang1,jiāng,,
20036,鱃,U+9C43,xiu1|qiu1,xiū|qiū,,
20037,鱄,U+9C44,zhuan1|tuan2|lian4,zhuān|tuán|liàn,surname Zhuan,
20038,鱅,U+9C45,yong1|yong2,yōng|yóng,see 鱅魚|鳙鱼[yong1 yu2],鱅魚
20039,鱆,U+9C46,zhang1,zhāng,octopus,鱆魚
20040,鱇,U+9C47,kang1,kāng,used in 鮟鱇|𩽾𩾌[an1 kang1],鮟鱇
20041,鱈,U+9C48,xue3,xuě,codfish,鱈魚|黑線鱈
20042,鱉,U+9C49,bie1,biē,softshell turtle,土鱉|地鱉|山瑞鱉
20043,鱊,U+9C4A,yu4,yù,,
20044,鱋,U+9C4B,qu1,qū,,
20045,鱌,U+9C4C,xiang4,xiàng,,
20046,鱍,U+9C4D,bo1,bō,,
20047,鱎,U+9C4E,jiao3,jiǎo,culter (cyprinid fish of genus Culter or Erythroculter); (esp.) Culter alburnus,
20048,鱏,U+9C4F,xun2,xún,,
20049,鱐,U+9C50,su4,sù,dried fish,
20050,鱑,U+9C51,huang2,huáng,,
20051,鱒,U+9C52,zun1|zun4,zūn|zùn,trout,虹鱒|鱒魚
20052,鱓,U+9C53,shan4|tuo2,shàn|tuó,variant of 鱔|鳝[shan4],
20053,鱔,U+9C54,shan4,shàn,Chinese yellow eel,鱔魚|黃鱔
20054,鱕,U+9C55,fan1,fān,,
20055,鱖,U+9C56,gui4|jue2,guì|jué,mandarin fish,鱖魚
20056,鱗,U+9C57,lin2,lín,"scales (of fish, snakes etc)",一鱗半爪|大鱗大馬哈魚|大鱗大麻哈魚
20057,鱘,U+9C58,xun2,xún,sturgeon,鱘魚
20058,鱙,U+9C59,miao2,miáo,,
20059,鱚,U+9C5A,xi3|xi1,xǐ|xī,,
20060,鱛,U+9C5B,zeng1,zēng,,
20061,鱜,U+9C5C,xiang1,xiāng,,
20062,鱝,U+9C5D,fen4,fèn,any ray (fish) variety of Myliobatiformes order,蝠鱝|鷂鱝
20063,鱞,U+9C5E,guan1,guān,,
20064,鱟,U+9C5F,hou4,hòu,horseshoe crab,鱟魚
20065,鱠,U+9C60,kuai4,kuài,used in 鱠魚|鲙鱼[kuai4 yu2],鱠魚
20066,鱡,U+9C61,zei2,zéi,,
20067,鱢,U+9C62,sao1,sāo,,
20068,鱣,U+9C63,zhan1|shan4,zhān|shàn,variant of 鱔|鳝[shan4],
20069,鱤,U+9C64,gan3,gǎn,yellowcheek (Elopichthys bambusa),
20070,鱥,U+9C65,gui4,guì,minnow,丁鱥|尖頭鱥|尖头鱥
20071,鱦,U+9C66,ying4|sheng2|meng3,yìng|shéng|měng,,
20072,鱧,U+9C67,li3,lǐ,snakefish,斑鱧|月鱧|烏鱧
20073,鱨,U+9C68,chang2,cháng,Bagridae (catfish family),
20074,鱩,U+9C69,lei2,léi,,
20075,鱪,U+9C6A,shu3,shǔ,,
20076,鱫,U+9C6B,ai4,ài,,
20077,鱬,U+9C6C,ru2,rú,,
20078,鱭,U+9C6D,ji4,jì,Coilia nasus,
20079,鱮,U+9C6E,xu4|yu2,xù|yú,Hypophthalmichthys moritrix,
20080,鱯,U+9C6F,hu4,hù,a species of freshwater catfish,
20081,鱰,U+9C70,shu3,shǔ,,
20082,鱱,U+9C71,li4,lì,,
20083,鱲,U+9C72,lie4|la4,liè|là,minnow,
20084,鱳,U+9C73,li4|lu4|luo4,lì|lù|luò,,
20085,鱴,U+9C74,mie4,miè,,
20086,鱵,U+9C75,zhen1,zhēn,Hyporhampus sajuri,
20087,鱶,U+9C76,xiang3,xiǎng,,
20088,鱷,U+9C77,e4,è,(bound form) alligator; crocodile,凱門鱷|大鱷|揚子鱷
20089,鱸,U+9C78,lu2,lú,common perch,尖吻鱸|海鱸|蓴羹鱸膾
20090,鱹,U+9C79,guan4,guàn,,
20091,鱺,U+9C7A,li2|li3,lí|lǐ,eel,澳洲鰻鱺|鰻鱺
20092,鱻,U+9C7B,xian1|xian3,xiān|xiǎn,fish,
20093,鱼,U+9C7C,yu2,yú,surname Yu,鲃鱼|七带石斑鱼|三天打鱼，两天晒网
20094,鱽,U+9C7D,dao1,dāo,Coilia ectenes,
20095,鱾,U+9C7E,ji3,jǐ,(bound form) fish of genus Girella,斑鱾
20096,鱿,U+9C7F,you2,yóu,(bound form) squid,法克鱿|炒鱿鱼|鱿钓
20097,鲀,U+9C80,tun2,tún,pufferfish (family Tetraodontidae),河鲀
20098,鲁,U+9C81,lu3,lǔ,surname Lu,伊壁鸠鲁|佩鲁贾|克苏鲁
20099,鲂,U+9C82,fang2,fáng,bream,鲂𫚒
20100,鲃,U+9C83,ba1,bā,used in 䰾魚|鲃鱼[ba1 yu2],鲃鱼
20101,鲄,U+9C84,he2,hé,(archaic) blowfish,
20102,鲅,U+9C85,ba4|bo1,bà|bō,(bound form) Spanish mackerel,鲅鱼|鲅鱼圈|鲅鱼圈区
20103,鲆,U+9C86,ping2,píng,family of flatfish,大菱鲆
20104,鲇,U+9C87,nian2,nián,sheatfish (Parasilurus asotus),
20105,鲈,U+9C88,lu2,lú,common perch,尖吻鲈|海鲈|莼羹鲈脍
20106,鲉,U+9C89,you2,yóu,scorpionfish,
20107,鲊,U+9C8A,zha3,zhǎ,salted fish,
20108,鲋,U+9C8B,fu4,fù,silver carp,涸辙之鲋
20109,鲌,U+9C8C,ba4|bo2,bà|bó,"culter, a generic term for cyprinid fish of genera Culter and Erythroculter",
20110,鲍,U+9C8D,bao4,bào,surname Bao,杏鲍菇|鲍勃·伍德沃德|鲍勃·马利
20111,鲎,U+9C8E,hou4,hòu,horseshoe crab,鲎鱼
20112,鲏,U+9C8F,pi2,pí,used in 鰟鮍|鳑鲏[pang2 pi2],兴凯刺鳑鲏|越南刺鳑鲏|高体鳑鲏
20113,鲐,U+9C90,tai2,tái,mackerel,羽鳃鲐
20114,鲑,U+9C91,gui1|xie2,guī|xié,trout,鲑鱼
20115,鲒,U+9C92,jie2,jié,oyster,
20116,鲓,U+9C93,kao4,kào,,
20117,鲔,U+9C94,wei3,wěi,little tuna,鲔鱼|鲔鱼肚
20118,鲕,U+9C95,er2,ér,caviar,
20119,鲖,U+9C96,tong2,tóng,snakefish,
20120,鲗,U+9C97,zei2,zéi,cuttlefish,鲗鱼涌
20121,鲘,U+9C98,hou4,hòu,see 鱯|鳠[hu4],
20122,鲙,U+9C99,kuai4,kuài,used in 鱠魚|鲙鱼[kuai4 yu2],鲙鱼
20123,鲚,U+9C9A,ji4,jì,Coilia nasus,
20124,鲛,U+9C9B,jiao1,jiāo,(bound form) shark,竹鲛|青鲛|马鲛
20125,鲜,U+9C9C,xian1|xian3,xiān|xiǎn,variant of 鮮|鲜[xian3],三鲜|保鲜|保鲜期
20126,鲝,U+9C9D,zha3,zhǎ,variant of 鮓|鲊[zha3],
20127,鲞,U+9C9E,xiang3,xiǎng,dried fish,鲞鱼
20128,鲟,U+9C9F,xun2,xún,sturgeon,鲟鱼
20129,鲠,U+9CA0,geng3,gěng,to choke on a piece of food,如鲠在喉|骨鲠|骨鲠之臣
20130,鲡,U+9CA1,li2,lí,eel,澳洲鳗鲡|鳗鲡
20131,鲢,U+9CA2,lian2,lián,Hypophthalmichthys moritrix,花鲢|鲢鱼
20132,鲣,U+9CA3,jian1,jiān,bonito,红脚鲣鸟|红鲣|蓝脸鲣鸟
20133,鲤,U+9CA4,li3,lǐ,carp,海鲤|裸鲤|锦鲤
20134,鲥,U+9CA5,shi2,shí,used in 鰣魚|鲥鱼[shi2 yu2],鲥鱼
20135,鲦,U+9CA6,tiao2,tiáo,"Korean sharpbelly (fish, Hemiculter leucisculus)",
20136,鲧,U+9CA7,gun3,gǔn,variant of 鯀|鲧[Gun3],
20137,鲨,U+9CA8,sha1,shā,shark,大白鲨|姥鲨|巨牙鲨
20138,鲩,U+9CA9,huan4,huàn,grass carp,黑鲩
20139,鲪,U+9CAA,jun1,jūn,Sebastodes guntheri,
20140,鲫,U+9CAB,ji4,jì,bastard carp,布氏非鲫|鲫鱼
20141,鲬,U+9CAC,yong3,yǒng,,
20142,鲭,U+9CAD,qing1|zheng1,qīng|zhēng,mackerel,鲭鱼
20143,鲮,U+9CAE,ling2,líng,mud carp (Cirrhina molitorella),土鲮鱼|石鲮鱼|鲮鱼
20144,鲯,U+9CAF,qi2,qí,used in 鯕鰍|鲯鳅[qi2 qiu1],鲯鳅
20145,鲰,U+9CB0,zou1,zōu,surname Zou,
20146,鲱,U+9CB1,fei1,fēi,Pacific herring,圆腹鲱|西鲱|鲱鱼
20147,鲲,U+9CB2,kun1,kūn,fry (newly hatched fish),鲲鹏|鲲鹏展翅
20148,鲳,U+9CB3,chang1,chāng,see 鯧魚|鲳鱼[chang1 yu2],乌鲳|银鲳|鲳鱼
20149,鲴,U+9CB4,gu4,gù,"Xenocypris, genus of cyprinid fish found in eastern Asia",似鲴
20150,鲵,U+9CB5,ni2,ní,Cryptobranchus japonicus,大鲵
20151,鲶,U+9CB6,nian2,nián,sheatfish (Parasilurus asotus),鲶鱼
20152,鲷,U+9CB7,diao1,diāo,porgy,丁鲷|真鲷|鲷鱼
20153,鲸,U+9CB8,jing1,jīng,whale,一角鲸|座头鲸|抹香鲸
20154,鲹,U+9CB9,shen1,shēn,carangid (zoology),
20155,鲺,U+9CBA,shi1,shī,,
20156,鲻,U+9CBB,zi1,zī,mullet,鲻鱼|鲻鱼头
20157,鲼,U+9CBC,fen4,fèn,any ray (fish) variety of Myliobatiformes order,蝠鲼|鹞鲼
20158,鲽,U+9CBD,die2,dié,flatfish,大鲽鱼|秀色孙鲽|鲽片
20159,鲾,U+9CBE,bi1,bī,"the ponyfishes, aka slipmouths (Leiognathidae, a family of fishes in the order Perciformes)",
20160,鲿,U+9CBF,chang2,cháng,Bagridae (catfish family),
20161,鳀,U+9CC0,ti2,tí,anchovy,鳀鱼
20162,鳁,U+9CC1,wen1,wēn,sardine,
20163,鳂,U+9CC2,wei1,wēi,,
20164,鳃,U+9CC3,sai1,sāi,gills of fish,七鳃鳗|瓣鳃纲|羽鳃鲐
20165,鳄,U+9CC4,e4,è,variant of 鱷|鳄[e4],凯门鳄|大鳄|扬子鳄
20166,鳅,U+9CC5,qiu1,qiū,loach (family Cobitidae),泥鳅|鲯鳅
20167,鳆,U+9CC6,fu4,fù,Haliotis gigantea,
20168,鳇,U+9CC7,huang2,huáng,sturgeon,
20169,鳈,U+9CC8,quan2,quán,fish of genus Sarcocheilichthys (a genus of cyprinid fishes found in eastern Asia),克氏黑鳍鳈|海南鳈
20170,鳉,U+9CC9,jiang1,jiāng,,
20171,鳊,U+9CCA,bian1,biān,bream,鳊鱼
20172,鳋,U+9CCB,sao1,sāo,,
20173,鳌,U+9CCC,ao2,áo,mythological sea turtle,博鳌|博鳌亚洲论坛|博鳌镇
20174,鳍,U+9CCD,qi2,qí,fin,克氏黑鳍鳈|尾鳍|减摇鳍
20175,鳎,U+9CCE,ta3,tǎ,sole (fish),
20176,鳏,U+9CCF,guan1,guān,widower,鳏夫|鳏寡孤独|鳏居
20177,鳐,U+9CD0,yao2,yáo,skate (cartilaginous fish belonging to the family Rajidae),
20178,鳑,U+9CD1,pang2,páng,used in 鰟鮍|鳑鲏[pang2 pi2],兴凯刺鳑鲏|越南刺鳑鲏|高体鳑鲏
20179,鳒,U+9CD2,jian1,jiān,flounder,
20180,鳓,U+9CD3,le4,lè,Chinese herring (Ilisha elongata),
20181,鳔,U+9CD4,biao4,biào,swim bladder,鱼鳔|鳔胶
20182,鳕,U+9CD5,xue3,xuě,codfish,鳕鱼|黑线鳕
20183,鳖,U+9CD6,bie1,biē,softshell turtle,土鳖|地鳖|山瑞鳖
20184,鳗,U+9CD7,man2,mán,(bound form) eel (Anguilla japonica),七鳃鳗|八目鳗|澳洲鳗鲡
20185,鳘,U+9CD8,min3,mǐn,cod,
20186,鳙,U+9CD9,yong1,yōng,see 鱅魚|鳙鱼[yong1 yu2],鳙鱼
20187,鳚,U+9CDA,wei4,wèi,blenny,
20188,鳛,U+9CDB,xi2,xí,loach,
20189,鳜,U+9CDC,gui4,guì,mandarin fish,鳜鱼
20190,鳝,U+9CDD,shan4,shàn,variant of 鱔|鳝[shan4],鳝鱼|黄鳝
20191,鳞,U+9CDE,lin2,lín,"scales (of fish, snakes etc)",一鳞半爪|大鳞大马哈鱼|大鳞大麻哈鱼
20192,鳟,U+9CDF,zun1,zūn,trout,虹鳟|鳟鱼
20193,鳠,U+9CE0,hu4,hù,a species of freshwater catfish,
20194,鳡,U+9CE1,gan3,gǎn,yellowcheek (Elopichthys bambusa),
20195,鳢,U+9CE2,li3,lǐ,snakefish,斑鳢|月鳢|乌鳢
20196,鳣,U+9CE3,zhan1,zhān,variant of 鱔|鳝[shan4],
20197,鳤,U+9CE4,guan3,guǎn,"Ochetobius elongatus, species of cyprinid fish found in eastern Asia",
20198,鳥,U+9CE5,niao3|diao3|dao3|que4,niǎo|diǎo|dǎo|què,variant of 屌[diao3],一石二鳥|三寶鳥|三趾啄木鳥
20199,鳦,U+9CE6,yi3,yǐ,a swallow (bird),
20200,鳧,U+9CE7,fu2,fú,mallard,棉鳧|鳧水|鳧翁
20201,鳨,U+9CE8,li4,lì,,
20202,鳩,U+9CE9,jiu1|qiu2|zhi4,jiū|qiú|zhì,turtledove,伊壁鳩魯|厚嘴綠鳩|孟德斯鳩
20203,鳪,U+9CEA,bu2,bú,,
20204,鳫,U+9CEB,yan4,yàn,old variant of 雁[yan4],
20205,鳬,U+9CEC,fu3,fǔ,old variant of 鳧|凫[fu2],
20206,鳭,U+9CED,diao1|zhao1,diāo|zhāo,,
20207,鳮,U+9CEE,ji1,jī,,
20208,鳯,U+9CEF,feng4,fèng,variant of 鳳|凤[feng4],
20209,鳰,U+9CF0,ru4,rù,,
20210,鳱,U+9CF1,gan1|han4|yan4,gān|hàn|yàn,,
20211,鳲,U+9CF2,shi1,shī,turtledove,
20212,鳳,U+9CF3,feng4,fèng,surname Feng,丹鳳|丹鳳眼|丹鳳縣
20213,鳴,U+9CF4,ming2,míng,"to cry (of birds, animals and insects)",一鳴驚人|不平則鳴|共鳴
20214,鳵,U+9CF5,bao3,bǎo,,
20215,鳶,U+9CF6,yuan1,yuān,kite (small hawk),栗鳶|紙鳶|鳶尾
20216,鳷,U+9CF7,zhi1|chi4,zhī|chì,general term for jay,
20217,鳸,U+9CF8,hu4,hù,,
20218,鳹,U+9CF9,qin2,qín,,
20219,鳺,U+9CFA,fu1|gui1,fū|guī,,
20220,鳻,U+9CFB,ban1|fen2,bān|fén,the wild pigeon,
20221,鳼,U+9CFC,wen2,wén,,
20222,鳽,U+9CFD,jian1|qian1|zhan1,jiān|qiān|zhān,(used in naming bitterns and several other species of heron),大麻鳽|小葦鳽|小苇鳽
20223,鳾,U+9CFE,shi1,shī,nuthatch (bird of genus Sitta),巨鳾|普通鳾|栗腹鳾
20224,鳿,U+9CFF,yu4,yù,,
20225,鴀,U+9D00,fou3,fǒu,,
20226,鴁,U+9D01,yao1|ao3,yāo|ǎo,,
20227,鴂,U+9D02,jue2|gui1,jué|guī,tailorbird (Orthotomus spp.),鶗鴂
20228,鴃,U+9D03,jue2,jué,shrike,鶗鴃
20229,鴄,U+9D04,pi3,pǐ,wild duck,
20230,鴅,U+9D05,huan1,huān,,
20231,鴆,U+9D06,zhen4,zhèn,legendary bird whose feathers can be used as poison,飲鴆止渴|鴆羽
20232,鴇,U+9D07,bao3,bǎo,Chinese bustard,大鴇|小鴇|波斑鴇
20233,鴈,U+9D08,yan4,yàn,variant of 雁[yan4],
20234,鴉,U+9D09,ya1|ya3,yā|yǎ,crow,三趾鴉雀|北噪鴉|塗鴉
20235,鴊,U+9D0A,zheng4,zhèng,,
20236,鴋,U+9D0B,fang1|fang3,fāng|fǎng,,
20237,鴌,U+9D0C,feng4,fèng,,
20238,鴍,U+9D0D,wen2,wén,,
20239,鴎,U+9D0E,ou1,ōu,Japanese variant of 鷗|鸥,
20240,鴏,U+9D0F,dai4,dài,,
20241,鴐,U+9D10,ge1,gē,,
20242,鴑,U+9D11,ru2,rú,,
20243,鴒,U+9D12,ling2,líng,used in 鶺鴒|鹡鸰[ji2 ling2],大斑鶺鴒|山鶺鴒|日本鶺鴒
20244,鴓,U+9D13,mie4|bi4,miè|bì,,
20245,鴔,U+9D14,fu2,fú,used in 鵖鴔|𱉝𫛡[bi1 fu2],鵖鴔
20246,鴕,U+9D15,tuo2,tuó,ostrich,小美洲鴕|美洲鴕|鴕鳥
20247,鴖,U+9D16,min2|wen2,mín|wén,,
20248,鴗,U+9D17,li4,lì,Alcedo bengalensis,
20249,鴘,U+9D18,bian3,biǎn,,
20250,鴙,U+9D19,zhi4,zhì,,
20251,鴚,U+9D1A,ge1,gē,,
20252,鴛,U+9D1B,yuan1,yuān,mandarin duck,棒打鴛鴦|野鴛鴦|鴛綺
20253,鴜,U+9D1C,ci2,cí,(a kind of waterbird),
20254,鴝,U+9D1D,qu2|gou1|gou4,qú|gōu|gòu,"(bound form, used in the names of various kinds of bird, esp. robins and redstarts)",北紅尾鴝|新疆歌鴝|日本歌鴝
20255,鴞,U+9D1E,xiao1,xiāo,owl (order Strigiformes),北領角鴞|四川林鴞|東倉鴞
20256,鴟,U+9D1F,chi1,chī,scops owl,鴟梟|鴟甍|鴟鴞
20257,鴠,U+9D20,dan4,dàn,a kind of nightingale,
20258,鴡,U+9D21,ju1,jū,,
20259,鴢,U+9D22,yao3|ao1,yǎo|āo,,
20260,鴣,U+9D23,gu1,gū,partridge,中華鷓鴣|四川山鷓鴣|水鵓鴣
20261,鴤,U+9D24,zhong1,zhōng,,
20262,鴥,U+9D25,yu4,yù,(of a bird) to fly swiftly,
20263,鴦,U+9D26,yang1,yāng,used in 鴛鴦|鸳鸯[yuan1 yang1],棒打鴛鴦|野鴛鴦|鴛鴦
20264,鴧,U+9D27,yu4,yù,,
20265,鴨,U+9D28,ya1,yā,duck (CL:隻|只[zhi1]),丑鴨|中華秋沙鴨|做鴨
20266,鴩,U+9D29,tie3|hu2,tiě|hú,,
20267,鴪,U+9D2A,yu4,yù,old variant of 鴥[yu4],
20268,鴫,U+9D2B,tian2,tián,,
20269,鴬,U+9D2C,ying1,yīng,,
20270,鴭,U+9D2D,dui1,duī,,
20271,鴮,U+9D2E,wu1,wū,,
20272,鴯,U+9D2F,er2,ér,used in 鴯鶓|鸸鹋[er2 miao2],鴯鶓
20273,鴰,U+9D30,gua1,guā,used in 老鴰|老鸹[lao3 gua5],老鴰
20274,鴱,U+9D31,ai4,ài,,
20275,鴲,U+9D32,zhi1,zhī,,
20276,鴳,U+9D33,yan4|an1|e4,yàn|ān|è,quail,
20277,鴴,U+9D34,heng2,héng,plover,劍鴴|大石鴴|小嘴鴴
20278,鴵,U+9D35,xiao1,xiāo,,
20279,鴶,U+9D36,jia2,jiá,,
20280,鴷,U+9D37,lie4,liè,woodpecker,蟻鴷|黃腰響蜜鴷
20281,鴸,U+9D38,zhu1,zhū,,
20282,鴹,U+9D39,yang2|xiang2,yáng|xiáng,,
20283,鴺,U+9D3A,ti2|yi2,tí|yí,,
20284,鴻,U+9D3B,hong2|hong4,hóng|hòng,eastern bean goose,來鴻|來鴻去燕|哀鴻遍野
20285,鴼,U+9D3C,luo4,luò,,
20286,鴽,U+9D3D,ru2,rú,quail-like bird,
20287,鴾,U+9D3E,mou2,móu,,
20288,鴿,U+9D3F,ge1,gē,pigeon; dove,中亞鴿|信鴿|傳書鴿
20289,鵀,U+9D40,ren2,rén,hoopoe,
20290,鵁,U+9D41,jiao1|xiao1,jiāo|xiāo,a kind of aquatic bird,
20291,鵂,U+9D42,xiu1,xiū,used in 鵂鶹|鸺鹠[xiu1 liu2],斑頭鵂鶹|領鵂鶹|鵂鶹
20292,鵃,U+9D43,zhou1|diao3,zhōu|diǎo,used in 鶻鵃|鹘鸼[gu3 zhou1],鶻鵃
20293,鵄,U+9D44,chi1,chī,,
20294,鵅,U+9D45,luo4|ge2,luò|gé,,
20295,鵆,U+9D46,heng2,héng,,
20296,鵇,U+9D47,nian2,nián,,
20297,鵈,U+9D48,e3,ě,,
20298,鵉,U+9D49,luan2,luán,,
20299,鵊,U+9D4A,jia2,jiá,,
20300,鵋,U+9D4B,ji4,jì,,
20301,鵌,U+9D4C,tu2,tú,,
20302,鵍,U+9D4D,huan1|juan1|guan4,huān|juān|guàn,,
20303,鵎,U+9D4E,tuo3,tuǒ,,
20304,鵏,U+9D4F,bu3|bu1|pu1|pu2,bǔ|bū|pū|pú,used in 地鵏|地𬷕[di4 bu3],地鵏
20305,鵐,U+9D50,wu2,wú,(bound form) bunting (bird of genus Emberiza),三道眉草鵐|圃鵐|小鵐
20306,鵑,U+9D51,juan1,juān,cuckoo,八聲杜鵑|北方中杜鵑|北鷹鵑
20307,鵒,U+9D52,yu4,yù,mynah,鴝鵒
20308,鵓,U+9D53,bo2,bó,woodpidgeon,水鵓鴣|鵓鳩|鵓鴣
20309,鵔,U+9D54,jun4,jùn,,
20310,鵕,U+9D55,jun4,jùn,,
20311,鵖,U+9D56,bi1,bī,used in 鵖鴔|𱉝𫛡[bi1 fu2],鵖鴔
20312,鵗,U+9D57,xi1,xī,pheasant,
20313,鵘,U+9D58,jun4,jùn,,
20314,鵙,U+9D59,ju2,jú,a shrike,大鵑鵙|大鹃鵙|暗灰鵑鵙
20315,鵚,U+9D5A,tu1,tū,,
20316,鵛,U+9D5B,jing1,jīng,,
20317,鵜,U+9D5C,ti2|ti1,tí|tī,used in 鵜鶘|鹈鹕[ti2 hu2],卷羽鵜鶘|斑嘴鵜鶘|白鵜鶘
20318,鵝,U+9D5D,e2,é,goose,企鵝|千里寄鵝毛|千里送鵝毛
20319,鵞,U+9D5E,e2,é,variant of 鵝|鹅[e2],
20320,鵟,U+9D5F,kuang2,kuáng,buzzard (genus Buteo),喜山鵟|大鵟|普通鵟
20321,鵠,U+9D60,hu2|gu3|he4,hú|gǔ|hè,center or bull's eye of an archery target (old),刻鵠類鶩|燕雀安知鴻鵠之志|燕雀焉知鴻鵠之志
20322,鵡,U+9D61,wu3,wǔ,used in 鸚鵡|鹦鹉[ying1 wu3],亞歷山大鸚鵡|啄羊鸚鵡|大紫胸鸚鵡
20323,鵢,U+9D62,shen1,shēn,,
20324,鵣,U+9D63,lai4|chi4,lài|chì,,
20325,鵤,U+9D64,jiao,jiao,,
20326,鵥,U+9D65,pan4,pàn,,
20327,鵦,U+9D66,lu4,lù,,
20328,鵧,U+9D67,pi2,pí,,
20329,鵨,U+9D68,shu1,shū,,
20330,鵩,U+9D69,fu2,fú,owl,
20331,鵪,U+9D6A,an1|ya1,ān|yā,used in 鵪鶉|鹌鹑[an1 chun2],日本鵪鶉|西鵪鶉|鵪鶉
20332,鵫,U+9D6B,zhuo2,zhuó,pheasant,
20333,鵬,U+9D6C,peng2|feng4,péng|fèng,"Peng, large fabulous bird",大鵬|大鵬鳥|李亞鵬
20334,鵭,U+9D6D,qin2,qín,,
20335,鵮,U+9D6E,qian1,qiān,(of a bird) to peck,
20336,鵯,U+9D6F,bei1,bēi,the Pycnonotidae or bulbul family of birds,大綠雀鵯|栗耳短腳鵯|栗背短腳鵯
20337,鵰,U+9D70,diao1,diāo,bird of prey,一箭雙鵰|射鵰英雄傳|林鵰
20338,鵱,U+9D71,lu4,lù,,
20339,鵲,U+9D72,que4,què,magpie,印支綠鵲|喜鵲|塔尾樹鵲
20340,鵳,U+9D73,jian1,jiān,,
20341,鵴,U+9D74,ju2,jú,,
20342,鵵,U+9D75,tu4,tù,Scops semitorques,
20343,鵶,U+9D76,ya1,yā,variant of 鴉|鸦[ya1],
20344,鵷,U+9D77,yuan1,yuān,firebird (mythology),
20345,鵸,U+9D78,qi2,qí,,
20346,鵹,U+9D79,li2,lí,,
20347,鵺,U+9D7A,ye4,yè,a kind of bird similar to pheasant,
20348,鵻,U+9D7B,zhui1,zhuī,snipe,
20349,鵼,U+9D7C,kong1,kōng,,
20350,鵽,U+9D7D,duo4,duò,,
20351,鵾,U+9D7E,kun1,kūn,see 鵾雞|鹍鸡[kun1 ji1],鵾弦|鵾雞
20352,鵿,U+9D7F,sheng1,shēng,,
20353,鶀,U+9D80,qi2,qí,,
20354,鶁,U+9D81,jing1,jīng,,
20355,鶂,U+9D82,yi4,yì,hawk,
20356,鶃,U+9D83,yi4,yì,,
20357,鶄,U+9D84,jing1|qing1,jīng|qīng,,
20358,鶅,U+9D85,zi1,zī,,
20359,鶆,U+9D86,lai2,lái,used in 鶆䴈|𱉵𬸩[lai2 ao3],鶆䴈
20360,鶇,U+9D87,dong1,dōng,thrush (bird of genus Turdus),仙八色鶇|光背地鶇|大場鶇
20361,鶈,U+9D88,qi1,qī,,
20362,鶉,U+9D89,chun2|tuan2,chún|tuán,(bound form) quail,四川雉鶉|斑翅山鶉|日本鵪鶉
20363,鶊,U+9D8A,geng1,gēng,used in 鶬鶊|鸧鹒[cang1 geng1],鶬鶊
20364,鶋,U+9D8B,ju1,jū,,
20365,鶌,U+9D8C,jue2|qu1,jué|qū,,
20366,鶍,U+9D8D,yi4,yì,,
20367,鶎,U+9D8E,zun1,zūn,,
20368,鶏,U+9D8F,ji1,jī,Japanese variant of 雞|鸡,
20369,鶐,U+9D90,shu4,shù,,
20370,鶑,U+9D91,ying1,yīng,,
20371,鶒,U+9D92,chi4,chì,used in 鸂鶒|㶉𫛶[xi1 chi4],鸂鶒
20372,鶓,U+9D93,miao2,miáo,used in 鴯鶓|鸸鹋[er2 miao2],鴯鶓
20373,鶔,U+9D94,rou2,róu,,
20374,鶕,U+9D95,an1,ān,old variant of 鵪|鹌[an1],
20375,鶖,U+9D96,qiu1,qiū,see 鶖鷺|鹙鹭[qiu1 lu4],鶖鷺
20376,鶗,U+9D97,ti2|chi2,tí|chí,a kind of hawk,鶗鴂|鶗鴃
20377,鶘,U+9D98,hu2,hú,used in 鵜鶘|鹈鹕[ti2 hu2],卷羽鵜鶘|斑嘴鵜鶘|白鵜鶘
20378,鶙,U+9D99,ti2,tí,,
20379,鶚,U+9D9A,e4,è,(bird species of China) osprey (Pandion haliaetus),劉鶚
20380,鶛,U+9D9B,jie1|jie4,jiē|jiè,,
20381,鶜,U+9D9C,mao2,máo,,
20382,鶝,U+9D9D,fu2|bi4,fú|bì,,
20383,鶞,U+9D9E,chun1,chūn,,
20384,鶟,U+9D9F,tu2,tú,,
20385,鶠,U+9DA0,yan3,yǎn,,
20386,鶡,U+9DA1,he2|he4,hé|hè,crossbill,
20387,鶢,U+9DA2,yuan2,yuán,,
20388,鶣,U+9DA3,pian1|bian3,piān|biǎn,,
20389,鶤,U+9DA4,kun1,kūn,variant of 鵾|鹍[kun1],
20390,鶥,U+9DA5,mei2,méi,babbler (bird),劍嘴鶥|印緬褐頭雀鶥|大噪鶥
20391,鶦,U+9DA6,hu2,hú,pelican,
20392,鶧,U+9DA7,ying1,yīng,,
20393,鶨,U+9DA8,chuan4|zhi4,chuàn|zhì,,
20394,鶩,U+9DA9,wu4|mu4,wù|mù,duck,刻鵠類鶩|趨之若鶩|雞鶩
20395,鶪,U+9DAA,ju2,jú,variant of 鵙[ju2],
20396,鶫,U+9DAB,dong1,dōng,,
20397,鶬,U+9DAC,cang1|qiang1,cāng|qiāng,used in 鶬鶊|鸧鹒[cang1 geng1],鶬鶊
20398,鶭,U+9DAD,fang3,fǎng,,
20399,鶮,U+9DAE,he4|hu2,hè|hú,,
20400,鶯,U+9DAF,ying1,yīng,oriole or various birds of the Sylvidae family including warblers,中華短翅鶯|亞洲漠地林鶯|休氏樹鶯
20401,鶰,U+9DB0,yuan2,yuán,,
20402,鶱,U+9DB1,xian1,xiān,(literary) (adjective) (of birds) flying; soaring,
20403,鶲,U+9DB2,weng1,wēng,flycatcher (bird),中華仙鶲|侏藍仙鶲|大仙鶲
20404,鶳,U+9DB3,shi1,shī,,
20405,鶴,U+9DB4,he4,hè,crane,一琴一鶴|丹頂鶴|乘鶴
20406,鶵,U+9DB5,chu2,chú,variant of 雛|雏[chu2],
20407,鶶,U+9DB6,tang2,táng,,
20408,鶷,U+9DB7,xia2,xiá,,
20409,鶸,U+9DB8,ruo4,ruò,siskin,
20410,鶹,U+9DB9,liu2,liú,used in 鵂鶹|鸺鹠[xiu1 liu2],斑頭鵂鶹|領鵂鶹|鵂鶹
20411,鶺,U+9DBA,ji2,jí,used in 鶺鴒|鹡鸰[ji2 ling2],大斑鶺鴒|山鶺鴒|日本鶺鴒
20412,鶻,U+9DBB,gu2|hu2,gú|hú,used in 鶻鵃|鹘鸼[gu3 zhou1],回鶻|鶻鵃
20413,鶼,U+9DBC,jian1|qian1,jiān|qiān,mythical bird with one eye and one wing,鰈鶼|鶼鰈|鶼鶼
20414,鶽,U+9DBD,sun3|xun4,sǔn|xùn,,
20415,鶾,U+9DBE,han4,hàn,,
20416,鶿,U+9DBF,ci2,cí,used in 鸕鶿|鸬鹚[lu2 ci2],普通鸕鶿|暗綠背鸕鶿|海鸕鶿
20417,鷀,U+9DC0,ci2,cí,variant of 鶿|鹚[ci2],
20418,鷁,U+9DC1,yi4,yì,a kind of aquatic bird,
20419,鷂,U+9DC2,yao4|yao2,yào|yáo,sparrow hawk,烏灰鷂|白尾鷂|白腹鷂
20420,鷃,U+9DC3,yan4,yàn,quail-like bird,
20421,鷄,U+9DC4,ji1,jī,variant of 雞|鸡[ji1],
20422,鷅,U+9DC5,li4,lì,,
20423,鷆,U+9DC6,tian2,tián,,
20424,鷇,U+9DC7,kou4,kòu,fledglings,
20425,鷈,U+9DC8,ti1,tī,used in 鷿鷈|䴙䴘[pi4 ti1],小鷿鷈|角鷿鷈|赤頸鷿鷈
20426,鷉,U+9DC9,ti1|si1,tī|sī,variant of 鷈|䴘[ti1],鸊鷉
20427,鷊,U+9DCA,yi4,yì,pheasant,
20428,鷋,U+9DCB,tu2,tú,,
20429,鷌,U+9DCC,ma3,mǎ,,
20430,鷍,U+9DCD,xiao1,xiāo,,
20431,鷎,U+9DCE,gao1,gāo,,
20432,鷏,U+9DCF,tian2,tián,bird name,
20433,鷐,U+9DD0,chen2,chén,,
20434,鷑,U+9DD1,ji2,jí,,
20435,鷒,U+9DD2,tuan2,tuán,,
20436,鷓,U+9DD3,zhe4,zhè,partridge,中華鷓鴣|四川山鷓鴣|海南山鷓鴣
20437,鷔,U+9DD4,ao2|ao4,áo|ào,,
20438,鷕,U+9DD5,yao3|xiao4,yǎo|xiào,cry of hen pheasant,
20439,鷖,U+9DD6,yi1|yi4,yī|yì,"wigeon (Anas penelope, a Eurasian duck)",
20440,鷗,U+9DD7,ou1,ōu,common gull,三趾鷗|中賊鷗|剪嘴鷗
20441,鷘,U+9DD8,chi4,chì,,
20442,鷙,U+9DD9,zhi4|zhe2,zhì|zhé,fierce,陰鷙
20443,鷚,U+9DDA,liu4,liù,pipit (genus Anthus),北鷚|山鷚|布氏鷚
20444,鷛,U+9DDB,yong1,yōng,,
20445,鷜,U+9DDC,lv2|lv3,lǘ|lǚ,,
20446,鷝,U+9DDD,bi4,bì,,
20447,鷞,U+9DDE,shuang1|shuang3,shuāng|shuǎng,variant of 鸘|鹴[shuang1],
20448,鷟,U+9DDF,zhuo2,zhuó,used in 鸑鷟|𬸚𬸦[yue4 zhuo2],鸑鷟
20449,鷠,U+9DE0,yu2,yú,,
20450,鷡,U+9DE1,wu2,wú,,
20451,鷢,U+9DE2,jue2,jué,,
20452,鷣,U+9DE3,yin2,yín,,
20453,鷤,U+9DE4,ti2|tan2,tí|tán,,
20454,鷥,U+9DE5,si1,sī,heron,鷺鷥
20455,鷦,U+9DE6,jiao1,jiāo,eastern wren,小鱗胸鷦鶥|尼泊爾鷦鶥|山鷦鶯
20456,鷧,U+9DE7,yi4,yì,,
20457,鷨,U+9DE8,hua2,huá,,
20458,鷩,U+9DE9,bi4,bì,phasianus pictus,
20459,鷪,U+9DEA,ying1,yīng,,
20460,鷫,U+9DEB,su4,sù,used in 鷫鸘|鹔鹴[su4 shuang1],鷫鸘
20461,鷬,U+9DEC,huang2,huáng,black-naped oriole (Oriolus chinensis),
20462,鷭,U+9DED,fan2,fán,water-hen,
20463,鷮,U+9DEE,jiao1,jiāo,,
20464,鷯,U+9DEF,liao2,liáo,eastern wren,斑翅鷯鶥|楔嘴鷯鶥|淡喉鷯鶥
20465,鷰,U+9DF0,yan4,yàn,variant of 燕[yan4],
20466,鷱,U+9DF1,gao1,gāo,,
20467,鷲,U+9DF2,jiu4,jiù,vulture,兀鷲|海鷲|狗鷲
20468,鷳,U+9DF3,xian2,xián,variant of 鷴|鹇[xian2],白鷳|藍鷳|黑鷳
20469,鷴,U+9DF4,xian2,xián,silver pheasant (Phasianus nycthemerus),
20470,鷵,U+9DF5,tu2,tú,,
20471,鷶,U+9DF6,mai3,mǎi,,
20472,鷷,U+9DF7,zun1,zūn,,
20473,鷸,U+9DF8,yu4|shu4,yù|shù,common snipe,䴉嘴鷸|三趾濱鷸|丘鷸
20474,鷹,U+9DF9,ying1,yīng,eagle,不見兔子不撒鷹|中亞夜鷹|兀鷹
20475,鷺,U+9DFA,lu4,lù,heron,中白鷺|夜鷺|大白鷺
20476,鷻,U+9DFB,tuan2,tuán,,
20477,鷼,U+9DFC,xian2,xián,,
20478,鷽,U+9DFD,xue2,xué,various species of finch (old),
20479,鷾,U+9DFE,yi4,yì,a swallow,
20480,鷿,U+9DFF,pi4,pì,used in 鷿鷈|䴙䴘[pi4 ti1],小鷿鷈|角鷿鷈|赤頸鷿鷈
20481,鸀,U+9E00,chu3|zhu2|chu4,chǔ|zhú|chù,,
20482,鸁,U+9E01,luo2,luó,grebe,
20483,鸂,U+9E02,xi1|qi1,xī|qī,used in 鸂鶒|㶉𫛶[xi1 chi4],鸂鶒
20484,鸃,U+9E03,yi2,yí,,
20485,鸄,U+9E04,ji1,jī,,
20486,鸅,U+9E05,ze2,zé,,
20487,鸆,U+9E06,yu2,yú,,
20488,鸇,U+9E07,zhan1,zhān,sparrow hawk,
20489,鸈,U+9E08,ye4,yè,,
20490,鸉,U+9E09,yang2,yáng,,
20491,鸊,U+9E0A,pi4|bi4,pì|bì,variant of 鷿|䴙[pi4],鸊鷉
20492,鸋,U+9E0B,ning2,níng,,
20493,鸌,U+9E0C,hu4,hù,"(bound form) bird of the Procellariidae family, which includes shearwaters, gadfly petrels etc",暴雪鸌|曳尾鸌|灰鸌
20494,鸍,U+9E0D,mi2,mí,,
20495,鸎,U+9E0E,ying1,yīng,variant of 鶯|莺[ying1],
20496,鸏,U+9E0F,meng2|mang2,méng|máng,tropic bird,白尾鸏|紅嘴鸏|紅尾鸏
20497,鸐,U+9E10,di2,dí,Reeves's pheasant (Syrmaticus reevesii),
20498,鸑,U+9E11,yue4,yuè,used in 鸑鷟|𬸚𬸦[yue4 zhuo2],鸑鷟
20499,鸒,U+9E12,yu4,yù,the eastern jackdaw,
20500,鸓,U+9E13,lei3,lěi,flying squirrel,
20501,鸔,U+9E14,bu3,bǔ,,
20502,鸕,U+9E15,lu2,lú,used in 鸕鶿|鸬鹚[lu2 ci2],普通鸕鶿|暗綠背鸕鶿|海鸕鶿
20503,鸖,U+9E16,he4,hè,old variant of 鶴|鹤[he4],
20504,鸗,U+9E17,long2,lóng,,
20505,鸘,U+9E18,shuang1,shuāng,used in 鷫鸘|鹔鹴[su4 shuang1],鷫鸘
20506,鸙,U+9E19,yue4,yuè,,
20507,鸚,U+9E1A,ying1,yīng,(bound form) parrot,亞歷山大鸚鵡|啄羊鸚鵡|大紫胸鸚鵡
20508,鸛,U+9E1B,guan4|huan1|quan2,guàn|huān|quán,crane,大紅鸛|彩鸛|東方白鸛
20509,鸜,U+9E1C,qu2,qú,variant of 鴝|鸲[qu2],
20510,鸝,U+9E1D,li2,lí,Chinese oriole,印度金黃鸝|朱鸝|細嘴黃鸝
20511,鸞,U+9E1E,luan2,luán,mythical bird related to phoenix,孤鸞年|鏡鸞|顛鸞倒鳳
20512,鸟,U+9E1F,niao3|diao3,niǎo|diǎo,variant of 屌[diao3],一石二鸟|三宝鸟|三趾啄木鸟
20513,鸠,U+9E20,jiu1,jiū,turtledove,伊壁鸠鲁|厚嘴绿鸠|孟德斯鸠
20514,鸡,U+9E21,ji1,jī,fowl,一人得道，鸡犬升天|仔鸡|做鸡
20515,鸢,U+9E22,yuan1,yuān,kite (small hawk),栗鸢|纸鸢|鸢尾
20516,鸣,U+9E23,ming2,míng,"to cry (of birds, animals and insects)",一鸣惊人|不平则鸣|共鸣
20517,鸤,U+9E24,shi1,shī,turtledove,
20518,鸥,U+9E25,ou1,ōu,common gull,三趾鸥|中贼鸥|剪嘴鸥
20519,鸦,U+9E26,ya1,yā,crow,三趾鸦雀|北噪鸦|涂鸦
20520,鸧,U+9E27,cang1,cāng,used in 鶬鶊|鸧鹒[cang1 geng1],鸧鹒
20521,鸨,U+9E28,bao3,bǎo,Chinese bustard,大鸨|小鸨|波斑鸨
20522,鸩,U+9E29,zhen4,zhèn,legendary bird whose feathers can be used as poison,饮鸩止渴|鸩羽
20523,鸪,U+9E2A,gu1,gū,partridge,中华鹧鸪|四川山鹧鸪|水鹁鸪
20524,鸫,U+9E2B,dong1,dōng,thrush (bird of genus Turdus),仙八色鸫|光背地鸫|大场鸫
20525,鸬,U+9E2C,lu2,lú,used in 鸕鶿|鸬鹚[lu2 ci2],普通鸬鹚|暗绿背鸬鹚|海鸬鹚
20526,鸭,U+9E2D,ya1,yā,duck (CL:隻|只[zhi1]),丑鸭|中华秋沙鸭|做鸭
20527,鸮,U+9E2E,xiao1,xiāo,owl (order Strigiformes),北领角鸮|四川林鸮|东仓鸮
20528,鸯,U+9E2F,yang1,yāng,used in 鴛鴦|鸳鸯[yuan1 yang1],棒打鸳鸯|野鸳鸯|鸳鸯
20529,鸰,U+9E30,ling2,líng,used in 鶺鴒|鹡鸰[ji2 ling2],大斑鹡鸰|山鹡鸰|日本鹡鸰
20530,鸱,U+9E31,chi1,chī,scops owl,鸱枭|鸱甍|鸱鸮
20531,鸲,U+9E32,qu2,qú,"(bound form, used in the names of various kinds of bird, esp. robins and redstarts)",北红尾鸲|新疆歌鸲|日本歌鸲
20532,鸳,U+9E33,yuan1,yuān,mandarin duck,棒打鸳鸯|野鸳鸯|鸳绮
20533,鸴,U+9E34,xue2,xué,various species of finch (old),
20534,鸵,U+9E35,tuo2,tuó,ostrich,小美洲鸵|美洲鸵|鸵鸟
20535,鸶,U+9E36,si1,sī,heron,鹭鸶
20536,鸷,U+9E37,zhi4,zhì,fierce,阴鸷
20537,鸸,U+9E38,er2,ér,used in 鴯鶓|鸸鹋[er2 miao2],鸸鹋
20538,鸹,U+9E39,gua1,guā,used in 老鴰|老鸹[lao3 gua5],老鸹
20539,鸺,U+9E3A,xiu1,xiū,used in 鵂鶹|鸺鹠[xiu1 liu2],斑头鸺鹠|领鸺鹠|鸺鹠
20540,鸻,U+9E3B,heng2,héng,plover,剑鸻|大石鸻|小嘴鸻
20541,鸼,U+9E3C,zhou1,zhōu,used in 鶻鵃|鹘鸼[gu3 zhou1],鹘鸼
20542,鸽,U+9E3D,ge1,gē,pigeon; dove,中亚鸽|信鸽|传书鸽
20543,鸾,U+9E3E,luan2,luán,mythical bird related to phoenix,孤鸾年|镜鸾|颠鸾倒凤
20544,鸿,U+9E3F,hong2,hóng,eastern bean goose,来鸿|来鸿去燕|哀鸿遍野
20545,鹀,U+9E40,wu2,wú,(bound form) bunting (bird of genus Emberiza),三道眉草鹀|圃鹀|小鹀
20546,鹁,U+9E41,bo2,bó,woodpidgeon,水鹁鸪|鹁鸠|鹁鸪
20547,鹂,U+9E42,li2,lí,Chinese oriole,印度金黄鹂|朱鹂|细嘴黄鹂
20548,鹃,U+9E43,juan1,juān,cuckoo,八声杜鹃|北方中杜鹃|北鹰鹃
20549,鹄,U+9E44,gu3|hu2,gǔ|hú,center or bull's eye of an archery target (old),刻鹄类鹜|燕雀安知鸿鹄之志|燕雀焉知鸿鹄之志
20550,鹅,U+9E45,e2,é,variant of 鵝|鹅[e2],企鹅|千里寄鹅毛|千里送鹅毛
20551,鹆,U+9E46,yu4,yù,mynah,鸲鹆
20552,鹇,U+9E47,xian2,xián,variant of 鷴|鹇[xian2],白鹇|蓝鹇|黑鹇
20553,鹈,U+9E48,ti2,tí,used in 鵜鶘|鹈鹕[ti2 hu2],卷羽鹈鹕|斑嘴鹈鹕|白鹈鹕
20554,鹉,U+9E49,wu3,wǔ,used in 鸚鵡|鹦鹉[ying1 wu3],亚历山大鹦鹉|啄羊鹦鹉|大紫胸鹦鹉
20555,鹊,U+9E4A,que4,què,magpie,印支绿鹊|喜鹊|塔尾树鹊
20556,鹋,U+9E4B,miao2,miáo,used in 鴯鶓|鸸鹋[er2 miao2],鸸鹋
20557,鹌,U+9E4C,an1,ān,used in 鵪鶉|鹌鹑[an1 chun2],日本鹌鹑|西鹌鹑|鹌鹑
20558,鹍,U+9E4D,kun1,kūn,see 鵾雞|鹍鸡[kun1 ji1],鹍弦|鹍鸡
20559,鹎,U+9E4E,bei1,bēi,the Pycnonotidae or bulbul family of birds,大绿雀鹎|栗耳短脚鹎|栗背短脚鹎
20560,鹏,U+9E4F,peng2,péng,"Peng, large fabulous bird",大鹏|大鹏鸟|李亚鹏
20561,鹐,U+9E50,qian1,qiān,(of a bird) to peck,
20562,鹑,U+9E51,chun2,chún,(bound form) quail,四川雉鹑|斑翅山鹑|日本鹌鹑
20563,鹒,U+9E52,geng1,gēng,used in 鶬鶊|鸧鹒[cang1 geng1],鸧鹒
20564,鹓,U+9E53,yuan1,yuān,firebird (mythology),
20565,鹔,U+9E54,su4,sù,used in 鷫鸘|鹔鹴[su4 shuang1],鹔鹴
20566,鹕,U+9E55,hu2,hú,used in 鵜鶘|鹈鹕[ti2 hu2],卷羽鹈鹕|斑嘴鹈鹕|白鹈鹕
20567,鹖,U+9E56,he2,hé,crossbill,
20568,鹗,U+9E57,e4,è,(bird species of China) osprey (Pandion haliaetus),刘鹗
20569,鹘,U+9E58,gu3|hu2,gǔ|hú,used in 鶻鵃|鹘鸼[gu3 zhou1],回鹘|鹘鸼
20570,鹙,U+9E59,qiu1,qiū,see 鶖鷺|鹙鹭[qiu1 lu4],鹙鹭
20571,鹚,U+9E5A,ci2,cí,used in 鸕鶿|鸬鹚[lu2 ci2],普通鸬鹚|暗绿背鸬鹚|海鸬鹚
20572,鹛,U+9E5B,mei2,méi,babbler (bird),剑嘴鹛|印缅褐头雀鹛|大噪鹛
20573,鹜,U+9E5C,wu4,wù,duck,刻鹄类鹜|趋之若鹜|鸡鹜
20574,鹝,U+9E5D,yi4,yì,pheasant,
20575,鹞,U+9E5E,yao4,yào,sparrow hawk,乌灰鹞|白尾鹞|白腹鹞
20576,鹟,U+9E5F,weng1,wēng,flycatcher (bird),中华仙鹟|侏蓝仙鹟|大仙鹟
20577,鹠,U+9E60,liu2,liú,used in 鵂鶹|鸺鹠[xiu1 liu2],斑头鸺鹠|领鸺鹠|鸺鹠
20578,鹡,U+9E61,ji2,jí,used in 鶺鴒|鹡鸰[ji2 ling2],大斑鹡鸰|山鹡鸰|日本鹡鸰
20579,鹢,U+9E62,yi4,yì,a kind of aquatic bird,
20580,鹣,U+9E63,jian1,jiān,mythical bird with one eye and one wing,鲽鹣|鹣鲽|鹣鹣
20581,鹤,U+9E64,he4,hè,crane,一琴一鹤|丹顶鹤|乘鹤
20582,鹥,U+9E65,yi1,yī,"wigeon (Anas penelope, a Eurasian duck)",
20583,鹦,U+9E66,ying1,yīng,(bound form) parrot,亚历山大鹦鹉|啄羊鹦鹉|大紫胸鹦鹉
20584,鹧,U+9E67,zhe4,zhè,partridge,中华鹧鸪|四川山鹧鸪|海南山鹧鸪
20585,鹨,U+9E68,liu4,liù,pipit (genus Anthus),北鹨|山鹨|布氏鹨
20586,鹩,U+9E69,liao2,liáo,eastern wren,斑翅鹩鹛|楔嘴鹩鹛|淡喉鹩鹛
20587,鹪,U+9E6A,jiao1,jiāo,eastern wren,小鳞胸鹪鹛|尼泊尔鹪鹛|山鹪莺
20588,鹫,U+9E6B,jiu4,jiù,vulture,兀鹫|海鹫|狗鹫
20589,鹬,U+9E6C,yu4,yù,common snipe,鹮嘴鹬|三趾滨鹬|丘鹬
20590,鹭,U+9E6D,lu4,lù,heron,中白鹭|夜鹭|大白鹭
20591,鹮,U+9E6E,huan2,huán,spoonbill,鹮嘴鹬|彩鹮|朱鹮
20592,鹯,U+9E6F,zhan1,zhān,sparrow hawk,
20593,鹰,U+9E70,ying1,yīng,eagle,不见兔子不撒鹰|中亚夜鹰|兀鹰
20594,鹱,U+9E71,hu4,hù,"(bound form) bird of the Procellariidae family, which includes shearwaters, gadfly petrels etc",暴雪鹱|曳尾鹱|灰鹱
20595,鹲,U+9E72,meng2,méng,tropic bird,白尾鹲|红嘴鹲|红尾鹲
20596,鹳,U+9E73,guan4,guàn,crane,大红鹳|彩鹳|东方白鹳
20597,鹴,U+9E74,shuang1,shuāng,used in 鷫鸘|鹔鹴[su4 shuang1],鹔鹴
20598,鹵,U+9E75,lu3|lu2,lǔ|lú,alkaline soil,光鹵石|擬鹵素|斥鹵
20599,鹶,U+9E76,jin1,jīn,,
20600,鹷,U+9E77,ling2,líng,,
20601,鹸,U+9E78,jian3,jiǎn,Japanese variant of 鹼|碱[jian3],
20602,鹹,U+9E79,xian2|jian3,xián|jiǎn,salted,鹹水|鹹水妹|鹹水湖
20603,鹺,U+9E7A,cuo2,cuó,brine,
20604,鹻,U+9E7B,jian3,jiǎn,variant of 鹼|碱[jian3],
20605,鹼,U+9E7C,jian3,jiǎn,(chemistry) base; alkali; soda,三尖杉酯鹼|乙酰膽鹼|千鹼基對
20606,鹽,U+9E7D,yan2|yan4,yán|yàn,salt,乙酸鹽|井鹽|亞硝酸鹽
20607,鹾,U+9E7E,cuo2,cuó,brine,
20608,鹿,U+9E7F,lu4|lv2,lù|lǘ,deer,三鹿|三鹿集團|三鹿集团
20609,麀,U+9E80,you1,yōu,female deer,
20610,麁,U+9E81,cu1,cū,variant of 麤|粗[cu1],
20611,麂,U+9E82,ji3,jǐ,muntjac,麂皮
20612,麃,U+9E83,pao2|biao1|piao3,páo|biāo|piǎo,to weed,
20613,麄,U+9E84,cu1,cū,variant of 粗[cu1],
20614,麅,U+9E85,pao2,páo,variant of 狍[pao2],
20615,麆,U+9E86,zhu4|cu1,zhù|cū,,
20616,麇,U+9E87,jun1|qun2,jūn|qún,hornless deer,麇集
20617,麈,U+9E88,zhu3,zhǔ,leader of herd,揮麈|挥麈
20618,麉,U+9E89,jian1,jiān,,
20619,麊,U+9E8A,mi2,mí,,
20620,麋,U+9E8B,mi2,mí,surname Mi,麋鹿
20621,麌,U+9E8C,yu3,yǔ,stag,
20622,麍,U+9E8D,liu2,liú,,
20623,麎,U+9E8E,chen2,chén,,
20624,麏,U+9E8F,jun1,jūn,,
20625,麐,U+9E90,lin2,lín,variant of 麟[lin2],
20626,麑,U+9E91,ni2,ní,fawn,
20627,麒,U+9E92,qi2,qí,used in 麒麟[qi2 lin2],麒麟|麒麟區|麒麟区
20628,麓,U+9E93,lu4,lù,foot of a hill,山麓|岳麓山|嶽麓
20629,麔,U+9E94,jiu4,jiù,,
20630,麕,U+9E95,jun1|qun2,jūn|qún,variant of 麇[jun1],
20631,麖,U+9E96,jing1,jīng,red deer,
20632,麗,U+9E97,li4|li2|li3|si1,lì|lí|lǐ|sī,Korea,亮麗|伊麗莎白|佳麗
20633,麘,U+9E98,xiang1,xiāng,,
20634,麙,U+9E99,xian2|yan2,xián|yán,,
20635,麚,U+9E9A,jia1,jiā,buck,
20636,麛,U+9E9B,mi2,mí,fawn,
20637,麜,U+9E9C,li4,lì,,
20638,麝,U+9E9D,she4,shè,musk deer (Moschus moschiferus),蘭麝|兰麝|麝牛
20639,麞,U+9E9E,zhang1,zhāng,variant of 獐[zhang1],
20640,麟,U+9E9F,lin2,lín,variant of 麟[lin2],湯玉麟|汤玉麟|章炳麟
20641,麠,U+9EA0,jing1,jīng,red deer,
20642,麡,U+9EA1,qi2,qí,,
20643,麢,U+9EA2,ling2,líng,,
20644,麣,U+9EA3,yan2,yán,goat (archaic),
20645,麤,U+9EA4,cu1,cū,remote; distant,
20646,麥,U+9EA5,mai4,mài,surname Mai,不辨菽麥|丹麥|丹麥包
20647,麦,U+9EA6,mai4,mài,surname Mai,不辨菽麦|丹麦|丹麦包
20648,麧,U+9EA7,he2,hé,,
20649,麨,U+9EA8,chao3,chǎo,,
20650,麩,U+9EA9,fu1,fū,bran,烤麩|無麩質|無麩質飲食
20651,麪,U+9EAA,mian4,miàn,variant of 麵|面[mian4],
20652,麫,U+9EAB,mian4,miàn,variant of 麵|面[mian4],
20653,麬,U+9EAC,fu1,fū,,
20654,麭,U+9EAD,pao4,pào,pastry,
20655,麮,U+9EAE,qu4,qù,porridge,
20656,麯,U+9EAF,qu1,qū,variant of 麴|曲[qu1],
20657,麰,U+9EB0,mou2,móu,barley,
20658,麱,U+9EB1,fu1,fū,,
20659,麲,U+9EB2,xian4|yan4,xiàn|yàn,,
20660,麳,U+9EB3,lai2,lái,,
20661,麴,U+9EB4,qu1,qū,"fermentation starter; leaven (molds, yeasts or bacteria used in fermenting soy products or brewing etc)",米麴菌|紅麴|紅麴米
20662,麵,U+9EB5,mian4,miàn,flour,丁丁炒麵|下麵|中筋麵粉
20663,麶,U+9EB6,chi,chi,,
20664,麷,U+9EB7,feng1,fēng,,
20665,麸,U+9EB8,fu1,fū,variant of 麩|麸[fu1],烤麸|无麸质|无麸质饮食
20666,麹,U+9EB9,qu1,qū,surname Qu,
20667,麺,U+9EBA,mian4,miàn,old variant of 麵|面[mian4],
20668,麻,U+9EBB,ma2|ma1,má|mā,hemp (variant of 麻[ma2]),主麻|主麻日|亂麻
20669,麼,U+9EBC,me,me,exclamatory final particle,不怎麼|不怎麼樣|么麼小醜
20670,麽,U+9EBD,mo2|ma2|ma|me,mó|má|ma|me,tiny,幺麽小丑|像那麽回事兒|怎麽
20671,麾,U+9EBE,hui1,huī,signal flag,麾下
20672,麿,U+9EBF,mi2,mí,"(Japanese kokuji) I, me (archaic)",近衛文麿|近卫文麿
20673,黀,U+9EC0,zou1,zōu,hemp stem,
20674,黁,U+9EC1,nun2,nún,warm and fragrant,
20675,黂,U+9EC2,fen2,fén,,
20676,黃,U+9EC3,huang2,huáng,surname Huang or Hwang,不到黃河心不死|乳黃色|二黃
20677,黄,U+9EC4,huang2,huáng,surname Huang or Hwang,不到黄河心不死|乳黄色|二黄
20678,黅,U+9EC5,jin1,jīn,,
20679,黆,U+9EC6,guang1,guāng,,
20680,黇,U+9EC7,tian1,tiān,used in 黇鹿[tian1 lu4],黇鹿
20681,黈,U+9EC8,tou3,tǒu,a yellow color,
20682,黉,U+9EC9,hong2,hóng,school,黉舍
20683,黊,U+9ECA,hua4,huà,,
20684,黋,U+9ECB,kuang4,kuàng,,
20685,黌,U+9ECC,hong2,hóng,school,黌舍
20686,黍,U+9ECD,shu3,shǔ,broomcorn millet,怪蜀黍|玉蜀黍|黍鵐
20687,黎,U+9ECE,li2,lí,Li ethnic group of Hainan Province,保亭黎族苗族自治縣|保亭黎族苗族自治县|哥斯大黎加
20688,黏,U+9ECF,nian2,nián,sticky; glutinous,副黏液病毒|沾黏|濕黏
20689,黐,U+9ED0,chi1|li2,chī|lí,birdlime,黐線|黐线|黐膠
20690,黑,U+9ED1,hei1,hēi,abbr. for Heilongjiang province 黑龍江|黑龙江[Hei1 long2 jiang1],一團漆黑|一团漆黑|一條路走到黑
20691,黒,U+9ED2,hei1,hēi,Japanese variant of 黑,
20692,黓,U+9ED3,yi4,yì,black,
20693,黔,U+9ED4,qian2,qián,abbr. for Guizhou province 貴州|贵州[Gui4 zhou1],湘黔|黔南|黔南州
20694,黕,U+9ED5,dan3,dǎn,red,
20695,黖,U+9ED6,xi4,xì,,
20696,黗,U+9ED7,tun1,tūn,yellowish-black,
20697,默,U+9ED8,mo4,mò,silent,利勒哈默爾|利勒哈默尔|利默里克
20698,黙,U+9ED9,mo4,mò,Japanese variant of 默,
20699,黚,U+9EDA,qian2|jian1,qián|jiān,,
20700,黛,U+9EDB,dai4,dài,umber-black dye for painting the eyebrow,史黛西|奧黛|奥黛
20701,黜,U+9EDC,chu4,chù,to dismiss from office,免黜|廢黜|废黜
20702,黝,U+9EDD,you3|yi1,yǒu|yī,black,黝暗|黝黑
20703,點,U+9EDE,dian3|zhan1|duo4,diǎn|zhān|duò,to touch briefly; to tap,G點|一丁點|一星半點
20704,黟,U+9EDF,yi1,yī,black and shining ebony,黟縣|黟县
20705,黠,U+9EE0,xia2,xiá,(phonetic),慧黠|狡黠
20706,黡,U+9EE1,yan3,yǎn,black spots on body,
20707,黢,U+9EE2,qu1,qū,black,黑黢黢|黢黑
20708,黣,U+9EE3,mei3,měi,,
20709,黤,U+9EE4,yan3,yǎn,,
20710,黥,U+9EE5,qing2,qíng,surname Qing,黥面
20711,黦,U+9EE6,yue4|ye4,yuè|yè,yellowish black,
20712,黧,U+9EE7,li2|lai2,lí|lái,dark,黧黑
20713,黨,U+9EE8,dang3|tang3|cheng4,dǎng|tǎng|chèng,surname Dang,一黨|一黨專制|三K黨
20714,黩,U+9EE9,du2,dú,blacken,穷兵黩武|黩武
20715,黪,U+9EEA,can3,cǎn,dark,
20716,黫,U+9EEB,yan1,yān,,
20717,黬,U+9EEC,yan2|yan3|jian1,yán|yǎn|jiān,,
20718,黭,U+9EED,yan3,yǎn,,
20719,黮,U+9EEE,dan3|tan4|zhen4|shen4,dǎn|tàn|zhèn|shèn,"black, dark",
20720,黯,U+9EEF,an4|an1,àn|ān,(bound form) dark; dull (color); dim; gloomy,淒黯|凄黯|黯淡
20721,黰,U+9EF0,zhen3|yan1,zhěn|yān,bushy black hair,
20722,黱,U+9EF1,dai4|zhen4,dài|zhèn,old variant of 黛[dai4],
20723,黲,U+9EF2,can3,cǎn,dark,
20724,黳,U+9EF3,yi1|wa1,yī|wā,,
20725,黴,U+9EF4,mei2|mei4,méi|mèi,variant of 霉[mei2],毛黴菌病|紅黴素|肺炎黴漿菌
20726,黵,U+9EF5,zhan3|dan3,zhǎn|dǎn,,
20727,黶,U+9EF6,yan3,yǎn,black spots on body,
20728,黷,U+9EF7,du2,dú,blacken,窮兵黷武|黷武
20729,黸,U+9EF8,lu2,lú,,
20730,黹,U+9EF9,zhi3|xian4,zhǐ|xiàn,embroidery,
20731,黺,U+9EFA,fen3,fěn,,
20732,黻,U+9EFB,fu2,fú,(archaic) embroidery using black and blue thread,
20733,黼,U+9EFC,fu3,fǔ,"(archaic) motif of axes with black handles and white heads, a symbol of authority embroidered on ceremonial robes",
20734,黽,U+9EFD,mian3|meng3|min3|meng2,miǎn|měng|mǐn|méng,toad,
20735,黾,U+9EFE,min3|mian3|meng3,mǐn|miǎn|měng,toad,
20736,黿,U+9EFF,yuan2,yuán,sea turtle,黿魚
20737,鼀,U+9F00,cu4,cù,,
20738,鼁,U+9F01,qu4,qù,,
20739,鼂,U+9F02,chao2|zhao1,cháo|zhāo,surname Chao,
20740,鼃,U+9F03,wa1,wā,old variant of 蛙[wa1],
20741,鼄,U+9F04,zhu1,zhū,old variant of 蛛[zhu1],
20742,鼅,U+9F05,zhi1,zhī,old variant of 蜘[zhi1],
20743,鼆,U+9F06,meng2|meng3,méng|měng,,
20744,鼇,U+9F07,ao2,áo,variant of 鰲|鳌[ao2],
20745,鼈,U+9F08,bie1,biē,variant of 鱉|鳖[bie1],
20746,鼉,U+9F09,tuo2,tuó,see 鼉龍|鼍龙[tuo2 long2],鼉龍
20747,鼊,U+9F0A,bi4,bì,,
20748,鼋,U+9F0B,yuan2,yuán,sea turtle,鼋鱼
20749,鼌,U+9F0C,chao2,cháo,,
20750,鼍,U+9F0D,tuo2,tuó,see 鼉龍|鼍龙[tuo2 long2],鼍龙
20751,鼎,U+9F0E,ding3|zhen1,dǐng|zhēn,ancient cooking cauldron with two looped handles and three or four legs,一言九鼎|三權鼎立|三权鼎立
20752,鼏,U+9F0F,mi4,mì,cover of tripod kettle,
20753,鼐,U+9F10,nai4,nài,incense tripod,
20754,鼑,U+9F11,ding3,dǐng,,
20755,鼒,U+9F12,zi1,zī,tripod with a small opening on top,
20756,鼓,U+9F13,gu3,gǔ,old variant of 鼓[gu3],一鼓作氣|一鼓作气|令人鼓舞
20757,鼔,U+9F14,gu3,gǔ,,
20758,鼕,U+9F15,dong1|tong2,dōng|tóng,surname Dong,
20759,鼖,U+9F16,fen2,fén,large brass drum,
20760,鼗,U+9F17,tao2,táo,see 撥浪鼓|拨浪鼓[bo1 lang5 gu3],
20761,鼘,U+9F18,yuan1,yuān,,
20762,鼙,U+9F19,pi2,pí,drum carried on horseback,
20763,鼚,U+9F1A,chang1,chāng,sound of drum,
20764,鼛,U+9F1B,gao1,gāo,large drum,
20765,鼜,U+9F1C,qi4|cao4,qì|cào,,
20766,鼝,U+9F1D,yuan1,yuān,,
20767,鼞,U+9F1E,tang1,tāng,,
20768,鼟,U+9F1F,teng1,tēng,(onom.) the thump of a big drum,
20769,鼠,U+9F20,shu3,shǔ,(bound form) rat; mouse,一粒老鼠屎壞了一鍋粥|一粒老鼠屎坏了一锅粥|一顆老鼠屎壞了一鍋湯
20770,鼡,U+9F21,shu3,shǔ,variant of 鼠[shu3],
20771,鼢,U+9F22,fen2,fén,used in 鼢鼠[fen2 shu3],鼢鼠
20772,鼣,U+9F23,fei4,fèi,,
20773,鼤,U+9F24,wen2|wen4,wén|wèn,,
20774,鼥,U+9F25,ba2|fei4,bá|fèi,,
20775,鼦,U+9F26,diao1,diāo,,
20776,鼧,U+9F27,tuo2,tuó,,
20777,鼨,U+9F28,zhong1,zhōng,,
20778,鼩,U+9F29,qu2,qú,used in 鼩鼱[qu2 jing1],鼩鼱
20779,鼪,U+9F2A,sheng1,shēng,stoat,
20780,鼫,U+9F2B,shi2,shí,long-tailed marmot,
20781,鼬,U+9F2C,you4,yòu,(zoology) weasel,伶鼬|臭鼬|艾鼬
20782,鼭,U+9F2D,shi2,shí,a kind of rat,
20783,鼮,U+9F2E,ting2,tíng,,
20784,鼯,U+9F2F,wu2,wú,flying squirrel,羽尾袋鼯|蜜袋鼯|鼯鼠
20785,鼰,U+9F30,ju2,jú,,
20786,鼱,U+9F31,jing1,jīng,used in 鼩鼱[qu2 jing1],鼩鼱
20787,鼲,U+9F32,hun2,hún,,
20788,鼳,U+9F33,ju2|xi2,jú|xí,,
20789,鼴,U+9F34,yan3,yǎn,mole,針鼴|鼴鼠|鼴鼠皮
20790,鼵,U+9F35,tu1,tū,,
20791,鼶,U+9F36,si1,sī,,
20792,鼷,U+9F37,xi1,xī,used in 鼷鼠[xi1 shu3],鼷鼠
20793,鼸,U+9F38,xian4,xiàn,,
20794,鼹,U+9F39,yan3,yǎn,mole,针鼹|鼹鼠|鼹鼠皮
20795,鼺,U+9F3A,lei2,léi,,
20796,鼻,U+9F3B,bi2,bí,nose,一把眼淚一把鼻涕|一把眼泪一把鼻涕|一鼻孔出氣
20797,鼼,U+9F3C,yao4,yào,,
20798,鼽,U+9F3D,qiu2,qiú,congested nose,
20799,鼾,U+9F3E,han1,hān,snore,打鼾|鼾聲|鼾声
20800,鼿,U+9F3F,wu4|hui1,wù|huī,,
20801,齀,U+9F40,wu4,wù,,
20802,齁,U+9F41,hou1|ku4,hōu|kù,to snore,齁甜|齁鹹|齁咸
20803,齂,U+9F42,xie4,xiè,,
20804,齃,U+9F43,e4|he4,è|hè,,
20805,齄,U+9F44,zha1,zhā,,
20806,齅,U+9F45,xiu4,xiù,,
20807,齆,U+9F46,weng4,wèng,stuffy (nose),
20808,齇,U+9F47,zha1,zhā,rosacea,
20809,齈,U+9F48,nong4,nòng,cold in the head catarrh of the nose,
20810,齉,U+9F49,nang4,nàng,stuffy (nose),
20811,齊,U+9F4A,qi2|ji1|ji4|zi1|zhai1|jian3,qí|jī|jì|zī|zhāi|jiǎn,(name of states and dynasties at several different periods),一齊|並駕齊驅|亞齊
20812,齋,U+9F4B,zhai1,zhāi,"to fast or abstain from meat, wine etc",化齋|吃齋|四旬齋
20813,齌,U+9F4C,ji4,jì,used in 齌怒[ji4 nu4],齌怒
20814,齍,U+9F4D,zi1|ji4,zī|jì,,
20815,齎,U+9F4E,ji1,jī,(literary) to harbor (a feeling),齎恨
20816,齏,U+9F4F,ji1,jī,finely chopped meat or vegetables,齏粉
20817,齐,U+9F50,qi2|ji4,qí|jì,(name of states and dynasties at several different periods),一齐|并驾齐驱|亚齐
20818,齑,U+9F51,ji1,jī,finely chopped meat or vegetables,齑粉
20819,齒,U+9F52,chi3,chǐ,tooth,上顎正門齒|上齒|下齒
20820,齓,U+9F53,chen4,chèn,,
20821,齔,U+9F54,chen4,chèn,to replace the milk teeth,
20822,齕,U+9F55,he2,hé,(literary) to gnaw; to bite,
20823,齖,U+9F56,ya2|ya4,yá|yà,,
20824,齗,U+9F57,yin2|yin3|yan3,yín|yǐn|yǎn,old variant of 齦|龈[yin2],
20825,齘,U+9F58,xie4,xiè,,
20826,齙,U+9F59,bao1,bāo,(of a bucktooth) to protrude; to stick out,齙牙
20827,齚,U+9F5A,ze2,zé,variant of 齰[ze2],
20828,齛,U+9F5B,xie4|shi4,xiè|shì,,
20829,齜,U+9F5C,chai2|zi1,chái|zī,projecting teeth,齜牙咧嘴
20830,齝,U+9F5D,chi1,chī,,
20831,齞,U+9F5E,yan3,yǎn,to display the teeth,
20832,齟,U+9F5F,ju3|zha1,jǔ|zhā,used in 齟齬|龃龉[ju3 yu3],齟齬
20833,齠,U+9F60,tiao2,tiáo,shed the milk teeth,
20834,齡,U+9F61,ling2,líng,age,低齡|低齡化|低齡犯罪
20835,齢,U+9F62,ling2,líng,Japanese variant of 齡|龄,
20836,齣,U+9F63,chu1|chi3,chū|chǐ,variant of 出[chu1] (classifier for plays or chapters of classical novels),
20837,齤,U+9F64,quan2,quán,,
20838,齥,U+9F65,xie4,xiè,,
20839,齦,U+9F66,ken3|qian3|yin2|kun3,kěn|qiǎn|yín|kǔn,variant of 啃[ken3],牙齦|牙齦炎|軟齦音
20840,齧,U+9F67,nie4,niè,surname Nie,咬齧|齧咬
20841,齨,U+9F68,jiu4,jiù,,
20842,齩,U+9F69,yao3,yǎo,variant of 咬[yao3],
20843,齪,U+9F6A,chuo4,chuò,used in 齷齪|龌龊[wo4 chuo4],卑鄙齷齪|卑陋齷齪|齷齪
20844,齫,U+9F6B,yun3,yǔn,,
20845,齬,U+9F6C,yu3|wu2,yǔ|wú,used in 齟齬|龃龉[ju3 yu3],齟齬
20846,齭,U+9F6D,chu3,chǔ,,
20847,齮,U+9F6E,yi3|qi3,yǐ|qǐ,surname Yi,
20848,齯,U+9F6F,ni2,ní,teeth grown in old age,
20849,齰,U+9F70,ze2|ce4|zha4,zé|cè|zhà,to bite,
20850,齱,U+9F71,zou1|chuo4,zōu|chuò,used in 齱齵|𱌶𱌹[zou1 yu2],齱齵
20851,齲,U+9F72,qu3,qǔ,decayed teeth,防齲|齒齲|齲洞
20852,齳,U+9F73,yun3,yǔn,,
20853,齴,U+9F74,yan3,yǎn,,
20854,齵,U+9F75,ou2|yu2,óu|yú,used in 齱齵|𱌶𱌹[zou1 yu2],齱齵
20855,齶,U+9F76,e4,è,palate,軟齶|軟齶音|齦齶音
20856,齷,U+9F77,wo4,wò,dirty,卑鄙齷齪|卑陋齷齪|黑齷
20857,齸,U+9F78,yi4,yì,,
20858,齹,U+9F79,ci1|cuo2,cī|cuó,,
20859,齺,U+9F7A,zou1,zōu,,
20860,齻,U+9F7B,dian1,diān,,
20861,齼,U+9F7C,chu3,chǔ,,
20862,齽,U+9F7D,jin4,jìn,,
20863,齾,U+9F7E,ya4|e4,yà|è,dented,
20864,齿,U+9F7F,chi3,chǐ,tooth,上颚正门齿|上齿|下齿
20865,龀,U+9F80,chen4,chèn,to replace the milk teeth,
20866,龁,U+9F81,he2,hé,(literary) to gnaw; to bite,
20867,龂,U+9F82,yin2,yín,old variant of 齦|龈[yin2],
20868,龃,U+9F83,ju3,jǔ,used in 齟齬|龃龉[ju3 yu3],龃龉
20869,龄,U+9F84,ling2,líng,age,低龄|低龄化|低龄犯罪
20870,龅,U+9F85,bao1,bāo,(of a bucktooth) to protrude; to stick out,龅牙
20871,龆,U+9F86,tiao2,tiáo,shed the milk teeth,
20872,龇,U+9F87,zi1,zī,projecting teeth,龇牙咧嘴
20873,龈,U+9F88,ken3|yin2,kěn|yín,variant of 啃[ken3],牙龈|牙龈炎|软龈音
20874,龉,U+9F89,yu3,yǔ,used in 齟齬|龃龉[ju3 yu3],龃龉
20875,龊,U+9F8A,chuo4,chuò,used in 齷齪|龌龊[wo4 chuo4],卑鄙龌龊|卑陋龌龊|龌龊
20876,龋,U+9F8B,qu3,qǔ,decayed teeth,防龋|齿龋|龋洞
20877,龌,U+9F8C,wo4,wò,dirty,卑鄙龌龊|卑陋龌龊|黑龌
20878,龍,U+9F8D,long2|mang2,lóng|máng,surname Long,一條龍|一條龍服務|七龍珠
20879,龎,U+9F8E,pang2,páng,"variant of 龐|庞[pang2], huge",
20880,龏,U+9F8F,gong1|wo4,gōng|wò,,
20881,龐,U+9F90,pang2|long2,páng|lóng,surname Pang,勒龐|臉龐|詹姆斯·龐德
20882,龑,U+9F91,yan3,yǎn,high and bright,
20883,龒,U+9F92,long2,lóng,old variant of 龍|龙[long2],
20884,龓,U+9F93,long3|long2,lǒng|lóng,,
20885,龔,U+9F94,gong1,gōng,surname Gong,龔古爾|龔自珍
20886,龕,U+9F95,kan1|ke4,kān|kè,(bound form) niche; shrine,佛龕|壁龕|神龕
20887,龖,U+9F96,da2,dá,a vista of a dragon in flight,
20888,龗,U+9F97,ling2,líng,dragon,
20889,龘,U+9F98,da2,dá,old variant of 龖[da2],
20890,龙,U+9F99,long2,lóng,surname Long,一条龙|一条龙服务|七龙珠
20891,龚,U+9F9A,gong1,gōng,surname Gong,龚古尔|龚自珍
20892,龛,U+9F9B,kan1,kān,(bound form) niche; shrine,佛龛|壁龛|神龛
20893,龜,U+9F9C,gui1|qiu1|jun1,guī|qiū|jūn,tortoise; turtle,九尾龜|冊府元龜|忍者神龜
20894,龝,U+9F9D,qiu1,qiū,old variant of 秋[qiu1],
20895,龞,U+9F9E,bie1,biē,,
20896,龟,U+9F9F,gui1|jun1|qiu1,guī|jūn|qiū,tortoise; turtle,九尾龟|册府元龟|忍者神龟
20897,龠,U+9FA0,yue4,yuè,"ancient unit of volume (half a 合[ge3], equivalent to 50ml)",橐龠|管龠
20898,龡,U+9FA1,chui1,chuī,to blow (a flute),
20899,龢,U+9FA2,he2,hé,(literary) harmonious (variant of 和[he2]),
20900,龣,U+9FA3,jue2,jué,,
20901,龤,U+9FA4,xie2,xié,to harmonize,
20902,龥,U+9FA5,yu4,yù,variant of 籲|吁[yu4],
20903,龦,U+9FA6,龦,龦,,
20904,龧,U+9FA7,龧,龧,,
20905,龨,U+9FA8,龨,龨,,
20906,龩,U+9FA9,龩,龩,,
20907,龪,U+9FAA,zhan1,zhān,,
20908,龫,U+9FAB,龫,龫,,
20909,龬,U+9FAC,wang3,wǎng,,
20910,龭,U+9FAD,龭,龭,,
20911,龮,U+9FAE,龮,龮,,
20912,龯,U+9FAF,龯,龯,,
20913,龰,U+9FB0,zou3,zǒu,,
20914,龱,U+9FB1,龱,龱,,
20915,龲,U+9FB2,龲,龲,,
20916,龳,U+9FB3,龳,龳,,
20917,龴,U+9FB4,龴,龴,,
20918,龵,U+9FB5,shou3,shǒu,,
20919,龶,U+9FB6,龶,龶,"component in Chinese characters, occurring in 青, 毒, 素 etc, referred to as 青字頭|青字头[qing1 zi4 tou2]",
20920,龷,U+9FB7,龷,龷,,
20921,龸,U+9FB8,龸,龸,,
20922,龹,U+9FB9,龹,龹,,
20923,龺,U+9FBA,龺,龺,,
20924,龻,U+9FBB,luan2,luán,,
20925,龼,U+9FBC,龼,龼,,
20926,龽,U+9FBD,龽,龽,,
20927,龾,U+9FBE,龾,龾,,
20928,龿,U+9FBF,龿,龿,,
20929,鿀,U+9FC0,鿀,鿀,,
20930,鿁,U+9FC1,鿁,鿁,,
20931,鿂,U+9FC2,鿂,鿂,,
20932,鿃,U+9FC3,shan3,shǎn,,
20933,鿄,U+9FC4,liang2,liáng,,
20934,鿅,U+9FC5,鿅,鿅,,
20935,鿆,U+9FC6,鿆,鿆,,
20936,鿇,U+9FC7,zheng1,zhēng,,
20937,鿈,U+9FC8,鿈,鿈,,
20938,鿉,U+9FC9,鿉,鿉,,
20939,鿊,U+9FCA,鿊,鿊,,
20940,鿋,U+9FCB,鿋,鿋,,
20941,鿌,U+9FCC,liang2,liáng,,
20942,鿍,U+9FCD,gang4,gàng,hill,
20943,鿎,U+9FCE,ta3|da2,tǎ|dá,,
20944,鿏,U+9FCF,mai4,mài,meitnerium (chemistry),
20945,鿐,U+9FD0,鿐,鿐,,
20946,鿑,U+9FD1,鿑,鿑,,
20947,鿒,U+9FD2,鿒,鿒,,
20948,鿓,U+9FD3,鿓,鿓,,
20949,鿔,U+9FD4,ge1,gē,copernicium (chemistry),
20950,鿕,U+9FD5,dan1,dān,,
20951,鿖,U+9FD6,鿖,鿖,,
20952,鿗,U+9FD7,鿗,鿗,,
20953,鿘,U+9FD8,鿘,鿘,,
20954,鿙,U+9FD9,鿙,鿙,,
20955,鿚,U+9FDA,鿚,鿚,,
20956,鿛,U+9FDB,鿛,鿛,,
20957,鿜,U+9FDC,鿜,鿜,,
20958,鿝,U+9FDD,鿝,鿝,,
20959,鿞,U+9FDE,鿞,鿞,,
20960,鿟,U+9FDF,鿟,鿟,,
20961,鿠,U+9FE0,鿠,鿠,,
20962,鿡,U+9FE1,鿡,鿡,,
20963,鿢,U+9FE2,鿢,鿢,,
20964,鿣,U+9FE3,鿣,鿣,,
20965,鿤,U+9FE4,鿤,鿤,,
20966,鿥,U+9FE5,鿥,鿥,,
20967,鿦,U+9FE6,鿦,鿦,,
20968,鿧,U+9FE7,鿧,鿧,,
20969,鿨,U+9FE8,鿨,鿨,,
20970,鿩,U+9FE9,鿩,鿩,,
20971,鿪,U+9FEA,鿪,鿪,,
20972,鿫,U+9FEB,ao4,ào,oganesson (chemistry),
20973,鿬,U+9FEC,tian2,tián,tennessine (chemistry),
20974,鿭,U+9FED,ni3|xi3,nǐ|xǐ,nihonium (chemistry),
20975,鿮,U+9FEE,鿮,鿮,,
20976,鿯,U+9FEF,鿯,鿯,,
20977,鿰,U+9FF0,han2,hán,,
20978,鿱,U+9FF1,ba1,bā,,
20979,鿲,U+9FF2,lao2,láo,,
20980,鿳,U+9FF3,tuo4,tuò,,
20981,鿴,U+9FF4,dong1,dōng,,
20982,鿵,U+9FF5,zhi4,zhì,,
20983,鿶,U+9FF6,lang2,láng,,
20984,鿷,U+9FF7,an4,àn,,
20985,鿸,U+9FF8,tuo4,tuò,,
20986,鿹,U+9FF9,mi4,mì,,
20987,鿺,U+9FFA,mai4,mài,,
20988,鿻,U+9FFB,bu4,bù,,
20989,鿼,U+9FFC,jia1,jiā,,
20990,鿽,U+9FFD,鿽,鿽,,
20991,鿾,U+9FFE,lang4,làng,,
20992,鿿,U+9FFF,xing4,xìng,,
