id,char,codepoint,pinyins_tone3,pinyins_display
1,一,U+4E00,yi1|yi2|yi4,yī|yí|yì
2,丁,U+4E01,ding1|zheng1,dīng|zhēng
3,丂,U+4E02,kao3|qiao3|yu2,kǎo|qiǎo|yú
4,七,U+4E03,qi1|qi2,qī|qí
5,丄,U+4E04,shang4,shàng
6,丅,U+4E05,xia4,xià
7,丆,U+4E06,han3,hǎn
8,万,U+4E07,wan4|mo4,wàn|mò
9,丈,U+4E08,zhang4,zhàng
10,三,U+4E09,san1,sān
11,上,U+4E0A,shang4|shang3,shàng|shǎng
12,下,U+4E0B,xia4,xià
13,丌,U+4E0C,ji1|qi2,jī|qí
14,不,U+4E0D,bu4|fou3|fou1|fu1|bu2,bù|fǒu|fōu|fū|bú
15,与,U+4E0E,yu3|yu4|yu2,yǔ|yù|yú
16,丏,U+4E0F,mian3,miǎn
17,丐,U+4E10,gai4,gài
18,丑,U+4E11,chou3,chǒu
19,丒,U+4E12,chou3,chǒu
20,专,U+4E13,zhuan1,zhuān
21,且,U+4E14,qie3|ju1|cu2,qiě|jū|cú
22,丕,U+4E15,pi1,pī
23,世,U+4E16,shi4,shì
24,丗,U+4E17,shi4,shì
25,丘,U+4E18,qiu1,qiū
26,丙,U+4E19,bing3|bing4,bǐng|bìng
27,业,U+4E1A,ye4,yè
28,丛,U+4E1B,cong2,cóng
29,东,U+4E1C,dong1,dōng
30,丝,U+4E1D,si1,sī
31,丞,U+4E1E,cheng2|sheng4|zheng1|zheng3,chéng|shèng|zhēng|zhěng
32,丟,U+4E1F,diu1,diū
33,丠,U+4E20,qiu1,qiū
34,両,U+4E21,liang3,liǎng
35,丢,U+4E22,diu1,diū
36,丣,U+4E23,you3,yǒu
37,两,U+4E24,liang3,liǎng
38,严,U+4E25,yan2,yán
39,並,U+4E26,bing4|ban4|bang4,bìng|bàn|bàng
40,丧,U+4E27,sang4|sang1,sàng|sāng
41,丨,U+4E28,gun3,gǔn
42,丩,U+4E29,jiu1,jiū
43,个,U+4E2A,ge4|ge3|gan4,gè|gě|gàn
44,丫,U+4E2B,ya1,yā
45,丬,U+4E2C,qiang2,qiáng
46,中,U+4E2D,zhong1|zhong4,zhōng|zhòng
47,丮,U+4E2E,ji3,jǐ
48,丯,U+4E2F,jie4,jiè
49,丰,U+4E30,feng1,fēng
50,丱,U+4E31,guan4|kuang4,guàn|kuàng
51,串,U+4E32,chuan4|guan4|quan4,chuàn|guàn|quàn
52,丳,U+4E33,chan3|chuan4,chǎn|chuàn
53,临,U+4E34,lin2,lín
54,丵,U+4E35,zhuo2,zhuó
55,丶,U+4E36,zhu3,zhǔ
56,丷,U+4E37,ba1,bā
57,丸,U+4E38,wan2,wán
58,丹,U+4E39,dan1,dān
59,为,U+4E3A,wei4|wei2,wèi|wéi
60,主,U+4E3B,zhu3|zhu4,zhǔ|zhù
61,丼,U+4E3C,jing3|dan3,jǐng|dǎn
62,丽,U+4E3D,li4|li2,lì|lí
63,举,U+4E3E,ju3,jǔ
64,丿,U+4E3F,pie3|yi4,piě|yì
65,乀,U+4E40,fu2,fú
66,乁,U+4E41,yi2|ji2,yí|jí
67,乂,U+4E42,yi4|ai4,yì|ài
68,乃,U+4E43,nai3|ai3,nǎi|ǎi
69,乄,U+4E44,wu3,wǔ
70,久,U+4E45,jiu3,jiǔ
71,乆,U+4E46,jiu3,jiǔ
72,乇,U+4E47,tuo1|zhe2,tuō|zhé
73,么,U+4E48,me|yao1|mo2|ma,me|yāo|mó|ma
74,义,U+4E49,yi4,yì
75,乊,U+4E4A,yi1,yī
76,之,U+4E4B,zhi1|zhu1|zhi4,zhī|zhū|zhì
77,乌,U+4E4C,wu1|wu4,wū|wù
78,乍,U+4E4D,zha4|zuo4,zhà|zuò
79,乎,U+4E4E,hu1,hū
80,乏,U+4E4F,fa2,fá
81,乐,U+4E50,le4|yue4,lè|yuè
82,乑,U+4E51,yin2|pan1|zhong4,yín|pān|zhòng
83,乒,U+4E52,ping1,pīng
84,乓,U+4E53,pang1,pāng
85,乔,U+4E54,qiao2,qiáo
86,乕,U+4E55,hu3,hǔ
87,乖,U+4E56,guai1,guāi
88,乗,U+4E57,cheng2,chéng
89,乘,U+4E58,cheng2|sheng4,chéng|shèng
90,乙,U+4E59,yi3|yi4|jue2,yǐ|yì|jué
91,乚,U+4E5A,yin3,yǐn
92,乛,U+4E5B,ya,ya
93,乜,U+4E5C,mie1|nie4,miē|niè
94,九,U+4E5D,jiu3|jiu1,jiǔ|jiū
95,乞,U+4E5E,qi3|qi4,qǐ|qì
96,也,U+4E5F,ye3|yi2,yě|yí
97,习,U+4E60,xi2,xí
98,乡,U+4E61,xiang1,xiāng
99,乢,U+4E62,gai4,gài
100,乣,U+4E63,jiu3,jiǔ
101,乤,U+4E64,xia4,xià
102,乥,U+4E65,hu4,hù
103,书,U+4E66,shu1,shū
104,乧,U+4E67,dou3,dǒu
105,乨,U+4E68,shi3,shǐ
106,乩,U+4E69,ji1,jī
107,乪,U+4E6A,nang2,náng
108,乫,U+4E6B,jia1,jiā
109,乬,U+4E6C,ju4,jù
110,乭,U+4E6D,shi2,shí
111,乮,U+4E6E,mao3,mǎo
112,乯,U+4E6F,hu1,hū
113,买,U+4E70,mai3,mǎi
114,乱,U+4E71,luan4,luàn
115,乲,U+4E72,zi1,zī
116,乳,U+4E73,ru3,rǔ
117,乴,U+4E74,xue2,xué
118,乵,U+4E75,yan3,yǎn
119,乶,U+4E76,fu3,fǔ
120,乷,U+4E77,sha1,shā
121,乸,U+4E78,na3,nǎ
122,乹,U+4E79,gan1,gān
123,乺,U+4E7A,suo3,suǒ
124,乻,U+4E7B,yu2,yú
125,乼,U+4E7C,cui,cui
126,乽,U+4E7D,zhe3,zhě
127,乾,U+4E7E,qian2|gan1,qián|gān
128,乿,U+4E7F,zhi4|luan4,zhì|luàn
129,亀,U+4E80,gui1,guī
130,亁,U+4E81,gan1,gān
131,亂,U+4E82,luan4,luàn
132,亃,U+4E83,lin3|lin4,lǐn|lìn
133,亄,U+4E84,yi4,yì
134,亅,U+4E85,jue2,jué
135,了,U+4E86,le|liao3|liao4,le|liǎo|liào
136,亇,U+4E87,ma,ma
137,予,U+4E88,yu3|yu2|zhu4,yǔ|yú|zhù
138,争,U+4E89,zheng1,zhēng
139,亊,U+4E8A,shi4,shì
140,事,U+4E8B,shi4|zi4,shì|zì
141,二,U+4E8C,er4,èr
142,亍,U+4E8D,chu4,chù
143,于,U+4E8E,yu2|wei2|yu1|xu1,yú|wéi|yū|xū
144,亏,U+4E8F,kui1|yu2,kuī|yú
145,亐,U+4E90,yu2,yú
146,云,U+4E91,yun2,yún
147,互,U+4E92,hu4,hù
148,亓,U+4E93,qi2,qí
149,五,U+4E94,wu3,wǔ
150,井,U+4E95,jing3|jing4,jǐng|jìng
151,亖,U+4E96,si4,sì
152,亗,U+4E97,sui4,suì
153,亘,U+4E98,gen4|xuan1|geng4,gèn|xuān|gèng
154,亙,U+4E99,gen4|geng4,gèn|gèng
155,亚,U+4E9A,ya4,yà
156,些,U+4E9B,xie1|suo4|suo1,xiē|suò|suō
157,亜,U+4E9C,ya4,yà
158,亝,U+4E9D,qi2|zhai1,qí|zhāi
159,亞,U+4E9E,ya4|ya1|e4,yà|yā|è
160,亟,U+4E9F,ji2|qi4,jí|qì
161,亠,U+4EA0,tou2,tóu
162,亡,U+4EA1,wang2|wu2,wáng|wú
163,亢,U+4EA2,kang4|gang1|geng1,kàng|gāng|gēng
164,亣,U+4EA3,da4,dà
165,交,U+4EA4,jiao1,jiāo
166,亥,U+4EA5,hai4|jie1,hài|jiē
167,亦,U+4EA6,yi4,yì
168,产,U+4EA7,chan3,chǎn
169,亨,U+4EA8,heng1|xiang3|peng1,hēng|xiǎng|pēng
170,亩,U+4EA9,mu3,mǔ
171,亪,U+4EAA,ye,ye
172,享,U+4EAB,xiang3,xiǎng
173,京,U+4EAC,jing1,jīng
174,亭,U+4EAD,ting2,tíng
175,亮,U+4EAE,liang4|liang2,liàng|liáng
176,亯,U+4EAF,xiang3,xiǎng
177,亰,U+4EB0,jing1,jīng
178,亱,U+4EB1,ye4,yè
179,亲,U+4EB2,qin1|qing4,qīn|qìng
180,亳,U+4EB3,bo2,bó
181,亴,U+4EB4,you4,yòu
182,亵,U+4EB5,xie4,xiè
183,亶,U+4EB6,dan3|dan4|chan2|zhan1,dǎn|dàn|chán|zhān
184,亷,U+4EB7,lian2,lián
185,亸,U+4EB8,duo3,duǒ
186,亹,U+4EB9,wei3|men2,wěi|mén
187,人,U+4EBA,ren2,rén
188,亻,U+4EBB,ren2,rén
189,亼,U+4EBC,ji2,jí
190,亽,U+4EBD,ji2,jí
191,亾,U+4EBE,wang2,wáng
192,亿,U+4EBF,yi4,yì
193,什,U+4EC0,shen2|shi2,shén|shí
194,仁,U+4EC1,ren2,rén
195,仂,U+4EC2,le4|li4,lè|lì
196,仃,U+4EC3,ding1|ding3,dīng|dǐng
197,仄,U+4EC4,ze4,zè
198,仅,U+4EC5,jin3|fu4|nu2|jin4,jǐn|fù|nú|jìn
199,仆,U+4EC6,pu1|pu2,pū|pú
200,仇,U+4EC7,chou2|qiu2|ju1,chóu|qiú|jū
201,仈,U+4EC8,ba1,bā
202,仉,U+4EC9,zhang3,zhǎng
203,今,U+4ECA,jin1,jīn
204,介,U+4ECB,jie4|ge4,jiè|gè
205,仌,U+4ECC,bing1,bīng
206,仍,U+4ECD,reng2,réng
207,从,U+4ECE,cong2|zong4,cóng|zòng
208,仏,U+4ECF,fo2,fó
209,仐,U+4ED0,san3,sǎn
210,仑,U+4ED1,lun2,lún
211,仒,U+4ED2,bing1,bīng
212,仓,U+4ED3,cang1,cāng
213,仔,U+4ED4,zai3|zi3|zi1,zǎi|zǐ|zī
214,仕,U+4ED5,shi4,shì
215,他,U+4ED6,ta1|tuo2,tā|tuó
216,仗,U+4ED7,zhang4,zhàng
217,付,U+4ED8,fu4,fù
218,仙,U+4ED9,xian1|xian3,xiān|xiǎn
219,仚,U+4EDA,xian1,xiān
220,仛,U+4EDB,tuo1|duo2|cha4|zhe2,tuō|duó|chà|zhé
221,仜,U+4EDC,hong2,hóng
222,仝,U+4EDD,tong2,tóng
223,仞,U+4EDE,ren4,rèn
224,仟,U+4EDF,qian1,qiān
225,仠,U+4EE0,gan3|han4,gǎn|hàn
226,仡,U+4EE1,ge1|yi4|wu4,gē|yì|wù
227,仢,U+4EE2,bo2,bó
228,代,U+4EE3,dai4,dài
229,令,U+4EE4,ling4|ling2|ling3|lian2,lìng|líng|lǐng|lián
230,以,U+4EE5,yi3|si4,yǐ|sì
231,仦,U+4EE6,chao4,chào
232,仧,U+4EE7,chang2,cháng
233,仨,U+4EE8,sa1,sā
234,仩,U+4EE9,chang2,cháng
235,仪,U+4EEA,yi2,yí
236,仫,U+4EEB,mu4,mù
237,们,U+4EEC,men|men2,men|mén
238,仭,U+4EED,ren4,rèn
239,仮,U+4EEE,fan3,fǎn
240,仯,U+4EEF,chao4|miao3,chào|miǎo
241,仰,U+4EF0,yang3|ang2,yǎng|áng
242,仱,U+4EF1,qian2|jing1,qián|jīng
243,仲,U+4EF2,zhong4,zhòng
244,仳,U+4EF3,pi3|pi2|bi4,pǐ|pí|bì
245,仴,U+4EF4,wo4,wò
246,仵,U+4EF5,wu3,wǔ
247,件,U+4EF6,jian4|mou2,jiàn|móu
248,价,U+4EF7,jia4|jie|jie4,jià|jie|jiè
249,仸,U+4EF8,yao3|fo2,yǎo|fó
250,仹,U+4EF9,feng1,fēng
251,仺,U+4EFA,cang1,cāng
252,任,U+4EFB,ren4|ren2|lin4,rèn|rén|lìn
253,仼,U+4EFC,wang2,wáng
254,份,U+4EFD,fen4|bin1,fèn|bīn
255,仾,U+4EFE,di1,dī
256,仿,U+4EFF,fang3|pang2,fǎng|páng
257,伀,U+4F00,zhong1,zhōng
258,企,U+4F01,qi3,qǐ
259,伂,U+4F02,pei4,pèi
260,伃,U+4F03,yu2|yu3|xu4,yú|yǔ|xù
261,伄,U+4F04,diao4,diào
262,伅,U+4F05,dun4,dùn
263,伆,U+4F06,wu4,wù
264,伇,U+4F07,yi4,yì
265,伈,U+4F08,xin3|lin3,xǐn|lǐn
266,伉,U+4F09,kang4|gang1|kang3,kàng|gāng|kǎng
267,伊,U+4F0A,yi1,yī
268,伋,U+4F0B,ji2|fan2,jí|fán
269,伌,U+4F0C,ai4,ài
270,伍,U+4F0D,wu3,wǔ
271,伎,U+4F0E,ji4|zhi4|qi2|qi4,jì|zhì|qí|qì
272,伏,U+4F0F,fu2|fu4,fú|fù
273,伐,U+4F10,fa2,fá
274,休,U+4F11,xiu1|xu4,xiū|xù
275,伒,U+4F12,jin4|yin2,jìn|yín
276,伓,U+4F13,pi1,pī
277,伔,U+4F14,dan3,dǎn
278,伕,U+4F15,fu1,fū
279,伖,U+4F16,tang3,tǎng
280,众,U+4F17,zhong4|yin2,zhòng|yín
281,优,U+4F18,you1|you2,yōu|yóu
282,伙,U+4F19,huo3|huo,huǒ|huo
283,会,U+4F1A,hui4|kuai4,huì|kuài
284,伛,U+4F1B,yu3,yǔ
285,伜,U+4F1C,cui4,cuì
286,伝,U+4F1D,yun2,yún
287,伞,U+4F1E,san3,sǎn
288,伟,U+4F1F,wei3,wěi
289,传,U+4F20,chuan2|zhuan4,chuán|zhuàn
290,伡,U+4F21,che1,chē
291,伢,U+4F22,ya2,yá
292,伣,U+4F23,qian4,qiàn
293,伤,U+4F24,shang1,shāng
294,伥,U+4F25,chang1,chāng
295,伦,U+4F26,lun2,lún
296,伧,U+4F27,cang1|chen,cāng|chen
297,伨,U+4F28,xun4,xùn
298,伩,U+4F29,xin4,xìn
299,伪,U+4F2A,wei3,wěi
300,伫,U+4F2B,zhu4,zhù
301,伬,U+4F2C,ze,ze
302,伭,U+4F2D,xian2,xián
303,伮,U+4F2E,nu3,nǔ
304,伯,U+4F2F,bo2|bai3|mo4|ba4,bó|bǎi|mò|bà
305,估,U+4F30,gu1|gu4,gū|gù
306,伱,U+4F31,ni3,nǐ
307,伲,U+4F32,ni4|ni2|ni3,nì|ní|nǐ
308,伳,U+4F33,xie4,xiè
309,伴,U+4F34,ban4|pan4,bàn|pàn
310,伵,U+4F35,xu4,xù
311,伶,U+4F36,ling2,líng
312,伷,U+4F37,zhou4,zhòu
313,伸,U+4F38,shen1,shēn
314,伹,U+4F39,qu1|zu4,qū|zù
315,伺,U+4F3A,ci4|si4,cì|sì
316,伻,U+4F3B,beng1,bēng
317,似,U+4F3C,shi4|si4,shì|sì
318,伽,U+4F3D,ga1|jia1|qie2,gā|jiā|qié
319,伾,U+4F3E,pi1,pī
320,伿,U+4F3F,yi4,yì
321,佀,U+4F40,si4,sì
322,佁,U+4F41,yi3|ai3|si4|chi4,yǐ|ǎi|sì|chì
323,佂,U+4F42,zheng1,zhēng
324,佃,U+4F43,dian4|tian2,diàn|tián
325,佄,U+4F44,han1|gan4,hān|gàn
326,佅,U+4F45,mai4,mài
327,但,U+4F46,dan4|tan3|yan4,dàn|tǎn|yàn
328,佇,U+4F47,zhu4,zhù
329,佈,U+4F48,bu4,bù
330,佉,U+4F49,qu1|qia1,qū|qiā
331,佊,U+4F4A,bi3,bǐ
332,佋,U+4F4B,zhao1|shao2|shao4,zhāo|sháo|shào
333,佌,U+4F4C,ci3,cǐ
334,位,U+4F4D,wei4|li4,wèi|lì
335,低,U+4F4E,di1,dī
336,住,U+4F4F,zhu4,zhù
337,佐,U+4F50,zuo3,zuǒ
338,佑,U+4F51,you4,yòu
339,佒,U+4F52,yang3|yang1,yǎng|yāng
340,体,U+4F53,ti3|ti1|ben4|cui4,tǐ|tī|bèn|cuì
341,佔,U+4F54,zhan4|chan1|dian1,zhàn|chān|diān
342,何,U+4F55,he2|he4,hé|hè
343,佖,U+4F56,bi4,bì
344,佗,U+4F57,tuo2|tuo1|tuo4|yi2,tuó|tuō|tuò|yí
345,佘,U+4F58,she2,shé
346,余,U+4F59,yu2|tu2|xu2|yu4,yú|tú|xú|yù
347,佚,U+4F5A,yi4|die2,yì|dié
348,佛,U+4F5B,fu2|fo2|bo2|bi4,fú|fó|bó|bì
349,作,U+4F5C,zuo4|zuo1|zuo2,zuò|zuō|zuó
350,佝,U+4F5D,gou1|kou4|ju1,gōu|kòu|jū
351,佞,U+4F5E,ning4,nìng
352,佟,U+4F5F,tong2,tóng
353,你,U+4F60,ni3,nǐ
354,佡,U+4F61,xian1,xiān
355,佢,U+4F62,qu2,qú
356,佣,U+4F63,yong1|yong4,yōng|yòng
357,佤,U+4F64,wa3,wǎ
358,佥,U+4F65,qian1,qiān
359,佦,U+4F66,shi,shi
360,佧,U+4F67,ka3,kǎ
361,佨,U+4F68,bao1,bāo
362,佩,U+4F69,pei4,pèi
363,佪,U+4F6A,hui2|huai2,huí|huái
364,佫,U+4F6B,he4|ge2,hè|gé
365,佬,U+4F6C,lao3|liao2,lǎo|liáo
366,佭,U+4F6D,xiang2,xiáng
367,佮,U+4F6E,ge2|e2,gé|é
368,佯,U+4F6F,yang2,yáng
369,佰,U+4F70,bai3|mo4,bǎi|mò
370,佱,U+4F71,fa3,fǎ
371,佲,U+4F72,ming3,mǐng
372,佳,U+4F73,jia1,jiā
373,佴,U+4F74,er4|nai4,èr|nài
374,併,U+4F75,bing4,bìng
375,佶,U+4F76,ji2,jí
376,佷,U+4F77,hen3|heng2,hěn|héng
377,佸,U+4F78,huo2,huó
378,佹,U+4F79,gui3|gui1,guǐ|guī
379,佺,U+4F7A,quan2,quán
380,佻,U+4F7B,tiao1|tiao2|tiao4|diao3|yao2|dao4|zhao4,tiāo|tiáo|tiào|diǎo|yáo|dào|zhào
381,佼,U+4F7C,jiao3|jiao1|xiao2,jiǎo|jiāo|xiáo
382,佽,U+4F7D,ci4,cì
383,佾,U+4F7E,yi4,yì
384,使,U+4F7F,shi3,shǐ
385,侀,U+4F80,xing2,xíng
386,侁,U+4F81,shen1,shēn
387,侂,U+4F82,tuo1,tuō
388,侃,U+4F83,kan3,kǎn
389,侄,U+4F84,zhi2,zhí
390,侅,U+4F85,gai1|hai4,gāi|hài
391,來,U+4F86,lai2|lai4,lái|lài
392,侇,U+4F87,yi2,yí
393,侈,U+4F88,chi3,chǐ
394,侉,U+4F89,kua3|hua2|e4|wu2,kuǎ|huá|è|wú
395,侊,U+4F8A,guang1,guāng
396,例,U+4F8B,li4|lie4,lì|liè
397,侌,U+4F8C,yin1,yīn
398,侍,U+4F8D,shi4,shì
399,侎,U+4F8E,mi3,mǐ
400,侏,U+4F8F,zhu1|zhou1,zhū|zhōu
401,侐,U+4F90,xu4,xù
402,侑,U+4F91,you4,yòu
403,侒,U+4F92,an1|an3,ān|ǎn
404,侓,U+4F93,lu4,lù
405,侔,U+4F94,mou2|mao2,móu|máo
406,侕,U+4F95,er2,ér
407,侖,U+4F96,lun2|lun4,lún|lùn
408,侗,U+4F97,dong4|tong1|tong2|tong3,dòng|tōng|tóng|tǒng
409,侘,U+4F98,cha4,chà
410,侙,U+4F99,chi1,chī
411,侚,U+4F9A,xun4|xun2,xùn|xún
412,供,U+4F9B,gong1|gong4,gōng|gòng
413,侜,U+4F9C,zhou1,zhōu
414,依,U+4F9D,yi1|yi3,yī|yǐ
415,侞,U+4F9E,ru2,rú
416,侟,U+4F9F,cun2|jian4,cún|jiàn
417,侠,U+4FA0,xia2,xiá
418,価,U+4FA1,si4,sì
419,侢,U+4FA2,dai4,dài
420,侣,U+4FA3,lv3,lǚ
421,侤,U+4FA4,ta,ta
422,侥,U+4FA5,jiao3|yao2,jiǎo|yáo
423,侦,U+4FA6,zhen1,zhēn
424,侧,U+4FA7,ce4|ze4|zhai1,cè|zè|zhāi
425,侨,U+4FA8,qiao2,qiáo
426,侩,U+4FA9,kuai4,kuài
427,侪,U+4FAA,chai2,chái
428,侫,U+4FAB,ning4,nìng
429,侬,U+4FAC,nong2,nóng
430,侭,U+4FAD,jin3,jǐn
431,侮,U+4FAE,wu3,wǔ
432,侯,U+4FAF,hou2|hou4,hóu|hòu
433,侰,U+4FB0,jiong3,jiǒng
434,侱,U+4FB1,cheng3|ting3,chěng|tǐng
435,侲,U+4FB2,zhen4|zhen1|chen1,zhèn|zhēn|chēn
436,侳,U+4FB3,zuo4,zuò
437,侴,U+4FB4,chou3,chǒu
438,侵,U+4FB5,qin1|qin3,qīn|qǐn
439,侶,U+4FB6,lv3,lǚ
440,侷,U+4FB7,ju2,jú
441,侸,U+4FB8,shu4|dou1,shù|dōu
442,侹,U+4FB9,ting3,tǐng
443,侺,U+4FBA,shen4,shèn
444,侻,U+4FBB,tui4|tuo1,tuì|tuō
445,侼,U+4FBC,bo2,bó
446,侽,U+4FBD,nan2,nán
447,侾,U+4FBE,xiao1,xiāo
448,便,U+4FBF,bian4|pian2|bian1,biàn|pián|biān
449,俀,U+4FC0,tui3,tuǐ
450,俁,U+4FC1,yu3,yǔ
451,係,U+4FC2,xi4,xì
452,促,U+4FC3,cu4|chuo4,cù|chuò
453,俄,U+4FC4,e2,é
454,俅,U+4FC5,qiu2,qiú
455,俆,U+4FC6,xu2|shu1,xú|shū
456,俇,U+4FC7,guang4,guàng
457,俈,U+4FC8,ku4,kù
458,俉,U+4FC9,wu3|wu2,wǔ|wú
459,俊,U+4FCA,jun4|shun4|dun1,jùn|shùn|dūn
460,俋,U+4FCB,yi4,yì
461,俌,U+4FCC,fu3,fǔ
462,俍,U+4FCD,liang2|lang3,liáng|lǎng
463,俎,U+4FCE,zu3,zǔ
464,俏,U+4FCF,qiao4|xiao4|xiao1,qiào|xiào|xiāo
465,俐,U+4FD0,li4,lì
466,俑,U+4FD1,yong3,yǒng
467,俒,U+4FD2,hun4,hùn
468,俓,U+4FD3,jing4|ying2,jìng|yíng
469,俔,U+4FD4,qian4|xian4,qiàn|xiàn
470,俕,U+4FD5,san4,sàn
471,俖,U+4FD6,pei3,pěi
472,俗,U+4FD7,su2,sú
473,俘,U+4FD8,fu2,fú
474,俙,U+4FD9,xi1,xī
475,俚,U+4FDA,li3|li4,lǐ|lì
476,俛,U+4FDB,fu3|mian3,fǔ|miǎn
477,俜,U+4FDC,ping1,pīng
478,保,U+4FDD,bao3,bǎo
479,俞,U+4FDE,yu2|shu4,yú|shù
480,俟,U+4FDF,qi2|si4,qí|sì
481,俠,U+4FE0,xia2,xiá
482,信,U+4FE1,xin4|shen1,xìn|shēn
483,俢,U+4FE2,xiu1,xiū
484,俣,U+4FE3,yu3,yǔ
485,俤,U+4FE4,di4,dì
486,俥,U+4FE5,che1|ju1,chē|jū
487,俦,U+4FE6,chou2,chóu
488,俧,U+4FE7,zhi4,zhì
489,俨,U+4FE8,yan3,yǎn
490,俩,U+4FE9,lia3|liang3,liǎ|liǎng
491,俪,U+4FEA,li4,lì
492,俫,U+4FEB,lai2,lái
493,俬,U+4FEC,si1,sī
494,俭,U+4FED,jian3,jiǎn
495,修,U+4FEE,xiu1,xiū
496,俯,U+4FEF,fu3,fǔ
497,俰,U+4FF0,huo4,huò
498,俱,U+4FF1,ju4|ju1,jù|jū
499,俲,U+4FF2,xiao4,xiào
500,俳,U+4FF3,pai2,pái
501,俴,U+4FF4,jian4,jiàn
502,俵,U+4FF5,biao4,biào
503,俶,U+4FF6,chu4|shu1|ti4,chù|shū|tì
504,俷,U+4FF7,fei4,fèi
505,俸,U+4FF8,feng4|beng3,fèng|běng
506,俹,U+4FF9,ya4|ya1,yà|yā
507,俺,U+4FFA,an3|yan4,ǎn|yàn
508,俻,U+4FFB,bei4,bèi
509,俼,U+4FFC,yu4,yù
510,俽,U+4FFD,xin1,xīn
511,俾,U+4FFE,bi3|bi4|bei1|pi4,bǐ|bì|bēi|pì
512,俿,U+4FFF,hu3|chi2,hǔ|chí
513,倀,U+5000,chang1|cheng2|zheng4,chāng|chéng|zhèng
514,倁,U+5001,zhi1,zhī
515,倂,U+5002,bing4,bìng
516,倃,U+5003,jiu4,jiù
517,倄,U+5004,yao2,yáo
518,倅,U+5005,cui4|zu2,cuì|zú
519,倆,U+5006,lia3|liang3,liǎ|liǎng
520,倇,U+5007,wan3,wǎn
521,倈,U+5008,lai2|lai4|lie1,lái|lài|liē
522,倉,U+5009,cang1|chuang4,cāng|chuàng
523,倊,U+500A,zong4,zòng
524,個,U+500B,ge4|ge3,gè|gě
525,倌,U+500C,guan1,guān
526,倍,U+500D,bei4|pei2,bèi|péi
527,倎,U+500E,tian3,tiǎn
528,倏,U+500F,shu1,shū
529,倐,U+5010,shu1,shū
530,們,U+5011,men|men4|men2,men|mèn|mén
531,倒,U+5012,dao4|dao3,dào|dǎo
532,倓,U+5013,tan2|dan4|tan4,tán|dàn|tàn
533,倔,U+5014,jue2|jue4,jué|juè
534,倕,U+5015,chui2|zhui4,chuí|zhuì
535,倖,U+5016,xing4,xìng
536,倗,U+5017,peng2|peng3|ping2,péng|pěng|píng
537,倘,U+5018,tang3|chang2,tǎng|cháng
538,候,U+5019,hou4,hòu
539,倚,U+501A,yi3|ji1|yi1,yǐ|jī|yī
540,倛,U+501B,qi1|qi2|qi4,qī|qí|qì
541,倜,U+501C,ti4|diao4|zhou1,tì|diào|zhōu
542,倝,U+501D,gan4,gàn
543,倞,U+501E,jing4|liang4,jìng|liàng
544,借,U+501F,jie4,jiè
545,倠,U+5020,sui1,suī
546,倡,U+5021,chang4|chang1,chàng|chāng
547,倢,U+5022,jie2|qie4,jié|qiè
548,倣,U+5023,fang3,fǎng
549,値,U+5024,zhi2,zhí
550,倥,U+5025,kong1|kong3,kōng|kǒng
551,倦,U+5026,juan4,juàn
552,倧,U+5027,zong1,zōng
553,倨,U+5028,ju4,jù
554,倩,U+5029,qian4|qing4,qiàn|qìng
555,倪,U+502A,ni2|ni4|nie4,ní|nì|niè
556,倫,U+502B,lun2,lún
557,倬,U+502C,zhuo1,zhuō
558,倭,U+502D,wo1|wei1|wo3,wō|wēi|wǒ
559,倮,U+502E,luo3,luǒ
560,倯,U+502F,song1,sōng
561,倰,U+5030,leng4|ling2,lèng|líng
562,倱,U+5031,hun4,hùn
563,倲,U+5032,dong1|dong4,dōng|dòng
564,倳,U+5033,zi4,zì
565,倴,U+5034,ben4|ben1,bèn|bēn
566,倵,U+5035,wu3,wǔ
567,倶,U+5036,ju4,jù
568,倷,U+5037,nai3,nǎi
569,倸,U+5038,cai3,cǎi
570,倹,U+5039,jian3,jiǎn
571,债,U+503A,zhai4,zhài
572,倻,U+503B,ye1,yē
573,值,U+503C,zhi2,zhí
574,倽,U+503D,sha4,shà
575,倾,U+503E,qing1,qīng
576,倿,U+503F,ning4,nìng
577,偀,U+5040,ying1,yīng
578,偁,U+5041,cheng1,chēng
579,偂,U+5042,qian2,qián
580,偃,U+5043,yan3,yǎn
581,偄,U+5044,ruan3|ru2,ruǎn|rú
582,偅,U+5045,zhong4|chong1|tong2,zhòng|chōng|tóng
583,偆,U+5046,chun3,chǔn
584,假,U+5047,jia3|jia4|jie|xia4|xia2|ge2,jiǎ|jià|jie|xià|xiá|gé
585,偈,U+5048,ji4|jie2|qi4,jì|jié|qì
586,偉,U+5049,wei3,wěi
587,偊,U+504A,yu3,yǔ
588,偋,U+504B,bing4|bing3,bìng|bǐng
589,偌,U+504C,ruo4|re4,ruò|rè
590,偍,U+504D,ti2,tí
591,偎,U+504E,wei1,wēi
592,偏,U+504F,pian1,piān
593,偐,U+5050,yan4,yàn
594,偑,U+5051,feng1,fēng
595,偒,U+5052,tang3|dang4,tǎng|dàng
596,偓,U+5053,wo4,wò
597,偔,U+5054,e4,è
598,偕,U+5055,xie2|jie1,xié|jiē
599,偖,U+5056,che3,chě
600,偗,U+5057,sheng3,shěng
601,偘,U+5058,kan3,kǎn
602,偙,U+5059,di4,dì
603,做,U+505A,zuo4,zuò
604,偛,U+505B,cha1,chā
605,停,U+505C,ting2,tíng
606,偝,U+505D,bei4,bèi
607,偞,U+505E,xie4|ye4|zha2,xiè|yè|zhá
608,偟,U+505F,huang2,huáng
609,偠,U+5060,yao3,yǎo
610,偡,U+5061,zhan4,zhàn
611,偢,U+5062,chou3|qiao4|zou1,chǒu|qiào|zōu
612,偣,U+5063,yan1,yān
613,偤,U+5064,you2,yóu
614,健,U+5065,jian4,jiàn
615,偦,U+5066,xu3|xu1,xǔ|xū
616,偧,U+5067,zha1,zhā
617,偨,U+5068,ci1,cī
618,偩,U+5069,fu4,fù
619,偪,U+506A,bi1|fu4,bī|fù
620,偫,U+506B,zhi4,zhì
621,偬,U+506C,zong3|cong1,zǒng|cōng
622,偭,U+506D,mian3,miǎn
623,偮,U+506E,ji2,jí
624,偯,U+506F,yi3,yǐ
625,偰,U+5070,xie4,xiè
626,偱,U+5071,xun2,xún
627,偲,U+5072,cai1|si1|si3,cāi|sī|sǐ
628,偳,U+5073,duan1,duān
629,側,U+5074,ce4|ze4|zhai1,cè|zè|zhāi
630,偵,U+5075,zhen1|zheng1,zhēn|zhēng
631,偶,U+5076,ou3,ǒu
632,偷,U+5077,tou1,tōu
633,偸,U+5078,tou1,tōu
634,偹,U+5079,bei4,bèi
635,偺,U+507A,za2|zan2|zan,zá|zán|zan
636,偻,U+507B,lou2|lv3,lóu|lǚ
637,偼,U+507C,jie2,jié
638,偽,U+507D,wei3|wei2|e2|gui4,wěi|wéi|é|guì
639,偾,U+507E,fen4,fèn
640,偿,U+507F,chang2,cháng
641,傀,U+5080,gui1|kui3|kuai4,guī|kuǐ|kuài
642,傁,U+5081,sou3,sǒu
643,傂,U+5082,zhi4|si1,zhì|sī
644,傃,U+5083,su4,sù
645,傄,U+5084,xia1,xiā
646,傅,U+5085,fu4|fu1,fù|fū
647,傆,U+5086,yuan4|yuan2,yuàn|yuán
648,傇,U+5087,rong3,rǒng
649,傈,U+5088,li4,lì
650,傉,U+5089,nu4,nù
651,傊,U+508A,yun4,yùn
652,傋,U+508B,jiang3|gou4,jiǎng|gòu
653,傌,U+508C,ma4|ma3,mà|mǎ
654,傍,U+508D,bang4|pang2|beng1|peng2,bàng|páng|bēng|péng
655,傎,U+508E,dian1,diān
656,傏,U+508F,tang2,táng
657,傐,U+5090,hao4,hào
658,傑,U+5091,jie2,jié
659,傒,U+5092,xi1|xi4,xī|xì
660,傓,U+5093,shan4,shàn
661,傔,U+5094,qian4|jian1,qiàn|jiān
662,傕,U+5095,jue2|que4,jué|què
663,傖,U+5096,cang1|cheng2|chen,cāng|chéng|chen
664,傗,U+5097,chu4,chù
665,傘,U+5098,san3,sǎn
666,備,U+5099,bei4,bèi
667,傚,U+509A,xiao4,xiào
668,傛,U+509B,yong3|rong2,yǒng|róng
669,傜,U+509C,yao2,yáo
670,傝,U+509D,tan4|ta4,tàn|tà
671,傞,U+509E,suo1,suō
672,傟,U+509F,yang3,yǎng
673,傠,U+50A0,fa2,fá
674,傡,U+50A1,bing4,bìng
675,傢,U+50A2,jia1|xiang4,jiā|xiàng
676,傣,U+50A3,dai3,dǎi
677,傤,U+50A4,zai4,zài
678,傥,U+50A5,tang3,tǎng
679,傦,U+50A6,gu3,gǔ
680,傧,U+50A7,bin1,bīn
681,储,U+50A8,chu3,chǔ
682,傩,U+50A9,nuo2,nuó
683,傪,U+50AA,can1|san3|can4|ca1|sen1,cān|sǎn|càn|cā|sēn
684,傫,U+50AB,lei3,lěi
685,催,U+50AC,cui1,cuī
686,傭,U+50AD,yong1|chong1|yong4,yōng|chōng|yòng
687,傮,U+50AE,zao1|cao2,zāo|cáo
688,傯,U+50AF,zong3,zǒng
689,傰,U+50B0,beng1|peng2,bēng|péng
690,傱,U+50B1,song3|shuang3,sǒng|shuǎng
691,傲,U+50B2,ao4|ao2,ào|áo
692,傳,U+50B3,chuan2|zhuan4,chuán|zhuàn
693,傴,U+50B4,yu3,yǔ
694,債,U+50B5,zhai4,zhài
695,傶,U+50B6,zu2|qi1,zú|qī
696,傷,U+50B7,shang1,shāng
697,傸,U+50B8,chuang3,chuǎng
698,傹,U+50B9,jing4,jìng
699,傺,U+50BA,chi4,chì
700,傻,U+50BB,sha3,shǎ
701,傼,U+50BC,han4,hàn
702,傽,U+50BD,zhang1,zhāng
703,傾,U+50BE,qing1|qing3,qīng|qǐng
704,傿,U+50BF,yan4|yan1|yin4,yàn|yān|yìn
705,僀,U+50C0,di4,dì
706,僁,U+50C1,xie4|su4,xiè|sù
707,僂,U+50C2,lou2|liu3|lv3,lóu|liǔ|lǚ
708,僃,U+50C3,bei4,bèi
709,僄,U+50C4,piao4|biao1,piào|biāo
710,僅,U+50C5,jin3|jin4,jǐn|jìn
711,僆,U+50C6,lian4|lian2,liàn|lián
712,僇,U+50C7,lu4|liao2,lù|liáo
713,僈,U+50C8,man2|man4,mán|màn
714,僉,U+50C9,qian1,qiān
715,僊,U+50CA,xian1,xiān
716,僋,U+50CB,tan4|lan4|tan3,tàn|làn|tǎn
717,僌,U+50CC,ying2,yíng
718,働,U+50CD,dong4,dòng
719,僎,U+50CE,zhuan4|zun1,zhuàn|zūn
720,像,U+50CF,xiang4,xiàng
721,僐,U+50D0,shan4,shàn
722,僑,U+50D1,qiao2|jiao3,qiáo|jiǎo
723,僒,U+50D2,jiong3,jiǒng
724,僓,U+50D3,tui3|tui2,tuǐ|tuí
725,僔,U+50D4,zun3|cuan2,zǔn|cuán
726,僕,U+50D5,pu2|pu1|bu2,pú|pū|bú
727,僖,U+50D6,xi1,xī
728,僗,U+50D7,lao2|lao4,láo|lào
729,僘,U+50D8,chang3,chǎng
730,僙,U+50D9,guang1,guāng
731,僚,U+50DA,liao2|liao3|lao3,liáo|liǎo|lǎo
732,僛,U+50DB,qi1,qī
733,僜,U+50DC,cheng1|deng4|deng1|teng2,chēng|dèng|dēng|téng
734,僝,U+50DD,chan2|zhuan4,chán|zhuàn
735,僞,U+50DE,wei3,wěi
736,僟,U+50DF,ji1,jī
737,僠,U+50E0,bo1,bō
738,僡,U+50E1,hui4,huì
739,僢,U+50E2,chuan3|chun3,chuǎn|chǔn
740,僣,U+50E3,tie3|jian4,tiě|jiàn
741,僤,U+50E4,dan4|chan2|chan3|shan4|da2,dàn|chán|chǎn|shàn|dá
742,僥,U+50E5,jiao3|yao2|jiao1,jiǎo|yáo|jiāo
743,僦,U+50E6,jiu4,jiù
744,僧,U+50E7,seng1|ceng2,sēng|céng
745,僨,U+50E8,fen4,fèn
746,僩,U+50E9,xian4,xiàn
747,僪,U+50EA,ju2|yu4,jú|yù
748,僫,U+50EB,e4,è
749,僬,U+50EC,jiao1|jiao4|jiao3,jiāo|jiào|jiǎo
750,僭,U+50ED,jian4|zen4,jiàn|zèn
751,僮,U+50EE,tong2|zhuang4|chong4,tóng|zhuàng|chòng
752,僯,U+50EF,lin4|lin3,lìn|lǐn
753,僰,U+50F0,bo2,bó
754,僱,U+50F1,gu4,gù
755,僲,U+50F2,xian1,xiān
756,僳,U+50F3,su4,sù
757,僴,U+50F4,xian4,xiàn
758,僵,U+50F5,jiang1,jiāng
759,僶,U+50F6,min3,mǐn
760,僷,U+50F7,ye4,yè
761,僸,U+50F8,jin4,jìn
762,價,U+50F9,jia4|qia3|jie,jià|qiǎ|jie
763,僺,U+50FA,qiao4,qiào
764,僻,U+50FB,pi4,pì
765,僼,U+50FC,feng1,fēng
766,僽,U+50FD,zhou4|zhou1,zhòu|zhōu
767,僾,U+50FE,ai4,ài
768,僿,U+50FF,sai4,sài
769,儀,U+5100,yi2,yí
770,儁,U+5101,jun4,jùn
771,儂,U+5102,nong2,nóng
772,儃,U+5103,chan2|shan4|tan3|dan4|zhan3,chán|shàn|tǎn|dàn|zhǎn
773,億,U+5104,yi4|yi1,yì|yī
774,儅,U+5105,dang4|dang1,dàng|dāng
775,儆,U+5106,jing3,jǐng
776,儇,U+5107,xuan1|xuan2,xuān|xuán
777,儈,U+5108,kuai4,kuài
778,儉,U+5109,jian3,jiǎn
779,儊,U+510A,chu4,chù
780,儋,U+510B,dan1|dan4|shan4,dān|dàn|shàn
781,儌,U+510C,jiao3|jiao1,jiǎo|jiāo
782,儍,U+510D,sha3,shǎ
783,儎,U+510E,zai4,zài
784,儏,U+510F,can4,càn
785,儐,U+5110,bin1|bin4,bīn|bìn
786,儑,U+5111,an2|an4,án|àn
787,儒,U+5112,ru2,rú
788,儓,U+5113,tai2|tai4,tái|tài
789,儔,U+5114,chou2|dao4,chóu|dào
790,儕,U+5115,chai2,chái
791,儖,U+5116,lan2,lán
792,儗,U+5117,ni3|yi2|yi4|ai4,nǐ|yí|yì|ài
793,儘,U+5118,jin3|jin4,jǐn|jìn
794,儙,U+5119,qian4,qiàn
795,儚,U+511A,meng2,méng
796,儛,U+511B,wu3,wǔ
797,儜,U+511C,ning2,níng
798,儝,U+511D,qiong2,qióng
799,儞,U+511E,ni3,nǐ
800,償,U+511F,chang2,cháng
801,儠,U+5120,lie4|la4,liè|là
802,儡,U+5121,lei3|lei2|lei4,lěi|léi|lèi
803,儢,U+5122,lv3,lǚ
804,儣,U+5123,kuang3,kuǎng
805,儤,U+5124,bao4,bào
806,儥,U+5125,yu4|di2|du2,yù|dí|dú
807,儦,U+5126,biao1,biāo
808,儧,U+5127,zan3,zǎn
809,儨,U+5128,zhi4,zhì
810,儩,U+5129,si4,sì
811,優,U+512A,you1,yōu
812,儫,U+512B,hao2,háo
813,儬,U+512C,qing4,qìng
814,儭,U+512D,chen4|qin4|qin1,chèn|qìn|qīn
815,儮,U+512E,li4,lì
816,儯,U+512F,teng2,téng
817,儰,U+5130,wei3,wěi
818,儱,U+5131,long3|long4|long2,lǒng|lòng|lóng
819,儲,U+5132,chu3|chu2,chǔ|chú
820,儳,U+5133,chan2|chan4,chán|chàn
821,儴,U+5134,rang2|xiang1,ráng|xiāng
822,儵,U+5135,shu1|tiao2,shū|tiáo
823,儶,U+5136,hui4|xie2,huì|xié
824,儷,U+5137,li4|li2,lì|lí
825,儸,U+5138,luo2,luó
826,儹,U+5139,zan3,zǎn
827,儺,U+513A,nuo2,nuó
828,儻,U+513B,tang3|tang4|chang3,tǎng|tàng|chǎng
829,儼,U+513C,yan3,yǎn
830,儽,U+513D,lei2|lei3|luo3,léi|lěi|luǒ
831,儾,U+513E,nang4,nàng
832,儿,U+513F,er2|er|ren2,ér|er|rén
833,兀,U+5140,wu4|wu1,wù|wū
834,允,U+5141,yun3|yuan2,yǔn|yuán
835,兂,U+5142,zan1,zān
836,元,U+5143,yuan2,yuán
837,兄,U+5144,xiong1|kuang4,xiōng|kuàng
838,充,U+5145,chong1,chōng
839,兆,U+5146,zhao4,zhào
840,兇,U+5147,xiong1,xiōng
841,先,U+5148,xian1,xiān
842,光,U+5149,guang1|guang4,guāng|guàng
843,兊,U+514A,dui4,duì
844,克,U+514B,ke4,kè
845,兌,U+514C,dui4,duì
846,免,U+514D,mian3|wen4|wan3,miǎn|wèn|wǎn
847,兎,U+514E,tu4,tù
848,兏,U+514F,chang2,cháng
849,児,U+5150,er2,ér
850,兑,U+5151,dui4|rui4|duo2,duì|ruì|duó
851,兒,U+5152,er2|ni2,ér|ní
852,兓,U+5153,jin1|zan4,jīn|zàn
853,兔,U+5154,tu4|tu2|chan1,tù|tú|chān
854,兕,U+5155,si4,sì
855,兖,U+5156,yan3,yǎn
856,兗,U+5157,yan3,yǎn
857,兘,U+5158,shi3,shǐ
858,兙,U+5159,兙,兙
859,党,U+515A,dang3,dǎng
860,兛,U+515B,qian1,qiān
861,兜,U+515C,dou1,dōu
862,兝,U+515D,fen1,fēn
863,兞,U+515E,mao2,máo
864,兟,U+515F,shen1,shēn
865,兠,U+5160,dou1,dōu
866,兡,U+5161,兡,兡
867,兢,U+5162,jing1,jīng
868,兣,U+5163,li3,lǐ
869,兤,U+5164,huang3,huǎng
870,入,U+5165,ru4,rù
871,兦,U+5166,wang2,wáng
872,內,U+5167,nei4,nèi
873,全,U+5168,quan2,quán
874,兩,U+5169,liang3|liang4,liǎng|liàng
875,兪,U+516A,yu2|yu4|shu4|shu1|zhu1,yú|yù|shù|shū|zhū
876,八,U+516B,ba1|ba2,bā|bá
877,公,U+516C,gong1,gōng
878,六,U+516D,liu4|lu4,liù|lù
879,兮,U+516E,xi1,xī
880,兯,U+516F,han,han
881,兰,U+5170,lan2,lán
882,共,U+5171,gong4|gong1|gong3|hong2,gòng|gōng|gǒng|hóng
883,兲,U+5172,tian1,tiān
884,关,U+5173,guan1,guān
885,兴,U+5174,xing1|xing4,xīng|xìng
886,兵,U+5175,bing1,bīng
887,其,U+5176,qi2|ji1|ji4,qí|jī|jì
888,具,U+5177,ju4,jù
889,典,U+5178,dian3|tian3,diǎn|tiǎn
890,兹,U+5179,zi1|ci2,zī|cí
891,兺,U+517A,fen1,fēn
892,养,U+517B,yang3,yǎng
893,兼,U+517C,jian1,jiān
894,兽,U+517D,shou4,shòu
895,兾,U+517E,ji4,jì
896,兿,U+517F,yi4,yì
897,冀,U+5180,ji4,jì
898,冁,U+5181,chan3,chǎn
899,冂,U+5182,jiong1|jiong3,jiōng|jiǒng
900,冃,U+5183,mao4,mào
901,冄,U+5184,ran3,rǎn
902,内,U+5185,nei4|na4|rui4,nèi|nà|ruì
903,円,U+5186,yuan2,yuán
904,冇,U+5187,mao3,mǎo
905,冈,U+5188,gang1,gāng
906,冉,U+5189,ran3|nan2|dan1,rǎn|nán|dān
907,冊,U+518A,ce4,cè
908,冋,U+518B,jiong1|jiong3,jiōng|jiǒng
909,册,U+518C,ce4|zha4,cè|zhà
910,再,U+518D,zai4,zài
911,冎,U+518E,gua3,guǎ
912,冏,U+518F,jiong3|jiong1,jiǒng|jiōng
913,冐,U+5190,mao4,mào
914,冑,U+5191,zhou4,zhòu
915,冒,U+5192,mao4|mo4,mào|mò
916,冓,U+5193,gou4|gou1,gòu|gōu
917,冔,U+5194,xu3,xǔ
918,冕,U+5195,mian3,miǎn
919,冖,U+5196,mi4,mì
920,冗,U+5197,rong3,rǒng
921,冘,U+5198,yin2|you2,yín|yóu
922,写,U+5199,xie3|xie4,xiě|xiè
923,冚,U+519A,kan3,kǎn
924,军,U+519B,jun1,jūn
925,农,U+519C,nong2,nóng
926,冝,U+519D,yi2,yí
927,冞,U+519E,mi2,mí
928,冟,U+519F,shi4,shì
929,冠,U+51A0,guan1|guan4,guān|guàn
930,冡,U+51A1,meng2,méng
931,冢,U+51A2,zhong3,zhǒng
932,冣,U+51A3,ju4,jù
933,冤,U+51A4,yuan1,yuān
934,冥,U+51A5,ming2|mian2|mian4,míng|mián|miàn
935,冦,U+51A6,kou4,kòu
936,冧,U+51A7,lin2,lín
937,冨,U+51A8,fu4,fù
938,冩,U+51A9,xie3,xiě
939,冪,U+51AA,mi4,mì
940,冫,U+51AB,bing1,bīng
941,冬,U+51AC,dong1,dōng
942,冭,U+51AD,tai4,tài
943,冮,U+51AE,gang1,gāng
944,冯,U+51AF,feng2|ping2,féng|píng
945,冰,U+51B0,bing1|ning2,bīng|níng
946,冱,U+51B1,hu4,hù
947,冲,U+51B2,chong1|chong4,chōng|chòng
948,决,U+51B3,jue2,jué
949,冴,U+51B4,hu4,hù
950,况,U+51B5,kuang4,kuàng
951,冶,U+51B6,ye3,yě
952,冷,U+51B7,leng3|ling2|ling3,lěng|líng|lǐng
953,冸,U+51B8,pan4,pàn
954,冹,U+51B9,fu2,fú
955,冺,U+51BA,min3,mǐn
956,冻,U+51BB,dong4,dòng
957,冼,U+51BC,xian3|sheng3,xiǎn|shěng
958,冽,U+51BD,lie4,liè
959,冾,U+51BE,qia4,qià
960,冿,U+51BF,jian1,jiān
961,净,U+51C0,jing4|cheng1,jìng|chēng
962,凁,U+51C1,sou1,sōu
963,凂,U+51C2,mei3,měi
964,凃,U+51C3,tu2,tú
965,凄,U+51C4,qi1,qī
966,凅,U+51C5,gu4,gù
967,准,U+51C6,zhun3,zhǔn
968,凇,U+51C7,song1,sōng
969,凈,U+51C8,jing4,jìng
970,凉,U+51C9,liang2|liang4,liáng|liàng
971,凊,U+51CA,qing4,qìng
972,凋,U+51CB,diao1,diāo
973,凌,U+51CC,ling2|ling4,líng|lìng
974,凍,U+51CD,dong4,dòng
975,凎,U+51CE,gan4,gàn
976,减,U+51CF,jian3,jiǎn
977,凐,U+51D0,yin1,yīn
978,凑,U+51D1,cou4,còu
979,凒,U+51D2,ai2,ái
980,凓,U+51D3,li4,lì
981,凔,U+51D4,chuang4|cang1,chuàng|cāng
982,凕,U+51D5,ming3,mǐng
983,凖,U+51D6,zhun3,zhǔn
984,凗,U+51D7,cui1,cuī
985,凘,U+51D8,si1,sī
986,凙,U+51D9,duo2,duó
987,凚,U+51DA,jin4,jìn
988,凛,U+51DB,lin3,lǐn
989,凜,U+51DC,lin3,lǐn
990,凝,U+51DD,ning2,níng
991,凞,U+51DE,xi1,xī
992,凟,U+51DF,du2,dú
993,几,U+51E0,ji3|ji1,jǐ|jī
994,凡,U+51E1,fan2,fán
995,凢,U+51E2,fan2,fán
996,凣,U+51E3,fan2,fán
997,凤,U+51E4,feng4,fèng
998,凥,U+51E5,ju1,jū
999,処,U+51E6,chu3|chu4,chǔ|chù
1000,凧,U+51E7,zheng1,zhēng
1001,凨,U+51E8,feng1,fēng
1002,凩,U+51E9,mu4,mù
1003,凪,U+51EA,zhi3,zhǐ
1004,凫,U+51EB,fu2,fú
1005,凬,U+51EC,feng1,fēng
1006,凭,U+51ED,ping2,píng
1007,凮,U+51EE,feng1,fēng
1008,凯,U+51EF,kai3,kǎi
1009,凰,U+51F0,huang2,huáng
1010,凱,U+51F1,kai3,kǎi
1011,凲,U+51F2,gan1,gān
1012,凳,U+51F3,deng4,dèng
1013,凴,U+51F4,ping2,píng
1014,凵,U+51F5,qian3|kan3,qiǎn|kǎn
1015,凶,U+51F6,xiong1,xiōng
1016,凷,U+51F7,kuai4,kuài
1017,凸,U+51F8,tu1,tū
1018,凹,U+51F9,ao1|wa1,āo|wā
1019,出,U+51FA,chu1,chū
1020,击,U+51FB,ji1,jī
1021,凼,U+51FC,dang4,dàng
1022,函,U+51FD,han2,hán
1023,凾,U+51FE,han2,hán
1024,凿,U+51FF,zao2|zuo4,záo|zuò
1025,刀,U+5200,dao1|diao1,dāo|diāo
1026,刁,U+5201,diao1,diāo
1027,刂,U+5202,dao1,dāo
1028,刃,U+5203,ren4,rèn
1029,刄,U+5204,ren4,rèn
1030,刅,U+5205,chuang1,chuāng
1031,分,U+5206,fen1|fen4|fen2,fēn|fèn|fén
1032,切,U+5207,qie4|qie1|qi4,qiè|qiē|qì
1033,刈,U+5208,yi4,yì
1034,刉,U+5209,ji1,jī
1035,刊,U+520A,kan1,kān
1036,刋,U+520B,qian4,qiàn
1037,刌,U+520C,cun3,cǔn
1038,刍,U+520D,chu2,chú
1039,刎,U+520E,wen3,wěn
1040,刏,U+520F,ji1,jī
1041,刐,U+5210,dan3,dǎn
1042,刑,U+5211,xing2,xíng
1043,划,U+5212,hua4|hua2|guo4|guo3|huai,huà|huá|guò|guǒ|huai
1044,刓,U+5213,wan2,wán
1045,刔,U+5214,jue2,jué
1046,刕,U+5215,li2,lí
1047,刖,U+5216,yue4,yuè
1048,列,U+5217,lie4|li4,liè|lì
1049,刘,U+5218,liu2,liú
1050,则,U+5219,ze2,zé
1051,刚,U+521A,gang1,gāng
1052,创,U+521B,chuang4|chuang1,chuàng|chuāng
1053,刜,U+521C,fu2,fú
1054,初,U+521D,chu1,chū
1055,刞,U+521E,qu4,qù
1056,刟,U+521F,diao1,diāo
1057,删,U+5220,shan1,shān
1058,刡,U+5221,min3,mǐn
1059,刢,U+5222,ling2,líng
1060,刣,U+5223,zhong1,zhōng
1061,判,U+5224,pan4,pàn
1062,別,U+5225,bie2,bié
1063,刦,U+5226,jie2,jié
1064,刧,U+5227,jie2,jié
1065,刨,U+5228,pao2|bao4,páo|bào
1066,利,U+5229,li4,lì
1067,刪,U+522A,shan1,shān
1068,别,U+522B,bie2|bie4,bié|biè
1069,刬,U+522C,chan3|chan4,chǎn|chàn
1070,刭,U+522D,jing3,jǐng
1071,刮,U+522E,gua1,guā
1072,刯,U+522F,geng1,gēng
1073,到,U+5230,dao4,dào
1074,刱,U+5231,chuang4,chuàng
1075,刲,U+5232,kui1,kuī
1076,刳,U+5233,ku1|kou1,kū|kōu
1077,刴,U+5234,duo4,duò
1078,刵,U+5235,er4,èr
1079,制,U+5236,zhi4,zhì
1080,刷,U+5237,shua1|shua4,shuā|shuà
1081,券,U+5238,quan4|xuan4,quàn|xuàn
1082,刹,U+5239,sha1|cha4,shā|chà
1083,刺,U+523A,ci4|ci1|qi4,cì|cī|qì
1084,刻,U+523B,ke4|kei1,kè|kēi
1085,刼,U+523C,jie2,jié
1086,刽,U+523D,gui4,guì
1087,刾,U+523E,ci4,cì
1088,刿,U+523F,gui4,guì
1089,剀,U+5240,kai3,kǎi
1090,剁,U+5241,duo4,duò
1091,剂,U+5242,ji4,jì
1092,剃,U+5243,ti4,tì
1093,剄,U+5244,jing3,jǐng
1094,剅,U+5245,lou2|dou1,lóu|dōu
1095,剆,U+5246,luo3,luǒ
1096,則,U+5247,ze2,zé
1097,剈,U+5248,yuan1,yuān
1098,剉,U+5249,cuo4,cuò
1099,削,U+524A,xue1|xiao1|qiao4|shao4,xuē|xiāo|qiào|shào
1100,剋,U+524B,ke4|kei1,kè|kēi
1101,剌,U+524C,la2|la4,lá|là
1102,前,U+524D,qian2|jian3,qián|jiǎn
1103,剎,U+524E,sha1,shā
1104,剏,U+524F,chuang4,chuàng
1105,剐,U+5250,gua3,guǎ
1106,剑,U+5251,jian4,jiàn
1107,剒,U+5252,cuo4,cuò
1108,剓,U+5253,li2,lí
1109,剔,U+5254,ti1|ti4,tī|tì
1110,剕,U+5255,fei4,fèi
1111,剖,U+5256,pou1|po3,pōu|pǒ
1112,剗,U+5257,chan3|chan4,chǎn|chàn
1113,剘,U+5258,qi2,qí
1114,剙,U+5259,chuang4,chuàng
1115,剚,U+525A,zi4,zì
1116,剛,U+525B,gang1,gāng
1117,剜,U+525C,wan1,wān
1118,剝,U+525D,bo1,bō
1119,剞,U+525E,ji1,jī
1120,剟,U+525F,duo1|chi4,duō|chì
1121,剠,U+5260,qing2|lve4,qíng|lüè
1122,剡,U+5261,shan4|yan3,shàn|yǎn
1123,剢,U+5262,du1|zhuo2,dū|zhuó
1124,剣,U+5263,jian4,jiàn
1125,剤,U+5264,ji4,jì
1126,剥,U+5265,bo1|bao1|pu1,bō|bāo|pū
1127,剦,U+5266,yan1,yān
1128,剧,U+5267,ju4,jù
1129,剨,U+5268,huo1|huo4,huō|huò
1130,剩,U+5269,sheng4,shèng
1131,剪,U+526A,jian3,jiǎn
1132,剫,U+526B,duo2|du4,duó|dù
1133,剬,U+526C,duan1|tuan2|zhi4,duān|tuán|zhì
1134,剭,U+526D,wu1,wū
1135,剮,U+526E,gua3,guǎ
1136,副,U+526F,fu4|pi4,fù|pì
1137,剰,U+5270,sheng4,shèng
1138,剱,U+5271,jian4,jiàn
1139,割,U+5272,ge1,gē
1140,剳,U+5273,da2|zha2,dá|zhá
1141,剴,U+5274,kai3|ai1,kǎi|āi
1142,創,U+5275,chuang4|chuang1|qiang1,chuàng|chuāng|qiāng
1143,剶,U+5276,chuan1,chuān
1144,剷,U+5277,chan3,chǎn
1145,剸,U+5278,tuan2|zhuan1|zhuan4,tuán|zhuān|zhuàn
1146,剹,U+5279,lu4|jiu1,lù|jiū
1147,剺,U+527A,li2,lí
1148,剻,U+527B,peng3,pěng
1149,剼,U+527C,shan1,shān
1150,剽,U+527D,piao1|piao4|piao2|biao3|biao1,piāo|piào|piáo|biǎo|biāo
1151,剾,U+527E,kou1,kōu
1152,剿,U+527F,jiao3|chao1,jiǎo|chāo
1153,劀,U+5280,gua1,guā
1154,劁,U+5281,qiao1|qiao2,qiāo|qiáo
1155,劂,U+5282,jue2,jué
1156,劃,U+5283,hua4|hua2|huai,huà|huá|huai
1157,劄,U+5284,zha1|zha2,zhā|zhá
1158,劅,U+5285,zhuo2,zhuó
1159,劆,U+5286,lian2,lián
1160,劇,U+5287,ju4,jù
1161,劈,U+5288,pi1|pi3,pī|pǐ
1162,劉,U+5289,liu2,liú
1163,劊,U+528A,gui4,guì
1164,劋,U+528B,jiao3|chao1,jiǎo|chāo
1165,劌,U+528C,gui4,guì
1166,劍,U+528D,jian4,jiàn
1167,劎,U+528E,jian4,jiàn
1168,劏,U+528F,tang1,tāng
1169,劐,U+5290,huo1|huo4|hua2,huō|huò|huá
1170,劑,U+5291,ji4,jì
1171,劒,U+5292,jian4,jiàn
1172,劓,U+5293,yi4,yì
1173,劔,U+5294,jian4,jiàn
1174,劕,U+5295,zhi4,zhì
1175,劖,U+5296,chan2,chán
1176,劗,U+5297,jian3|zuan1,jiǎn|zuān
1177,劘,U+5298,mo2|mi2,mó|mí
1178,劙,U+5299,li2,lí
1179,劚,U+529A,zhu2,zhú
1180,力,U+529B,li4,lì
1181,劜,U+529C,ya4,yà
1182,劝,U+529D,quan4,quàn
1183,办,U+529E,ban4,bàn
1184,功,U+529F,gong1,gōng
1185,加,U+52A0,jia1,jiā
1186,务,U+52A1,wu4,wù
1187,劢,U+52A2,mai4,mài
1188,劣,U+52A3,lie4,liè
1189,劤,U+52A4,jin4,jìn
1190,劥,U+52A5,keng1,kēng
1191,劦,U+52A6,xie2|lie4,xié|liè
1192,劧,U+52A7,zhi3,zhǐ
1193,动,U+52A8,dong4,dòng
1194,助,U+52A9,zhu4|chu2,zhù|chú
1195,努,U+52AA,nu3,nǔ
1196,劫,U+52AB,jie2,jié
1197,劬,U+52AC,qu2,qú
1198,劭,U+52AD,shao4,shào
1199,劮,U+52AE,yi4,yì
1200,劯,U+52AF,zhu1,zhū
1201,劰,U+52B0,mo4,mò
1202,励,U+52B1,li4,lì
1203,劲,U+52B2,jin4|jing4,jìn|jìng
1204,劳,U+52B3,lao2,láo
1205,労,U+52B4,lao2,láo
1206,劵,U+52B5,juan4,juàn
1207,劶,U+52B6,kou3,kǒu
1208,劷,U+52B7,yang2,yáng
1209,劸,U+52B8,wa1,wā
1210,効,U+52B9,xiao4,xiào
1211,劺,U+52BA,mou2,móu
1212,劻,U+52BB,kuang1,kuāng
1213,劼,U+52BC,jie2,jié
1214,劽,U+52BD,lie4,liè
1215,劾,U+52BE,he2|kai4,hé|kài
1216,势,U+52BF,shi4,shì
1217,勀,U+52C0,ke4,kè
1218,勁,U+52C1,jin4|jing4,jìn|jìng
1219,勂,U+52C2,gao4,gào
1220,勃,U+52C3,bo2,bó
1221,勄,U+52C4,min3,mǐn
1222,勅,U+52C5,chi4,chì
1223,勆,U+52C6,lang2,láng
1224,勇,U+52C7,yong3,yǒng
1225,勈,U+52C8,yong3,yǒng
1226,勉,U+52C9,mian3,miǎn
1227,勊,U+52CA,ke4,kè
1228,勋,U+52CB,xun1,xūn
1229,勌,U+52CC,juan4|juan1,juàn|juān
1230,勍,U+52CD,qing2,qíng
1231,勎,U+52CE,lu4,lù
1232,勏,U+52CF,bu4,bù
1233,勐,U+52D0,meng3,měng
1234,勑,U+52D1,chi4|lai4,chì|lài
1235,勒,U+52D2,lei1|le4|lei,lēi|lè|lei
1236,勓,U+52D3,kai4,kài
1237,勔,U+52D4,mian3,miǎn
1238,動,U+52D5,dong4,dòng
1239,勖,U+52D6,xu4|mao4,xù|mào
1240,勗,U+52D7,xu4,xù
1241,勘,U+52D8,kan1,kān
1242,務,U+52D9,wu4|wu3|wu2|mao2|mao4,wù|wǔ|wú|máo|mào
1243,勚,U+52DA,yi4,yì
1244,勛,U+52DB,xun1,xūn
1245,勜,U+52DC,weng3|yang3,wěng|yǎng
1246,勝,U+52DD,sheng4,shèng
1247,勞,U+52DE,lao2|lao4|liao2,láo|lào|liáo
1248,募,U+52DF,mu4|bo2,mù|bó
1249,勠,U+52E0,lu4,lù
1250,勡,U+52E1,piao4,piào
1251,勢,U+52E2,shi4,shì
1252,勣,U+52E3,ji1,jī
1253,勤,U+52E4,qin2|qi2,qín|qí
1254,勥,U+52E5,jiang4|qiang3|jiang3,jiàng|qiǎng|jiǎng
1255,勦,U+52E6,chao1|jiao3|chao2,chāo|jiǎo|cháo
1256,勧,U+52E7,quan4,quàn
1257,勨,U+52E8,xiang4,xiàng
1258,勩,U+52E9,yi4,yì
1259,勪,U+52EA,jue2,jué
1260,勫,U+52EB,fan1,fān
1261,勬,U+52EC,juan1,juān
1262,勭,U+52ED,tong2|dong4,tóng|dòng
1263,勮,U+52EE,ju4,jù
1264,勯,U+52EF,dan1,dān
1265,勰,U+52F0,xie2,xié
1266,勱,U+52F1,mai4,mài
1267,勲,U+52F2,xun1,xūn
1268,勳,U+52F3,xun1,xūn
1269,勴,U+52F4,lv4,lǜ
1270,勵,U+52F5,li4,lì
1271,勶,U+52F6,che4,chè
1272,勷,U+52F7,rang2|xiang1,ráng|xiāng
1273,勸,U+52F8,quan4,quàn
1274,勹,U+52F9,bao1,bāo
1275,勺,U+52FA,shao2|shuo4|zhuo2|di4,sháo|shuò|zhuó|dì
1276,勻,U+52FB,yun2,yún
1277,勼,U+52FC,jiu1,jiū
1278,勽,U+52FD,bao4,bào
1279,勾,U+52FE,gou1|gou4,gōu|gòu
1280,勿,U+52FF,wu4|mo4,wù|mò
1281,匀,U+5300,yun2|jun1|yun4,yún|jūn|yùn
1282,匁,U+5301,wen2,wén
1283,匂,U+5302,xiong1,xiōng
1284,匃,U+5303,gai4,gài
1285,匄,U+5304,gai4,gài
1286,包,U+5305,bao1|pao2|fu2,bāo|páo|fú
1287,匆,U+5306,cong1,cōng
1288,匇,U+5307,yi4,yì
1289,匈,U+5308,xiong1,xiōng
1290,匉,U+5309,peng1,pēng
1291,匊,U+530A,ju1,jū
1292,匋,U+530B,tao2|yao2,táo|yáo
1293,匌,U+530C,ge2,gé
1294,匍,U+530D,pu2,pú
1295,匎,U+530E,e4,è
1296,匏,U+530F,pao2,páo
1297,匐,U+5310,fu2,fú
1298,匑,U+5311,gong1,gōng
1299,匒,U+5312,da2,dá
1300,匓,U+5313,jiu4,jiù
1301,匔,U+5314,gong1,gōng
1302,匕,U+5315,bi3|pin4,bǐ|pìn
1303,化,U+5316,hua4|hua1|huo4,huà|huā|huò
1304,北,U+5317,bei3|bei4,běi|bèi
1305,匘,U+5318,nao3,nǎo
1306,匙,U+5319,shi|chi2,shi|chí
1307,匚,U+531A,fang1|fang4,fāng|fàng
1308,匛,U+531B,jiu4,jiù
1309,匜,U+531C,yi2,yí
1310,匝,U+531D,za1,zā
1311,匞,U+531E,jiang4,jiàng
1312,匟,U+531F,kang4,kàng
1313,匠,U+5320,jiang4,jiàng
1314,匡,U+5321,kuang1|wang1,kuāng|wāng
1315,匢,U+5322,hu1,hū
1316,匣,U+5323,xia2,xiá
1317,匤,U+5324,qu1,qū
1318,匥,U+5325,fan2,fán
1319,匦,U+5326,gui3,guǐ
1320,匧,U+5327,qie4,qiè
1321,匨,U+5328,zang1|cang2,zāng|cáng
1322,匩,U+5329,kuang1,kuāng
1323,匪,U+532A,fei3|fei1|fen1,fěi|fēi|fēn
1324,匫,U+532B,hu1,hū
1325,匬,U+532C,yu3,yǔ
1326,匭,U+532D,gui3,guǐ
1327,匮,U+532E,kui4|gui4,kuì|guì
1328,匯,U+532F,hui4,huì
1329,匰,U+5330,dan1,dān
1330,匱,U+5331,gui4|kui4,guì|kuì
1331,匲,U+5332,lian2,lián
1332,匳,U+5333,lian2,lián
1333,匴,U+5334,suan3,suǎn
1334,匵,U+5335,du2,dú
1335,匶,U+5336,jiu4,jiù
1336,匷,U+5337,jue2,jué
1337,匸,U+5338,xi4,xì
1338,匹,U+5339,pi3,pǐ
1339,区,U+533A,qu1|ou1,qū|ōu
1340,医,U+533B,yi1|yi4,yī|yì
1341,匼,U+533C,ke1|e1|an3,kē|ē|ǎn
1342,匽,U+533D,yan3|yan4,yǎn|yàn
1343,匾,U+533E,bian3,biǎn
1344,匿,U+533F,ni4|te4,nì|tè
1345,區,U+5340,qu1|ou1|gou1|qiu1|kou4,qū|ōu|gōu|qiū|kòu
1346,十,U+5341,shi2,shí
1347,卂,U+5342,xun4,xùn
1348,千,U+5343,qian1,qiān
1349,卄,U+5344,nian4,niàn
1350,卅,U+5345,sa4,sà
1351,卆,U+5346,zu2,zú
1352,升,U+5347,sheng1,shēng
1353,午,U+5348,wu3,wǔ
1354,卉,U+5349,hui4,huì
1355,半,U+534A,ban4|pan4,bàn|pàn
1356,卋,U+534B,shi4,shì
1357,卌,U+534C,xi4,xì
1358,卍,U+534D,wan4,wàn
1359,华,U+534E,hua2|hua4|hua1,huá|huà|huā
1360,协,U+534F,xie2,xié
1361,卐,U+5350,wan4,wàn
1362,卑,U+5351,bei1|bi3|bi4|pi2|ban1,bēi|bǐ|bì|pí|bān
1363,卒,U+5352,zu2|cu4|cui4,zú|cù|cuì
1364,卓,U+5353,zhuo2|zhuo1,zhuó|zhuō
1365,協,U+5354,xie2,xié
1366,单,U+5355,dan1|chan2|shan4,dān|chán|shàn
1367,卖,U+5356,mai4,mài
1368,南,U+5357,nan2|na1,nán|nā
1369,単,U+5358,dan1,dān
1370,卙,U+5359,ji2|chi4,jí|chì
1371,博,U+535A,bo2,bó
1372,卛,U+535B,shuai4,shuài
1373,卜,U+535C,bo|bu3|pu1,bo|bǔ|pū
1374,卝,U+535D,kuang4|guan4,kuàng|guàn
1375,卞,U+535E,bian4|pan2,biàn|pán
1376,卟,U+535F,bu3|ji1,bǔ|jī
1377,占,U+5360,zhan4|zhan1|tie1,zhàn|zhān|tiē
1378,卡,U+5361,ka3|qia3,kǎ|qiǎ
1379,卢,U+5362,lu2,lú
1380,卣,U+5363,you3,yǒu
1381,卤,U+5364,lu3|xi1,lǔ|xī
1382,卥,U+5365,xi1,xī
1383,卦,U+5366,gua4,guà
1384,卧,U+5367,wo4,wò
1385,卨,U+5368,xie4,xiè
1386,卩,U+5369,jie2,jié
1387,卪,U+536A,jie2,jié
1388,卫,U+536B,wei4,wèi
1389,卬,U+536C,ang2|yang3,áng|yǎng
1390,卭,U+536D,qiong2,qióng
1391,卮,U+536E,zhi1,zhī
1392,卯,U+536F,mao3,mǎo
1393,印,U+5370,yin4|yi4,yìn|yì
1394,危,U+5371,wei1,wēi
1395,卲,U+5372,shao4,shào
1396,即,U+5373,ji2,jí
1397,却,U+5374,que4,què
1398,卵,U+5375,luan3|kun1,luǎn|kūn
1399,卶,U+5376,chi3,chǐ
1400,卷,U+5377,juan3|juan4|quan2|quan1|gun3|jun4,juǎn|juàn|quán|quān|gǔn|jùn
1401,卸,U+5378,xie4,xiè
1402,卹,U+5379,xu4|su1,xù|sū
1403,卺,U+537A,jin3,jǐn
1404,卻,U+537B,que4|jiao3|xi4,què|jiǎo|xì
1405,卼,U+537C,wu4,wù
1406,卽,U+537D,ji2,jí
1407,卾,U+537E,e4,è
1408,卿,U+537F,qing1,qīng
1409,厀,U+5380,xi1,xī
1410,厁,U+5381,san1,sān
1411,厂,U+5382,chang3|han3|yan2|an1,chǎng|hǎn|yán|ān
1412,厃,U+5383,wei3|yan2,wěi|yán
1413,厄,U+5384,e4|e3,è|ě
1414,厅,U+5385,ting1,tīng
1415,历,U+5386,li4,lì
1416,厇,U+5387,zhe2|zhai2,zhé|zhái
1417,厈,U+5388,han3|an4,hǎn|àn
1418,厉,U+5389,li4,lì
1419,厊,U+538A,ya3,yǎ
1420,压,U+538B,ya1|ya4,yā|yà
1421,厌,U+538C,yan4,yàn
1422,厍,U+538D,she4,shè
1423,厎,U+538E,di3|zhi3,dǐ|zhǐ
1424,厏,U+538F,zha3|zhai3,zhǎ|zhǎi
1425,厐,U+5390,pang2,páng
1426,厑,U+5391,ya2,yá
1427,厒,U+5392,qie4,qiè
1428,厓,U+5393,ya2|ai2,yá|ái
1429,厔,U+5394,zhi4|shi1,zhì|shī
1430,厕,U+5395,ce4|si,cè|si
1431,厖,U+5396,pang2|mang2,páng|máng
1432,厗,U+5397,ti2,tí
1433,厘,U+5398,li2|chan2,lí|chán
1434,厙,U+5399,she4,shè
1435,厚,U+539A,hou4,hòu
1436,厛,U+539B,ting1,tīng
1437,厜,U+539C,zui1,zuī
1438,厝,U+539D,cuo4|ji2,cuò|jí
1439,厞,U+539E,fei4,fèi
1440,原,U+539F,yuan2,yuán
1441,厠,U+53A0,ce4,cè
1442,厡,U+53A1,yuan2,yuán
1443,厢,U+53A2,xiang1,xiāng
1444,厣,U+53A3,yan3,yǎn
1445,厤,U+53A4,li4,lì
1446,厥,U+53A5,jue2,jué
1447,厦,U+53A6,sha4|xia4,shà|xià
1448,厧,U+53A7,dian1,diān
1449,厨,U+53A8,chu2,chú
1450,厩,U+53A9,jiu4,jiù
1451,厪,U+53AA,jin3,jǐn
1452,厫,U+53AB,ao2,áo
1453,厬,U+53AC,gui3,guǐ
1454,厭,U+53AD,yan4|ya1|yan3|yan1|yi4,yàn|yā|yǎn|yān|yì
1455,厮,U+53AE,si1,sī
1456,厯,U+53AF,li4,lì
1457,厰,U+53B0,chang3,chǎng
1458,厱,U+53B1,lan2|qian1,lán|qiān
1459,厲,U+53B2,li4|lai4,lì|lài
1460,厳,U+53B3,yan2,yán
1461,厴,U+53B4,yan3,yǎn
1462,厵,U+53B5,yuan2,yuán
1463,厶,U+53B6,si1|mou3,sī|mǒu
1464,厷,U+53B7,gong1|hong2,gōng|hóng
1465,厸,U+53B8,lin2|min,lín|min
1466,厹,U+53B9,rou2|qiu2,róu|qiú
1467,厺,U+53BA,qu4,qù
1468,去,U+53BB,qu4|qu1,qù|qū
1469,厼,U+53BC,er3,ěr
1470,厽,U+53BD,lei3,lěi
1471,厾,U+53BE,du1|du3,dū|dǔ
1472,县,U+53BF,xian4,xiàn
1473,叀,U+53C0,zhuan1|hui4,zhuān|huì
1474,叁,U+53C1,san1,sān
1475,参,U+53C2,can1|cen1|shen1,cān|cēn|shēn
1476,參,U+53C3,can1|shen1|san1|cen1|can4|san3,cān|shēn|sān|cēn|càn|sǎn
1477,叄,U+53C4,can1,cān
1478,叅,U+53C5,can1,cān
1479,叆,U+53C6,ai4,ài
1480,叇,U+53C7,dai4,dài
1481,又,U+53C8,you4,yòu
1482,叉,U+53C9,cha1|cha2|cha3|cha4,chā|chá|chǎ|chà
1483,及,U+53CA,ji2,jí
1484,友,U+53CB,you3,yǒu
1485,双,U+53CC,shuang1,shuāng
1486,反,U+53CD,fan3|fan4,fǎn|fàn
1487,収,U+53CE,shou1,shōu
1488,叏,U+53CF,guai4,guài
1489,叐,U+53D0,ba2,bá
1490,发,U+53D1,fa1|fa4,fā|fà
1491,叒,U+53D2,ruo4,ruò
1492,叓,U+53D3,shi4|li4,shì|lì
1493,叔,U+53D4,shu1,shū
1494,叕,U+53D5,zhuo2|yi3|li4|jue2,zhuó|yǐ|lì|jué
1495,取,U+53D6,qu3|qu1,qǔ|qū
1496,受,U+53D7,shou4|dao4,shòu|dào
1497,变,U+53D8,bian4,biàn
1498,叙,U+53D9,xu4,xù
1499,叚,U+53DA,jia3|xia2,jiǎ|xiá
1500,叛,U+53DB,pan4,pàn
1501,叜,U+53DC,sou3,sǒu
1502,叝,U+53DD,ji2,jí
1503,叞,U+53DE,wei4,wèi
1504,叟,U+53DF,sou3|sou1|xiao1,sǒu|sōu|xiāo
1505,叠,U+53E0,die2,dié
1506,叡,U+53E1,rui4,ruì
1507,叢,U+53E2,cong2,cóng
1508,口,U+53E3,kou3,kǒu
1509,古,U+53E4,gu3|gu4|ku1,gǔ|gù|kū
1510,句,U+53E5,ju4|gou1|gou4|qu2,jù|gōu|gòu|qú
1511,另,U+53E6,ling4,lìng
1512,叧,U+53E7,gua3,guǎ
1513,叨,U+53E8,dao1|dao2|tao1,dāo|dáo|tāo
1514,叩,U+53E9,kou4,kòu
1515,只,U+53EA,zhi3|zhi1,zhǐ|zhī
1516,叫,U+53EB,jiao4,jiào
1517,召,U+53EC,zhao4|shao4,zhào|shào
1518,叭,U+53ED,ba1|pa1|ba,bā|pā|ba
1519,叮,U+53EE,ding1,dīng
1520,可,U+53EF,ke3|ke4|ge1,kě|kè|gē
1521,台,U+53F0,tai2|tai1|yi2|si4,tái|tāi|yí|sì
1522,叱,U+53F1,chi4|hua4|e2,chì|huà|é
1523,史,U+53F2,shi3,shǐ
1524,右,U+53F3,you4,yòu
1525,叴,U+53F4,qiu2,qiú
1526,叵,U+53F5,po3,pǒ
1527,叶,U+53F6,ye4|xie2,yè|xié
1528,号,U+53F7,hao4|hao2|xiao1,hào|háo|xiāo
1529,司,U+53F8,si1|ci2|si4,sī|cí|sì
1530,叹,U+53F9,tan4|yi3|you4,tàn|yǐ|yòu
1531,叺,U+53FA,chi3,chǐ
1532,叻,U+53FB,le4|li4,lè|lì
1533,叼,U+53FC,diao1,diāo
1534,叽,U+53FD,ji1|jiao4,jī|jiào
1535,叾,U+53FE,liao3,liǎo
1536,叿,U+53FF,hong1|hong2,hōng|hóng
1537,吀,U+5400,mie1,miē
1538,吁,U+5401,xu1|yu1|yu4,xū|yū|yù
1539,吂,U+5402,mang2|mang4,máng|màng
1540,吃,U+5403,chi1|qi1,chī|qī
1541,各,U+5404,ge4|ge3,gè|gě
1542,吅,U+5405,xuan1|song4,xuān|sòng
1543,吆,U+5406,yao1,yāo
1544,吇,U+5407,zi3|ji2,zǐ|jí
1545,合,U+5408,he2|ge3,hé|gě
1546,吉,U+5409,ji2,jí
1547,吊,U+540A,diao4,diào
1548,吋,U+540B,cun4|dou4|ying1,cùn|dòu|yīng
1549,同,U+540C,tong2|tong4,tóng|tòng
1550,名,U+540D,ming2|ming4,míng|mìng
1551,后,U+540E,hou4,hòu
1552,吏,U+540F,li4,lì
1553,吐,U+5410,tu3|tu4,tǔ|tù
1554,向,U+5411,xiang4,xiàng
1555,吒,U+5412,zha1|zha4,zhā|zhà
1556,吓,U+5413,xia4|he4|ha4,xià|hè|hà
1557,吔,U+5414,ye3|ye1,yě|yē
1558,吕,U+5415,lv3,lǚ
1559,吖,U+5416,ya1|a1,yā|ā
1560,吗,U+5417,ma|ma2|ma3,ma|má|mǎ
1561,吘,U+5418,ou3,ǒu
1562,吙,U+5419,huo1,huō
1563,吚,U+541A,yi1|xi1,yī|xī
1564,君,U+541B,jun1,jūn
1565,吜,U+541C,chou3,chǒu
1566,吝,U+541D,lin4,lìn
1567,吞,U+541E,tun1|tian1,tūn|tiān
1568,吟,U+541F,yin2|yin3|jin4,yín|yǐn|jìn
1569,吠,U+5420,fei4,fèi
1570,吡,U+5421,bi3|bi4|pi3,bǐ|bì|pǐ
1571,吢,U+5422,qin4,qìn
1572,吣,U+5423,qin4,qìn
1573,吤,U+5424,jie4|ge4|xie4,jiè|gè|xiè
1574,吥,U+5425,bu4|pou1,bù|pōu
1575,否,U+5426,fou3|pi3,fǒu|pǐ
1576,吧,U+5427,ba|ba1|pa1,ba|bā|pā
1577,吨,U+5428,dun1|tun2|tun3,dūn|tún|tǔn
1578,吩,U+5429,fen1|pen4,fēn|pèn
1579,吪,U+542A,e2|hua1,é|huā
1580,含,U+542B,han2|han4,hán|hàn
1581,听,U+542C,ting1|yin3|yi2,tīng|yǐn|yí
1582,吭,U+542D,keng1|hang2|hang4,kēng|háng|hàng
1583,吮,U+542E,shun3,shǔn
1584,启,U+542F,qi3,qǐ
1585,吰,U+5430,hong2,hóng
1586,吱,U+5431,zhi1|zi1|qi4,zhī|zī|qì
1587,吲,U+5432,yin3|shen3,yǐn|shěn
1588,吳,U+5433,wu2|yu2,wú|yú
1589,吴,U+5434,wu2|tun1,wú|tūn
1590,吵,U+5435,chao3|chao1|miao3|chao4,chǎo|chāo|miǎo|chào
1591,吶,U+5436,na4,nà
1592,吷,U+5437,xue4|chuo4|jue2,xuè|chuò|jué
1593,吸,U+5438,xi1,xī
1594,吹,U+5439,chui1|chui4,chuī|chuì
1595,吺,U+543A,dou1|ru2,dōu|rú
1596,吻,U+543B,wen3,wěn
1597,吼,U+543C,hou3,hǒu
1598,吽,U+543D,hong1|ou1|hou3,hōng|ōu|hǒu
1599,吾,U+543E,wu2|yu2|ya2,wú|yú|yá
1600,吿,U+543F,gao4,gào
1601,呀,U+5440,ya|ya1|xia1,ya|yā|xiā
1602,呁,U+5441,jun4,jùn
1603,呂,U+5442,lv3,lǚ
1604,呃,U+5443,e4|e|ai4,è|e|ài
1605,呄,U+5444,ge2,gé
1606,呅,U+5445,mei2|wen3,méi|wěn
1607,呆,U+5446,dai1|bao3|ai2,dāi|bǎo|ái
1608,呇,U+5447,qi3|men4,qǐ|mèn
1609,呈,U+5448,cheng2|kuang2|cheng3,chéng|kuáng|chěng
1610,呉,U+5449,wu2,wú
1611,告,U+544A,gao4|ju1|gu4,gào|jū|gù
1612,呋,U+544B,fu1,fū
1613,呌,U+544C,jiao4,jiào
1614,呍,U+544D,hong1,hōng
1615,呎,U+544E,chi3|ying1,chǐ|yīng
1616,呏,U+544F,sheng1,shēng
1617,呐,U+5450,na4|ne4|na|nuo4|ne,nà|nè|na|nuò|ne
1618,呑,U+5451,tun1,tūn
1619,呒,U+5452,wu3|m2,wǔ|ḿ
1620,呓,U+5453,yi4,yì
1621,呔,U+5454,dai1|tai3,dāi|tǎi
1622,呕,U+5455,ou3|ou1|ou4,ǒu|ōu|òu
1623,呖,U+5456,li4,lì
1624,呗,U+5457,bei|bai4,bei|bài
1625,员,U+5458,yuan2|yun4|yun2,yuán|yùn|yún
1626,呙,U+5459,guo1,guō
1627,呚,U+545A,wen,wen
1628,呛,U+545B,qiang1|qiang4,qiāng|qiàng
1629,呜,U+545C,wu1,wū
1630,呝,U+545D,e4,è
1631,呞,U+545E,shi1,shī
1632,呟,U+545F,juan3,juǎn
1633,呠,U+5460,pen3,pěn
1634,呡,U+5461,wen3|min3,wěn|mǐn
1635,呢,U+5462,ne|ni2|ni3|ni1,ne|ní|nǐ|nī
1636,呣,U+5463,m2|m4|mou2,ḿ|m̀|móu
1637,呤,U+5464,ling4|ling2,lìng|líng
1638,呥,U+5465,ran2,rán
1639,呦,U+5466,you1,yōu
1640,呧,U+5467,di3,dǐ
1641,周,U+5468,zhou1,zhōu
1642,呩,U+5469,shi4,shì
1643,呪,U+546A,zhou4,zhòu
1644,呫,U+546B,tie4|che4,tiè|chè
1645,呬,U+546C,xi4|chi4,xì|chì
1646,呭,U+546D,yi4,yì
1647,呮,U+546E,qi4|zhi1,qì|zhī
1648,呯,U+546F,ping2,píng
1649,呰,U+5470,zi3|ci1|ji1|xi4,zǐ|cī|jī|xì
1650,呱,U+5471,gu1|gua1|gua3,gū|guā|guǎ
1651,呲,U+5472,ci1|ci2|zi1,cī|cí|zī
1652,味,U+5473,wei4|mei4,wèi|mèi
1653,呴,U+5474,xu3|hou3|hou1|gou4|gou1|gu1,xǔ|hǒu|hōu|gòu|gōu|gū
1654,呵,U+5475,he1|ha1|a1|a|ke1|huo1|a2|a3|a4,hē|hā|ā|a|kē|huō|á|ǎ|à
1655,呶,U+5476,nao2|na2|nu3,náo|ná|nǔ
1656,呷,U+5477,ga1|xia1|xia2|jia3,gā|xiā|xiá|jiǎ
1657,呸,U+5478,pei1,pēi
1658,呹,U+5479,yi4|chi4,yì|chì
1659,呺,U+547A,xiao1|hao2,xiāo|háo
1660,呻,U+547B,shen1,shēn
1661,呼,U+547C,hu1|xiao1|xu1|he4|xia4,hū|xiāo|xū|hè|xià
1662,命,U+547D,ming4,mìng
1663,呾,U+547E,da2|ya4|ta3|dan4,dá|yà|tǎ|dàn
1664,呿,U+547F,qu4|ka1,qù|kā
1665,咀,U+5480,ju3|zui3,jǔ|zuǐ
1666,咁,U+5481,gan4|han2|xian2,gàn|hán|xián
1667,咂,U+5482,za1,zā
1668,咃,U+5483,tuo1,tuō
1669,咄,U+5484,duo1,duō
1670,咅,U+5485,pou3,pǒu
1671,咆,U+5486,pao2,páo
1672,咇,U+5487,bie2|bi4,bié|bì
1673,咈,U+5488,fu2,fú
1674,咉,U+5489,yang1|yang3,yāng|yǎng
1675,咊,U+548A,he2,hé
1676,咋,U+548B,za3|ze2|zha1|zha4,zǎ|zé|zhā|zhà
1677,和,U+548C,he2|he4|hu2|huo2|huo4|huo,hé|hè|hú|huó|huò|huo
1678,咍,U+548D,hai1|tai1,hāi|tāi
1679,咎,U+548E,jiu4|gao1,jiù|gāo
1680,咏,U+548F,yong3,yǒng
1681,咐,U+5490,fu4|fu2,fù|fú
1682,咑,U+5491,da1,dā
1683,咒,U+5492,zhou4,zhòu
1684,咓,U+5493,wa3,wǎ
1685,咔,U+5494,ka1|ka3|nong4,kā|kǎ|nòng
1686,咕,U+5495,gu1|gu,gū|gu
1687,咖,U+5496,ka1|ga1|jia1,kā|gā|jiā
1688,咗,U+5497,zuo,zuo
1689,咘,U+5498,bu4,bù
1690,咙,U+5499,long2,lóng
1691,咚,U+549A,dong1,dōng
1692,咛,U+549B,ning2,níng
1693,咜,U+549C,ta,ta
1694,咝,U+549D,si1,sī
1695,咞,U+549E,xian4|xian2,xiàn|xián
1696,咟,U+549F,huo4,huò
1697,咠,U+54A0,qi4,qì
1698,咡,U+54A1,er4|er2,èr|ér
1699,咢,U+54A2,e4,è
1700,咣,U+54A3,guang1|gong1,guāng|gōng
1701,咤,U+54A4,zha4,zhà
1702,咥,U+54A5,xi4|xi1|die2|zhi4,xì|xī|dié|zhì
1703,咦,U+54A6,yi2|xi1,yí|xī
1704,咧,U+54A7,lie3|lie1|lie4|lie2|lie,liě|liē|liè|lié|lie
1705,咨,U+54A8,zi1,zī
1706,咩,U+54A9,mie1|mie,miē|mie
1707,咪,U+54AA,mi1|mi3|mie1|mai3,mī|mǐ|miē|mǎi
1708,咫,U+54AB,zhi3,zhǐ
1709,咬,U+54AC,yao3|jiao1|yao1|jiao3,yǎo|jiāo|yāo|jiǎo
1710,咭,U+54AD,ji1|xi1|qia4,jī|xī|qià
1711,咮,U+54AE,zhou4|zhu4|zhu1|ru2,zhòu|zhù|zhū|rú
1712,咯,U+54AF,ge1|ka3|lo|luo4|ka1,gē|kǎ|lo|luò|kā
1713,咰,U+54B0,shu4|xun2,shù|xún
1714,咱,U+54B1,zan2|za2|za3|zan,zán|zá|zǎ|zan
1715,咲,U+54B2,xiao4,xiào
1716,咳,U+54B3,ke2|hai1|hai2|gai1,ké|hāi|hái|gāi
1717,咴,U+54B4,hui1|hai2,huī|hái
1718,咵,U+54B5,kua3,kuǎ
1719,咶,U+54B6,huai4|shi4|guo1|gua1|hua4,huài|shì|guō|guā|huà
1720,咷,U+54B7,tao2|tiao4,táo|tiào
1721,咸,U+54B8,xian2|jian3|jian1,xián|jiǎn|jiān
1722,咹,U+54B9,e4|an4|n2,è|àn|ń
1723,咺,U+54BA,xuan3|xuan1,xuǎn|xuān
1724,咻,U+54BB,xiu1|xu3|xiao1|xu4,xiū|xǔ|xiāo|xù
1725,咼,U+54BC,guo1|wai1|he2|wo3|wo1|gua3,guō|wāi|hé|wǒ|wō|guǎ
1726,咽,U+54BD,yan4|yan1|ye4|yuan1,yàn|yān|yè|yuān
1727,咾,U+54BE,lao3,lǎo
1728,咿,U+54BF,yi1,yī
1729,哀,U+54C0,ai1,āi
1730,品,U+54C1,pin3,pǐn
1731,哂,U+54C2,shen3,shěn
1732,哃,U+54C3,tong2,tóng
1733,哄,U+54C4,hong3|hong1|hong4,hǒng|hōng|hòng
1734,哅,U+54C5,xiong1|hong1,xiōng|hōng
1735,哆,U+54C6,duo1|chi3|zha4|chi4|duo4|die3,duō|chǐ|zhà|chì|duò|diě
1736,哇,U+54C7,wa|wa1|gui1|hua2|wa2,wa|wā|guī|huá|wá
1737,哈,U+54C8,ha1|ha3|ha4|he1|he2|ta4|sha4,hā|hǎ|hà|hē|hé|tà|shà
1738,哉,U+54C9,zai1,zāi
1739,哊,U+54CA,you4,yòu
1740,哋,U+54CB,die4|di4,diè|dì
1741,哌,U+54CC,pai4|gu1,pài|gū
1742,响,U+54CD,xiang3,xiǎng
1743,哎,U+54CE,ai1,āi
1744,哏,U+54CF,gen2|hen3|n4,gén|hěn|ǹ
1745,哐,U+54D0,kuang1|qiang1,kuāng|qiāng
1746,哑,U+54D1,ya3|ya1,yǎ|yā
1747,哒,U+54D2,da2|da1,dá|dā
1748,哓,U+54D3,xiao1,xiāo
1749,哔,U+54D4,bi4,bì
1750,哕,U+54D5,hui4|yue3,huì|yuě
1751,哖,U+54D6,nian2,nián
1752,哗,U+54D7,hua1|hua2,huā|huá
1753,哘,U+54D8,xing,xing
1754,哙,U+54D9,kuai4,kuài
1755,哚,U+54DA,duo3,duǒ
1756,哛,U+54DB,fen1,fēn
1757,哜,U+54DC,ji4,jì
1758,哝,U+54DD,nong2,nóng
1759,哞,U+54DE,mou1,mōu
1760,哟,U+54DF,yo1|yo,yō|yo
1761,哠,U+54E0,hao4,hào
1762,員,U+54E1,yuan2|yun2|yun4,yuán|yún|yùn
1763,哢,U+54E2,long4,lòng
1764,哣,U+54E3,pou3,pǒu
1765,哤,U+54E4,mang2,máng
1766,哥,U+54E5,ge1,gē
1767,哦,U+54E6,o2|e2|o4,ó|é|ò
1768,哧,U+54E7,chi1|xia4|he4,chī|xià|hè
1769,哨,U+54E8,shao4|sao1|xiao1|xiao4|sao4,shào|sāo|xiāo|xiào|sào
1770,哩,U+54E9,li1|li|li4|li3|mai2|ying1,lī|li|lì|lǐ|mái|yīng
1771,哪,U+54EA,na3|na|ne2|nuo2|nai3|na4|nie4|nei3,nǎ|na|né|nuó|nǎi|nà|niè|něi
1772,哫,U+54EB,zu2,zú
1773,哬,U+54EC,he2,hé
1774,哭,U+54ED,ku1,kū
1775,哮,U+54EE,xiao1|xiao4|xue1,xiāo|xiào|xuē
1776,哯,U+54EF,xian4,xiàn
1777,哰,U+54F0,lao2,láo
1778,哱,U+54F1,bo1|po4|bei4|ba1|bo2,bō|pò|bèi|bā|bó
1779,哲,U+54F2,zhe2,zhé
1780,哳,U+54F3,zha1,zhā
1781,哴,U+54F4,liang4|lang2,liàng|láng
1782,哵,U+54F5,ba1,bā
1783,哶,U+54F6,mie1,miē
1784,哷,U+54F7,lie4|lv4,liè|lǜ
1785,哸,U+54F8,sui1,suī
1786,哹,U+54F9,fu2,fú
1787,哺,U+54FA,bu3|bu1|fu3,bǔ|bū|fǔ
1788,哻,U+54FB,han1,hān
1789,哼,U+54FC,heng1|hng,hēng|hng
1790,哽,U+54FD,geng3|ying3|ying4|ng2|n2,gěng|yǐng|yìng|ńg|ń
1791,哾,U+54FE,shuo1|yue4,shuō|yuè
1792,哿,U+54FF,ge3,gě
1793,唀,U+5500,you4,yòu
1794,唁,U+5501,yan4,yàn
1795,唂,U+5502,gu1,gū
1796,唃,U+5503,gu3,gǔ
1797,唄,U+5504,bei|bai4,bei|bài
1798,唅,U+5505,han2,hán
1799,唆,U+5506,suo1|shua4,suō|shuà
1800,唇,U+5507,chun2|zhen1|zhen4,chún|zhēn|zhèn
1801,唈,U+5508,yi4,yì
1802,唉,U+5509,ai1|ai4|ai3,āi|ài|ǎi
1803,唊,U+550A,jia2|qian3,jiá|qiǎn
1804,唋,U+550B,tu1,tū
1805,唌,U+550C,xian2|yan2|dan4,xián|yán|dàn
1806,唍,U+550D,wan3,wǎn
1807,唎,U+550E,li4,lì
1808,唏,U+550F,xi1|xie4,xī|xiè
1809,唐,U+5510,tang2,táng
1810,唑,U+5511,zuo4|shi4,zuò|shì
1811,唒,U+5512,qiu2,qiú
1812,唓,U+5513,che1,chē
1813,唔,U+5514,wu2|wu4|ng2|m2|n2,wú|wù|ńg|ḿ|ń
1814,唕,U+5515,zao4,zào
1815,唖,U+5516,ya3,yǎ
1816,唗,U+5517,dou1,dōu
1817,唘,U+5518,qi3,qǐ
1818,唙,U+5519,di2,dí
1819,唚,U+551A,qin4|qin1,qìn|qīn
1820,唛,U+551B,ma4|mai4,mà|mài
1821,唜,U+551C,mo4,mò
1822,唝,U+551D,gong4|hong3,gòng|hǒng
1823,唞,U+551E,dou3,dǒu
1824,唟,U+551F,qu4,qù
1825,唠,U+5520,lao2|lao4,láo|lào
1826,唡,U+5521,liang3|ying1,liǎng|yīng
1827,唢,U+5522,suo3,suǒ
1828,唣,U+5523,zao4,zào
1829,唤,U+5524,huan4,huàn
1830,唥,U+5525,lang,lang
1831,唦,U+5526,sha1,shā
1832,唧,U+5527,ji1|jie2,jī|jié
1833,唨,U+5528,zu3,zǔ
1834,唩,U+5529,wo1|wei3,wō|wěi
1835,唪,U+552A,feng3|beng3,fěng|běng
1836,唫,U+552B,jin4|yin2,jìn|yín
1837,唬,U+552C,hu3|xiao1|guo2|xia4|hao2,hǔ|xiāo|guó|xià|háo
1838,唭,U+552D,qi4,qì
1839,售,U+552E,shou4|shu2,shòu|shú
1840,唯,U+552F,wei2|wei3,wéi|wěi
1841,唰,U+5530,shua1,shuā
1842,唱,U+5531,chang4,chàng
1843,唲,U+5532,er2|wa1,ér|wā
1844,唳,U+5533,li4,lì
1845,唴,U+5534,qiang4,qiàng
1846,唵,U+5535,an3|ng|n,ǎn|ng|n
1847,唶,U+5536,ze2|jie4,zé|jiè
1848,唷,U+5537,yo1|yu4,yō|yù
1849,唸,U+5538,nian4|dian4,niàn|diàn
1850,唹,U+5539,yu1,yū
1851,唺,U+553A,tian3,tiǎn
1852,唻,U+553B,lai4|lai2,lài|lái
1853,唼,U+553C,sha4|qie4,shà|qiè
1854,唽,U+553D,xi1,xī
1855,唾,U+553E,tuo4,tuò
1856,唿,U+553F,hu1,hū
1857,啀,U+5540,ai2,ái
1858,啁,U+5541,zhao1|zhou1|dao1|tiao2|diao4,zhāo|zhōu|dāo|tiáo|diào
1859,啂,U+5542,nou3,nǒu
1860,啃,U+5543,ken3,kěn
1861,啄,U+5544,zhuo2|zhou4,zhuó|zhòu
1862,啅,U+5545,zhuo2|zhao4,zhuó|zhào
1863,商,U+5546,shang1,shāng
1864,啇,U+5547,di4|shi4|zhai1,dì|shì|zhāi
1865,啈,U+5548,heng1|heng4|e4|za2,hēng|hèng|è|zá
1866,啉,U+5549,lin2|lan2|len4,lín|lán|lèn
1867,啊,U+554A,a|a1|a2|a3|a4|e4,a|ā|á|ǎ|à|è
1868,啋,U+554B,cai3|cai1|xiao1,cǎi|cāi|xiāo
1869,啌,U+554C,xiang1|qiang1,xiāng|qiāng
1870,啍,U+554D,tun1|zhun1|xiang1|tui1|dui3,tūn|zhūn|xiāng|tuī|duǐ
1871,啎,U+554E,wu3,wǔ
1872,問,U+554F,wen4,wèn
1873,啐,U+5550,cui4|zu2|za2|e4|chuai4,cuì|zú|zá|è|chuài
1874,啑,U+5551,sha4|za1|jie2|die2|ti4,shà|zā|jié|dié|tì
1875,啒,U+5552,gu3,gǔ
1876,啓,U+5553,qi3,qǐ
1877,啔,U+5554,qi3,qǐ
1878,啕,U+5555,tao2,táo
1879,啖,U+5556,dan4,dàn
1880,啗,U+5557,dan4,dàn
1881,啘,U+5558,ye4|wa1,yè|wā
1882,啙,U+5559,zi3|ci1,zǐ|cī
1883,啚,U+555A,bi3|tu2,bǐ|tú
1884,啛,U+555B,cui4,cuì
1885,啜,U+555C,chuai4|chuo4|zhuo2,chuài|chuò|zhuó
1886,啝,U+555D,he2,hé
1887,啞,U+555E,ya3|e4|ya1,yǎ|è|yā
1888,啟,U+555F,qi3,qǐ
1889,啠,U+5560,zhe2,zhé
1890,啡,U+5561,fei1|pei4|pai2|pei1|bai4,fēi|pèi|pái|pēi|bài
1891,啢,U+5562,liang3|ying1,liǎng|yīng
1892,啣,U+5563,xian2,xián
1893,啤,U+5564,pi2,pí
1894,啥,U+5565,sha2|sha4,shá|shà
1895,啦,U+5566,la|la1,la|lā
1896,啧,U+5567,ze2,zé
1897,啨,U+5568,ying1|qing2,yīng|qíng
1898,啩,U+5569,gua4,guà
1899,啪,U+556A,pa1,pā
1900,啫,U+556B,zhe3,zhě
1901,啬,U+556C,se4,sè
1902,啭,U+556D,zhuan4,zhuàn
1903,啮,U+556E,nie4,niè
1904,啯,U+556F,guo1,guō
1905,啰,U+5570,luo1|luo2|luo,luō|luó|luo
1906,啱,U+5571,yan2,yán
1907,啲,U+5572,di1,dī
1908,啳,U+5573,quan2|jue2,quán|jué
1909,啴,U+5574,chan3|tan1,chǎn|tān
1910,啵,U+5575,bo1|bo,bō|bo
1911,啶,U+5576,ding4,dìng
1912,啷,U+5577,lang1,lāng
1913,啸,U+5578,xiao4,xiào
1914,啹,U+5579,ju2,jú
1915,啺,U+557A,tang2,táng
1916,啻,U+557B,chi4|di4,chì|dì
1917,啼,U+557C,ti2,tí
1918,啽,U+557D,an2|an1,án|ān
1919,啾,U+557E,jiu1,jiū
1920,啿,U+557F,dan4,dàn
1921,喀,U+5580,ka1|ke4|ke,kā|kè|ke
1922,喁,U+5581,yong2|yu2,yóng|yú
1923,喂,U+5582,wei4,wèi
1924,喃,U+5583,nan2|nan3,nán|nǎn
1925,善,U+5584,shan4,shàn
1926,喅,U+5585,yu4,yù
1927,喆,U+5586,zhe2,zhé
1928,喇,U+5587,la3|la2|la1|la,lǎ|lá|lā|la
1929,喈,U+5588,jie1|xie4,jiē|xiè
1930,喉,U+5589,hou2,hóu
1931,喊,U+558A,han3|kan4|jian1,hǎn|kàn|jiān
1932,喋,U+558B,die2|zha2|qie4,dié|zhá|qiè
1933,喌,U+558C,zhou1,zhōu
1934,喍,U+558D,chai2,chái
1935,喎,U+558E,wai1,wāi
1936,喏,U+558F,nuo4|re3,nuò|rě
1937,喐,U+5590,yu4,yù
1938,喑,U+5591,yin1|yin3|yin4,yīn|yǐn|yìn
1939,喒,U+5592,za2|zan3|zan2|za4|zan,zá|zǎn|zán|zà|zan
1940,喓,U+5593,yao1,yāo
1941,喔,U+5594,o1|wo1|wu1|o|o4,ō|wō|wū|o|ò
1942,喕,U+5595,mian3,miǎn
1943,喖,U+5596,hu2,hú
1944,喗,U+5597,yun3,yǔn
1945,喘,U+5598,chuan3,chuǎn
1946,喙,U+5599,hui4|zhou4,huì|zhòu
1947,喚,U+559A,huan4,huàn
1948,喛,U+559B,huan4|yuan2|xuan3|he2,huàn|yuán|xuǎn|hé
1949,喜,U+559C,xi3|xi1|chi4,xǐ|xī|chì
1950,喝,U+559D,he1|he4|ye4|kai4,hē|hè|yè|kài
1951,喞,U+559E,ji1,jī
1952,喟,U+559F,kui4|huai4,kuì|huài
1953,喠,U+55A0,zhong3|chong3,zhǒng|chǒng
1954,喡,U+55A1,wei2|wei4,wéi|wèi
1955,喢,U+55A2,sha4|che4,shà|chè
1956,喣,U+55A3,xu3,xǔ
1957,喤,U+55A4,huang2,huáng
1958,喥,U+55A5,duo2|zha4,duó|zhà
1959,喦,U+55A6,nie4|yi4,niè|yì
1960,喧,U+55A7,xuan1|xuan3,xuān|xuǎn
1961,喨,U+55A8,liang4,liàng
1962,喩,U+55A9,yu4,yù
1963,喪,U+55AA,sang4|sang1,sàng|sāng
1964,喫,U+55AB,chi1|kai4,chī|kài
1965,喬,U+55AC,qiao2|jiao3,qiáo|jiǎo
1966,喭,U+55AD,yan4|yan3,yàn|yǎn
1967,單,U+55AE,dan1|dan3|chan2|shan4|chan3|dan4|zhan4|tan2,dān|dǎn|chán|shàn|chǎn|dàn|zhàn|tán
1968,喯,U+55AF,pen4|ben1,pèn|bēn
1969,喰,U+55B0,can1|sun1|qi1,cān|sūn|qī
1970,喱,U+55B1,li2,lí
1971,喲,U+55B2,yo1|yo,yō|yo
1972,喳,U+55B3,zha1|cha1|zha,zhā|chā|zha
1973,喴,U+55B4,wei1,wēi
1974,喵,U+55B5,miao1,miāo
1975,営,U+55B6,ying2,yíng
1976,喷,U+55B7,pen1|pen4,pēn|pèn
1977,喸,U+55B8,bu3,bǔ
1978,喹,U+55B9,kui2,kuí
1979,喺,U+55BA,xi2,xí
1980,喻,U+55BB,yu4|yu2,yù|yú
1981,喼,U+55BC,jie1,jiē
1982,喽,U+55BD,lou2|lou,lóu|lou
1983,喾,U+55BE,ku4,kù
1984,喿,U+55BF,zao4|qiao1,zào|qiāo
1985,嗀,U+55C0,hu4,hù
1986,嗁,U+55C1,ti2,tí
1987,嗂,U+55C2,yao2,yáo
1988,嗃,U+55C3,he4|xiao1|xiao4|hu4,hè|xiāo|xiào|hù
1989,嗄,U+55C4,a2|sha4|a|xia4,á|shà|a|xià
1990,嗅,U+55C5,xiu4,xiù
1991,嗆,U+55C6,qiang1|qiang4|cheng2,qiāng|qiàng|chéng
1992,嗇,U+55C7,se4,sè
1993,嗈,U+55C8,yong1,yōng
1994,嗉,U+55C9,su4,sù
1995,嗊,U+55CA,hong3|gong3|gong4,hǒng|gǒng|gòng
1996,嗋,U+55CB,xie2,xié
1997,嗌,U+55CC,ai4|yi4|wo4,ài|yì|wò
1998,嗍,U+55CD,suo1|shuo4,suō|shuò
1999,嗎,U+55CE,ma|ma4|ma2|ma3,ma|mà|má|mǎ
2000,嗏,U+55CF,cha1,chā
2001,嗐,U+55D0,hai4,hài
2002,嗑,U+55D1,ke1|ke4|he2|xia2,kē|kè|hé|xiá
2003,嗒,U+55D2,da1|ta4|da,dā|tà|da
2004,嗓,U+55D3,sang3,sǎng
2005,嗔,U+55D4,chen1|tian2,chēn|tián
2006,嗕,U+55D5,ru4,rù
2007,嗖,U+55D6,sou1|su4|sou4,sōu|sù|sòu
2008,嗗,U+55D7,wa1|gu1,wā|gū
2009,嗘,U+55D8,ji1,jī
2010,嗙,U+55D9,pang3|beng1|bang4,pǎng|bēng|bàng
2011,嗚,U+55DA,wu1|wu4,wū|wù
2012,嗛,U+55DB,qian3|xian2|qian4|qian1|qie4,qiǎn|xián|qiàn|qiān|qiè
2013,嗜,U+55DC,shi4,shì
2014,嗝,U+55DD,ge2,gé
2015,嗞,U+55DE,zi1,zī
2016,嗟,U+55DF,jie1|jie4|jue1,jiē|jiè|juē
2017,嗠,U+55E0,lao4,lào
2018,嗡,U+55E1,weng1|weng3,wēng|wěng
2019,嗢,U+55E2,wa4,wà
2020,嗣,U+55E3,si4,sì
2021,嗤,U+55E4,chi1,chī
2022,嗥,U+55E5,hao2,háo
2023,嗦,U+55E6,suo|suo1,suo|suō
2024,嗧,U+55E7,嗧,嗧
2025,嗨,U+55E8,hai1|hei1,hāi|hēi
2026,嗩,U+55E9,suo3,suǒ
2027,嗪,U+55EA,qin2,qín
2028,嗫,U+55EB,nie4,niè
2029,嗬,U+55EC,he1,hē
2030,嗭,U+55ED,zhi2,zhí
2031,嗮,U+55EE,sai4,sài
2032,嗯,U+55EF,n2|ng2|ng3|ng4|n3|n4,ń|ńg|ňg|ǹg|ň|ǹ
2033,嗰,U+55F0,ge3,gě
2034,嗱,U+55F1,na2,ná
2035,嗲,U+55F2,die1|dia3,diē|diǎ
2036,嗳,U+55F3,ai1|ai3|ai4,āi|ǎi|ài
2037,嗴,U+55F4,qiang1,qiāng
2038,嗵,U+55F5,tong1,tōng
2039,嗶,U+55F6,bi4,bì
2040,嗷,U+55F7,ao2,áo
2041,嗸,U+55F8,ao2,áo
2042,嗹,U+55F9,lian2,lián
2043,嗺,U+55FA,zui1|sui1|zui3,zuī|suī|zuǐ
2044,嗻,U+55FB,zhe1|zhe4|zhu4|zhe,zhē|zhè|zhù|zhe
2045,嗼,U+55FC,mo4,mò
2046,嗽,U+55FD,sou4|shuo4|shu4,sòu|shuò|shù
2047,嗾,U+55FE,sou3,sǒu
2048,嗿,U+55FF,tan3,tǎn
2049,嘀,U+5600,di2|zhe2|di1,dí|zhé|dī
2050,嘁,U+5601,qi1|zu2|za1,qī|zú|zā
2051,嘂,U+5602,jiao4,jiào
2052,嘃,U+5603,chong1,chōng
2053,嘄,U+5604,jiao1|jiao4|dao3,jiāo|jiào|dǎo
2054,嘅,U+5605,kai3|kai4|ge2,kǎi|kài|gé
2055,嘆,U+5606,tan4,tàn
2056,嘇,U+5607,shan1|can4|shen3,shān|càn|shěn
2057,嘈,U+5608,cao2,cáo
2058,嘉,U+5609,jia1,jiā
2059,嘊,U+560A,ai2,ái
2060,嘋,U+560B,xiao4,xiào
2061,嘌,U+560C,piao4|piao1,piào|piāo
2062,嘍,U+560D,lou2|lou3|lou,lóu|lǒu|lou
2063,嘎,U+560E,ga1|ga2|ga3,gā|gá|gǎ
2064,嘏,U+560F,gu3|jia3,gǔ|jiǎ
2065,嘐,U+5610,xiao1|jiao1|lao2|bao4|miu4,xiāo|jiāo|láo|bào|miù
2066,嘑,U+5611,hu1|hu4,hū|hù
2067,嘒,U+5612,hui4,huì
2068,嘓,U+5613,guo1,guō
2069,嘔,U+5614,ou3|ou1|ou4|xu1|chu1|ou,ǒu|ōu|òu|xū|chū|ou
2070,嘕,U+5615,xian1,xiān
2071,嘖,U+5616,ze2,zé
2072,嘗,U+5617,chang2,cháng
2073,嘘,U+5618,xu1|shi1,xū|shī
2074,嘙,U+5619,po2,pó
2075,嘚,U+561A,de1|dei1|de2|dai1,dē|dēi|dé|dāi
2076,嘛,U+561B,ma|ma2,ma|má
2077,嘜,U+561C,ma4,mà
2078,嘝,U+561D,hu2,hú
2079,嘞,U+561E,lei|le1,lei|lē
2080,嘟,U+561F,du1,dū
2081,嘠,U+5620,ga1,gā
2082,嘡,U+5621,tang1,tāng
2083,嘢,U+5622,ye3,yě
2084,嘣,U+5623,beng1,bēng
2085,嘤,U+5624,ying1,yīng
2086,嘥,U+5625,sai1,sāi
2087,嘦,U+5626,jiao4,jiào
2088,嘧,U+5627,mi4,mì
2089,嘨,U+5628,xiao4,xiào
2090,嘩,U+5629,hua1|hua2,huā|huá
2091,嘪,U+562A,mai3,mǎi
2092,嘫,U+562B,ran2,rán
2093,嘬,U+562C,chuai4|zuo1,chuài|zuō
2094,嘭,U+562D,peng1,pēng
2095,嘮,U+562E,lao2|chao1|lao4|xiao1,láo|chāo|lào|xiāo
2096,嘯,U+562F,xiao4|chi4,xiào|chì
2097,嘰,U+5630,ji1,jī
2098,嘱,U+5631,zhu3,zhǔ
2099,嘲,U+5632,chao2|zhao1,cháo|zhāo
2100,嘳,U+5633,kui4,kuì
2101,嘴,U+5634,zui3,zuǐ
2102,嘵,U+5635,xiao1,xiāo
2103,嘶,U+5636,si1,sī
2104,嘷,U+5637,hao2,háo
2105,嘸,U+5638,fu3|wu3|m1|m2,fǔ|wǔ|m̄|ḿ
2106,嘹,U+5639,liao2|liao4,liáo|liào
2107,嘺,U+563A,qiao2|qiao4,qiáo|qiào
2108,嘻,U+563B,xi1,xī
2109,嘼,U+563C,chu4|xu4|shou4,chù|xù|shòu
2110,嘽,U+563D,chan3|tan1|chan1|tuo1|dan3,chǎn|tān|chān|tuō|dǎn
2111,嘾,U+563E,dan4|tan2,dàn|tán
2112,嘿,U+563F,hei1|mo4|mu4,hēi|mò|mù
2113,噀,U+5640,xun4,xùn
2114,噁,U+5641,e3|wu4|wo4,ě|wù|wò
2115,噂,U+5642,zun3,zǔn
2116,噃,U+5643,fan1|bo,fān|bo
2117,噄,U+5644,chi1,chī
2118,噅,U+5645,hui1,huī
2119,噆,U+5646,zan3|can3,zǎn|cǎn
2120,噇,U+5647,chuang2,chuáng
2121,噈,U+5648,cu4|za1|he2,cù|zā|hé
2122,噉,U+5649,dan4,dàn
2123,噊,U+564A,yu4,yù
2124,噋,U+564B,tun1|kuo4,tūn|kuò
2125,噌,U+564C,ceng1|cheng1,cēng|chēng
2126,噍,U+564D,jiao4|jiao1|jiu1,jiào|jiāo|jiū
2127,噎,U+564E,ye1|yi4|sha4,yē|yì|shà
2128,噏,U+564F,xi1,xī
2129,噐,U+5650,qi4,qì
2130,噑,U+5651,hao2,háo
2131,噒,U+5652,lian2,lián
2132,噓,U+5653,xu1,xū
2133,噔,U+5654,deng1,dēng
2134,噕,U+5655,hui1,huī
2135,噖,U+5656,yin2,yín
2136,噗,U+5657,pu1,pū
2137,噘,U+5658,jue1,juē
2138,噙,U+5659,qin2,qín
2139,噚,U+565A,xun2,xún
2140,噛,U+565B,nie4,niè
2141,噜,U+565C,lu1,lū
2142,噝,U+565D,si1,sī
2143,噞,U+565E,yan3,yǎn
2144,噟,U+565F,ying4,yìng
2145,噠,U+5660,da1|da2,dā|dá
2146,噡,U+5661,zhan1|dan1,zhān|dān
2147,噢,U+5662,o1|yu3|yu4|ao4,ō|yǔ|yù|ào
2148,噣,U+5663,zhou4|zhuo2|zhu2|du2,zhòu|zhuó|zhú|dú
2149,噤,U+5664,jin4,jìn
2150,噥,U+5665,nong2|nang2,nóng|náng
2151,噦,U+5666,yue3|hui4,yuě|huì
2152,噧,U+5667,xie4,xiè
2153,器,U+5668,qi4,qì
2154,噩,U+5669,e4,è
2155,噪,U+566A,zao4,zào
2156,噫,U+566B,yi1|ai3|yi4,yī|ǎi|yì
2157,噬,U+566C,shi4,shì
2158,噭,U+566D,jiao4|qiao4|chi1,jiào|qiào|chī
2159,噮,U+566E,yuan4,yuàn
2160,噯,U+566F,ai1|ai3|ai4,āi|ǎi|ài
2161,噰,U+5670,yong1|yong3,yōng|yǒng
2162,噱,U+5671,jue2|xue2,jué|xué
2163,噲,U+5672,kuai4|guai4|kuo4|wei4,kuài|guài|kuò|wèi
2164,噳,U+5673,yu3,yǔ
2165,噴,U+5674,pen1|pen4|fen4,pēn|pèn|fèn
2166,噵,U+5675,dao4,dào
2167,噶,U+5676,ga2|ge2,gá|gé
2168,噷,U+5677,hm|xin1|hen1,hm|xīn|hēn
2169,噸,U+5678,dun1,dūn
2170,噹,U+5679,dang1,dāng
2171,噺,U+567A,xin1,xīn
2172,噻,U+567B,sai1,sāi
2173,噼,U+567C,pi1,pī
2174,噽,U+567D,pi3,pǐ
2175,噾,U+567E,yin1,yīn
2176,噿,U+567F,zui3,zuǐ
2177,嚀,U+5680,ning2,níng
2178,嚁,U+5681,di2,dí
2179,嚂,U+5682,lan4|han3,làn|hǎn
2180,嚃,U+5683,ta1|ta4,tā|tà
2181,嚄,U+5684,huo1|huo4|wo4|o3,huō|huò|wò|ǒ
2182,嚅,U+5685,ru2,rú
2183,嚆,U+5686,hao1,hāo
2184,嚇,U+5687,xia4|he4,xià|hè
2185,嚈,U+5688,ye4,yè
2186,嚉,U+5689,duo1,duō
2187,嚊,U+568A,pi4|xi4|xiu4,pì|xì|xiù
2188,嚋,U+568B,chou2|zhou1,chóu|zhōu
2189,嚌,U+568C,ji4|jie1|zhai1,jì|jiē|zhāi
2190,嚍,U+568D,jin4,jìn
2191,嚎,U+568E,hao2,háo
2192,嚏,U+568F,ti4,tì
2193,嚐,U+5690,chang2,cháng
2194,嚑,U+5691,xun1,xūn
2195,嚒,U+5692,me1,mē
2196,嚓,U+5693,ca1|cha1,cā|chā
2197,嚔,U+5694,ti4|zhi4,tì|zhì
2198,嚕,U+5695,lu3|lu1,lǔ|lū
2199,嚖,U+5696,hui4,huì
2200,嚗,U+5697,bo2|pao4|bao4,bó|pào|bào
2201,嚘,U+5698,you1,yōu
2202,嚙,U+5699,nie4|yao3,niè|yǎo
2203,嚚,U+569A,yin2,yín
2204,嚛,U+569B,hu4|yo,hù|yo
2205,嚜,U+569C,me|mei4|ma,me|mèi|ma
2206,嚝,U+569D,hong1,hōng
2207,嚞,U+569E,zhe2,zhé
2208,嚟,U+569F,li2,lí
2209,嚠,U+56A0,liu2,liú
2210,嚡,U+56A1,hai,hai
2211,嚢,U+56A2,nang2,náng
2212,嚣,U+56A3,xiao1|ao2,xiāo|áo
2213,嚤,U+56A4,mo2,mó
2214,嚥,U+56A5,yan4,yàn
2215,嚦,U+56A6,li4,lì
2216,嚧,U+56A7,lu2,lú
2217,嚨,U+56A8,long2,lóng
2218,嚩,U+56A9,mo2,mó
2219,嚪,U+56AA,dan4,dàn
2220,嚫,U+56AB,chen4,chèn
2221,嚬,U+56AC,pin2,pín
2222,嚭,U+56AD,pi3,pǐ
2223,嚮,U+56AE,xiang4|xiang3,xiàng|xiǎng
2224,嚯,U+56AF,huo4|xue4,huò|xuè
2225,嚰,U+56B0,mo2,mó
2226,嚱,U+56B1,xi4,xì
2227,嚲,U+56B2,duo3,duǒ
2228,嚳,U+56B3,ku4,kù
2229,嚴,U+56B4,yan2|yan3,yán|yǎn
2230,嚵,U+56B5,chan2|chan1,chán|chān
2231,嚶,U+56B6,ying1,yīng
2232,嚷,U+56B7,rang3|rang1,rǎng|rāng
2233,嚸,U+56B8,dian3,diǎn
2234,嚹,U+56B9,la2|la,lá|la
2235,嚺,U+56BA,ta4,tà
2236,嚻,U+56BB,xiao1,xiāo
2237,嚼,U+56BC,jue2|jiao2|jiao4,jué|jiáo|jiào
2238,嚽,U+56BD,chuo4,chuò
2239,嚾,U+56BE,huan1|huan4,huān|huàn
2240,嚿,U+56BF,huo4,huò
2241,囀,U+56C0,zhuan4,zhuàn
2242,囁,U+56C1,nie4|zhe2,niè|zhé
2243,囂,U+56C2,xiao1|ao2,xiāo|áo
2244,囃,U+56C3,ca4|zha1|za3,cà|zhā|zǎ
2245,囄,U+56C4,li2,lí
2246,囅,U+56C5,chan3,chǎn
2247,囆,U+56C6,chai4,chài
2248,囇,U+56C7,li4,lì
2249,囈,U+56C8,yi4,yì
2250,囉,U+56C9,luo1|luo2|luo,luō|luó|luo
2251,囊,U+56CA,nang2|nang1,náng|nāng
2252,囋,U+56CB,za2|zan4|can1,zá|zàn|cān
2253,囌,U+56CC,su1,sū
2254,囍,U+56CD,xi3,xǐ
2255,囎,U+56CE,zen,zen
2256,囏,U+56CF,jian1,jiān
2257,囐,U+56D0,za2|nie4|yan4|e4,zá|niè|yàn|è
2258,囑,U+56D1,zhu3,zhǔ
2259,囒,U+56D2,lan2,lán
2260,囓,U+56D3,nie4,niè
2261,囔,U+56D4,nang1|nang,nāng|nang
2262,囕,U+56D5,lan3,lǎn
2263,囖,U+56D6,lo,lo
2264,囗,U+56D7,wei2|guo2,wéi|guó
2265,囘,U+56D8,hui2,huí
2266,囙,U+56D9,yin1,yīn
2267,囚,U+56DA,qiu2,qiú
2268,四,U+56DB,si4,sì
2269,囜,U+56DC,nin2,nín
2270,囝,U+56DD,jian3|nan1|yue4,jiǎn|nān|yuè
2271,回,U+56DE,hui2,huí
2272,囟,U+56DF,xin4,xìn
2273,因,U+56E0,yin1,yīn
2274,囡,U+56E1,nan1|nie4,nān|niè
2275,团,U+56E2,tuan2|qiu2,tuán|qiú
2276,団,U+56E3,tuan2,tuán
2277,囤,U+56E4,dun4|tun2,dùn|tún
2278,囥,U+56E5,kang4,kàng
2279,囦,U+56E6,yuan1,yuān
2280,囧,U+56E7,jiong3,jiǒng
2281,囨,U+56E8,pian1,piān
2282,囩,U+56E9,yun2,yún
2283,囪,U+56EA,cong1,cōng
2284,囫,U+56EB,hu2,hú
2285,囬,U+56EC,hui2,huí
2286,园,U+56ED,yuan2|wan2,yuán|wán
2287,囮,U+56EE,e2,é
2288,囯,U+56EF,guo2,guó
2289,困,U+56F0,kun4,kùn
2290,囱,U+56F1,cong1|chuang1,cōng|chuāng
2291,囲,U+56F2,tong1,tōng
2292,図,U+56F3,tu2,tú
2293,围,U+56F4,wei2,wéi
2294,囵,U+56F5,lun2,lún
2295,囶,U+56F6,guo2,guó
2296,囷,U+56F7,qun1,qūn
2297,囸,U+56F8,ri4,rì
2298,囹,U+56F9,ling2,líng
2299,固,U+56FA,gu4,gù
2300,囻,U+56FB,guo2,guó
2301,囼,U+56FC,tai1,tāi
2302,国,U+56FD,guo2,guó
2303,图,U+56FE,tu2,tú
2304,囿,U+56FF,you4,yòu
2305,圀,U+5700,guo2,guó
2306,圁,U+5701,yin2,yín
2307,圂,U+5702,hun4|huan4,hùn|huàn
2308,圃,U+5703,pu3,pǔ
2309,圄,U+5704,yu3,yǔ
2310,圅,U+5705,han2,hán
2311,圆,U+5706,yuan2,yuán
2312,圇,U+5707,lun2,lún
2313,圈,U+5708,quan1|juan1|juan4|quan2|juan3,quān|juān|juàn|quán|juǎn
2314,圉,U+5709,yu3,yǔ
2315,圊,U+570A,qing1,qīng
2316,國,U+570B,guo2,guó
2317,圌,U+570C,chuan2|chui2,chuán|chuí
2318,圍,U+570D,wei2,wéi
2319,圎,U+570E,yuan2,yuán
2320,圏,U+570F,quan1,quān
2321,圐,U+5710,ku1,kū
2322,圑,U+5711,pu3,pǔ
2323,園,U+5712,yuan2,yuán
2324,圓,U+5713,yuan2,yuán
2325,圔,U+5714,ya4,yà
2326,圕,U+5715,tu2,tú
2327,圖,U+5716,tu2,tú
2328,圗,U+5717,tu2,tú
2329,團,U+5718,tuan2|chuan2,tuán|chuán
2330,圙,U+5719,lve4,lüè
2331,圚,U+571A,hui4,huì
2332,圛,U+571B,yi4,yì
2333,圜,U+571C,huan2|yuan2,huán|yuán
2334,圝,U+571D,luan2,luán
2335,圞,U+571E,luan2,luán
2336,土,U+571F,tu3|du4|cha3|tu2,tǔ|dù|chǎ|tú
2337,圠,U+5720,ya4,yà
2338,圡,U+5721,tu3,tǔ
2339,圢,U+5722,ting3,tǐng
2340,圣,U+5723,sheng4|ku1,shèng|kū
2341,圤,U+5724,pu2,pú
2342,圥,U+5725,lu4,lù
2343,圦,U+5726,kuai4,kuài
2344,圧,U+5727,ya1,yā
2345,在,U+5728,zai4,zài
2346,圩,U+5729,wei2|xu1|yu2,wéi|xū|yú
2347,圪,U+572A,ge1|yi4,gē|yì
2348,圫,U+572B,yu4|tuo1|zhun1,yù|tuō|zhūn
2349,圬,U+572C,wu1,wū
2350,圭,U+572D,gui1,guī
2351,圮,U+572E,pi3,pǐ
2352,圯,U+572F,yi2,yí
2353,地,U+5730,di4|de,dì|de
2354,圱,U+5731,qian1|su2,qiān|sú
2355,圲,U+5732,qian1,qiān
2356,圳,U+5733,zhen4|quan3|chou2|huai2,zhèn|quǎn|chóu|huái
2357,圴,U+5734,zhuo2,zhuó
2358,圵,U+5735,dang4,dàng
2359,圶,U+5736,qia4,qià
2360,圷,U+5737,xia4,xià
2361,圸,U+5738,shan1,shān
2362,圹,U+5739,kuang4,kuàng
2363,场,U+573A,chang3|chang2,chǎng|cháng
2364,圻,U+573B,qi2|yin2,qí|yín
2365,圼,U+573C,nie4,niè
2366,圽,U+573D,mo4,mò
2367,圾,U+573E,ji1|ji2|jie2,jī|jí|jié
2368,圿,U+573F,jia2,jiá
2369,址,U+5740,zhi3,zhǐ
2370,坁,U+5741,zhi3|zhi4,zhǐ|zhì
2371,坂,U+5742,ban3,bǎn
2372,坃,U+5743,xun1,xūn
2373,坄,U+5744,yi4,yì
2374,坅,U+5745,qin3,qǐn
2375,坆,U+5746,mei2|fen2,méi|fén
2376,均,U+5747,jun1|yun4,jūn|yùn
2377,坈,U+5748,rong3|keng1,rǒng|kēng
2378,坉,U+5749,tun2|dun4,tún|dùn
2379,坊,U+574A,fang1|fang2,fāng|fáng
2380,坋,U+574B,ben4|fen4,bèn|fèn
2381,坌,U+574C,ben4,bèn
2382,坍,U+574D,tan1,tān
2383,坎,U+574E,kan3|kan4,kǎn|kàn
2384,坏,U+574F,huai4|pi1|pei2,huài|pī|péi
2385,坐,U+5750,zuo4,zuò
2386,坑,U+5751,keng1|kang4,kēng|kàng
2387,坒,U+5752,bi4,bì
2388,坓,U+5753,jing3|xing2,jǐng|xíng
2389,坔,U+5754,di4|lan4,dì|làn
2390,坕,U+5755,jing1,jīng
2391,坖,U+5756,ji4,jì
2392,块,U+5757,kuai4|yue2,kuài|yué
2393,坘,U+5758,di3,dǐ
2394,坙,U+5759,jing1,jīng
2395,坚,U+575A,jian1,jiān
2396,坛,U+575B,tan2,tán
2397,坜,U+575C,li4,lì
2398,坝,U+575D,ba4,bà
2399,坞,U+575E,wu4,wù
2400,坟,U+575F,fen2,fén
2401,坠,U+5760,zhui4,zhuì
2402,坡,U+5761,po1,pō
2403,坢,U+5762,ban4|pan3|pan4,bàn|pǎn|pàn
2404,坣,U+5763,tang2,táng
2405,坤,U+5764,kun1,kūn
2406,坥,U+5765,qu1|ju4,qū|jù
2407,坦,U+5766,tan3,tǎn
2408,坧,U+5767,zhi1,zhī
2409,坨,U+5768,tuo2|yi2,tuó|yí
2410,坩,U+5769,gan1,gān
2411,坪,U+576A,ping2,píng
2412,坫,U+576B,dian4|zhen1,diàn|zhēn
2413,坬,U+576C,gua4|wa1,guà|wā
2414,坭,U+576D,ni2,ní
2415,坮,U+576E,tai2,tái
2416,坯,U+576F,pi1|huai4,pī|huài
2417,坰,U+5770,jiong1,jiōng
2418,坱,U+5771,yang3,yǎng
2419,坲,U+5772,fo2,fó
2420,坳,U+5773,ao4|ao1|you3,ào|āo|yǒu
2421,坴,U+5774,lu4,lù
2422,坵,U+5775,qiu1,qiū
2423,坶,U+5776,mu3|mu4|mei2,mǔ|mù|méi
2424,坷,U+5777,ke3|ke1|jiong1,kě|kē|jiōng
2425,坸,U+5778,gou4,gòu
2426,坹,U+5779,xue4,xuè
2427,坺,U+577A,ba2,bá
2428,坻,U+577B,chi2|di3,chí|dǐ
2429,坼,U+577C,che4,chè
2430,坽,U+577D,ling2,líng
2431,坾,U+577E,zhu4,zhù
2432,坿,U+577F,fu4|fu2,fù|fú
2433,垀,U+5780,hu1,hū
2434,垁,U+5781,zhi4,zhì
2435,垂,U+5782,chui2|zhui4,chuí|zhuì
2436,垃,U+5783,la1|la,lā|la
2437,垄,U+5784,long3,lǒng
2438,垅,U+5785,long3,lǒng
2439,垆,U+5786,lu2,lú
2440,垇,U+5787,ao4,ào
2441,垈,U+5788,dai4,dài
2442,垉,U+5789,pao2,páo
2443,垊,U+578A,min,min
2444,型,U+578B,xing2,xíng
2445,垌,U+578C,dong4|tong2|tong3,dòng|tóng|tǒng
2446,垍,U+578D,ji4|ji1,jì|jī
2447,垎,U+578E,he4,hè
2448,垏,U+578F,lv4,lǜ
2449,垐,U+5790,ci2,cí
2450,垑,U+5791,chi3,chǐ
2451,垒,U+5792,lei3,lěi
2452,垓,U+5793,gai1,gāi
2453,垔,U+5794,yin1,yīn
2454,垕,U+5795,hou4,hòu
2455,垖,U+5796,dui1,duī
2456,垗,U+5797,zhao4,zhào
2457,垘,U+5798,fu2,fú
2458,垙,U+5799,guang1,guāng
2459,垚,U+579A,yao2,yáo
2460,垛,U+579B,duo3|duo4,duǒ|duò
2461,垜,U+579C,duo3|duo4,duǒ|duò
2462,垝,U+579D,gui3,guǐ
2463,垞,U+579E,cha2,chá
2464,垟,U+579F,yang2,yáng
2465,垠,U+57A0,yin2|ken4,yín|kèn
2466,垡,U+57A1,fa2,fá
2467,垢,U+57A2,gou4,gòu
2468,垣,U+57A3,yuan2,yuán
2469,垤,U+57A4,die2,dié
2470,垥,U+57A5,xie2,xié
2471,垦,U+57A6,ken3|yin2,kěn|yín
2472,垧,U+57A7,shang3|jiong1,shǎng|jiōng
2473,垨,U+57A8,shou3,shǒu
2474,垩,U+57A9,e4|sheng4,è|shèng
2475,垪,U+57AA,bing4,bìng
2476,垫,U+57AB,dian4,diàn
2477,垬,U+57AC,hong2,hóng
2478,垭,U+57AD,ya1,yā
2479,垮,U+57AE,kua3,kuǎ
2480,垯,U+57AF,da,da
2481,垰,U+57B0,ka3,kǎ
2482,垱,U+57B1,dang4,dàng
2483,垲,U+57B2,kai3,kǎi
2484,垳,U+57B3,hang2,háng
2485,垴,U+57B4,nao3,nǎo
2486,垵,U+57B5,an3|an1,ǎn|ān
2487,垶,U+57B6,xing1,xīng
2488,垷,U+57B7,xian4,xiàn
2489,垸,U+57B8,yuan4|huan2,yuàn|huán
2490,垹,U+57B9,bang1,bāng
2491,垺,U+57BA,fu1|fu2|fou2|pei1|pou2,fū|fú|fóu|pēi|póu
2492,垻,U+57BB,ba4|bei4,bà|bèi
2493,垼,U+57BC,yi4,yì
2494,垽,U+57BD,yin4,yìn
2495,垾,U+57BE,han4|an4,hàn|àn
2496,垿,U+57BF,xu4,xù
2497,埀,U+57C0,chui2,chuí
2498,埁,U+57C1,qin2,qín
2499,埂,U+57C2,geng3,gěng
2500,埃,U+57C3,ai1|zhi4,āi|zhì
2501,埄,U+57C4,beng3|feng1,běng|fēng
2502,埅,U+57C5,fang2|fang1|di4,fáng|fāng|dì
2503,埆,U+57C6,que4|jue2,què|jué
2504,埇,U+57C7,yong3,yǒng
2505,埈,U+57C8,jun4,jùn
2506,埉,U+57C9,jia1|xia2,jiā|xiá
2507,埊,U+57CA,di4,dì
2508,埋,U+57CB,mai2|man2,mái|mán
2509,埌,U+57CC,lang4,làng
2510,埍,U+57CD,juan3,juǎn
2511,城,U+57CE,cheng2,chéng
2512,埏,U+57CF,shan1|yan2,shān|yán
2513,埐,U+57D0,jin1|qin2,jīn|qín
2514,埑,U+57D1,zhe2,zhé
2515,埒,U+57D2,lie4,liè
2516,埓,U+57D3,lie4,liè
2517,埔,U+57D4,pu3|bu4,pǔ|bù
2518,埕,U+57D5,cheng2,chéng
2519,埖,U+57D6,hua1,huā
2520,埗,U+57D7,bu4,bù
2521,埘,U+57D8,shi2,shí
2522,埙,U+57D9,xun1,xūn
2523,埚,U+57DA,guo1,guō
2524,埛,U+57DB,jiong1,jiōng
2525,埜,U+57DC,ye3,yě
2526,埝,U+57DD,nian4|dian4|nie4,niàn|diàn|niè
2527,埞,U+57DE,di1,dī
2528,域,U+57DF,yu4,yù
2529,埠,U+57E0,bu4,bù
2530,埡,U+57E1,ya1|e4|wu3|ya4,yā|è|wǔ|yà
2531,埢,U+57E2,quan2|juan3,quán|juǎn
2532,埣,U+57E3,sui4|su4,suì|sù
2533,埤,U+57E4,pi2|pi4|bi4|bei1,pí|pì|bì|bēi
2534,埥,U+57E5,qing1|zheng1,qīng|zhēng
2535,埦,U+57E6,wan3|wan1,wǎn|wān
2536,埧,U+57E7,ju4,jù
2537,埨,U+57E8,lun3|lun4,lǔn|lùn
2538,埩,U+57E9,zheng1|cheng2,zhēng|chéng
2539,埪,U+57EA,kong1,kōng
2540,埫,U+57EB,chong3|tang3|shang3,chǒng|tǎng|shǎng
2541,埬,U+57EC,dong1,dōng
2542,埭,U+57ED,dai4,dài
2543,埮,U+57EE,tan4|tan2,tàn|tán
2544,埯,U+57EF,an3|yan3,ǎn|yǎn
2545,埰,U+57F0,cai4|cai3,cài|cǎi
2546,埱,U+57F1,chu4|tou4,chù|tòu
2547,埲,U+57F2,beng3|bang4,běng|bàng
2548,埳,U+57F3,kan3|xian4,kǎn|xiàn
2549,埴,U+57F4,zhi2,zhí
2550,埵,U+57F5,duo3,duǒ
2551,埶,U+57F6,yi4|shi4,yì|shì
2552,執,U+57F7,zhi2,zhí
2553,埸,U+57F8,yi4,yì
2554,培,U+57F9,pei2|pou3|pi1,péi|pǒu|pī
2555,基,U+57FA,ji1,jī
2556,埻,U+57FB,zhun3|dui1|guo2,zhǔn|duī|guó
2557,埼,U+57FC,qi2,qí
2558,埽,U+57FD,sao4|sao3,sào|sǎo
2559,埾,U+57FE,ju4,jù
2560,埿,U+57FF,ni2|ni4|ban4,ní|nì|bàn
2561,堀,U+5800,ku1,kū
2562,堁,U+5801,ke4,kè
2563,堂,U+5802,tang2,táng
2564,堃,U+5803,kun1,kūn
2565,堄,U+5804,ni4,nì
2566,堅,U+5805,jian1,jiān
2567,堆,U+5806,dui1|zui1,duī|zuī
2568,堇,U+5807,jin3|qin2|jin4,jǐn|qín|jìn
2569,堈,U+5808,gang1,gāng
2570,堉,U+5809,yu4,yù
2571,堊,U+580A,e4|ya4,è|yà
2572,堋,U+580B,peng2|beng4|peng1|ping1,péng|bèng|pēng|pīng
2573,堌,U+580C,gu4,gù
2574,堍,U+580D,tu4,tù
2575,堎,U+580E,leng4,lèng
2576,堏,U+580F,fang,fang
2577,堐,U+5810,ya2,yá
2578,堑,U+5811,qian4,qiàn
2579,堒,U+5812,kun1,kūn
2580,堓,U+5813,an4,àn
2581,堔,U+5814,shen1,shēn
2582,堕,U+5815,duo4|hui1,duò|huī
2583,堖,U+5816,nao3,nǎo
2584,堗,U+5817,tu1,tū
2585,堘,U+5818,cheng2,chéng
2586,堙,U+5819,yin1,yīn
2587,堚,U+581A,hun2,hún
2588,堛,U+581B,bi4,bì
2589,堜,U+581C,lian4,liàn
2590,堝,U+581D,guo1|wo1,guō|wō
2591,堞,U+581E,die2,dié
2592,堟,U+581F,zhuan4,zhuàn
2593,堠,U+5820,hou4,hòu
2594,堡,U+5821,bao3|bu3|pu4,bǎo|bǔ|pù
2595,堢,U+5822,bao3,bǎo
2596,堣,U+5823,yu2,yú
2597,堤,U+5824,di1|ti2|di3|shi2|wei2,dī|tí|dǐ|shí|wéi
2598,堥,U+5825,mao2|mou2|wu3,máo|móu|wǔ
2599,堦,U+5826,jie1,jiē
2600,堧,U+5827,ruan2|nuo4,ruán|nuò
2601,堨,U+5828,ye4|e4|ai4,yè|è|ài
2602,堩,U+5829,geng4,gèng
2603,堪,U+582A,kan1|chen3,kān|chěn
2604,堫,U+582B,zong1,zōng
2605,堬,U+582C,yu2,yú
2606,堭,U+582D,huang2,huáng
2607,堮,U+582E,e4,è
2608,堯,U+582F,yao2,yáo
2609,堰,U+5830,yan4,yàn
2610,報,U+5831,bao4|fu4,bào|fù
2611,堲,U+5832,ci2|ji2,cí|jí
2612,堳,U+5833,mei2,méi
2613,場,U+5834,chang3|chang2|shang1|dang4,chǎng|cháng|shāng|dàng
2614,堵,U+5835,du3|zhe3|du1,dǔ|zhě|dū
2615,堶,U+5836,tuo2,tuó
2616,堷,U+5837,yin4|pou3,yìn|pǒu
2617,堸,U+5838,feng2,féng
2618,堹,U+5839,zhong4,zhòng
2619,堺,U+583A,jie4,jiè
2620,堻,U+583B,jin1,jīn
2621,堼,U+583C,heng4,hèng
2622,堽,U+583D,gang1,gāng
2623,堾,U+583E,chun1,chūn
2624,堿,U+583F,jian3|kan3|xian2,jiǎn|kǎn|xián
2625,塀,U+5840,ping2,píng
2626,塁,U+5841,lei3,lěi
2627,塂,U+5842,xiang4|jiang3,xiàng|jiǎng
2628,塃,U+5843,huang1,huāng
2629,塄,U+5844,leng2,léng
2630,塅,U+5845,duan4,duàn
2631,塆,U+5846,wan1,wān
2632,塇,U+5847,xuan1,xuān
2633,塈,U+5848,ji4|xi4,jì|xì
2634,塉,U+5849,ji2,jí
2635,塊,U+584A,kuai4,kuài
2636,塋,U+584B,ying2,yíng
2637,塌,U+584C,ta1|da1,tā|dā
2638,塍,U+584D,cheng2,chéng
2639,塎,U+584E,yong3,yǒng
2640,塏,U+584F,kai3,kǎi
2641,塐,U+5850,su4,sù
2642,塑,U+5851,su4,sù
2643,塒,U+5852,shi2,shí
2644,塓,U+5853,mi4,mì
2645,塔,U+5854,ta3|da1|da,tǎ|dā|da
2646,塕,U+5855,weng3,wěng
2647,塖,U+5856,cheng2,chéng
2648,塗,U+5857,tu2|du4,tú|dù
2649,塘,U+5858,tang2,táng
2650,塙,U+5859,que4|qiao1,què|qiāo
2651,塚,U+585A,zhong3,zhǒng
2652,塛,U+585B,li4,lì
2653,塜,U+585C,zhong3|peng2,zhǒng|péng
2654,塝,U+585D,bang4,bàng
2655,塞,U+585E,sai1|sai4|se4,sāi|sài|sè
2656,塟,U+585F,zang4,zàng
2657,塠,U+5860,dui1,duī
2658,塡,U+5861,tian2,tián
2659,塢,U+5862,wu4|wu3,wù|wǔ
2660,塣,U+5863,zheng4,zhèng
2661,塤,U+5864,xun1,xūn
2662,塥,U+5865,ge2,gé
2663,塦,U+5866,zhen4,zhèn
2664,塧,U+5867,ai4,ài
2665,塨,U+5868,gong1,gōng
2666,塩,U+5869,yan2,yán
2667,塪,U+586A,kan3,kǎn
2668,填,U+586B,tian2|tian3|chen2|zhen4,tián|tiǎn|chén|zhèn
2669,塬,U+586C,yuan2,yuán
2670,塭,U+586D,wen1,wēn
2671,塮,U+586E,xie4,xiè
2672,塯,U+586F,liu4,liù
2673,塰,U+5870,hai3,hǎi
2674,塱,U+5871,lang3,lǎng
2675,塲,U+5872,chang2|shang1|chang3,cháng|shāng|chǎng
2676,塳,U+5873,peng2,péng
2677,塴,U+5874,beng4,bèng
2678,塵,U+5875,chen2,chén
2679,塶,U+5876,lu4,lù
2680,塷,U+5877,lu3,lǔ
2681,塸,U+5878,ou1,ōu
2682,塹,U+5879,qian4|jian4,qiàn|jiàn
2683,塺,U+587A,mei2,méi
2684,塻,U+587B,mo4,mò
2685,塼,U+587C,zhuan1|tuan2,zhuān|tuán
2686,塽,U+587D,shuang3,shuǎng
2687,塾,U+587E,shu2,shú
2688,塿,U+587F,lou3,lǒu
2689,墀,U+5880,chi2,chí
2690,墁,U+5881,man4,màn
2691,墂,U+5882,biao1,biāo
2692,境,U+5883,jing4,jìng
2693,墄,U+5884,ce4,cè
2694,墅,U+5885,shu4|ye3,shù|yě
2695,墆,U+5886,zhi4|di4,zhì|dì
2696,墇,U+5887,zhang4,zhàng
2697,墈,U+5888,kan4,kàn
2698,墉,U+5889,yong1,yōng
2699,墊,U+588A,dian4,diàn
2700,墋,U+588B,chen3,chěn
2701,墌,U+588C,zhi2|zhuo2,zhí|zhuó
2702,墍,U+588D,xi4,xì
2703,墎,U+588E,guo1,guō
2704,墏,U+588F,qiang3,qiǎng
2705,墐,U+5890,jin4|qin2,jìn|qín
2706,墑,U+5891,di4,dì
2707,墒,U+5892,shang1,shāng
2708,墓,U+5893,mu4,mù
2709,墔,U+5894,cui1,cuī
2710,墕,U+5895,yan4|yan1,yàn|yān
2711,墖,U+5896,ta3,tǎ
2712,増,U+5897,zeng1,zēng
2713,墘,U+5898,qian2,qián
2714,墙,U+5899,qiang2,qiáng
2715,墚,U+589A,liang2,liáng
2716,墛,U+589B,wei4,wèi
2717,墜,U+589C,zhui4,zhuì
2718,墝,U+589D,qiao1|qiao4,qiāo|qiào
2719,增,U+589E,zeng1|zeng4|ceng2,zēng|zèng|céng
2720,墟,U+589F,xu1,xū
2721,墠,U+58A0,shan4|chan3,shàn|chǎn
2722,墡,U+58A1,shan4,shàn
2723,墢,U+58A2,ba2|fei4,bá|fèi
2724,墣,U+58A3,pu2,pú
2725,墤,U+58A4,kuai4|tui2,kuài|tuí
2726,墥,U+58A5,dong3|tuan3,dǒng|tuǎn
2727,墦,U+58A6,fan2|fan1,fán|fān
2728,墧,U+58A7,que4|qiao2,què|qiáo
2729,墨,U+58A8,mo4|mei4,mò|mèi
2730,墩,U+58A9,dun1,dūn
2731,墪,U+58AA,dun1,dūn
2732,墫,U+58AB,zun1|cun1,zūn|cūn
2733,墬,U+58AC,di4,dì
2734,墭,U+58AD,sheng4,shèng
2735,墮,U+58AE,duo4|hui1|hui4,duò|huī|huì
2736,墯,U+58AF,duo4,duò
2737,墰,U+58B0,tan2,tán
2738,墱,U+58B1,deng4|deng1,dèng|dēng
2739,墲,U+58B2,mu2|wu2,mú|wú
2740,墳,U+58B3,fen2|fen4,fén|fèn
2741,墴,U+58B4,huang2,huáng
2742,墵,U+58B5,tan2,tán
2743,墶,U+58B6,da,da
2744,墷,U+58B7,ye4,yè
2745,墸,U+58B8,zhu4,zhù
2746,墹,U+58B9,jian4,jiàn
2747,墺,U+58BA,ao4,ào
2748,墻,U+58BB,qiang2,qiáng
2749,墼,U+58BC,ji1,jī
2750,墽,U+58BD,qiao1|qiao4|ao2,qiāo|qiào|áo
2751,墾,U+58BE,ken3,kěn
2752,墿,U+58BF,yi4|tu2,yì|tú
2753,壀,U+58C0,pi2,pí
2754,壁,U+58C1,bi4,bì
2755,壂,U+58C2,dian4,diàn
2756,壃,U+58C3,jiang1,jiāng
2757,壄,U+58C4,ye3,yě
2758,壅,U+58C5,yong1|weng4,yōng|wèng
2759,壆,U+58C6,xue2|jue2|bo2,xué|jué|bó
2760,壇,U+58C7,tan2|shan4|dan4|tan3,tán|shàn|dàn|tǎn
2761,壈,U+58C8,lan3,lǎn
2762,壉,U+58C9,ju4,jù
2763,壊,U+58CA,huai4,huài
2764,壋,U+58CB,dang4,dàng
2765,壌,U+58CC,rang3,rǎng
2766,壍,U+58CD,qian4,qiàn
2767,壎,U+58CE,xun1|xun4,xūn|xùn
2768,壏,U+58CF,xian4|lan4,xiàn|làn
2769,壐,U+58D0,xi3,xǐ
2770,壑,U+58D1,he4|huo4,hè|huò
2771,壒,U+58D2,ai4,ài
2772,壓,U+58D3,ya1|ya4,yā|yà
2773,壔,U+58D4,dao3,dǎo
2774,壕,U+58D5,hao2,háo
2775,壖,U+58D6,ruan2,ruán
2776,壗,U+58D7,jin4,jìn
2777,壘,U+58D8,lei3|lei2|lv4,lěi|léi|lǜ
2778,壙,U+58D9,kuang4|kuang3,kuàng|kuǎng
2779,壚,U+58DA,lu2,lú
2780,壛,U+58DB,yan2,yán
2781,壜,U+58DC,tan2,tán
2782,壝,U+58DD,wei3,wěi
2783,壞,U+58DE,huai4|hui4|huai2,huài|huì|huái
2784,壟,U+58DF,long3,lǒng
2785,壠,U+58E0,long3,lǒng
2786,壡,U+58E1,rui4,ruì
2787,壢,U+58E2,li4,lì
2788,壣,U+58E3,lin2,lín
2789,壤,U+58E4,rang3,rǎng
2790,壥,U+58E5,chan2,chán
2791,壦,U+58E6,xun1,xūn
2792,壧,U+58E7,yan2,yán
2793,壨,U+58E8,lei2,léi
2794,壩,U+58E9,ba4,bà
2795,壪,U+58EA,wan1,wān
2796,士,U+58EB,shi4,shì
2797,壬,U+58EC,ren2,rén
2798,壭,U+58ED,san,san
2799,壮,U+58EE,zhuang4,zhuàng
2800,壯,U+58EF,zhuang4|zhuang1,zhuàng|zhuāng
2801,声,U+58F0,sheng1|qing4,shēng|qìng
2802,壱,U+58F1,yi1,yī
2803,売,U+58F2,mai4,mài
2804,壳,U+58F3,ke2|qiao4,ké|qiào
2805,壴,U+58F4,zhu4,zhù
2806,壵,U+58F5,zhuang4,zhuàng
2807,壶,U+58F6,hu2,hú
2808,壷,U+58F7,hu2,hú
2809,壸,U+58F8,kun3,kǔn
2810,壹,U+58F9,yi1|yin1,yī|yīn
2811,壺,U+58FA,hu2,hú
2812,壻,U+58FB,xu4,xù
2813,壼,U+58FC,kun3,kǔn
2814,壽,U+58FD,shou4,shòu
2815,壾,U+58FE,mang3,mǎng
2816,壿,U+58FF,zun1,zūn
2817,夀,U+5900,shou4,shòu
2818,夁,U+5901,yi1,yī
2819,夂,U+5902,zhi3|zhong1,zhǐ|zhōng
2820,夃,U+5903,gu3|ying2,gǔ|yíng
2821,处,U+5904,chu4|chu3,chù|chǔ
2822,夅,U+5905,jiang4,jiàng
2823,夆,U+5906,feng2|pang2,féng|páng
2824,备,U+5907,bei4,bèi
2825,夈,U+5908,zhai1,zhāi
2826,変,U+5909,bian4,biàn
2827,夊,U+590A,sui1,suī
2828,夋,U+590B,qun1,qūn
2829,夌,U+590C,ling2,líng
2830,复,U+590D,fu4,fù
2831,夎,U+590E,cuo4,cuò
2832,夏,U+590F,xia4|jia3,xià|jiǎ
2833,夐,U+5910,xiong4|xuan4,xiòng|xuàn
2834,夑,U+5911,xie4,xiè
2835,夒,U+5912,nao2,náo
2836,夓,U+5913,xia4,xià
2837,夔,U+5914,kui2,kuí
2838,夕,U+5915,xi1|yi4,xī|yì
2839,外,U+5916,wai4,wài
2840,夗,U+5917,yuan4|wan3|wan1|yuan1,yuàn|wǎn|wān|yuān
2841,夘,U+5918,mao3|wan1,mǎo|wān
2842,夙,U+5919,su4,sù
2843,多,U+591A,duo1,duō
2844,夛,U+591B,duo1,duō
2845,夜,U+591C,ye4,yè
2846,夝,U+591D,qing2,qíng
2847,夞,U+591E,wai4,wài
2848,够,U+591F,gou4,gòu
2849,夠,U+5920,gou4,gòu
2850,夡,U+5921,qi4,qì
2851,夢,U+5922,meng4|meng2,mèng|méng
2852,夣,U+5923,meng4,mèng
2853,夤,U+5924,yin2,yín
2854,夥,U+5925,huo3,huǒ
2855,夦,U+5926,chen3,chěn
2856,大,U+5927,da4|dai4|tai4,dà|dài|tài
2857,夨,U+5928,ze4,zè
2858,天,U+5929,tian1,tiān
2859,太,U+592A,tai4|ta1,tài|tā
2860,夫,U+592B,fu1|fu2,fū|fú
2861,夬,U+592C,guai4|jue2,guài|jué
2862,夭,U+592D,yao1|wo4|wai1,yāo|wò|wāi
2863,央,U+592E,yang1|ying1,yāng|yīng
2864,夯,U+592F,hang1|ben4,hāng|bèn
2865,夰,U+5930,gao3,gǎo
2866,失,U+5931,shi1|yi4,shī|yì
2867,夲,U+5932,tao1|ben3,tāo|běn
2868,夳,U+5933,tai4,tài
2869,头,U+5934,tou2|tou,tóu|tou
2870,夵,U+5935,yan3|tao1,yǎn|tāo
2871,夶,U+5936,bi3,bǐ
2872,夷,U+5937,yi2,yí
2873,夸,U+5938,kua1|kua4|kua3,kuā|kuà|kuǎ
2874,夹,U+5939,jia1|ga1|jia2,jiā|gā|jiá
2875,夺,U+593A,duo2,duó
2876,夻,U+593B,hua4,huà
2877,夼,U+593C,kuang3,kuǎng
2878,夽,U+593D,yun3,yǔn
2879,夾,U+593E,jia1|jia2|xie2|xia2|ga1,jiā|jiá|xié|xiá|gā
2880,夿,U+593F,ba1,bā
2881,奀,U+5940,en1,ēn
2882,奁,U+5941,lian2,lián
2883,奂,U+5942,huan4,huàn
2884,奃,U+5943,di1|ti4,dī|tì
2885,奄,U+5944,yan3|yan1,yǎn|yān
2886,奅,U+5945,pao4,pào
2887,奆,U+5946,juan4,juàn
2888,奇,U+5947,qi2|ji1|ai3|yi3,qí|jī|ǎi|yǐ
2889,奈,U+5948,nai4,nài
2890,奉,U+5949,feng4,fèng
2891,奊,U+594A,xie2|lie4|xi3|pi2,xié|liè|xǐ|pí
2892,奋,U+594B,fen4|kang3,fèn|kǎng
2893,奌,U+594C,dian3,diǎn
2894,奍,U+594D,quan1,quān
2895,奎,U+594E,kui2|kui3,kuí|kuǐ
2896,奏,U+594F,zou4|cou4,zòu|còu
2897,奐,U+5950,huan4,huàn
2898,契,U+5951,qi4|xie4|qie4|jie2,qì|xiè|qiè|jié
2899,奒,U+5952,kai1,kāi
2900,奓,U+5953,zha1|she1|chi3|zha4,zhā|shē|chǐ|zhà
2901,奔,U+5954,ben1|ben4|fen4,bēn|bèn|fèn
2902,奕,U+5955,yi4,yì
2903,奖,U+5956,jiang3,jiǎng
2904,套,U+5957,tao4|tao3,tào|tǎo
2905,奘,U+5958,zang4|zhuang3,zàng|zhuǎng
2906,奙,U+5959,ben3,běn
2907,奚,U+595A,xi1,xī
2908,奛,U+595B,huang3,huǎng
2909,奜,U+595C,fei3|fei1,fěi|fēi
2910,奝,U+595D,diao1,diāo
2911,奞,U+595E,xun4,xùn
2912,奟,U+595F,beng1|keng1,bēng|kēng
2913,奠,U+5960,dian4|ting2|ding4|zheng4|zun1,diàn|tíng|dìng|zhèng|zūn
2914,奡,U+5961,ao4|xiao4,ào|xiào
2915,奢,U+5962,she1,shē
2916,奣,U+5963,weng3,wěng
2917,奤,U+5964,ha3|po4|tai3,hǎ|pò|tǎi
2918,奥,U+5965,ao4|yu4|you1,ào|yù|yōu
2919,奦,U+5966,wu4,wù
2920,奧,U+5967,ao4,ào
2921,奨,U+5968,jiang3,jiǎng
2922,奩,U+5969,lian2,lián
2923,奪,U+596A,duo2|dui4,duó|duì
2924,奫,U+596B,yun1,yūn
2925,奬,U+596C,jiang3,jiǎng
2926,奭,U+596D,shi4,shì
2927,奮,U+596E,fen4,fèn
2928,奯,U+596F,huo4,huò
2929,奰,U+5970,bi4,bì
2930,奱,U+5971,luan2,luán
2931,奲,U+5972,duo3|che3,duǒ|chě
2932,女,U+5973,nv3|nv4|ru3,nǚ|nǜ|rǔ
2933,奴,U+5974,nu2,nú
2934,奵,U+5975,ding3|ding1|tian3,dǐng|dīng|tiǎn
2935,奶,U+5976,nai3,nǎi
2936,奷,U+5977,qian1,qiān
2937,奸,U+5978,jian1|gan1,jiān|gān
2938,她,U+5979,ta1|jie3|chi2,tā|jiě|chí
2939,奺,U+597A,jiu3,jiǔ
2940,奻,U+597B,nuan2,nuán
2941,奼,U+597C,cha4,chà
2942,好,U+597D,hao3|hao4,hǎo|hào
2943,奾,U+597E,xian1,xiān
2944,奿,U+597F,fan4,fàn
2945,妀,U+5980,ji3,jǐ
2946,妁,U+5981,shuo4|yue1,shuò|yuē
2947,如,U+5982,ru2,rú
2948,妃,U+5983,fei1|pei4,fēi|pèi
2949,妄,U+5984,wang4|wang2,wàng|wáng
2950,妅,U+5985,hong2,hóng
2951,妆,U+5986,zhuang1,zhuāng
2952,妇,U+5987,fu4,fù
2953,妈,U+5988,ma1,mā
2954,妉,U+5989,dan1,dān
2955,妊,U+598A,ren4|ren2,rèn|rén
2956,妋,U+598B,fu1|you1,fū|yōu
2957,妌,U+598C,jing4,jìng
2958,妍,U+598D,yan2,yán
2959,妎,U+598E,hai4|jie4,hài|jiè
2960,妏,U+598F,wen4,wèn
2961,妐,U+5990,zhong1,zhōng
2962,妑,U+5991,pa1,pā
2963,妒,U+5992,du4,dù
2964,妓,U+5993,ji4|ji1,jì|jī
2965,妔,U+5994,keng1|hang2,kēng|háng
2966,妕,U+5995,zhong4,zhòng
2967,妖,U+5996,yao1|jiao3,yāo|jiǎo
2968,妗,U+5997,jin4|xian1,jìn|xiān
2969,妘,U+5998,yun2,yún
2970,妙,U+5999,miao4|miao3,miào|miǎo
2971,妚,U+599A,fou3|pei1|pi1,fǒu|pēi|pī
2972,妛,U+599B,chi1,chī
2973,妜,U+599C,yue4|jue2,yuè|jué
2974,妝,U+599D,zhuang1,zhuāng
2975,妞,U+599E,niu1|hao4,niū|hào
2976,妟,U+599F,yan4,yàn
2977,妠,U+59A0,na4|nan4,nà|nàn
2978,妡,U+59A1,xin1,xīn
2979,妢,U+59A2,fen2,fén
2980,妣,U+59A3,bi3,bǐ
2981,妤,U+59A4,yu2,yú
2982,妥,U+59A5,tuo3,tuǒ
2983,妦,U+59A6,feng1,fēng
2984,妧,U+59A7,wan4|yuan2,wàn|yuán
2985,妨,U+59A8,fang2|fang1,fáng|fāng
2986,妩,U+59A9,wu3,wǔ
2987,妪,U+59AA,yu4,yù
2988,妫,U+59AB,gui1,guī
2989,妬,U+59AC,du4,dù
2990,妭,U+59AD,ba2|bo1,bá|bō
2991,妮,U+59AE,ni1|ni2,nī|ní
2992,妯,U+59AF,zhou2|chou1,zhóu|chōu
2993,妰,U+59B0,zhuo2,zhuó
2994,妱,U+59B1,zhao1,zhāo
2995,妲,U+59B2,da2,dá
2996,妳,U+59B3,ni3|nai3,nǐ|nǎi
2997,妴,U+59B4,yuan4,yuàn
2998,妵,U+59B5,tou3,tǒu
2999,妶,U+59B6,xian2|xuan2|xu4,xián|xuán|xù
3000,妷,U+59B7,zhi2|yi4,zhí|yì
3001,妸,U+59B8,e1|e3,ē|ě
3002,妹,U+59B9,mei4,mèi
3003,妺,U+59BA,mo4,mò
3004,妻,U+59BB,qi1|qi4,qī|qì
3005,妼,U+59BC,bi4,bì
3006,妽,U+59BD,shen1,shēn
3007,妾,U+59BE,qie4,qiè
3008,妿,U+59BF,e1,ē
3009,姀,U+59C0,he2,hé
3010,姁,U+59C1,xu3|xu1,xǔ|xū
3011,姂,U+59C2,fa2,fá
3012,姃,U+59C3,zheng1,zhēng
3013,姄,U+59C4,min2,mín
3014,姅,U+59C5,ban4,bàn
3015,姆,U+59C6,mu3,mǔ
3016,姇,U+59C7,fu1|fu2,fū|fú
3017,姈,U+59C8,ling2,líng
3018,姉,U+59C9,zi3,zǐ
3019,姊,U+59CA,zi3,zǐ
3020,始,U+59CB,shi3,shǐ
3021,姌,U+59CC,ran3,rǎn
3022,姍,U+59CD,shan1|xian1|pan1,shān|xiān|pān
3023,姎,U+59CE,yang1,yāng
3024,姏,U+59CF,man2,mán
3025,姐,U+59D0,jie3|ju4|xu4|zu1,jiě|jù|xù|zū
3026,姑,U+59D1,gu1,gū
3027,姒,U+59D2,si4,sì
3028,姓,U+59D3,xing4|sheng1,xìng|shēng
3029,委,U+59D4,wei3|wei1|wei4,wěi|wēi|wèi
3030,姕,U+59D5,zi1|ci3|ci1,zī|cǐ|cī
3031,姖,U+59D6,ju4,jù
3032,姗,U+59D7,shan1,shān
3033,姘,U+59D8,pin1|pin2,pīn|pín
3034,姙,U+59D9,ren4,rèn
3035,姚,U+59DA,yao2|tiao4|tao2|yao4,yáo|tiào|táo|yào
3036,姛,U+59DB,dong4,dòng
3037,姜,U+59DC,jiang1,jiāng
3038,姝,U+59DD,shu1,shū
3039,姞,U+59DE,ji2,jí
3040,姟,U+59DF,gai1,gāi
3041,姠,U+59E0,xiang4,xiàng
3042,姡,U+59E1,hua2|huo2,huá|huó
3043,姢,U+59E2,juan1,juān
3044,姣,U+59E3,jiao1|jiao3|xiao2,jiāo|jiǎo|xiáo
3045,姤,U+59E4,gou4,gòu
3046,姥,U+59E5,lao3|mu3,lǎo|mǔ
3047,姦,U+59E6,jian1,jiān
3048,姧,U+59E7,jian1,jiān
3049,姨,U+59E8,yi2,yí
3050,姩,U+59E9,nian4|nian2,niàn|nián
3051,姪,U+59EA,zhi2,zhí
3052,姫,U+59EB,ji1|zhen3,jī|zhěn
3053,姬,U+59EC,ji1|yi2,jī|yí
3054,姭,U+59ED,xian4,xiàn
3055,姮,U+59EE,heng2,héng
3056,姯,U+59EF,guang1,guāng
3057,姰,U+59F0,jun1|xun1|xuan4|xin1,jūn|xūn|xuàn|xīn
3058,姱,U+59F1,kua1|hu4,kuā|hù
3059,姲,U+59F2,yan4,yàn
3060,姳,U+59F3,ming3,mǐng
3061,姴,U+59F4,lie4,liè
3062,姵,U+59F5,pei4,pèi
3063,姶,U+59F6,e4|ya4,è|yà
3064,姷,U+59F7,you4,yòu
3065,姸,U+59F8,yan2,yán
3066,姹,U+59F9,cha4,chà
3067,姺,U+59FA,shen1|xian1,shēn|xiān
3068,姻,U+59FB,yin1,yīn
3069,姼,U+59FC,shi2|ti2|ji4,shí|tí|jì
3070,姽,U+59FD,gui3|wa2,guǐ|wá
3071,姾,U+59FE,quan2,quán
3072,姿,U+59FF,zi1|zi4,zī|zì
3073,娀,U+5A00,song1,sōng
3074,威,U+5A01,wei1,wēi
3075,娂,U+5A02,hong2,hóng
3076,娃,U+5A03,wa2|wa1|gui4,wá|wā|guì
3077,娄,U+5A04,lou2,lóu
3078,娅,U+5A05,ya4,yà
3079,娆,U+5A06,rao2|rao3,ráo|rǎo
3080,娇,U+5A07,jiao1,jiāo
3081,娈,U+5A08,luan2,luán
3082,娉,U+5A09,ping1|pin4,pīng|pìn
3083,娊,U+5A0A,xian4|dan1,xiàn|dān
3084,娋,U+5A0B,shao4|shao1,shào|shāo
3085,娌,U+5A0C,li3,lǐ
3086,娍,U+5A0D,cheng2|sheng4,chéng|shèng
3087,娎,U+5A0E,xie4,xiè
3088,娏,U+5A0F,mang2,máng
3089,娐,U+5A10,fu1,fū
3090,娑,U+5A11,suo1|suo3|suo4,suō|suǒ|suò
3091,娒,U+5A12,mei2|mu3|wu3,méi|mǔ|wǔ
3092,娓,U+5A13,wei3,wěi
3093,娔,U+5A14,ke4,kè
3094,娕,U+5A15,chuo4|cu4|lai4,chuò|cù|lài
3095,娖,U+5A16,chuo4|cu4,chuò|cù
3096,娗,U+5A17,ting3|tian3,tǐng|tiǎn
3097,娘,U+5A18,niang2,niáng
3098,娙,U+5A19,xing2,xíng
3099,娚,U+5A1A,nan2,nán
3100,娛,U+5A1B,yu2,yú
3101,娜,U+5A1C,na4|nuo2,nà|nuó
3102,娝,U+5A1D,pou1|bi3,pōu|bǐ
3103,娞,U+5A1E,nei3|sui1,něi|suī
3104,娟,U+5A1F,juan1,juān
3105,娠,U+5A20,shen1,shēn
3106,娡,U+5A21,zhi4,zhì
3107,娢,U+5A22,han2,hán
3108,娣,U+5A23,di4,dì
3109,娤,U+5A24,zhuang1,zhuāng
3110,娥,U+5A25,e2,é
3111,娦,U+5A26,pin2,pín
3112,娧,U+5A27,tui4,tuì
3113,娨,U+5A28,xian4,xiàn
3114,娩,U+5A29,mian3|wan3|wen4,miǎn|wǎn|wèn
3115,娪,U+5A2A,wu2|wu4|yu2,wú|wù|yú
3116,娫,U+5A2B,yan2,yán
3117,娬,U+5A2C,wu3,wǔ
3118,娭,U+5A2D,ai1|xi1,āi|xī
3119,娮,U+5A2E,yan2,yán
3120,娯,U+5A2F,yu2,yú
3121,娰,U+5A30,si4,sì
3122,娱,U+5A31,yu2,yú
3123,娲,U+5A32,wa1,wā
3124,娳,U+5A33,li4,lì
3125,娴,U+5A34,xian2,xián
3126,娵,U+5A35,ju1,jū
3127,娶,U+5A36,qu3|ju1|shu1,qǔ|jū|shū
3128,娷,U+5A37,zhui4|shui4,zhuì|shuì
3129,娸,U+5A38,qi1,qī
3130,娹,U+5A39,xian2,xián
3131,娺,U+5A3A,zhuo2,zhuó
3132,娻,U+5A3B,dong1|dong4,dōng|dòng
3133,娼,U+5A3C,chang1,chāng
3134,娽,U+5A3D,lu4,lù
3135,娾,U+5A3E,ai3|ai2|e4,ǎi|ái|è
3136,娿,U+5A3F,e1|e3,ē|ě
3137,婀,U+5A40,e1|e3,ē|ě
3138,婁,U+5A41,lou2|lv3|lv2|lei2,lóu|lǚ|lǘ|léi
3139,婂,U+5A42,mian2,mián
3140,婃,U+5A43,cong2,cóng
3141,婄,U+5A44,pou3|pei2|bu4,pǒu|péi|bù
3142,婅,U+5A45,ju2,jú
3143,婆,U+5A46,po2,pó
3144,婇,U+5A47,cai3,cǎi
3145,婈,U+5A48,ling2,líng
3146,婉,U+5A49,wan3,wǎn
3147,婊,U+5A4A,biao3,biǎo
3148,婋,U+5A4B,xiao1,xiāo
3149,婌,U+5A4C,shu2,shú
3150,婍,U+5A4D,qi3,qǐ
3151,婎,U+5A4E,hui1,huī
3152,婏,U+5A4F,fan4|fu4,fàn|fù
3153,婐,U+5A50,wo3,wǒ
3154,婑,U+5A51,rui2|wo3|nei3,ruí|wǒ|něi
3155,婒,U+5A52,tan2,tán
3156,婓,U+5A53,fei1,fēi
3157,婔,U+5A54,fei1,fēi
3158,婕,U+5A55,jie2|qie4,jié|qiè
3159,婖,U+5A56,tian1,tiān
3160,婗,U+5A57,ni2|ni3,ní|nǐ
3161,婘,U+5A58,quan2|juan4,quán|juàn
3162,婙,U+5A59,jing4,jìng
3163,婚,U+5A5A,hun1,hūn
3164,婛,U+5A5B,jing1,jīng
3165,婜,U+5A5C,qian1|jin3,qiān|jǐn
3166,婝,U+5A5D,dian4,diàn
3167,婞,U+5A5E,xing4,xìng
3168,婟,U+5A5F,hu4,hù
3169,婠,U+5A60,wan1|guan4,wān|guàn
3170,婡,U+5A61,lai2|lai4,lái|lài
3171,婢,U+5A62,bi4,bì
3172,婣,U+5A63,yin1,yīn
3173,婤,U+5A64,chou1|zhou1,chōu|zhōu
3174,婥,U+5A65,chuo4|nao4,chuò|nào
3175,婦,U+5A66,fu4,fù
3176,婧,U+5A67,jing4,jìng
3177,婨,U+5A68,lun2,lún
3178,婩,U+5A69,an4|nve4,àn|nüè
3179,婪,U+5A6A,lan2|lan3,lán|lǎn
3180,婫,U+5A6B,kun1|hun4,kūn|hùn
3181,婬,U+5A6C,yin2,yín
3182,婭,U+5A6D,ya4|ya1|ya3,yà|yā|yǎ
3183,婮,U+5A6E,ju1,jū
3184,婯,U+5A6F,li4,lì
3185,婰,U+5A70,dian3,diǎn
3186,婱,U+5A71,xian2,xián
3187,婲,U+5A72,hua1,huā
3188,婳,U+5A73,hua4,huà
3189,婴,U+5A74,ying1,yīng
3190,婵,U+5A75,chan2,chán
3191,婶,U+5A76,shen3,shěn
3192,婷,U+5A77,ting2,tíng
3193,婸,U+5A78,dang4|yang2,dàng|yáng
3194,婹,U+5A79,yao3,yǎo
3195,婺,U+5A7A,wu4|mou2|mu4,wù|móu|mù
3196,婻,U+5A7B,nan4,nàn
3197,婼,U+5A7C,chuo4|ruo4,chuò|ruò
3198,婽,U+5A7D,jia3,jiǎ
3199,婾,U+5A7E,tou1,tōu
3200,婿,U+5A7F,xu4,xù
3201,媀,U+5A80,yu4|yu2,yù|yú
3202,媁,U+5A81,wei2|wei3,wéi|wěi
3203,媂,U+5A82,di4|ti2,dì|tí
3204,媃,U+5A83,rou2,róu
3205,媄,U+5A84,mei3,měi
3206,媅,U+5A85,dan1,dān
3207,媆,U+5A86,ruan3|nen4|nun4,ruǎn|nèn|nùn
3208,媇,U+5A87,qin1,qīn
3209,媈,U+5A88,hui1,huī
3210,媉,U+5A89,wo4,wò
3211,媊,U+5A8A,qian2,qián
3212,媋,U+5A8B,chun1,chūn
3213,媌,U+5A8C,miao2,miáo
3214,媍,U+5A8D,fu4,fù
3215,媎,U+5A8E,jie3,jiě
3216,媏,U+5A8F,duan1,duān
3217,媐,U+5A90,yi2|xi1,yí|xī
3218,媑,U+5A91,zhong4,zhòng
3219,媒,U+5A92,mei2|mei4,méi|mèi
3220,媓,U+5A93,huang2,huáng
3221,媔,U+5A94,mian2|mian3,mián|miǎn
3222,媕,U+5A95,an1|yan3|e4,ān|yǎn|è
3223,媖,U+5A96,ying1,yīng
3224,媗,U+5A97,xuan1,xuān
3225,媘,U+5A98,jie1,jiē
3226,媙,U+5A99,wei1,wēi
3227,媚,U+5A9A,mei4,mèi
3228,媛,U+5A9B,yuan4|yuan2,yuàn|yuán
3229,媜,U+5A9C,zheng1,zhēng
3230,媝,U+5A9D,qiu1,qiū
3231,媞,U+5A9E,shi4|ti2|zhi1|dai4,shì|tí|zhī|dài
3232,媟,U+5A9F,xie4,xiè
3233,媠,U+5AA0,tuo3|duo4|nuo3,tuǒ|duò|nuǒ
3234,媡,U+5AA1,lian4,liàn
3235,媢,U+5AA2,mao4,mào
3236,媣,U+5AA3,ran3,rǎn
3237,媤,U+5AA4,si1,sī
3238,媥,U+5AA5,pian1,piān
3239,媦,U+5AA6,wei4,wèi
3240,媧,U+5AA7,wa1,wā
3241,媨,U+5AA8,cu4,cù
3242,媩,U+5AA9,hu2,hú
3243,媪,U+5AAA,ao3|yun3|wo4,ǎo|yǔn|wò
3244,媫,U+5AAB,jie2,jié
3245,媬,U+5AAC,bao3,bǎo
3246,媭,U+5AAD,xu1,xū
3247,媮,U+5AAE,tou1|yu2,tōu|yú
3248,媯,U+5AAF,gui1|gui4,guī|guì
3249,媰,U+5AB0,chu2|zou4,chú|zòu
3250,媱,U+5AB1,yao2,yáo
3251,媲,U+5AB2,pi4|bi1|pi2,pì|bī|pí
3252,媳,U+5AB3,xi2,xí
3253,媴,U+5AB4,yuan2,yuán
3254,媵,U+5AB5,ying4|sheng4,yìng|shèng
3255,媶,U+5AB6,rong2,róng
3256,媷,U+5AB7,ru4,rù
3257,媸,U+5AB8,chi1,chī
3258,媹,U+5AB9,liu2,liú
3259,媺,U+5ABA,mei3,měi
3260,媻,U+5ABB,pan2,pán
3261,媼,U+5ABC,ao3,ǎo
3262,媽,U+5ABD,ma1,mā
3263,媾,U+5ABE,gou4,gòu
3264,媿,U+5ABF,kui4|chou3,kuì|chǒu
3265,嫀,U+5AC0,qin2|shen1,qín|shēn
3266,嫁,U+5AC1,jia4,jià
3267,嫂,U+5AC2,sao3,sǎo
3268,嫃,U+5AC3,zhen1|zhen3,zhēn|zhěn
3269,嫄,U+5AC4,yuan2,yuán
3270,嫅,U+5AC5,jie1|suo3,jiē|suǒ
3271,嫆,U+5AC6,rong2,róng
3272,嫇,U+5AC7,ming2|ming3|meng2,míng|mǐng|méng
3273,嫈,U+5AC8,ying1|xing1|ying2,yīng|xīng|yíng
3274,嫉,U+5AC9,ji2,jí
3275,嫊,U+5ACA,su4,sù
3276,嫋,U+5ACB,niao3,niǎo
3277,嫌,U+5ACC,xian2,xián
3278,嫍,U+5ACD,tao1,tāo
3279,嫎,U+5ACE,pang2|bang4,páng|bàng
3280,嫏,U+5ACF,lang2,láng
3281,嫐,U+5AD0,nao3,nǎo
3282,嫑,U+5AD1,bao2,báo
3283,嫒,U+5AD2,ai4,ài
3284,嫓,U+5AD3,pi4,pì
3285,嫔,U+5AD4,pin2,pín
3286,嫕,U+5AD5,yi4,yì
3287,嫖,U+5AD6,piao2|piao4|biao1,piáo|piào|biāo
3288,嫗,U+5AD7,yu4|yu3|kou1,yù|yǔ|kōu
3289,嫘,U+5AD8,lei2,léi
3290,嫙,U+5AD9,xuan2,xuán
3291,嫚,U+5ADA,man1|man4|yuan1,mān|màn|yuān
3292,嫛,U+5ADB,yi1,yī
3293,嫜,U+5ADC,zhang1,zhāng
3294,嫝,U+5ADD,kang1,kāng
3295,嫞,U+5ADE,yong1,yōng
3296,嫟,U+5ADF,ni4,nì
3297,嫠,U+5AE0,li2,lí
3298,嫡,U+5AE1,di2,dí
3299,嫢,U+5AE2,gui1|zui1,guī|zuī
3300,嫣,U+5AE3,yan1,yān
3301,嫤,U+5AE4,jin3|jin4,jǐn|jìn
3302,嫥,U+5AE5,zhuan1|tuan2,zhuān|tuán
3303,嫦,U+5AE6,chang2,cháng
3304,嫧,U+5AE7,ze2|ce4,zé|cè
3305,嫨,U+5AE8,han1|nan3,hān|nǎn
3306,嫩,U+5AE9,nen4,nèn
3307,嫪,U+5AEA,lao4|lao2,lào|láo
3308,嫫,U+5AEB,mo2,mó
3309,嫬,U+5AEC,zhe1,zhē
3310,嫭,U+5AED,hu4,hù
3311,嫮,U+5AEE,hu4,hù
3312,嫯,U+5AEF,ao4,ào
3313,嫰,U+5AF0,nen4,nèn
3314,嫱,U+5AF1,qiang2,qiáng
3315,嫲,U+5AF2,ma,ma
3316,嫳,U+5AF3,pie4,piè
3317,嫴,U+5AF4,gu1,gū
3318,嫵,U+5AF5,wu3,wǔ
3319,嫶,U+5AF6,qiao2|jiao1,qiáo|jiāo
3320,嫷,U+5AF7,tuo3,tuǒ
3321,嫸,U+5AF8,zhan3,zhǎn
3322,嫹,U+5AF9,miao2,miáo
3323,嫺,U+5AFA,xian2,xián
3324,嫻,U+5AFB,xian2,xián
3325,嫼,U+5AFC,mo4,mò
3326,嫽,U+5AFD,liao2|liao3|liao4|lao3,liáo|liǎo|liào|lǎo
3327,嫾,U+5AFE,lian2,lián
3328,嫿,U+5AFF,hua4,huà
3329,嬀,U+5B00,gui1,guī
3330,嬁,U+5B01,deng1,dēng
3331,嬂,U+5B02,zhi2,zhí
3332,嬃,U+5B03,xu1,xū
3333,嬄,U+5B04,yi1,yī
3334,嬅,U+5B05,hua4,huà
3335,嬆,U+5B06,xi1,xī
3336,嬇,U+5B07,kui4,kuì
3337,嬈,U+5B08,rao2|rao3|yao3,ráo|rǎo|yǎo
3338,嬉,U+5B09,xi1|xi3,xī|xǐ
3339,嬊,U+5B0A,yan4,yàn
3340,嬋,U+5B0B,chan2,chán
3341,嬌,U+5B0C,jiao1,jiāo
3342,嬍,U+5B0D,mei3,měi
3343,嬎,U+5B0E,fan4|fu4,fàn|fù
3344,嬏,U+5B0F,fan1,fān
3345,嬐,U+5B10,xian1|yan3|jin4,xiān|yǎn|jìn
3346,嬑,U+5B11,yi4,yì
3347,嬒,U+5B12,hui4,huì
3348,嬓,U+5B13,jiao4,jiào
3349,嬔,U+5B14,fu4,fù
3350,嬕,U+5B15,shi4,shì
3351,嬖,U+5B16,bi4,bì
3352,嬗,U+5B17,shan4|chan2,shàn|chán
3353,嬘,U+5B18,sui4,suì
3354,嬙,U+5B19,qiang2,qiáng
3355,嬚,U+5B1A,lian3,liǎn
3356,嬛,U+5B1B,huan2|xuan1|qiong2|xuan2,huán|xuān|qióng|xuán
3357,嬜,U+5B1C,xin1,xīn
3358,嬝,U+5B1D,niao3,niǎo
3359,嬞,U+5B1E,dong3,dǒng
3360,嬟,U+5B1F,yi4|yi3,yì|yǐ
3361,嬠,U+5B20,can1,cān
3362,嬡,U+5B21,ai4,ài
3363,嬢,U+5B22,niang2,niáng
3364,嬣,U+5B23,ning2,níng
3365,嬤,U+5B24,ma1,mā
3366,嬥,U+5B25,tiao3|diao4,tiǎo|diào
3367,嬦,U+5B26,chou2,chóu
3368,嬧,U+5B27,jin4,jìn
3369,嬨,U+5B28,ci2,cí
3370,嬩,U+5B29,yu2,yú
3371,嬪,U+5B2A,pin2,pín
3372,嬫,U+5B2B,rong2,róng
3373,嬬,U+5B2C,ru2|nou4,rú|nòu
3374,嬭,U+5B2D,nai3|er3|ni4,nǎi|ěr|nì
3375,嬮,U+5B2E,yan1|yan4,yān|yàn
3376,嬯,U+5B2F,tai2,tái
3377,嬰,U+5B30,ying1|ying4,yīng|yìng
3378,嬱,U+5B31,qian4,qiàn
3379,嬲,U+5B32,niao3,niǎo
3380,嬳,U+5B33,yue4,yuè
3381,嬴,U+5B34,ying2,yíng
3382,嬵,U+5B35,mian2,mián
3383,嬶,U+5B36,bi2,bí
3384,嬷,U+5B37,ma1|mo2,mā|mó
3385,嬸,U+5B38,shen3,shěn
3386,嬹,U+5B39,xing4|xing1,xìng|xīng
3387,嬺,U+5B3A,ni4,nì
3388,嬻,U+5B3B,du2,dú
3389,嬼,U+5B3C,liu3,liǔ
3390,嬽,U+5B3D,yuan1,yuān
3391,嬾,U+5B3E,lan3,lǎn
3392,嬿,U+5B3F,yan4,yàn
3393,孀,U+5B40,shuang1,shuāng
3394,孁,U+5B41,ling2,líng
3395,孂,U+5B42,jiao3,jiǎo
3396,孃,U+5B43,niang2|rang2,niáng|ráng
3397,孄,U+5B44,lan3,lǎn
3398,孅,U+5B45,qian1|xian1,qiān|xiān
3399,孆,U+5B46,ying1,yīng
3400,孇,U+5B47,shuang1,shuāng
3401,孈,U+5B48,hui4|xie2,huì|xié
3402,孉,U+5B49,quan2|huan1,quán|huān
3403,孊,U+5B4A,mi3,mǐ
3404,孋,U+5B4B,li2|li4,lí|lì
3405,孌,U+5B4C,luan2|lian4|luan3,luán|liàn|luǎn
3406,孍,U+5B4D,yan2|yan3,yán|yǎn
3407,孎,U+5B4E,zhu2|shu2|chuo4,zhú|shú|chuò
3408,孏,U+5B4F,lan3,lǎn
3409,子,U+5B50,zi|zi3,zi|zǐ
3410,孑,U+5B51,jie2,jié
3411,孒,U+5B52,jue2,jué
3412,孓,U+5B53,jue2,jué
3413,孔,U+5B54,kong3,kǒng
3414,孕,U+5B55,yun4,yùn
3415,孖,U+5B56,ma1|zi1,mā|zī
3416,字,U+5B57,zi4,zì
3417,存,U+5B58,cun2,cún
3418,孙,U+5B59,sun1,sūn
3419,孚,U+5B5A,fu2,fú
3420,孛,U+5B5B,bei4|bo2,bèi|bó
3421,孜,U+5B5C,zi1,zī
3422,孝,U+5B5D,xiao4,xiào
3423,孞,U+5B5E,xin4,xìn
3424,孟,U+5B5F,meng4,mèng
3425,孠,U+5B60,si4,sì
3426,孡,U+5B61,tai1,tāi
3427,孢,U+5B62,bao1,bāo
3428,季,U+5B63,ji4,jì
3429,孤,U+5B64,gu1,gū
3430,孥,U+5B65,nu2,nú
3431,学,U+5B66,xue2,xué
3432,孧,U+5B67,you4,yòu
3433,孨,U+5B68,zhuan3|ni4,zhuǎn|nì
3434,孩,U+5B69,hai2,hái
3435,孪,U+5B6A,luan2,luán
3436,孫,U+5B6B,sun1|xun4,sūn|xùn
3437,孬,U+5B6C,nao1,nāo
3438,孭,U+5B6D,mie1,miē
3439,孮,U+5B6E,cong2,cóng
3440,孯,U+5B6F,qian1,qiān
3441,孰,U+5B70,shu2,shú
3442,孱,U+5B71,can4|chan2|jian1|zhan4,càn|chán|jiān|zhàn
3443,孲,U+5B72,ya1,yā
3444,孳,U+5B73,zi1,zī
3445,孴,U+5B74,ni3|ni4|yi4,nǐ|nì|yì
3446,孵,U+5B75,fu1,fū
3447,孶,U+5B76,zi1,zī
3448,孷,U+5B77,li2,lí
3449,學,U+5B78,xue2|hua2|jiao4,xué|huá|jiào
3450,孹,U+5B79,bo4,bò
3451,孺,U+5B7A,ru2,rú
3452,孻,U+5B7B,nai2,nái
3453,孼,U+5B7C,nie4,niè
3454,孽,U+5B7D,nie4,niè
3455,孾,U+5B7E,ying1,yīng
3456,孿,U+5B7F,luan2,luán
3457,宀,U+5B80,mian2,mián
3458,宁,U+5B81,ning2|ning4|zhu4,níng|nìng|zhù
3459,宂,U+5B82,rong3,rǒng
3460,它,U+5B83,ta1|tuo2|yi2,tā|tuó|yí
3461,宄,U+5B84,gui3,guǐ
3462,宅,U+5B85,zhai2|che4|du4,zhái|chè|dù
3463,宆,U+5B86,qiong2,qióng
3464,宇,U+5B87,yu3,yǔ
3465,守,U+5B88,shou3|shou4,shǒu|shòu
3466,安,U+5B89,an1,ān
3467,宊,U+5B8A,tu1|jia1,tū|jiā
3468,宋,U+5B8B,song4,sòng
3469,完,U+5B8C,wan2|kuan1,wán|kuān
3470,宍,U+5B8D,rou4,ròu
3471,宎,U+5B8E,yao3|yao1,yǎo|yāo
3472,宏,U+5B8F,hong2,hóng
3473,宐,U+5B90,yi2,yí
3474,宑,U+5B91,jing3,jǐng
3475,宒,U+5B92,zhun1,zhūn
3476,宓,U+5B93,mi4|fu2,mì|fú
3477,宔,U+5B94,zhu3,zhǔ
3478,宕,U+5B95,dang4,dàng
3479,宖,U+5B96,hong2,hóng
3480,宗,U+5B97,zong1,zōng
3481,官,U+5B98,guan1,guān
3482,宙,U+5B99,zhou4,zhòu
3483,定,U+5B9A,ding4,dìng
3484,宛,U+5B9B,wan3|yuan1|yun3|yu4,wǎn|yuān|yǔn|yù
3485,宜,U+5B9C,yi2,yí
3486,宝,U+5B9D,bao3,bǎo
3487,实,U+5B9E,shi2,shí
3488,実,U+5B9F,shi2,shí
3489,宠,U+5BA0,chong3,chǒng
3490,审,U+5BA1,shen3,shěn
3491,客,U+5BA2,ke4|qia4,kè|qià
3492,宣,U+5BA3,xuan1,xuān
3493,室,U+5BA4,shi4,shì
3494,宥,U+5BA5,you4,yòu
3495,宦,U+5BA6,huan4,huàn
3496,宧,U+5BA7,yi2,yí
3497,宨,U+5BA8,tiao3,tiǎo
3498,宩,U+5BA9,shi3,shǐ
3499,宪,U+5BAA,xian4|xiong4,xiàn|xiòng
3500,宫,U+5BAB,gong1,gōng
3501,宬,U+5BAC,cheng2,chéng
3502,宭,U+5BAD,qun2,qún
3503,宮,U+5BAE,gong1,gōng
3504,宯,U+5BAF,xiao1,xiāo
3505,宰,U+5BB0,zai3,zǎi
3506,宱,U+5BB1,zha4,zhà
3507,宲,U+5BB2,bao3|shi2,bǎo|shí
3508,害,U+5BB3,hai4|he2,hài|hé
3509,宴,U+5BB4,yan4,yàn
3510,宵,U+5BB5,xiao1,xiāo
3511,家,U+5BB6,jia1|jia|jia4|jie|gu1,jiā|jia|jià|jie|gū
3512,宷,U+5BB7,shen3,shěn
3513,宸,U+5BB8,chen2,chén
3514,容,U+5BB9,rong2|yong3,róng|yǒng
3515,宺,U+5BBA,huang3,huǎng
3516,宻,U+5BBB,mi4,mì
3517,宼,U+5BBC,kou4,kòu
3518,宽,U+5BBD,kuan1,kuān
3519,宾,U+5BBE,bin1,bīn
3520,宿,U+5BBF,su4|xiu3|xiu4|qi1,sù|xiǔ|xiù|qī
3521,寀,U+5BC0,cai3|cai4,cǎi|cài
3522,寁,U+5BC1,zan3,zǎn
3523,寂,U+5BC2,ji4,jì
3524,寃,U+5BC3,yuan1,yuān
3525,寄,U+5BC4,ji4,jì
3526,寅,U+5BC5,yin2,yín
3527,密,U+5BC6,mi4,mì
3528,寇,U+5BC7,kou4,kòu
3529,寈,U+5BC8,qing1,qīng
3530,寉,U+5BC9,he4,hè
3531,寊,U+5BCA,zhen1,zhēn
3532,寋,U+5BCB,jian4,jiàn
3533,富,U+5BCC,fu4,fù
3534,寍,U+5BCD,ning2,níng
3535,寎,U+5BCE,bing4|bing3,bìng|bǐng
3536,寏,U+5BCF,huan2,huán
3537,寐,U+5BD0,mei4,mèi
3538,寑,U+5BD1,qin3,qǐn
3539,寒,U+5BD2,han2,hán
3540,寓,U+5BD3,yu4,yù
3541,寔,U+5BD4,shi2,shí
3542,寕,U+5BD5,ning2,níng
3543,寖,U+5BD6,jin4,jìn
3544,寗,U+5BD7,ning2,níng
3545,寘,U+5BD8,zhi4|tian2,zhì|tián
3546,寙,U+5BD9,yu3,yǔ
3547,寚,U+5BDA,bao3,bǎo
3548,寛,U+5BDB,kuan1,kuān
3549,寜,U+5BDC,ning2,níng
3550,寝,U+5BDD,qin3,qǐn
3551,寞,U+5BDE,mo4,mò
3552,察,U+5BDF,cha2|cui4,chá|cuì
3553,寠,U+5BE0,ju4|lv4|lou2,jù|lǜ|lóu
3554,寡,U+5BE1,gua3,guǎ
3555,寢,U+5BE2,qin3,qǐn
3556,寣,U+5BE3,hu1,hū
3557,寤,U+5BE4,wu4,wù
3558,寥,U+5BE5,liao2,liáo
3559,實,U+5BE6,shi2|zhi4,shí|zhì
3560,寧,U+5BE7,ning2|ning4,níng|nìng
3561,寨,U+5BE8,zhai4|se4|qian1,zhài|sè|qiān
3562,審,U+5BE9,shen3|pan2,shěn|pán
3563,寪,U+5BEA,wei3|wei2,wěi|wéi
3564,寫,U+5BEB,xie3|xie4,xiě|xiè
3565,寬,U+5BEC,kuan1,kuān
3566,寭,U+5BED,hui4,huì
3567,寮,U+5BEE,liao2,liáo
3568,寯,U+5BEF,jun4,jùn
3569,寰,U+5BF0,huan2|xian4,huán|xiàn
3570,寱,U+5BF1,yi4,yì
3571,寲,U+5BF2,yi2,yí
3572,寳,U+5BF3,bao3,bǎo
3573,寴,U+5BF4,qin1|qin4,qīn|qìn
3574,寵,U+5BF5,chong3|long2,chǒng|lóng
3575,寶,U+5BF6,bao3,bǎo
3576,寷,U+5BF7,feng1,fēng
3577,寸,U+5BF8,cun4|cun3,cùn|cǔn
3578,对,U+5BF9,dui4,duì
3579,寺,U+5BFA,si4|shi4,sì|shì
3580,寻,U+5BFB,xun2|xin2,xún|xín
3581,导,U+5BFC,dao3,dǎo
3582,寽,U+5BFD,lv4|lve4,lǜ|lüè
3583,対,U+5BFE,dui4,duì
3584,寿,U+5BFF,shou4,shòu
3585,尀,U+5C00,po3,pǒ
3586,封,U+5C01,feng1|bian3,fēng|biǎn
3587,専,U+5C02,zhuan1,zhuān
3588,尃,U+5C03,fu1|bu4|fu3|po4,fū|bù|fǔ|pò
3589,射,U+5C04,she4|ye4|yi4,shè|yè|yì
3590,尅,U+5C05,ke4|kei1,kè|kēi
3591,将,U+5C06,jiang1|jiang4|qiang1,jiāng|jiàng|qiāng
3592,將,U+5C07,jiang1|jiang4|qiang1|yang2|jiang3,jiāng|jiàng|qiāng|yáng|jiǎng
3593,專,U+5C08,zhuan1|tuan2|shuan4,zhuān|tuán|shuàn
3594,尉,U+5C09,wei4|yu4|yun4,wèi|yù|yùn
3595,尊,U+5C0A,zun1,zūn
3596,尋,U+5C0B,xun2|xin2,xún|xín
3597,尌,U+5C0C,shu4|zhu4,shù|zhù
3598,對,U+5C0D,dui4,duì
3599,導,U+5C0E,dao3|dao4,dǎo|dào
3600,小,U+5C0F,xiao3,xiǎo
3601,尐,U+5C10,jie2|ji2,jié|jí
3602,少,U+5C11,shao3|shao4,shǎo|shào
3603,尒,U+5C12,er3,ěr
3604,尓,U+5C13,er3,ěr
3605,尔,U+5C14,er3,ěr
3606,尕,U+5C15,ga3,gǎ
3607,尖,U+5C16,jian1,jiān
3608,尗,U+5C17,shu1|shu2,shū|shú
3609,尘,U+5C18,chen2,chén
3610,尙,U+5C19,shang4,shàng
3611,尚,U+5C1A,shang4|chang2,shàng|cháng
3612,尛,U+5C1B,mo2,mó
3613,尜,U+5C1C,ga2,gá
3614,尝,U+5C1D,chang2,cháng
3615,尞,U+5C1E,liao4|liao2,liào|liáo
3616,尟,U+5C1F,xian3,xiǎn
3617,尠,U+5C20,xian3,xiǎn
3618,尡,U+5C21,kun,kun
3619,尢,U+5C22,you2|wang1,yóu|wāng
3620,尣,U+5C23,wang1,wāng
3621,尤,U+5C24,you2,yóu
3622,尥,U+5C25,liao4|niao3,liào|niǎo
3623,尦,U+5C26,liao4,liào
3624,尧,U+5C27,yao2,yáo
3625,尨,U+5C28,mang2|meng2|pang2,máng|méng|páng
3626,尩,U+5C29,wang1,wāng
3627,尪,U+5C2A,wang1,wāng
3628,尫,U+5C2B,wang1,wāng
3629,尬,U+5C2C,ga4,gà
3630,尭,U+5C2D,yao2,yáo
3631,尮,U+5C2E,duo4,duò
3632,尯,U+5C2F,kui4|kui3,kuì|kuǐ
3633,尰,U+5C30,zhong3,zhǒng
3634,就,U+5C31,jiu4,jiù
3635,尲,U+5C32,gan1,gān
3636,尳,U+5C33,gu3,gǔ
3637,尴,U+5C34,gan1,gān
3638,尵,U+5C35,tui2|zhuai4,tuí|zhuài
3639,尶,U+5C36,gan1,gān
3640,尷,U+5C37,gan1,gān
3641,尸,U+5C38,shi1,shī
3642,尹,U+5C39,yin3|yun2,yǐn|yún
3643,尺,U+5C3A,chi3|che3,chǐ|chě
3644,尻,U+5C3B,kao1,kāo
3645,尼,U+5C3C,ni2|ni3,ní|nǐ
3646,尽,U+5C3D,jin3|jin4,jǐn|jìn
3647,尾,U+5C3E,wei3|yi3,wěi|yǐ
3648,尿,U+5C3F,niao4|sui1,niào|suī
3649,局,U+5C40,ju2,jú
3650,屁,U+5C41,pi4,pì
3651,层,U+5C42,ceng2,céng
3652,屃,U+5C43,xi4,xì
3653,屄,U+5C44,bi1,bī
3654,居,U+5C45,ju1|ji1,jū|jī
3655,屆,U+5C46,jie4,jiè
3656,屇,U+5C47,tian2,tián
3657,屈,U+5C48,qu1|jue2|que4|ju2,qū|jué|què|jú
3658,屉,U+5C49,ti4,tì
3659,届,U+5C4A,jie4,jiè
3660,屋,U+5C4B,wu1,wū
3661,屌,U+5C4C,diao3,diǎo
3662,屍,U+5C4D,shi1|shi4,shī|shì
3663,屎,U+5C4E,shi3|xi1,shǐ|xī
3664,屏,U+5C4F,ping2|bing3|bing4|bing1,píng|bǐng|bìng|bīng
3665,屐,U+5C50,ji1,jī
3666,屑,U+5C51,xie4,xiè
3667,屒,U+5C52,zhen3,zhěn
3668,屓,U+5C53,xie4,xiè
3669,屔,U+5C54,ni2,ní
3670,展,U+5C55,zhan3,zhǎn
3671,屖,U+5C56,xi1,xī
3672,屗,U+5C57,wei3,wěi
3673,屘,U+5C58,man3,mǎn
3674,屙,U+5C59,e1,ē
3675,屚,U+5C5A,lou4,lòu
3676,屛,U+5C5B,ping2,píng
3677,屜,U+5C5C,ti4,tì
3678,屝,U+5C5D,fei4,fèi
3679,属,U+5C5E,shu3|zhu3,shǔ|zhǔ
3680,屟,U+5C5F,xie4|ti4,xiè|tì
3681,屠,U+5C60,tu2,tú
3682,屡,U+5C61,lv3,lǚ
3683,屢,U+5C62,lv3,lǚ
3684,屣,U+5C63,xi3,xǐ
3685,層,U+5C64,ceng2,céng
3686,履,U+5C65,lv3,lǚ
3687,屦,U+5C66,ju4,jù
3688,屧,U+5C67,xie4,xiè
3689,屨,U+5C68,ju4,jù
3690,屩,U+5C69,jue1,juē
3691,屪,U+5C6A,liao2,liáo
3692,屫,U+5C6B,jue2,jué
3693,屬,U+5C6C,shu3|zhu3,shǔ|zhǔ
3694,屭,U+5C6D,xi4,xì
3695,屮,U+5C6E,che4|cao3,chè|cǎo
3696,屯,U+5C6F,tun2|zhun1,tún|zhūn
3697,屰,U+5C70,ni4|po4|ji2,nì|pò|jí
3698,山,U+5C71,shan1,shān
3699,屲,U+5C72,wa1,wā
3700,屳,U+5C73,xian1,xiān
3701,屴,U+5C74,li4,lì
3702,屵,U+5C75,e4|yan3,è|yǎn
3703,屶,U+5C76,hui4,huì
3704,屷,U+5C77,hui4,huì
3705,屸,U+5C78,long2|hong2,lóng|hóng
3706,屹,U+5C79,yi4|ge1,yì|gē
3707,屺,U+5C7A,qi3,qǐ
3708,屻,U+5C7B,ren4,rèn
3709,屼,U+5C7C,wu4,wù
3710,屽,U+5C7D,han4|an4,hàn|àn
3711,屾,U+5C7E,shen1,shēn
3712,屿,U+5C7F,yu3,yǔ
3713,岀,U+5C80,chu1,chū
3714,岁,U+5C81,sui4,suì
3715,岂,U+5C82,qi3|kai3,qǐ|kǎi
3716,岃,U+5C83,ren4,rèn
3717,岄,U+5C84,yue4,yuè
3718,岅,U+5C85,ban3,bǎn
3719,岆,U+5C86,yao3,yǎo
3720,岇,U+5C87,ang2,áng
3721,岈,U+5C88,ya2|xia1,yá|xiā
3722,岉,U+5C89,wu4,wù
3723,岊,U+5C8A,jie2,jié
3724,岋,U+5C8B,e4|ji2,è|jí
3725,岌,U+5C8C,ji2,jí
3726,岍,U+5C8D,qian1,qiān
3727,岎,U+5C8E,fen2|cha4,fén|chà
3728,岏,U+5C8F,wan2,wán
3729,岐,U+5C90,qi2,qí
3730,岑,U+5C91,cen2,cén
3731,岒,U+5C92,qian2,qián
3732,岓,U+5C93,qi2,qí
3733,岔,U+5C94,cha4,chà
3734,岕,U+5C95,jie4,jiè
3735,岖,U+5C96,qu1,qū
3736,岗,U+5C97,gang3|gang1,gǎng|gāng
3737,岘,U+5C98,xian4,xiàn
3738,岙,U+5C99,ao4,ào
3739,岚,U+5C9A,lan2,lán
3740,岛,U+5C9B,dao3,dǎo
3741,岜,U+5C9C,ba1,bā
3742,岝,U+5C9D,zuo4,zuò
3743,岞,U+5C9E,zuo4,zuò
3744,岟,U+5C9F,yang3,yǎng
3745,岠,U+5CA0,ju4,jù
3746,岡,U+5CA1,gang1,gāng
3747,岢,U+5CA2,ke3,kě
3748,岣,U+5CA3,gou3,gǒu
3749,岤,U+5CA4,xue2,xué
3750,岥,U+5CA5,po1,pō
3751,岦,U+5CA6,li4,lì
3752,岧,U+5CA7,tiao2,tiáo
3753,岨,U+5CA8,qu1|ju1|zu3|ju3,qū|jū|zǔ|jǔ
3754,岩,U+5CA9,yan2,yán
3755,岪,U+5CAA,fu2,fú
3756,岫,U+5CAB,xiu4,xiù
3757,岬,U+5CAC,jia3|jia2,jiǎ|jiá
3758,岭,U+5CAD,ling3|ling2,lǐng|líng
3759,岮,U+5CAE,tuo2,tuó
3760,岯,U+5CAF,pi2,pí
3761,岰,U+5CB0,ao4,ào
3762,岱,U+5CB1,dai4,dài
3763,岲,U+5CB2,kuang4,kuàng
3764,岳,U+5CB3,yue4,yuè
3765,岴,U+5CB4,qu1,qū
3766,岵,U+5CB5,hu4,hù
3767,岶,U+5CB6,po4,pò
3768,岷,U+5CB7,min2,mín
3769,岸,U+5CB8,an4,àn
3770,岹,U+5CB9,tiao2,tiáo
3771,岺,U+5CBA,ling2,líng
3772,岻,U+5CBB,chi2,chí
3773,岼,U+5CBC,ping2,píng
3774,岽,U+5CBD,dong1,dōng
3775,岾,U+5CBE,han4,hàn
3776,岿,U+5CBF,kui1,kuī
3777,峀,U+5CC0,xiu4,xiù
3778,峁,U+5CC1,mao3,mǎo
3779,峂,U+5CC2,tong2,tóng
3780,峃,U+5CC3,xue2,xué
3781,峄,U+5CC4,yi4,yì
3782,峅,U+5CC5,bian4,biàn
3783,峆,U+5CC6,he2,hé
3784,峇,U+5CC7,ba1|ke4,bā|kè
3785,峈,U+5CC8,luo4,luò
3786,峉,U+5CC9,e4,è
3787,峊,U+5CCA,fu4|nie4,fù|niè
3788,峋,U+5CCB,xun2,xún
3789,峌,U+5CCC,die2,dié
3790,峍,U+5CCD,lu4,lù
3791,峎,U+5CCE,en3,ěn
3792,峏,U+5CCF,er2,ér
3793,峐,U+5CD0,gai1,gāi
3794,峑,U+5CD1,quan1,quān
3795,峒,U+5CD2,dong4|tong2,dòng|tóng
3796,峓,U+5CD3,yi2,yí
3797,峔,U+5CD4,mu3,mǔ
3798,峕,U+5CD5,shi2,shí
3799,峖,U+5CD6,an1,ān
3800,峗,U+5CD7,wei2|wei3,wéi|wěi
3801,峘,U+5CD8,huan2,huán
3802,峙,U+5CD9,zhi4|shi4,zhì|shì
3803,峚,U+5CDA,mi4,mì
3804,峛,U+5CDB,li3|lie4,lǐ|liè
3805,峜,U+5CDC,ji4,jì
3806,峝,U+5CDD,tong2,tóng
3807,峞,U+5CDE,wei2|wei3,wéi|wěi
3808,峟,U+5CDF,you4,yòu
3809,峠,U+5CE0,qia3,qiǎ
3810,峡,U+5CE1,xia2,xiá
3811,峢,U+5CE2,li3,lǐ
3812,峣,U+5CE3,yao2,yáo
3813,峤,U+5CE4,jiao4|qiao2,jiào|qiáo
3814,峥,U+5CE5,zheng1,zhēng
3815,峦,U+5CE6,luan2,luán
3816,峧,U+5CE7,jiao1,jiāo
3817,峨,U+5CE8,e2,é
3818,峩,U+5CE9,e2,é
3819,峪,U+5CEA,yu4,yù
3820,峫,U+5CEB,xie2|ye2,xié|yé
3821,峬,U+5CEC,bu1,bū
3822,峭,U+5CED,qiao4,qiào
3823,峮,U+5CEE,qun1,qūn
3824,峯,U+5CEF,feng1,fēng
3825,峰,U+5CF0,feng1,fēng
3826,峱,U+5CF1,nao2,náo
3827,峲,U+5CF2,li3,lǐ
3828,峳,U+5CF3,you2,yóu
3829,峴,U+5CF4,xian4,xiàn
3830,峵,U+5CF5,rong2,róng
3831,島,U+5CF6,dao3,dǎo
3832,峷,U+5CF7,shen1,shēn
3833,峸,U+5CF8,cheng2,chéng
3834,峹,U+5CF9,tu2,tú
3835,峺,U+5CFA,geng3,gěng
3836,峻,U+5CFB,jun4,jùn
3837,峼,U+5CFC,gao4,gào
3838,峽,U+5CFD,xia2,xiá
3839,峾,U+5CFE,yin2,yín
3840,峿,U+5CFF,yu3|wu2,yǔ|wú
3841,崀,U+5D00,lang4|lang3,làng|lǎng
3842,崁,U+5D01,kan4,kàn
3843,崂,U+5D02,lao2,láo
3844,崃,U+5D03,lai2,lái
3845,崄,U+5D04,xian3,xiǎn
3846,崅,U+5D05,que4,què
3847,崆,U+5D06,kong1,kōng
3848,崇,U+5D07,chong2,chóng
3849,崈,U+5D08,chong2,chóng
3850,崉,U+5D09,ta4,tà
3851,崊,U+5D0A,lin2,lín
3852,崋,U+5D0B,hua4,huà
3853,崌,U+5D0C,ju1,jū
3854,崍,U+5D0D,lai2,lái
3855,崎,U+5D0E,qi2|qi3|yi1,qí|qǐ|yī
3856,崏,U+5D0F,min2,mín
3857,崐,U+5D10,kun1,kūn
3858,崑,U+5D11,kun1,kūn
3859,崒,U+5D12,zu2|cui4,zú|cuì
3860,崓,U+5D13,gu4,gù
3861,崔,U+5D14,cui1,cuī
3862,崕,U+5D15,ya2,yá
3863,崖,U+5D16,ya2,yá
3864,崗,U+5D17,gang3|gang1,gǎng|gāng
3865,崘,U+5D18,lun2,lún
3866,崙,U+5D19,lun2,lún
3867,崚,U+5D1A,leng2|ling2,léng|líng
3868,崛,U+5D1B,jue2|yu4,jué|yù
3869,崜,U+5D1C,duo1|duo3,duō|duǒ
3870,崝,U+5D1D,zheng1,zhēng
3871,崞,U+5D1E,guo1,guō
3872,崟,U+5D1F,yin2,yín
3873,崠,U+5D20,dong1|dong4,dōng|dòng
3874,崡,U+5D21,han2,hán
3875,崢,U+5D22,zheng1,zhēng
3876,崣,U+5D23,wei3,wěi
3877,崤,U+5D24,xiao2|yao2,xiáo|yáo
3878,崥,U+5D25,pi2|bi3,pí|bǐ
3879,崦,U+5D26,yan1,yān
3880,崧,U+5D27,song1,sōng
3881,崨,U+5D28,jie2,jié
3882,崩,U+5D29,beng1,bēng
3883,崪,U+5D2A,zu2,zú
3884,崫,U+5D2B,ku1|jue2,kū|jué
3885,崬,U+5D2C,dong1,dōng
3886,崭,U+5D2D,zhan3,zhǎn
3887,崮,U+5D2E,gu4,gù
3888,崯,U+5D2F,yin2,yín
3889,崰,U+5D30,zi1,zī
3890,崱,U+5D31,ze4,zè
3891,崲,U+5D32,huang2,huáng
3892,崳,U+5D33,yu2,yú
3893,崴,U+5D34,wai3|wei1|wei3,wǎi|wēi|wěi
3894,崵,U+5D35,yang2|dang4,yáng|dàng
3895,崶,U+5D36,feng1,fēng
3896,崷,U+5D37,qiu2,qiú
3897,崸,U+5D38,yang2,yáng
3898,崹,U+5D39,ti2,tí
3899,崺,U+5D3A,yi3,yǐ
3900,崻,U+5D3B,zhi4,zhì
3901,崼,U+5D3C,shi4|die2,shì|dié
3902,崽,U+5D3D,zai3,zǎi
3903,崾,U+5D3E,yao3|yao4,yǎo|yào
3904,崿,U+5D3F,e4,è
3905,嵀,U+5D40,zhu4,zhù
3906,嵁,U+5D41,kan1|zhan4,kān|zhàn
3907,嵂,U+5D42,lv4,lǜ
3908,嵃,U+5D43,yan3|yan4,yǎn|yàn
3909,嵄,U+5D44,mei3,měi
3910,嵅,U+5D45,han2,hán
3911,嵆,U+5D46,ji1,jī
3912,嵇,U+5D47,ji1|xi2,jī|xí
3913,嵈,U+5D48,huan4,huàn
3914,嵉,U+5D49,ting2,tíng
3915,嵊,U+5D4A,sheng4|cheng2,shèng|chéng
3916,嵋,U+5D4B,mei2,méi
3917,嵌,U+5D4C,qian4|han3|kan4,qiàn|hǎn|kàn
3918,嵍,U+5D4D,wu4|mao2,wù|máo
3919,嵎,U+5D4E,yu2,yú
3920,嵏,U+5D4F,zong1,zōng
3921,嵐,U+5D50,lan2,lán
3922,嵑,U+5D51,ke3|jie2,kě|jié
3923,嵒,U+5D52,yan2|nie4,yán|niè
3924,嵓,U+5D53,yan2,yán
3925,嵔,U+5D54,wei3,wěi
3926,嵕,U+5D55,zong1,zōng
3927,嵖,U+5D56,cha2,chá
3928,嵗,U+5D57,sui4,suì
3929,嵘,U+5D58,rong2,róng
3930,嵙,U+5D59,ke1,kē
3931,嵚,U+5D5A,qin1,qīn
3932,嵛,U+5D5B,yu2,yú
3933,嵜,U+5D5C,qi2,qí
3934,嵝,U+5D5D,lou3,lǒu
3935,嵞,U+5D5E,tu2,tú
3936,嵟,U+5D5F,dui1,duī
3937,嵠,U+5D60,xi1,xī
3938,嵡,U+5D61,weng3,wěng
3939,嵢,U+5D62,cang1,cāng
3940,嵣,U+5D63,dang4|tang2,dàng|táng
3941,嵤,U+5D64,rong2|ying2,róng|yíng
3942,嵥,U+5D65,jie2,jié
3943,嵦,U+5D66,kai3|ai2,kǎi|ái
3944,嵧,U+5D67,liu2,liú
3945,嵨,U+5D68,wu4,wù
3946,嵩,U+5D69,song1,sōng
3947,嵪,U+5D6A,qiao1|kao1,qiāo|kāo
3948,嵫,U+5D6B,zi1,zī
3949,嵬,U+5D6C,wei2|wei3,wéi|wěi
3950,嵭,U+5D6D,beng1,bēng
3951,嵮,U+5D6E,dian1,diān
3952,嵯,U+5D6F,cuo2|ci1,cuó|cī
3953,嵰,U+5D70,qian3,qiǎn
3954,嵱,U+5D71,yong3|yong2,yǒng|yóng
3955,嵲,U+5D72,nie4,niè
3956,嵳,U+5D73,cuo2,cuó
3957,嵴,U+5D74,ji3|ji2,jǐ|jí
3958,嵵,U+5D75,shi2,shí
3959,嵶,U+5D76,ruo4,ruò
3960,嵷,U+5D77,song3,sǒng
3961,嵸,U+5D78,zong1,zōng
3962,嵹,U+5D79,jiang4,jiàng
3963,嵺,U+5D7A,liao2|jiao1,liáo|jiāo
3964,嵻,U+5D7B,kang1,kāng
3965,嵼,U+5D7C,chan3,chǎn
3966,嵽,U+5D7D,die2|di4,dié|dì
3967,嵾,U+5D7E,cen1|can1,cēn|cān
3968,嵿,U+5D7F,ding3,dǐng
3969,嶀,U+5D80,tu1,tū
3970,嶁,U+5D81,lou3,lǒu
3971,嶂,U+5D82,zhang4,zhàng
3972,嶃,U+5D83,zhan3,zhǎn
3973,嶄,U+5D84,zhan3|chan2,zhǎn|chán
3974,嶅,U+5D85,ao2|ao4,áo|ào
3975,嶆,U+5D86,cao2,cáo
3976,嶇,U+5D87,qu1,qū
3977,嶈,U+5D88,qiang1,qiāng
3978,嶉,U+5D89,cui1|zui3,cuī|zuǐ
3979,嶊,U+5D8A,zui3,zuǐ
3980,嶋,U+5D8B,dao3,dǎo
3981,嶌,U+5D8C,dao3,dǎo
3982,嶍,U+5D8D,xi2,xí
3983,嶎,U+5D8E,yu4,yù
3984,嶏,U+5D8F,pei4|pi3,pèi|pǐ
3985,嶐,U+5D90,long2,lóng
3986,嶑,U+5D91,xiang4,xiàng
3987,嶒,U+5D92,ceng2|zheng1,céng|zhēng
3988,嶓,U+5D93,bo1,bō
3989,嶔,U+5D94,qin1,qīn
3990,嶕,U+5D95,jiao1,jiāo
3991,嶖,U+5D96,yan1,yān
3992,嶗,U+5D97,lao2,láo
3993,嶘,U+5D98,zhan4,zhàn
3994,嶙,U+5D99,lin2|lin3,lín|lǐn
3995,嶚,U+5D9A,liao2,liáo
3996,嶛,U+5D9B,liao2,liáo
3997,嶜,U+5D9C,jin1|qin2,jīn|qín
3998,嶝,U+5D9D,deng4,dèng
3999,嶞,U+5D9E,duo4,duò
4000,嶟,U+5D9F,zun1,zūn
4001,嶠,U+5DA0,jiao4|qiao2,jiào|qiáo
4002,嶡,U+5DA1,gui4|jue2,guì|jué
4003,嶢,U+5DA2,yao2,yáo
4004,嶣,U+5DA3,jiao1,jiāo
4005,嶤,U+5DA4,yao2,yáo
4006,嶥,U+5DA5,jue2,jué
4007,嶦,U+5DA6,zhan1|shan4,zhān|shàn
4008,嶧,U+5DA7,yi4,yì
4009,嶨,U+5DA8,xue2,xué
4010,嶩,U+5DA9,nao2,náo
4011,嶪,U+5DAA,ye4,yè
4012,嶫,U+5DAB,ye4,yè
4013,嶬,U+5DAC,yi2|yi3,yí|yǐ
4014,嶭,U+5DAD,nie4,niè
4015,嶮,U+5DAE,xian3|yan3,xiǎn|yǎn
4016,嶯,U+5DAF,ji2,jí
4017,嶰,U+5DB0,xie4|jie4,xiè|jiè
4018,嶱,U+5DB1,ke3,kě
4019,嶲,U+5DB2,xi1,xī
4020,嶳,U+5DB3,di4,dì
4021,嶴,U+5DB4,ao4,ào
4022,嶵,U+5DB5,zui3,zuǐ
4023,嶶,U+5DB6,wei1,wēi
4024,嶷,U+5DB7,yi2|ni4,yí|nì
4025,嶸,U+5DB8,rong2,róng
4026,嶹,U+5DB9,dao3,dǎo
4027,嶺,U+5DBA,ling3,lǐng
4028,嶻,U+5DBB,jie2,jié
4029,嶼,U+5DBC,yu3|xu4,yǔ|xù
4030,嶽,U+5DBD,yue4,yuè
4031,嶾,U+5DBE,yin3,yǐn
4032,嶿,U+5DBF,ru,ru
4033,巀,U+5DC0,jie2,jié
4034,巁,U+5DC1,li4|lie4,lì|liè
4035,巂,U+5DC2,gui1|xi1|juan4,guī|xī|juàn
4036,巃,U+5DC3,long2,lóng
4037,巄,U+5DC4,long2,lóng
4038,巅,U+5DC5,dian1,diān
4039,巆,U+5DC6,rong2|hong1|ying2,róng|hōng|yíng
4040,巇,U+5DC7,xi1,xī
4041,巈,U+5DC8,ju2,jú
4042,巉,U+5DC9,chan2,chán
4043,巊,U+5DCA,ying3,yǐng
4044,巋,U+5DCB,kui1|kui4|wei3,kuī|kuì|wěi
4045,巌,U+5DCC,yan2,yán
4046,巍,U+5DCD,wei1,wēi
4047,巎,U+5DCE,nao2,náo
4048,巏,U+5DCF,quan2,quán
4049,巐,U+5DD0,chao3,chǎo
4050,巑,U+5DD1,cuan2,cuán
4051,巒,U+5DD2,luan2,luán
4052,巓,U+5DD3,dian1,diān
4053,巔,U+5DD4,dian1,diān
4054,巕,U+5DD5,nie4,niè
4055,巖,U+5DD6,yan2,yán
4056,巗,U+5DD7,yan2,yán
4057,巘,U+5DD8,yan3,yǎn
4058,巙,U+5DD9,kui2|nao2,kuí|náo
4059,巚,U+5DDA,yan3,yǎn
4060,巛,U+5DDB,chuan1|shun4,chuān|shùn
4061,巜,U+5DDC,kuai4|huan1,kuài|huān
4062,川,U+5DDD,chuan1,chuān
4063,州,U+5DDE,zhou1,zhōu
4064,巟,U+5DDF,huang1,huāng
4065,巠,U+5DE0,jing1|xing2,jīng|xíng
4066,巡,U+5DE1,xun2|yan2|shun4,xún|yán|shùn
4067,巢,U+5DE2,chao2|chao4,cháo|chào
4068,巣,U+5DE3,chao2,cháo
4069,巤,U+5DE4,lie4,liè
4070,工,U+5DE5,gong1,gōng
4071,左,U+5DE6,zuo3,zuǒ
4072,巧,U+5DE7,qiao3,qiǎo
4073,巨,U+5DE8,ju4|qu2,jù|qú
4074,巩,U+5DE9,gong3,gǒng
4075,巪,U+5DEA,ju4,jù
4076,巫,U+5DEB,wu1,wū
4077,巬,U+5DEC,pu,pu
4078,巭,U+5DED,pu,pu
4079,差,U+5DEE,cha4|cha1|chai1|ci1|chai4|cuo1|jie1,chà|chā|chāi|cī|chài|cuō|jiē
4080,巯,U+5DEF,qiu2,qiú
4081,巰,U+5DF0,qiu2,qiú
4082,己,U+5DF1,ji3|qi3,jǐ|qǐ
4083,已,U+5DF2,yi3|si4,yǐ|sì
4084,巳,U+5DF3,si4|yi3,sì|yǐ
4085,巴,U+5DF4,ba1,bā
4086,巵,U+5DF5,zhi1,zhī
4087,巶,U+5DF6,zhao1,zhāo
4088,巷,U+5DF7,xiang4|hang4,xiàng|hàng
4089,巸,U+5DF8,yi2,yí
4090,巹,U+5DF9,jin3,jǐn
4091,巺,U+5DFA,xun4,xùn
4092,巻,U+5DFB,juan4,juàn
4093,巼,U+5DFC,ba1,bā
4094,巽,U+5DFD,xun4|zhuan4,xùn|zhuàn
4095,巾,U+5DFE,jin1,jīn
4096,巿,U+5DFF,fu2|po2,fú|pó
4097,帀,U+5E00,za1,zā
4098,币,U+5E01,bi4|yin4,bì|yìn
4099,市,U+5E02,shi4|fu2,shì|fú
4100,布,U+5E03,bu4,bù
4101,帄,U+5E04,ding1,dīng
4102,帅,U+5E05,shuai4,shuài
4103,帆,U+5E06,fan1|fan2|fan4,fān|fán|fàn
4104,帇,U+5E07,nie4,niè
4105,师,U+5E08,shi1,shī
4106,帉,U+5E09,fen1,fēn
4107,帊,U+5E0A,pa4|pa1,pà|pā
4108,帋,U+5E0B,zhi3,zhǐ
4109,希,U+5E0C,xi1,xī
4110,帍,U+5E0D,hu4,hù
4111,帎,U+5E0E,dan4,dàn
4112,帏,U+5E0F,wei2,wéi
4113,帐,U+5E10,zhang4,zhàng
4114,帑,U+5E11,tang3|nu2,tǎng|nú
4115,帒,U+5E12,dai4,dài
4116,帓,U+5E13,mo4|wa4,mò|wà
4117,帔,U+5E14,pei4|pi1,pèi|pī
4118,帕,U+5E15,pa4|mo4,pà|mò
4119,帖,U+5E16,tie1|tie3|tie4,tiē|tiě|tiè
4120,帗,U+5E17,bo1|fu2,bō|fú
4121,帘,U+5E18,lian2|chen2,lián|chén
4122,帙,U+5E19,zhi4,zhì
4123,帚,U+5E1A,zhou3,zhǒu
4124,帛,U+5E1B,bo2,bó
4125,帜,U+5E1C,zhi4,zhì
4126,帝,U+5E1D,di4,dì
4127,帞,U+5E1E,mo4,mò
4128,帟,U+5E1F,yi4,yì
4129,帠,U+5E20,yi4,yì
4130,帡,U+5E21,ping2,píng
4131,帢,U+5E22,qia4,qià
4132,帣,U+5E23,juan3|juan4,juǎn|juàn
4133,帤,U+5E24,ru2,rú
4134,帥,U+5E25,shuai4,shuài
4135,带,U+5E26,dai4,dài
4136,帧,U+5E27,zhen1|zheng4,zhēn|zhèng
4137,帨,U+5E28,shui4,shuì
4138,帩,U+5E29,qiao4,qiào
4139,帪,U+5E2A,zhen1,zhēn
4140,師,U+5E2B,shi1,shī
4141,帬,U+5E2C,qun2,qún
4142,席,U+5E2D,xi2,xí
4143,帮,U+5E2E,bang1,bāng
4144,帯,U+5E2F,dai4,dài
4145,帰,U+5E30,gui1,guī
4146,帱,U+5E31,chou2|dao4,chóu|dào
4147,帲,U+5E32,ping2,píng
4148,帳,U+5E33,zhang4,zhàng
4149,帴,U+5E34,san4|jian3|jian1,sàn|jiǎn|jiān
4150,帵,U+5E35,wan1,wān
4151,帶,U+5E36,dai4,dài
4152,帷,U+5E37,wei2,wéi
4153,常,U+5E38,chang2,cháng
4154,帹,U+5E39,sha4|qie4,shà|qiè
4155,帺,U+5E3A,qi2|ji4,qí|jì
4156,帻,U+5E3B,ze2,zé
4157,帼,U+5E3C,guo2,guó
4158,帽,U+5E3D,mao4,mào
4159,帾,U+5E3E,du3,dǔ
4160,帿,U+5E3F,hou2,hóu
4161,幀,U+5E40,zheng4,zhèng
4162,幁,U+5E41,xu1,xū
4163,幂,U+5E42,mi4,mì
4164,幃,U+5E43,wei2,wéi
4165,幄,U+5E44,wo4,wò
4166,幅,U+5E45,fu2|bi1,fú|bī
4167,幆,U+5E46,yi4|kai4,yì|kài
4168,幇,U+5E47,bang1,bāng
4169,幈,U+5E48,ping2,píng
4170,幉,U+5E49,die2,dié
4171,幊,U+5E4A,gong1,gōng
4172,幋,U+5E4B,pan2,pán
4173,幌,U+5E4C,huang3,huǎng
4174,幍,U+5E4D,tao1,tāo
4175,幎,U+5E4E,mi4,mì
4176,幏,U+5E4F,jia4,jià
4177,幐,U+5E50,teng2,téng
4178,幑,U+5E51,hui1,huī
4179,幒,U+5E52,zhong1,zhōng
4180,幓,U+5E53,shan1|shen1|qiao1,shān|shēn|qiāo
4181,幔,U+5E54,man4,màn
4182,幕,U+5E55,mu4|man4,mù|màn
4183,幖,U+5E56,biao1,biāo
4184,幗,U+5E57,guo2,guó
4185,幘,U+5E58,ze2|ce4,zé|cè
4186,幙,U+5E59,mu4,mù
4187,幚,U+5E5A,bang1,bāng
4188,幛,U+5E5B,zhang4,zhàng
4189,幜,U+5E5C,jing3,jǐng
4190,幝,U+5E5D,chan3|chan4,chǎn|chàn
4191,幞,U+5E5E,fu2,fú
4192,幟,U+5E5F,zhi4,zhì
4193,幠,U+5E60,hu1|wu2,hū|wú
4194,幡,U+5E61,fan1,fān
4195,幢,U+5E62,chuang2|zhuang4,chuáng|zhuàng
4196,幣,U+5E63,bi4,bì
4197,幤,U+5E64,bi4,bì
4198,幥,U+5E65,zhang3,zhǎng
4199,幦,U+5E66,mi4,mì
4200,幧,U+5E67,qiao1,qiāo
4201,幨,U+5E68,chan1|chan4,chān|chàn
4202,幩,U+5E69,fen2|fen4,fén|fèn
4203,幪,U+5E6A,meng2|meng3,méng|měng
4204,幫,U+5E6B,bang1,bāng
4205,幬,U+5E6C,chou2|dao4,chóu|dào
4206,幭,U+5E6D,mie4,miè
4207,幮,U+5E6E,chu2,chú
4208,幯,U+5E6F,jie2,jié
4209,幰,U+5E70,xian3,xiǎn
4210,幱,U+5E71,lan2,lán
4211,干,U+5E72,gan4|gan1|an4,gàn|gān|àn
4212,平,U+5E73,ping2|pian2|bing4|beng1,píng|pián|bìng|bēng
4213,年,U+5E74,nian2|ning4,nián|nìng
4214,幵,U+5E75,jian1|qian1,jiān|qiān
4215,并,U+5E76,bing4|bing1,bìng|bīng
4216,幷,U+5E77,bing4|bing1,bìng|bīng
4217,幸,U+5E78,xing4|nie4,xìng|niè
4218,幹,U+5E79,gan4|gan1|han2|guan3,gàn|gān|hán|guǎn
4219,幺,U+5E7A,yao1|mi4,yāo|mì
4220,幻,U+5E7B,huan4,huàn
4221,幼,U+5E7C,you4|yao4,yòu|yào
4222,幽,U+5E7D,you1,yōu
4223,幾,U+5E7E,ji3|ji1|ji4|qi2,jǐ|jī|jì|qí
4224,广,U+5E7F,guang3|yan3|an1,guǎng|yǎn|ān
4225,庀,U+5E80,pi3,pǐ
4226,庁,U+5E81,ting1,tīng
4227,庂,U+5E82,ze4,zè
4228,広,U+5E83,guang3,guǎng
4229,庄,U+5E84,zhuang1|peng2,zhuāng|péng
4230,庅,U+5E85,mo2,mó
4231,庆,U+5E86,qing4,qìng
4232,庇,U+5E87,bi4|pi2|pi3,bì|pí|pǐ
4233,庈,U+5E88,qin2,qín
4234,庉,U+5E89,dun4|tun2,dùn|tún
4235,床,U+5E8A,chuang2,chuáng
4236,庋,U+5E8B,gui3|gui4,guǐ|guì
4237,庌,U+5E8C,ya3|ya2,yǎ|yá
4238,庍,U+5E8D,bai4|xin4|ting1,bài|xìn|tīng
4239,庎,U+5E8E,jie4,jiè
4240,序,U+5E8F,xu4,xù
4241,庐,U+5E90,lu2,lú
4242,庑,U+5E91,wu3,wǔ
4243,庒,U+5E92,zhuang1,zhuāng
4244,库,U+5E93,ku4,kù
4245,应,U+5E94,ying1|ying4,yīng|yìng
4246,底,U+5E95,di3|de,dǐ|de
4247,庖,U+5E96,pao2,páo
4248,店,U+5E97,dian4,diàn
4249,庘,U+5E98,ya1,yā
4250,庙,U+5E99,miao4,miào
4251,庚,U+5E9A,geng1,gēng
4252,庛,U+5E9B,ci4,cì
4253,府,U+5E9C,fu3,fǔ
4254,庝,U+5E9D,tong2,tóng
4255,庞,U+5E9E,pang2,páng
4256,废,U+5E9F,fei4,fèi
4257,庠,U+5EA0,xiang2,xiáng
4258,庡,U+5EA1,yi3,yǐ
4259,庢,U+5EA2,zhi4,zhì
4260,庣,U+5EA3,tiao1,tiāo
4261,庤,U+5EA4,zhi4,zhì
4262,庥,U+5EA5,xiu1,xiū
4263,度,U+5EA6,du4|duo2|zhai2,dù|duó|zhái
4264,座,U+5EA7,zuo4,zuò
4265,庨,U+5EA8,xiao1,xiāo
4266,庩,U+5EA9,tu2,tú
4267,庪,U+5EAA,gui3,guǐ
4268,庫,U+5EAB,ku4,kù
4269,庬,U+5EAC,mang2|meng2,máng|méng
4270,庭,U+5EAD,ting2,tíng
4271,庮,U+5EAE,you3|you2,yǒu|yóu
4272,庯,U+5EAF,bu1,bū
4273,庰,U+5EB0,bing4|bing3,bìng|bǐng
4274,庱,U+5EB1,cheng3,chěng
4275,庲,U+5EB2,lai2,lái
4276,庳,U+5EB3,bi4|pi2,bì|pí
4277,庴,U+5EB4,ji2|ji1,jí|jī
4278,庵,U+5EB5,an1|yan3|e4,ān|yǎn|è
4279,庶,U+5EB6,shu4|zhu4|zhe1,shù|zhù|zhē
4280,康,U+5EB7,kang1|kang4,kāng|kàng
4281,庸,U+5EB8,yong1|yong2,yōng|yóng
4282,庹,U+5EB9,tuo3,tuǒ
4283,庺,U+5EBA,song1,sōng
4284,庻,U+5EBB,shu4,shù
4285,庼,U+5EBC,qing3,qǐng
4286,庽,U+5EBD,yu4,yù
4287,庾,U+5EBE,yu3|yu2,yǔ|yú
4288,庿,U+5EBF,miao4,miào
4289,廀,U+5EC0,sou1,sōu
4290,廁,U+5EC1,ce4|ci4|ze4|si,cè|cì|zè|si
4291,廂,U+5EC2,xiang1,xiāng
4292,廃,U+5EC3,fei4,fèi
4293,廄,U+5EC4,jiu4,jiù
4294,廅,U+5EC5,e4,è
4295,廆,U+5EC6,gui1|wei3|hui4,guī|wěi|huì
4296,廇,U+5EC7,liu4,liù
4297,廈,U+5EC8,sha4|xia4,shà|xià
4298,廉,U+5EC9,lian2,lián
4299,廊,U+5ECA,lang2,láng
4300,廋,U+5ECB,sou1,sōu
4301,廌,U+5ECC,zhi4,zhì
4302,廍,U+5ECD,bu4,bù
4303,廎,U+5ECE,qing3|qing4|qing1,qǐng|qìng|qīng
4304,廏,U+5ECF,jiu4,jiù
4305,廐,U+5ED0,jiu4,jiù
4306,廑,U+5ED1,jin3|qin2,jǐn|qín
4307,廒,U+5ED2,ao2,áo
4308,廓,U+5ED3,kuo4,kuò
4309,廔,U+5ED4,lou2,lóu
4310,廕,U+5ED5,yin4,yìn
4311,廖,U+5ED6,liao4|liao2,liào|liáo
4312,廗,U+5ED7,dai4,dài
4313,廘,U+5ED8,lu4,lù
4314,廙,U+5ED9,yi4,yì
4315,廚,U+5EDA,chu2,chú
4316,廛,U+5EDB,chan2,chán
4317,廜,U+5EDC,tu2,tú
4318,廝,U+5EDD,si1,sī
4319,廞,U+5EDE,xin1|qian4,xīn|qiàn
4320,廟,U+5EDF,miao4,miào
4321,廠,U+5EE0,chang3,chǎng
4322,廡,U+5EE1,wu3|wu2,wǔ|wú
4323,廢,U+5EE2,fei4,fèi
4324,廣,U+5EE3,guang3|guang4|kuang4|guang1,guǎng|guàng|kuàng|guāng
4325,廤,U+5EE4,ku4,kù
4326,廥,U+5EE5,kuai4,kuài
4327,廦,U+5EE6,bi4,bì
4328,廧,U+5EE7,qiang2|se4,qiáng|sè
4329,廨,U+5EE8,xie4,xiè
4330,廩,U+5EE9,lin3|lan3,lǐn|lǎn
4331,廪,U+5EEA,lin3,lǐn
4332,廫,U+5EEB,liao2,liáo
4333,廬,U+5EEC,lu2|lv2,lú|lǘ
4334,廭,U+5EED,ji4,jì
4335,廮,U+5EEE,ying3,yǐng
4336,廯,U+5EEF,xian1,xiān
4337,廰,U+5EF0,ting1,tīng
4338,廱,U+5EF1,yong1,yōng
4339,廲,U+5EF2,li2,lí
4340,廳,U+5EF3,ting1,tīng
4341,廴,U+5EF4,yin3|yin4,yǐn|yìn
4342,廵,U+5EF5,xun2,xún
4343,延,U+5EF6,yan2,yán
4344,廷,U+5EF7,ting2,tíng
4345,廸,U+5EF8,di2,dí
4346,廹,U+5EF9,pai3|po4,pǎi|pò
4347,建,U+5EFA,jian4,jiàn
4348,廻,U+5EFB,hui2,huí
4349,廼,U+5EFC,nai3,nǎi
4350,廽,U+5EFD,hui2,huí
4351,廾,U+5EFE,gong3,gǒng
4352,廿,U+5EFF,nian4,niàn
4353,开,U+5F00,kai1,kāi
4354,弁,U+5F01,bian4|pan2,biàn|pán
4355,异,U+5F02,yi4|yi2,yì|yí
4356,弃,U+5F03,qi4,qì
4357,弄,U+5F04,nong4|long4,nòng|lòng
4358,弅,U+5F05,fen4,fèn
4359,弆,U+5F06,ju3|qu3,jǔ|qǔ
4360,弇,U+5F07,yan3|yan1|nan2,yǎn|yān|nán
4361,弈,U+5F08,yi4,yì
4362,弉,U+5F09,zang4,zàng
4363,弊,U+5F0A,bi4,bì
4364,弋,U+5F0B,yi4,yì
4365,弌,U+5F0C,yi1,yī
4366,弍,U+5F0D,er4,èr
4367,弎,U+5F0E,san1,sān
4368,式,U+5F0F,shi4|te4,shì|tè
4369,弐,U+5F10,er4,èr
4370,弑,U+5F11,shi4,shì
4371,弒,U+5F12,shi4,shì
4372,弓,U+5F13,gong1,gōng
4373,弔,U+5F14,diao4|di4,diào|dì
4374,引,U+5F15,yin3,yǐn
4375,弖,U+5F16,hu4,hù
4376,弗,U+5F17,fu2,fú
4377,弘,U+5F18,hong2,hóng
4378,弙,U+5F19,wu1,wū
4379,弚,U+5F1A,tui2,tuí
4380,弛,U+5F1B,chi2,chí
4381,弜,U+5F1C,jiang4,jiàng
4382,弝,U+5F1D,ba4,bà
4383,弞,U+5F1E,shen3,shěn
4384,弟,U+5F1F,di4|ti4|tui2,dì|tì|tuí
4385,张,U+5F20,zhang1,zhāng
4386,弡,U+5F21,jue2|zhang1,jué|zhāng
4387,弢,U+5F22,tao1,tāo
4388,弣,U+5F23,fu3,fǔ
4389,弤,U+5F24,di3,dǐ
4390,弥,U+5F25,mi2,mí
4391,弦,U+5F26,xian2,xián
4392,弧,U+5F27,hu2,hú
4393,弨,U+5F28,chao1,chāo
4394,弩,U+5F29,nu3,nǔ
4395,弪,U+5F2A,jing4,jìng
4396,弫,U+5F2B,zhen3,zhěn
4397,弬,U+5F2C,yi2,yí
4398,弭,U+5F2D,mi3,mǐ
4399,弮,U+5F2E,quan1|juan4,quān|juàn
4400,弯,U+5F2F,wan1,wān
4401,弰,U+5F30,shao1,shāo
4402,弱,U+5F31,ruo4,ruò
4403,弲,U+5F32,xuan1|yuan1,xuān|yuān
4404,弳,U+5F33,jing4,jìng
4405,弴,U+5F34,diao1,diāo
4406,張,U+5F35,zhang1|zhang4,zhāng|zhàng
4407,弶,U+5F36,jiang4,jiàng
4408,強,U+5F37,qiang2|jiang4|qiang3,qiáng|jiàng|qiǎng
4409,弸,U+5F38,peng2|peng1,péng|pēng
4410,弹,U+5F39,dan4|tan2,dàn|tán
4411,强,U+5F3A,qiang2|jiang4|qiang3,qiáng|jiàng|qiǎng
4412,弻,U+5F3B,bi4,bì
4413,弼,U+5F3C,bi4,bì
4414,弽,U+5F3D,she4,shè
4415,弾,U+5F3E,dan4,dàn
4416,弿,U+5F3F,jian3,jiǎn
4417,彀,U+5F40,gou4|kou1,gòu|kōu
4418,彁,U+5F41,ge1,gē
4419,彂,U+5F42,fa1,fā
4420,彃,U+5F43,bi4,bì
4421,彄,U+5F44,kou1,kōu
4422,彅,U+5F45,jian3,jiǎn
4423,彆,U+5F46,bie4,biè
4424,彇,U+5F47,xiao1,xiāo
4425,彈,U+5F48,dan4|tan2,dàn|tán
4426,彉,U+5F49,guo1,guō
4427,彊,U+5F4A,jiang4|qiang2|qiang3|jiang1,jiàng|qiáng|qiǎng|jiāng
4428,彋,U+5F4B,hong2,hóng
4429,彌,U+5F4C,mi2|mi3|ni2,mí|mǐ|ní
4430,彍,U+5F4D,guo1,guō
4431,彎,U+5F4E,wan1,wān
4432,彏,U+5F4F,jue2,jué
4433,彐,U+5F50,ji4,jì
4434,彑,U+5F51,ji4,jì
4435,归,U+5F52,gui1,guī
4436,当,U+5F53,dang1|dang4,dāng|dàng
4437,彔,U+5F54,lu4,lù
4438,录,U+5F55,lu4,lù
4439,彖,U+5F56,tuan4|shi3,tuàn|shǐ
4440,彗,U+5F57,hui4|sui4,huì|suì
4441,彘,U+5F58,zhi4,zhì
4442,彙,U+5F59,hui4,huì
4443,彚,U+5F5A,hui4,huì
4444,彛,U+5F5B,yi2,yí
4445,彜,U+5F5C,yi2,yí
4446,彝,U+5F5D,yi2,yí
4447,彞,U+5F5E,yi2,yí
4448,彟,U+5F5F,yue1,yuē
4449,彠,U+5F60,yue1,yuē
4450,彡,U+5F61,shan1|xian3,shān|xiǎn
4451,形,U+5F62,xing2,xíng
4452,彣,U+5F63,wen2,wén
4453,彤,U+5F64,tong2,tóng
4454,彥,U+5F65,yan4,yàn
4455,彦,U+5F66,yan4|pan2,yàn|pán
4456,彧,U+5F67,yu4,yù
4457,彨,U+5F68,chi1,chī
4458,彩,U+5F69,cai3,cǎi
4459,彪,U+5F6A,biao1,biāo
4460,彫,U+5F6B,diao1,diāo
4461,彬,U+5F6C,bin1|ban1,bīn|bān
4462,彭,U+5F6D,peng2|pang2|bang1|peng1,péng|páng|bāng|pēng
4463,彮,U+5F6E,yong3,yǒng
4464,彯,U+5F6F,piao1|piao4|miao3,piāo|piào|miǎo
4465,彰,U+5F70,zhang1,zhāng
4466,影,U+5F71,ying3,yǐng
4467,彲,U+5F72,chi1,chī
4468,彳,U+5F73,chi4|fu2,chì|fú
4469,彴,U+5F74,zhuo2|bo2,zhuó|bó
4470,彵,U+5F75,tuo3|yi2,tuǒ|yí
4471,彶,U+5F76,ji2,jí
4472,彷,U+5F77,pang2|fang3|fang2,páng|fǎng|fáng
4473,彸,U+5F78,zhong1,zhōng
4474,役,U+5F79,yi4,yì
4475,彺,U+5F7A,wang2,wáng
4476,彻,U+5F7B,che4,chè
4477,彼,U+5F7C,bi3,bǐ
4478,彽,U+5F7D,di1,dī
4479,彾,U+5F7E,ling2|ling3,líng|lǐng
4480,彿,U+5F7F,fu2,fú
4481,往,U+5F80,wang3|wang4,wǎng|wàng
4482,征,U+5F81,zheng1,zhēng
4483,徂,U+5F82,cu2,cú
4484,徃,U+5F83,wang3,wǎng
4485,径,U+5F84,jing4,jìng
4486,待,U+5F85,dai4|dai1,dài|dāi
4487,徆,U+5F86,xi1,xī
4488,徇,U+5F87,xun4,xùn
4489,很,U+5F88,hen3,hěn
4490,徉,U+5F89,yang2,yáng
4491,徊,U+5F8A,huai2|hui2,huái|huí
4492,律,U+5F8B,lv4,lǜ
4493,後,U+5F8C,hou4,hòu
4494,徍,U+5F8D,wang3|wa1,wǎng|wā
4495,徎,U+5F8E,cheng3|zheng4,chěng|zhèng
4496,徏,U+5F8F,zhi4,zhì
4497,徐,U+5F90,xu2,xú
4498,徑,U+5F91,jing4|jing1,jìng|jīng
4499,徒,U+5F92,tu2,tú
4500,従,U+5F93,cong2,cóng
4501,徔,U+5F94,zhi,zhi
4502,徕,U+5F95,lai2|lai4,lái|lài
4503,徖,U+5F96,cong2,cóng
4504,得,U+5F97,de2|de|dei3,dé|de|děi
4505,徘,U+5F98,pai2,pái
4506,徙,U+5F99,xi3|si1,xǐ|sī
4507,徚,U+5F9A,dong1,dōng
4508,徛,U+5F9B,ji4,jì
4509,徜,U+5F9C,chang2,cháng
4510,徝,U+5F9D,zhi4,zhì
4511,從,U+5F9E,cong2|zong4|zong1|cong1|zong3,cóng|zòng|zōng|cōng|zǒng
4512,徟,U+5F9F,zhou1,zhōu
4513,徠,U+5FA0,lai2|lai4,lái|lài
4514,御,U+5FA1,yu4|ya4,yù|yà
4515,徢,U+5FA2,xie4,xiè
4516,徣,U+5FA3,jie4,jiè
4517,徤,U+5FA4,jian4,jiàn
4518,徥,U+5FA5,shi4|ti3,shì|tǐ
4519,徦,U+5FA6,jia3|xia2,jiǎ|xiá
4520,徧,U+5FA7,bian4|pian2|pian1,biàn|pián|piān
4521,徨,U+5FA8,huang2,huáng
4522,復,U+5FA9,fu4,fù
4523,循,U+5FAA,xun2,xún
4524,徫,U+5FAB,wei3,wěi
4525,徬,U+5FAC,pang2|bang4,páng|bàng
4526,徭,U+5FAD,yao2,yáo
4527,微,U+5FAE,wei1,wēi
4528,徯,U+5FAF,xi1|xi2,xī|xí
4529,徰,U+5FB0,zheng1,zhēng
4530,徱,U+5FB1,piao4,piào
4531,徲,U+5FB2,ti2|chi2,tí|chí
4532,徳,U+5FB3,de2,dé
4533,徴,U+5FB4,zheng1,zhēng
4534,徵,U+5FB5,zheng1|zhi3|cheng2,zhēng|zhǐ|chéng
4535,徶,U+5FB6,bie2,bié
4536,德,U+5FB7,de2,dé
4537,徸,U+5FB8,chong1|zhong1|zhong3,chōng|zhōng|zhǒng
4538,徹,U+5FB9,che4,chè
4539,徺,U+5FBA,jiao3,jiǎo
4540,徻,U+5FBB,hui4,huì
4541,徼,U+5FBC,jiao3|jiao4|jiao1|yao1,jiǎo|jiào|jiāo|yāo
4542,徽,U+5FBD,hui1,huī
4543,徾,U+5FBE,mei2,méi
4544,徿,U+5FBF,long4|long3,lòng|lǒng
4545,忀,U+5FC0,xiang1|rang3,xiāng|rǎng
4546,忁,U+5FC1,bao4,bào
4547,忂,U+5FC2,qu2|ju4,qú|jù
4548,心,U+5FC3,xin1,xīn
4549,忄,U+5FC4,xin,xin
4550,必,U+5FC5,bi4,bì
4551,忆,U+5FC6,yi4,yì
4552,忇,U+5FC7,le4,lè
4553,忈,U+5FC8,ren2,rén
4554,忉,U+5FC9,dao1,dāo
4555,忊,U+5FCA,ding4|ting4,dìng|tìng
4556,忋,U+5FCB,gai3,gǎi
4557,忌,U+5FCC,ji4,jì
4558,忍,U+5FCD,ren3|ren4,rěn|rèn
4559,忎,U+5FCE,ren2,rén
4560,忏,U+5FCF,chan4|qian3|qian1,chàn|qiǎn|qiān
4561,忐,U+5FD0,tan3|keng3,tǎn|kěng
4562,忑,U+5FD1,te4|dao3,tè|dǎo
4563,忒,U+5FD2,te4|tui1|tei1,tè|tuī|tēi
4564,忓,U+5FD3,gan1|han4,gān|hàn
4565,忔,U+5FD4,qi4|yi4,qì|yì
4566,忕,U+5FD5,shi4|tai4,shì|tài
4567,忖,U+5FD6,cun3,cǔn
4568,志,U+5FD7,zhi4,zhì
4569,忘,U+5FD8,wang4|wang2,wàng|wáng
4570,忙,U+5FD9,mang2,máng
4571,忚,U+5FDA,xi1|lie3,xī|liě
4572,忛,U+5FDB,fan1,fān
4573,応,U+5FDC,ying1,yīng
4574,忝,U+5FDD,tian3,tiǎn
4575,忞,U+5FDE,min2|wen3,mín|wěn
4576,忟,U+5FDF,wen3,wěn
4577,忠,U+5FE0,zhong1,zhōng
4578,忡,U+5FE1,chong1,chōng
4579,忢,U+5FE2,wu4,wù
4580,忣,U+5FE3,ji2,jí
4581,忤,U+5FE4,wu3|wu4,wǔ|wù
4582,忥,U+5FE5,xi4,xì
4583,忦,U+5FE6,jia2,jiá
4584,忧,U+5FE7,you1|you4,yōu|yòu
4585,忨,U+5FE8,wan4|wan2,wàn|wán
4586,忩,U+5FE9,cong1,cōng
4587,忪,U+5FEA,song1|zhong1,sōng|zhōng
4588,快,U+5FEB,kuai4,kuài
4589,忬,U+5FEC,yu4|shu1,yù|shū
4590,忭,U+5FED,bian4,biàn
4591,忮,U+5FEE,zhi4|qi2,zhì|qí
4592,忯,U+5FEF,qi2|shi4,qí|shì
4593,忰,U+5FF0,cui4,cuì
4594,忱,U+5FF1,chen2|dan4,chén|dàn
4595,忲,U+5FF2,tai4,tài
4596,忳,U+5FF3,tun2|zhun1|dun4,tún|zhūn|dùn
4597,忴,U+5FF4,qian2|qin2,qián|qín
4598,念,U+5FF5,nian4,niàn
4599,忶,U+5FF6,hun2,hún
4600,忷,U+5FF7,xiong1,xiōng
4601,忸,U+5FF8,niu3,niǔ
4602,忹,U+5FF9,kuang2|wang3,kuáng|wǎng
4603,忺,U+5FFA,xian1,xiān
4604,忻,U+5FFB,xin1,xīn
4605,忼,U+5FFC,kang1|hang1|hang4,kāng|hāng|hàng
4606,忽,U+5FFD,hu1,hū
4607,忾,U+5FFE,kai4|qi4,kài|qì
4608,忿,U+5FFF,fen4,fèn
4609,怀,U+6000,huai2|fu4,huái|fù
4610,态,U+6001,tai4,tài
4611,怂,U+6002,song3,sǒng
4612,怃,U+6003,wu3,wǔ
4613,怄,U+6004,ou4,òu
4614,怅,U+6005,chang4,chàng
4615,怆,U+6006,chuang4,chuàng
4616,怇,U+6007,ju4,jù
4617,怈,U+6008,yi4,yì
4618,怉,U+6009,bao3|bao4,bǎo|bào
4619,怊,U+600A,chao1,chāo
4620,怋,U+600B,min2|men2,mín|mén
4621,怌,U+600C,pei1,pēi
4622,怍,U+600D,zuo4|zha4,zuò|zhà
4623,怎,U+600E,zen3,zěn
4624,怏,U+600F,yang4|yang1,yàng|yāng
4625,怐,U+6010,ju4|kou4,jù|kòu
4626,怑,U+6011,ban4,bàn
4627,怒,U+6012,nu4,nù
4628,怓,U+6013,nao2|niu2,náo|niú
4629,怔,U+6014,zheng1|zheng4,zhēng|zhèng
4630,怕,U+6015,pa4|bo2,pà|bó
4631,怖,U+6016,bu4,bù
4632,怗,U+6017,tie1|zhan1,tiē|zhān
4633,怘,U+6018,hu4|gu4,hù|gù
4634,怙,U+6019,hu4|tie1,hù|tiē
4635,怚,U+601A,ju4|qu1|cu1|zu1,jù|qū|cū|zū
4636,怛,U+601B,da2|dan4,dá|dàn
4637,怜,U+601C,lian2|ling2|ling3,lián|líng|lǐng
4638,思,U+601D,si1|sai1,sī|sāi
4639,怞,U+601E,chou2|you2,chóu|yóu
4640,怟,U+601F,di4,dì
4641,怠,U+6020,dai4|yi2,dài|yí
4642,怡,U+6021,yi2,yí
4643,怢,U+6022,tu1|die2|tui4,tū|dié|tuì
4644,怣,U+6023,you2,yóu
4645,怤,U+6024,fu1,fū
4646,急,U+6025,ji2,jí
4647,怦,U+6026,peng1,pēng
4648,性,U+6027,xing4,xìng
4649,怨,U+6028,yuan4|yun4,yuàn|yùn
4650,怩,U+6029,ni2,ní
4651,怪,U+602A,guai4,guài
4652,怫,U+602B,fu2|fei4|bei4,fú|fèi|bèi
4653,怬,U+602C,xi4,xì
4654,怭,U+602D,bi4,bì
4655,怮,U+602E,you1|yao4,yōu|yào
4656,怯,U+602F,qie4,qiè
4657,怰,U+6030,xuan4,xuàn
4658,怱,U+6031,cong1,cōng
4659,怲,U+6032,bing3,bǐng
4660,怳,U+6033,huang3,huǎng
4661,怴,U+6034,xu4|xue4,xù|xuè
4662,怵,U+6035,chu4|xu4,chù|xù
4663,怶,U+6036,bi4|pi1,bì|pī
4664,怷,U+6037,shu4,shù
4665,怸,U+6038,xi1,xī
4666,怹,U+6039,tan1,tān
4667,怺,U+603A,yong3,yǒng
4668,总,U+603B,zong3,zǒng
4669,怼,U+603C,dui4,duì
4670,怽,U+603D,mo,mo
4671,怾,U+603E,zhi3,zhǐ
4672,怿,U+603F,yi4,yì
4673,恀,U+6040,shi4,shì
4674,恁,U+6041,nen4|ren4|nin2,nèn|rèn|nín
4675,恂,U+6042,xun2|shun4,xún|shùn
4676,恃,U+6043,shi4|zhi4,shì|zhì
4677,恄,U+6044,xi4,xì
4678,恅,U+6045,lao3,lǎo
4679,恆,U+6046,heng2|geng4,héng|gèng
4680,恇,U+6047,kuang1,kuāng
4681,恈,U+6048,mou2,móu
4682,恉,U+6049,zhi3,zhǐ
4683,恊,U+604A,xie2,xié
4684,恋,U+604B,lian4,liàn
4685,恌,U+604C,tiao1|yao2,tiāo|yáo
4686,恍,U+604D,huang3|guang1,huǎng|guāng
4687,恎,U+604E,die2,dié
4688,恏,U+604F,hao4,hào
4689,恐,U+6050,kong3,kǒng
4690,恑,U+6051,gui3|wei2,guǐ|wéi
4691,恒,U+6052,heng2,héng
4692,恓,U+6053,xi1|qi1|xu4,xī|qī|xù
4693,恔,U+6054,jiao3|xiao4,jiǎo|xiào
4694,恕,U+6055,shu4,shù
4695,恖,U+6056,si1,sī
4696,恗,U+6057,hu1|kua1,hū|kuā
4697,恘,U+6058,qiu1,qiū
4698,恙,U+6059,yang4,yàng
4699,恚,U+605A,hui4,huì
4700,恛,U+605B,hui2,huí
4701,恜,U+605C,chi4,chì
4702,恝,U+605D,jia2|qi4,jiá|qì
4703,恞,U+605E,yi2,yí
4704,恟,U+605F,xiong1,xiōng
4705,恠,U+6060,guai4,guài
4706,恡,U+6061,lin4,lìn
4707,恢,U+6062,hui1,huī
4708,恣,U+6063,zi4,zì
4709,恤,U+6064,xu4,xù
4710,恥,U+6065,chi3,chǐ
4711,恦,U+6066,shang4,shàng
4712,恧,U+6067,nv4,nǜ
4713,恨,U+6068,hen4,hèn
4714,恩,U+6069,en1,ēn
4715,恪,U+606A,ke4,kè
4716,恫,U+606B,dong4|tong1,dòng|tōng
4717,恬,U+606C,tian2,tián
4718,恭,U+606D,gong1,gōng
4719,恮,U+606E,quan1|zhuan1,quān|zhuān
4720,息,U+606F,xi1,xī
4721,恰,U+6070,qia4,qià
4722,恱,U+6071,yue4,yuè
4723,恲,U+6072,peng1,pēng
4724,恳,U+6073,ken3,kěn
4725,恴,U+6074,de2,dé
4726,恵,U+6075,hui4,huì
4727,恶,U+6076,e4|e3|wu4|wu1,è|ě|wù|wū
4728,恷,U+6077,xiao,xiao
4729,恸,U+6078,tong4,tòng
4730,恹,U+6079,yan1,yān
4731,恺,U+607A,kai3,kǎi
4732,恻,U+607B,ce4,cè
4733,恼,U+607C,nao3,nǎo
4734,恽,U+607D,yun4,yùn
4735,恾,U+607E,mang2,máng
4736,恿,U+607F,yong3|tong1,yǒng|tōng
4737,悀,U+6080,yong3,yǒng
4738,悁,U+6081,yuan1|juan4,yuān|juàn
4739,悂,U+6082,pi1|bi1|pi3,pī|bī|pǐ
4740,悃,U+6083,kun3,kǔn
4741,悄,U+6084,qiao1|qiao3|qiao4,qiāo|qiǎo|qiào
4742,悅,U+6085,yue4,yuè
4743,悆,U+6086,yu4|shu1,yù|shū
4744,悇,U+6087,tu2|yu2,tú|yú
4745,悈,U+6088,jie4|ke4,jiè|kè
4746,悉,U+6089,xi1,xī
4747,悊,U+608A,zhe2,zhé
4748,悋,U+608B,lin4,lìn
4749,悌,U+608C,ti4,tì
4750,悍,U+608D,han4,hàn
4751,悎,U+608E,hao4|jiao4,hào|jiào
4752,悏,U+608F,qie4,qiè
4753,悐,U+6090,ti4,tì
4754,悑,U+6091,bu4,bù
4755,悒,U+6092,yi4,yì
4756,悓,U+6093,qian4,qiàn
4757,悔,U+6094,hui3,huǐ
4758,悕,U+6095,xi1,xī
4759,悖,U+6096,bei4|bei3,bèi|běi
4760,悗,U+6097,man2|men4,mán|mèn
4761,悘,U+6098,yi1|yi4,yī|yì
4762,悙,U+6099,heng1|heng4,hēng|hèng
4763,悚,U+609A,song3,sǒng
4764,悛,U+609B,quan1|xun2,quān|xún
4765,悜,U+609C,cheng3,chěng
4766,悝,U+609D,kui1|li3,kuī|lǐ
4767,悞,U+609E,wu4,wù
4768,悟,U+609F,wu4,wù
4769,悠,U+60A0,you1,yōu
4770,悡,U+60A1,li2,lí
4771,悢,U+60A2,liang4|lang3,liàng|lǎng
4772,患,U+60A3,huan4,huàn
4773,悤,U+60A4,cong1,cōng
4774,悥,U+60A5,yi4,yì
4775,悦,U+60A6,yue4,yuè
4776,悧,U+60A7,li4,lì
4777,您,U+60A8,nin2,nín
4778,悩,U+60A9,nao3,nǎo
4779,悪,U+60AA,e4,è
4780,悫,U+60AB,que4,què
4781,悬,U+60AC,xuan2,xuán
4782,悭,U+60AD,qian1,qiān
4783,悮,U+60AE,wu4,wù
4784,悯,U+60AF,min3,mǐn
4785,悰,U+60B0,cong2,cóng
4786,悱,U+60B1,fei3,fěi
4787,悲,U+60B2,bei1,bēi
4788,悳,U+60B3,de2,dé
4789,悴,U+60B4,cui4,cuì
4790,悵,U+60B5,chang4,chàng
4791,悶,U+60B6,men4|men1,mèn|mēn
4792,悷,U+60B7,li4,lì
4793,悸,U+60B8,ji4,jì
4794,悹,U+60B9,guan4,guàn
4795,悺,U+60BA,guan4,guàn
4796,悻,U+60BB,xing4,xìng
4797,悼,U+60BC,dao4,dào
4798,悽,U+60BD,qi1|qi4,qī|qì
4799,悾,U+60BE,kong1|kong3,kōng|kǒng
4800,悿,U+60BF,tian3,tiǎn
4801,惀,U+60C0,lun2|lun4,lún|lùn
4802,惁,U+60C1,xi1,xī
4803,惂,U+60C2,kan3,kǎn
4804,惃,U+60C3,gun3,gǔn
4805,惄,U+60C4,ni4,nì
4806,情,U+60C5,qing2,qíng
4807,惆,U+60C6,chou2|qiu1|dao1,chóu|qiū|dāo
4808,惇,U+60C7,dun1,dūn
4809,惈,U+60C8,guo3,guǒ
4810,惉,U+60C9,zhan1,zhān
4811,惊,U+60CA,jing1|liang2,jīng|liáng
4812,惋,U+60CB,wan3,wǎn
4813,惌,U+60CC,yuan1|wan3|yu4,yuān|wǎn|yù
4814,惍,U+60CD,jin1,jīn
4815,惎,U+60CE,ji4,jì
4816,惏,U+60CF,lan2|lin2,lán|lín
4817,惐,U+60D0,yu4|xu4,yù|xù
4818,惑,U+60D1,huo4,huò
4819,惒,U+60D2,he2,hé
4820,惓,U+60D3,quan2|juan4,quán|juàn
4821,惔,U+60D4,tan2|dan4,tán|dàn
4822,惕,U+60D5,ti4,tì
4823,惖,U+60D6,ti4,tì
4824,惗,U+60D7,nie4,niè
4825,惘,U+60D8,wang3,wǎng
4826,惙,U+60D9,chuo4|chui4,chuò|chuì
4827,惚,U+60DA,hu1,hū
4828,惛,U+60DB,hun1|hun3|men4,hūn|hǔn|mèn
4829,惜,U+60DC,xi1,xī
4830,惝,U+60DD,chang3|tang3,chǎng|tǎng
4831,惞,U+60DE,xin1,xīn
4832,惟,U+60DF,wei2|wei3,wéi|wěi
4833,惠,U+60E0,hui4,huì
4834,惡,U+60E1,e4|wu4|wu1|e3|hu1,è|wù|wū|ě|hū
4835,惢,U+60E2,suo3|rui3,suǒ|ruǐ
4836,惣,U+60E3,zong3,zǒng
4837,惤,U+60E4,jian1,jiān
4838,惥,U+60E5,yong3,yǒng
4839,惦,U+60E6,dian4,diàn
4840,惧,U+60E7,ju4,jù
4841,惨,U+60E8,can3,cǎn
4842,惩,U+60E9,cheng2,chéng
4843,惪,U+60EA,de2,dé
4844,惫,U+60EB,bei4,bèi
4845,惬,U+60EC,qie4,qiè
4846,惭,U+60ED,can2,cán
4847,惮,U+60EE,dan4,dàn
4848,惯,U+60EF,guan4,guàn
4849,惰,U+60F0,duo4|tuo2,duò|tuó
4850,惱,U+60F1,nao3,nǎo
4851,惲,U+60F2,yun4,yùn
4852,想,U+60F3,xiang3,xiǎng
4853,惴,U+60F4,zhui4|chuan3|gua4,zhuì|chuǎn|guà
4854,惵,U+60F5,die2|tie1,dié|tiē
4855,惶,U+60F6,huang2,huáng
4856,惷,U+60F7,chun3,chǔn
4857,惸,U+60F8,qiong2,qióng
4858,惹,U+60F9,re3|ruo4,rě|ruò
4859,惺,U+60FA,xing1,xīng
4860,惻,U+60FB,ce4,cè
4861,惼,U+60FC,bian3,biǎn
4862,惽,U+60FD,min3|hun1,mǐn|hūn
4863,惾,U+60FE,zong1,zōng
4864,惿,U+60FF,ti2|shi4,tí|shì
4865,愀,U+6100,qiao3|qiu4,qiǎo|qiù
4866,愁,U+6101,chou2|qiao3|jiu1,chóu|qiǎo|jiū
4867,愂,U+6102,bei4,bèi
4868,愃,U+6103,xuan1,xuān
4869,愄,U+6104,wei1,wēi
4870,愅,U+6105,ge2,gé
4871,愆,U+6106,qian1,qiān
4872,愇,U+6107,wei3,wěi
4873,愈,U+6108,yu4,yù
4874,愉,U+6109,yu2|tou1|yu3,yú|tōu|yǔ
4875,愊,U+610A,bi4,bì
4876,愋,U+610B,xuan1,xuān
4877,愌,U+610C,huan4,huàn
4878,愍,U+610D,min3|fen1,mǐn|fēn
4879,愎,U+610E,bi4,bì
4880,意,U+610F,yi4|yi1,yì|yī
4881,愐,U+6110,mian3,miǎn
4882,愑,U+6111,yong3,yǒng
4883,愒,U+6112,kai4|qi4|he4,kài|qì|hè
4884,愓,U+6113,dang4|shang1|tang2|yang2,dàng|shāng|táng|yáng
4885,愔,U+6114,yin1,yīn
4886,愕,U+6115,e4,è
4887,愖,U+6116,chen2|dan1|xin4,chén|dān|xìn
4888,愗,U+6117,mao4,mào
4889,愘,U+6118,qia4|qia1|ke4,qià|qiā|kè
4890,愙,U+6119,ke4,kè
4891,愚,U+611A,yu2,yú
4892,愛,U+611B,ai4,ài
4893,愜,U+611C,qie4,qiè
4894,愝,U+611D,yan3,yǎn
4895,愞,U+611E,nuo4,nuò
4896,感,U+611F,gan3|han4,gǎn|hàn
4897,愠,U+6120,yun4|yun3|wen3,yùn|yǔn|wěn
4898,愡,U+6121,zong3,zǒng
4899,愢,U+6122,sai1|si1|si3,sāi|sī|sǐ
4900,愣,U+6123,leng4,lèng
4901,愤,U+6124,fen4,fèn
4902,愥,U+6125,ying1,yīng
4903,愦,U+6126,kui4,kuì
4904,愧,U+6127,kui4,kuì
4905,愨,U+6128,que4,què
4906,愩,U+6129,gong1|gong4|hong3,gōng|gòng|hǒng
4907,愪,U+612A,yun2,yún
4908,愫,U+612B,su4,sù
4909,愬,U+612C,su4|se4,sù|sè
4910,愭,U+612D,qi2,qí
4911,愮,U+612E,yao2|yao4,yáo|yào
4912,愯,U+612F,song3,sǒng
4913,愰,U+6130,huang4|huang3,huàng|huǎng
4914,愱,U+6131,ji2,jí
4915,愲,U+6132,gu3,gǔ
4916,愳,U+6133,ju4,jù
4917,愴,U+6134,chuang4|chuang3,chuàng|chuǎng
4918,愵,U+6135,ni4,nì
4919,愶,U+6136,xie2,xié
4920,愷,U+6137,kai3,kǎi
4921,愸,U+6138,zheng3,zhěng
4922,愹,U+6139,yong3,yǒng
4923,愺,U+613A,cao3,cǎo
4924,愻,U+613B,xun4,xùn
4925,愼,U+613C,shen4,shèn
4926,愽,U+613D,bo2,bó
4927,愾,U+613E,kai4|xi4|qi4,kài|xì|qì
4928,愿,U+613F,yuan4,yuàn
4929,慀,U+6140,xi4|xie2,xì|xié
4930,慁,U+6141,hun4,hùn
4931,慂,U+6142,yong3,yǒng
4932,慃,U+6143,yang3,yǎng
4933,慄,U+6144,li4,lì
4934,慅,U+6145,sao1|cao3,sāo|cǎo
4935,慆,U+6146,tao1,tāo
4936,慇,U+6147,yin1,yīn
4937,慈,U+6148,ci2,cí
4938,慉,U+6149,xu4|chu4,xù|chù
4939,慊,U+614A,qian4|qie4|xian2|qian3,qiàn|qiè|xián|qiǎn
4940,態,U+614B,tai4,tài
4941,慌,U+614C,huang1|huang3|huang,huāng|huǎng|huang
4942,慍,U+614D,yun4,yùn
4943,慎,U+614E,shen4|zhen4,shèn|zhèn
4944,慏,U+614F,ming3,mǐng
4945,慐,U+6150,gong,gong
4946,慑,U+6151,she4,shè
4947,慒,U+6152,cong2|cao2,cóng|cáo
4948,慓,U+6153,piao1|piao4,piāo|piào
4949,慔,U+6154,mu4,mù
4950,慕,U+6155,mu4,mù
4951,慖,U+6156,guo2,guó
4952,慗,U+6157,chi4,chì
4953,慘,U+6158,can3,cǎn
4954,慙,U+6159,can2,cán
4955,慚,U+615A,can2,cán
4956,慛,U+615B,cui1,cuī
4957,慜,U+615C,min3,mǐn
4958,慝,U+615D,te4|ni4,tè|nì
4959,慞,U+615E,zhang1,zhāng
4960,慟,U+615F,tong4,tòng
4961,慠,U+6160,ao4|ao2,ào|áo
4962,慡,U+6161,shuang3,shuǎng
4963,慢,U+6162,man4|man2,màn|mán
4964,慣,U+6163,guan4,guàn
4965,慤,U+6164,que4,què
4966,慥,U+6165,zao4|cao4,zào|cào
4967,慦,U+6166,jiu4,jiù
4968,慧,U+6167,hui4,huì
4969,慨,U+6168,kai3,kǎi
4970,慩,U+6169,lian2,lián
4971,慪,U+616A,ou4|ou1,òu|ōu
4972,慫,U+616B,song3,sǒng
4973,慬,U+616C,qin2|jin4|jin3,qín|jìn|jǐn
4974,慭,U+616D,yin4,yìn
4975,慮,U+616E,lv4|lv2,lǜ|lǘ
4976,慯,U+616F,shang1,shāng
4977,慰,U+6170,wei4,wèi
4978,慱,U+6171,tuan2,tuán
4979,慲,U+6172,man2,mán
4980,慳,U+6173,qian1|xian2,qiān|xián
4981,慴,U+6174,she4|zhe2,shè|zhé
4982,慵,U+6175,yong1,yōng
4983,慶,U+6176,qing4|qing1|qiang1,qìng|qīng|qiāng
4984,慷,U+6177,kang1,kāng
4985,慸,U+6178,di4|chi4,dì|chì
4986,慹,U+6179,zhi2|zhe2,zhí|zhé
4987,慺,U+617A,lou2|lv3,lóu|lǚ
4988,慻,U+617B,juan4,juàn
4989,慼,U+617C,qi1,qī
4990,慽,U+617D,qi1,qī
4991,慾,U+617E,yu4,yù
4992,慿,U+617F,ping2,píng
4993,憀,U+6180,liao2,liáo
4994,憁,U+6181,cong4|song1,còng|sōng
4995,憂,U+6182,you1,yōu
4996,憃,U+6183,chong1,chōng
4997,憄,U+6184,zhi4,zhì
4998,憅,U+6185,tong4,tòng
4999,憆,U+6186,cheng1,chēng
5000,憇,U+6187,qi4,qì
5001,憈,U+6188,qu1,qū
5002,憉,U+6189,peng2,péng
5003,憊,U+618A,bei4,bèi
5004,憋,U+618B,bie1,biē
5005,憌,U+618C,qiong2,qióng
5006,憍,U+618D,jiao1,jiāo
5007,憎,U+618E,zeng1,zēng
5008,憏,U+618F,chi4,chì
5009,憐,U+6190,lian2,lián
5010,憑,U+6191,ping2,píng
5011,憒,U+6192,kui4,kuì
5012,憓,U+6193,hui4,huì
5013,憔,U+6194,qiao2,qiáo
5014,憕,U+6195,cheng2|zheng4|deng4,chéng|zhèng|dèng
5015,憖,U+6196,yin4|xin4|yin2,yìn|xìn|yín
5016,憗,U+6197,yin4,yìn
5017,憘,U+6198,xi3|xi1,xǐ|xī
5018,憙,U+6199,xi1|xi3,xī|xǐ
5019,憚,U+619A,dan4|da2|chan3,dàn|dá|chǎn
5020,憛,U+619B,tan2,tán
5021,憜,U+619C,duo4,duò
5022,憝,U+619D,dui4,duì
5023,憞,U+619E,dui4|dun4|tun1,duì|dùn|tūn
5024,憟,U+619F,su4,sù
5025,憠,U+61A0,jue2,jué
5026,憡,U+61A1,ce4,cè
5027,憢,U+61A2,xiao1|jiao1,xiāo|jiāo
5028,憣,U+61A3,fan1,fān
5029,憤,U+61A4,fen4,fèn
5030,憥,U+61A5,lao2,láo
5031,憦,U+61A6,lao4|lao2,lào|láo
5032,憧,U+61A7,chong1|zhuang4,chōng|zhuàng
5033,憨,U+61A8,han1,hān
5034,憩,U+61A9,qi4,qì
5035,憪,U+61AA,xian2|xian4,xián|xiàn
5036,憫,U+61AB,min3,mǐn
5037,憬,U+61AC,jing3,jǐng
5038,憭,U+61AD,liao3|liao2,liǎo|liáo
5039,憮,U+61AE,wu3|wu2,wǔ|wú
5040,憯,U+61AF,can3,cǎn
5041,憰,U+61B0,jue2,jué
5042,憱,U+61B1,cu4,cù
5043,憲,U+61B2,xian4|xian3,xiàn|xiǎn
5044,憳,U+61B3,tan3,tǎn
5045,憴,U+61B4,sheng2,shéng
5046,憵,U+61B5,pi1,pī
5047,憶,U+61B6,yi4,yì
5048,憷,U+61B7,chu4|chu3,chù|chǔ
5049,憸,U+61B8,xian1,xiān
5050,憹,U+61B9,nao2|nong2|nang2|nao3,náo|nóng|náng|nǎo
5051,憺,U+61BA,dan4,dàn
5052,憻,U+61BB,tan3,tǎn
5053,憼,U+61BC,jing3|jing4,jǐng|jìng
5054,憽,U+61BD,song1,sōng
5055,憾,U+61BE,han4|dan4,hàn|dàn
5056,憿,U+61BF,jiao3|ji1,jiǎo|jī
5057,懀,U+61C0,wei4,wèi
5058,懁,U+61C1,xuan1|huan1,xuān|huān
5059,懂,U+61C2,dong3,dǒng
5060,懃,U+61C3,qin2,qín
5061,懄,U+61C4,qin2,qín
5062,懅,U+61C5,ju4,jù
5063,懆,U+61C6,cao3|sao1|sao4,cǎo|sāo|sào
5064,懇,U+61C7,ken3,kěn
5065,懈,U+61C8,xie4,xiè
5066,應,U+61C9,ying1|ying4,yīng|yìng
5067,懊,U+61CA,ao4|yu4,ào|yù
5068,懋,U+61CB,mao4,mào
5069,懌,U+61CC,yi4,yì
5070,懍,U+61CD,lin3,lǐn
5071,懎,U+61CE,se4,sè
5072,懏,U+61CF,jun4,jùn
5073,懐,U+61D0,huai2,huái
5074,懑,U+61D1,men4,mèn
5075,懒,U+61D2,lan3,lǎn
5076,懓,U+61D3,ai4,ài
5077,懔,U+61D4,lin3|lan3,lǐn|lǎn
5078,懕,U+61D5,yan1|yan4|ye4,yān|yàn|yè
5079,懖,U+61D6,kuo4,kuò
5080,懗,U+61D7,xia4,xià
5081,懘,U+61D8,chi4,chì
5082,懙,U+61D9,yu3,yǔ
5083,懚,U+61DA,yin4,yìn
5084,懛,U+61DB,dai1,dāi
5085,懜,U+61DC,meng3|meng4|meng2,měng|mèng|méng
5086,懝,U+61DD,ai4|ni4|ni3,ài|nì|nǐ
5087,懞,U+61DE,meng2|meng3,méng|měng
5088,懟,U+61DF,dui4,duì
5089,懠,U+61E0,qi2|ji4|ji1,qí|jì|jī
5090,懡,U+61E1,mo3,mǒ
5091,懢,U+61E2,lan2|xian4,lán|xiàn
5092,懣,U+61E3,men4,mèn
5093,懤,U+61E4,chou2,chóu
5094,懥,U+61E5,zhi4,zhì
5095,懦,U+61E6,nuo4,nuò
5096,懧,U+61E7,nuo4,nuò
5097,懨,U+61E8,yan1,yān
5098,懩,U+61E9,yang3,yǎng
5099,懪,U+61EA,bo2,bó
5100,懫,U+61EB,zhi4,zhì
5101,懬,U+61EC,kuang4,kuàng
5102,懭,U+61ED,kuang3,kuǎng
5103,懮,U+61EE,you3|you1,yǒu|yōu
5104,懯,U+61EF,fu1,fū
5105,懰,U+61F0,liu2|liu3,liú|liǔ
5106,懱,U+61F1,mie4,miè
5107,懲,U+61F2,cheng2,chéng
5108,懳,U+61F3,hui,hui
5109,懴,U+61F4,chan4,chàn
5110,懵,U+61F5,meng3|meng4,měng|mèng
5111,懶,U+61F6,lan3|lai4,lǎn|lài
5112,懷,U+61F7,huai2,huái
5113,懸,U+61F8,xuan2,xuán
5114,懹,U+61F9,rang4,ràng
5115,懺,U+61FA,chan4,chàn
5116,懻,U+61FB,ji4,jì
5117,懼,U+61FC,ju4,jù
5118,懽,U+61FD,huan1|guan4,huān|guàn
5119,懾,U+61FE,she4,shè
5120,懿,U+61FF,yi4|yi1,yì|yī
5121,戀,U+6200,lian4,liàn
5122,戁,U+6201,nan3,nǎn
5123,戂,U+6202,mi2|mo2,mí|mó
5124,戃,U+6203,tang3,tǎng
5125,戄,U+6204,jue2,jué
5126,戅,U+6205,gang4,gàng
5127,戆,U+6206,gang4|zhuang4,gàng|zhuàng
5128,戇,U+6207,zhuang4|gang4,zhuàng|gàng
5129,戈,U+6208,ge1,gē
5130,戉,U+6209,yue4,yuè
5131,戊,U+620A,wu4,wù
5132,戋,U+620B,jian1,jiān
5133,戌,U+620C,xu1|qu,xū|qu
5134,戍,U+620D,shu4,shù
5135,戎,U+620E,rong2|reng1,róng|rēng
5136,戏,U+620F,xi4|hu1,xì|hū
5137,成,U+6210,cheng2,chéng
5138,我,U+6211,wo3,wǒ
5139,戒,U+6212,jie4,jiè
5140,戓,U+6213,ge1,gē
5141,戔,U+6214,jian1|can2,jiān|cán
5142,戕,U+6215,qiang1|zang1,qiāng|zāng
5143,或,U+6216,huo4|yu4,huò|yù
5144,戗,U+6217,qiang1|qiang4,qiāng|qiàng
5145,战,U+6218,zhan4,zhàn
5146,戙,U+6219,dong4,dòng
5147,戚,U+621A,qi1|cu4,qī|cù
5148,戛,U+621B,jia2|ga1,jiá|gā
5149,戜,U+621C,die2,dié
5150,戝,U+621D,zei2,zéi
5151,戞,U+621E,jia2,jiá
5152,戟,U+621F,ji3,jǐ
5153,戠,U+6220,zhi1|zhi2,zhī|zhí
5154,戡,U+6221,kan1|zhen3,kān|zhěn
5155,戢,U+6222,ji2,jí
5156,戣,U+6223,kui2,kuí
5157,戤,U+6224,gai4,gài
5158,戥,U+6225,deng3,děng
5159,戦,U+6226,zhan4,zhàn
5160,戧,U+6227,qiang1|chuang1|qiang4,qiāng|chuāng|qiàng
5161,戨,U+6228,ge1,gē
5162,戩,U+6229,jian3,jiǎn
5163,截,U+622A,jie2,jié
5164,戫,U+622B,yu4,yù
5165,戬,U+622C,jian3,jiǎn
5166,戭,U+622D,yan3|you3,yǎn|yǒu
5167,戮,U+622E,lu4,lù
5168,戯,U+622F,hu1|xi4,hū|xì
5169,戰,U+6230,zhan4,zhàn
5170,戱,U+6231,xi4,xì
5171,戲,U+6232,xi4|hu1|xi1|hui1|suo1|yi1,xì|hū|xī|huī|suō|yī
5172,戳,U+6233,chuo1,chuō
5173,戴,U+6234,dai4,dài
5174,戵,U+6235,qu2,qú
5175,戶,U+6236,hu4,hù
5176,户,U+6237,hu4,hù
5177,戸,U+6238,hu4,hù
5178,戹,U+6239,e4,è
5179,戺,U+623A,shi4|yi2,shì|yí
5180,戻,U+623B,ti4,tì
5181,戼,U+623C,mao3,mǎo
5182,戽,U+623D,hu4,hù
5183,戾,U+623E,li4,lì
5184,房,U+623F,fang2|pang2,fáng|páng
5185,所,U+6240,suo3,suǒ
5186,扁,U+6241,bian3|pian1|bian1|pian2,biǎn|piān|biān|pián
5187,扂,U+6242,dian4,diàn
5188,扃,U+6243,jiong1|jiong3,jiōng|jiǒng
5189,扄,U+6244,shang3|jiong1,shǎng|jiōng
5190,扅,U+6245,yi2,yí
5191,扆,U+6246,yi3,yǐ
5192,扇,U+6247,shan4|shan1,shàn|shān
5193,扈,U+6248,hu4,hù
5194,扉,U+6249,fei1,fēi
5195,扊,U+624A,yan3,yǎn
5196,手,U+624B,shou3,shǒu
5197,扌,U+624C,shou,shou
5198,才,U+624D,cai2|zai1,cái|zāi
5199,扎,U+624E,zha1|za1|zha2|zha3,zhā|zā|zhá|zhǎ
5200,扏,U+624F,qiu2,qiú
5201,扐,U+6250,le4|li4|cai2,lè|lì|cái
5202,扑,U+6251,pu1|pi4,pū|pì
5203,扒,U+6252,ba1|pa2|bai4|bie2,bā|pá|bài|bié
5204,打,U+6253,da3|da2,dǎ|dá
5205,扔,U+6254,reng1|reng4,rēng|rèng
5206,払,U+6255,fan3,fǎn
5207,扖,U+6256,ru4,rù
5208,扗,U+6257,zai4,zài
5209,托,U+6258,tuo1,tuō
5210,扙,U+6259,zhang4,zhàng
5211,扚,U+625A,diao3|di2|yue1|li4,diǎo|dí|yuē|lì
5212,扛,U+625B,kang2|gang1,káng|gāng
5213,扜,U+625C,yu1|wu1,yū|wū
5214,扝,U+625D,ku1|wu1,kū|wū
5215,扞,U+625E,gan3|han4,gǎn|hàn
5216,扟,U+625F,shen1,shēn
5217,扠,U+6260,cha1|chai1|zha3,chā|chāi|zhǎ
5218,扡,U+6261,tuo1|yi3|chi3,tuō|yǐ|chǐ
5219,扢,U+6262,gu3|qi4|jie2|ge1,gǔ|qì|jié|gē
5220,扣,U+6263,kou4,kòu
5221,扤,U+6264,wu4,wù
5222,扥,U+6265,den4,dèn
5223,扦,U+6266,qian1,qiān
5224,执,U+6267,zhi2,zhí
5225,扨,U+6268,ren4,rèn
5226,扩,U+6269,kuo4,kuò
5227,扪,U+626A,men2,mén
5228,扫,U+626B,sao3|sao4,sǎo|sào
5229,扬,U+626C,yang2,yáng
5230,扭,U+626D,niu3|chou3|zhou3|zhou4,niǔ|chǒu|zhǒu|zhòu
5231,扮,U+626E,ban4|fen3|fen1|huo3,bàn|fěn|fēn|huǒ
5232,扯,U+626F,che3,chě
5233,扰,U+6270,rao3|you4,rǎo|yòu
5234,扱,U+6271,xi1|cha1|qi4,xī|chā|qì
5235,扲,U+6272,qian2|qin2,qián|qín
5236,扳,U+6273,ban1|pan1,bān|pān
5237,扴,U+6274,jia2,jiá
5238,扵,U+6275,yu2,yú
5239,扶,U+6276,fu2|pu2,fú|pú
5240,扷,U+6277,ao4,ào
5241,扸,U+6278,xi1|zhe2,xī|zhé
5242,批,U+6279,pi1|pi2,pī|pí
5243,扺,U+627A,zhi3|qi2,zhǐ|qí
5244,扻,U+627B,zhi4|sun3|kan3,zhì|sǔn|kǎn
5245,扼,U+627C,e4,è
5246,扽,U+627D,den4,dèn
5247,找,U+627E,zhao3|hua2,zhǎo|huá
5248,承,U+627F,cheng2|zheng3|zheng4,chéng|zhěng|zhèng
5249,技,U+6280,ji4|qi2,jì|qí
5250,抁,U+6281,yan3,yǎn
5251,抂,U+6282,kuang2|wang3,kuáng|wǎng
5252,抃,U+6283,bian4,biàn
5253,抄,U+6284,chao1|suo1|chao4|chao3,chāo|suō|chào|chǎo
5254,抅,U+6285,ju1,jū
5255,抆,U+6286,wen3,wěn
5256,抇,U+6287,hu2,hú
5257,抈,U+6288,yue4,yuè
5258,抉,U+6289,jue2,jué
5259,把,U+628A,ba3|ba4|pa2,bǎ|bà|pá
5260,抋,U+628B,qin4,qìn
5261,抌,U+628C,dan3|shen3,dǎn|shěn
5262,抍,U+628D,zheng3,zhěng
5263,抎,U+628E,yun3,yǔn
5264,抏,U+628F,wan2,wán
5265,抐,U+6290,ne4|ni4|na4|rui4,nè|nì|nà|ruì
5266,抑,U+6291,yi4,yì
5267,抒,U+6292,shu1,shū
5268,抓,U+6293,zhua1,zhuā
5269,抔,U+6294,pou2,póu
5270,投,U+6295,tou2|dou4,tóu|dòu
5271,抖,U+6296,dou3,dǒu
5272,抗,U+6297,kang4|gang1,kàng|gāng
5273,折,U+6298,zhe2|she2|zhe1|ti2,zhé|shé|zhē|tí
5274,抙,U+6299,pou2,póu
5275,抚,U+629A,fu3,fǔ
5276,抛,U+629B,pao1,pāo
5277,抜,U+629C,ba2,bá
5278,抝,U+629D,ao3|ao4|niu4,ǎo|ào|niù
5279,択,U+629E,ze2,zé
5280,抟,U+629F,tuan2,tuán
5281,抠,U+62A0,kou1,kōu
5282,抡,U+62A1,lun1|lun2,lūn|lún
5283,抢,U+62A2,qiang3|qiang1,qiǎng|qiāng
5284,抣,U+62A3,yun,yun
5285,护,U+62A4,hu4,hù
5286,报,U+62A5,bao4,bào
5287,抦,U+62A6,bing3,bǐng
5288,抧,U+62A7,zhi3|zhai3,zhǐ|zhǎi
5289,抨,U+62A8,peng1|beng1,pēng|bēng
5290,抩,U+62A9,nan2,nán
5291,抪,U+62AA,bu4|pu1|ba2,bù|pū|bá
5292,披,U+62AB,pi1,pī
5293,抬,U+62AC,tai2|chi1,tái|chī
5294,抭,U+62AD,yao3|tao1,yǎo|tāo
5295,抮,U+62AE,zhen3,zhěn
5296,抯,U+62AF,zha1,zhā
5297,抰,U+62B0,yang1,yāng
5298,抱,U+62B1,bao4|pao1|pou3,bào|pāo|pǒu
5299,抲,U+62B2,he1|he4|qia1,hē|hè|qiā
5300,抳,U+62B3,ni3|ni2,nǐ|ní
5301,抴,U+62B4,ye4|she2,yè|shé
5302,抵,U+62B5,di3|zhi3|qi2,dǐ|zhǐ|qí
5303,抶,U+62B6,chi4,chì
5304,抷,U+62B7,pi1|pei1,pī|pēi
5305,抸,U+62B8,jia1,jiā
5306,抹,U+62B9,mo3|ma1|mo4,mǒ|mā|mò
5307,抺,U+62BA,mei4,mèi
5308,抻,U+62BB,chen1|shen1,chēn|shēn
5309,押,U+62BC,ya1|xia2|jia3,yā|xiá|jiǎ
5310,抽,U+62BD,chou1,chōu
5311,抾,U+62BE,qu1,qū
5312,抿,U+62BF,min3,mǐn
5313,拀,U+62C0,chu4,chù
5314,拁,U+62C1,jia1|ya2,jiā|yá
5315,拂,U+62C2,fu2|bi4|pi4|fei4,fú|bì|pì|fèi
5316,拃,U+62C3,zha3|zhan3|zha4|zha2,zhǎ|zhǎn|zhà|zhá
5317,拄,U+62C4,zhu3,zhǔ
5318,担,U+62C5,dan1|dan4|dan3|jie1,dān|dàn|dǎn|jiē
5319,拆,U+62C6,chai1|che4|chi4|ca1,chāi|chè|chì|cā
5320,拇,U+62C7,mu3,mǔ
5321,拈,U+62C8,nian1|nian3|dian1,niān|niǎn|diān
5322,拉,U+62C9,la1|la2|la3|la4|la,lā|lá|lǎ|là|la
5323,拊,U+62CA,fu3|fu1|bu3,fǔ|fū|bǔ
5324,拋,U+62CB,pao1,pāo
5325,拌,U+62CC,ban4|pan1,bàn|pān
5326,拍,U+62CD,pai1|bo2,pāi|bó
5327,拎,U+62CE,lin1|ling1,līn|līng
5328,拏,U+62CF,na2,ná
5329,拐,U+62D0,guai3,guǎi
5330,拑,U+62D1,qian2,qián
5331,拒,U+62D2,ju4|ju3,jù|jǔ
5332,拓,U+62D3,tuo4|ta4|zhi2,tuò|tà|zhí
5333,拔,U+62D4,ba2|bo1|bie2|fa2|bei4,bá|bō|bié|fá|bèi
5334,拕,U+62D5,tuo1,tuō
5335,拖,U+62D6,tuo1|chi3,tuō|chǐ
5336,拗,U+62D7,ao3|ao4|niu4|yu4,ǎo|ào|niù|yù
5337,拘,U+62D8,ju1|gou1|ju3|ju2,jū|gōu|jǔ|jú
5338,拙,U+62D9,zhuo1,zhuō
5339,拚,U+62DA,pan4|bian4|fen4|fan1|pin1,pàn|biàn|fèn|fān|pīn
5340,招,U+62DB,zhao1|qiao2|shao2,zhāo|qiáo|sháo
5341,拜,U+62DC,bai4|bai2,bài|bái
5342,拝,U+62DD,bai4,bài
5343,拞,U+62DE,di3,dǐ
5344,拟,U+62DF,ni3,nǐ
5345,拠,U+62E0,ju4,jù
5346,拡,U+62E1,kuo4,kuò
5347,拢,U+62E2,long3,lǒng
5348,拣,U+62E3,jian3,jiǎn
5349,拤,U+62E4,qia2,qiá
5350,拥,U+62E5,yong1,yōng
5351,拦,U+62E6,lan2,lán
5352,拧,U+62E7,ning2|ning3|ning4,níng|nǐng|nìng
5353,拨,U+62E8,bo1,bō
5354,择,U+62E9,ze2|zhai2,zé|zhái
5355,拪,U+62EA,qian1,qiān
5356,拫,U+62EB,hen2,hén
5357,括,U+62EC,kuo4|gua1,kuò|guā
5358,拭,U+62ED,shi4,shì
5359,拮,U+62EE,jie2|jia2,jié|jiá
5360,拯,U+62EF,zheng3,zhěng
5361,拰,U+62F0,nin3,nǐn
5362,拱,U+62F1,gong3|ju2,gǒng|jú
5363,拲,U+62F2,gong3,gǒng
5364,拳,U+62F3,quan2,quán
5365,拴,U+62F4,shuan1|quan2,shuān|quán
5366,拵,U+62F5,cun2|zun4,cún|zùn
5367,拶,U+62F6,za1|zan3,zā|zǎn
5368,拷,U+62F7,kao3,kǎo
5369,拸,U+62F8,yi2|chi3|hai4,yí|chǐ|hài
5370,拹,U+62F9,xie2,xié
5371,拺,U+62FA,ce4|se4|chuo4,cè|sè|chuò
5372,拻,U+62FB,hui1,huī
5373,拼,U+62FC,pin1|bing4,pīn|bìng
5374,拽,U+62FD,zhuai1|zhuai4|ye4,zhuāi|zhuài|yè
5375,拾,U+62FE,shi2|she4|jie4,shí|shè|jiè
5376,拿,U+62FF,na2,ná
5377,挀,U+6300,bai1,bāi
5378,持,U+6301,chi2,chí
5379,挂,U+6302,gua4,guà
5380,挃,U+6303,zhi4|die2,zhì|dié
5381,挄,U+6304,kuo4|guang1,kuò|guāng
5382,挅,U+6305,duo3|duo4,duǒ|duò
5383,挆,U+6306,duo3,duǒ
5384,指,U+6307,zhi3|zhi1|zhi2,zhǐ|zhī|zhí
5385,挈,U+6308,qie4|qi4|jia2|qia4|shi4,qiè|qì|jiá|qià|shì
5386,按,U+6309,an4,àn
5387,挊,U+630A,nong4,nòng
5388,挋,U+630B,zhen4,zhèn
5389,挌,U+630C,ge2|he2,gé|hé
5390,挍,U+630D,jiao4|jiao1,jiào|jiāo
5391,挎,U+630E,kua4|ku1|kou1,kuà|kū|kōu
5392,挏,U+630F,dong4,dòng
5393,挐,U+6310,na2|ru2|nu2,ná|rú|nú
5394,挑,U+6311,tiao1|tiao3|tao2|diao4|tiao2|tiao,tiāo|tiǎo|táo|diào|tiáo|tiao
5395,挒,U+6312,lie4,liè
5396,挓,U+6313,zha1,zhā
5397,挔,U+6314,lv3,lǚ
5398,挕,U+6315,die2|she4,dié|shè
5399,挖,U+6316,wa1,wā
5400,挗,U+6317,jue2,jué
5401,挘,U+6318,lie3,liě
5402,挙,U+6319,ju3,jǔ
5403,挚,U+631A,zhi4,zhì
5404,挛,U+631B,luan2,luán
5405,挜,U+631C,ya4,yà
5406,挝,U+631D,wo1|zhua1,wō|zhuā
5407,挞,U+631E,ta4,tà
5408,挟,U+631F,xie2|jia1,xié|jiā
5409,挠,U+6320,nao2,náo
5410,挡,U+6321,dang3|dang4,dǎng|dàng
5411,挢,U+6322,jiao3,jiǎo
5412,挣,U+6323,zheng1|zheng4,zhēng|zhèng
5413,挤,U+6324,ji3,jǐ
5414,挥,U+6325,hui1,huī
5415,挦,U+6326,xian2,xián
5416,挧,U+6327,yu3,yǔ
5417,挨,U+6328,ai1|ai2,āi|ái
5418,挩,U+6329,tuo1,tuō
5419,挪,U+632A,nuo2,nuó
5420,挫,U+632B,cuo4|zuo4,cuò|zuò
5421,挬,U+632C,bo2,bó
5422,挭,U+632D,geng3,gěng
5423,挮,U+632E,ti3|ti4,tǐ|tì
5424,振,U+632F,zhen4|zhen1|zhen3,zhèn|zhēn|zhěn
5425,挰,U+6330,cheng2,chéng
5426,挱,U+6331,sa1|sha1|suo1,sā|shā|suō
5427,挲,U+6332,sa1|suo1|sha1,sā|suō|shā
5428,挳,U+6333,keng1,kēng
5429,挴,U+6334,mei3,měi
5430,挵,U+6335,nong4,nòng
5431,挶,U+6336,ju1,jū
5432,挷,U+6337,peng2,péng
5433,挸,U+6338,jian3,jiǎn
5434,挹,U+6339,yi4,yì
5435,挺,U+633A,ting3|ting2,tǐng|tíng
5436,挻,U+633B,shan1|yan2,shān|yán
5437,挼,U+633C,rua2|ruo2|sui1|luo4,ruá|ruó|suī|luò
5438,挽,U+633D,wan3,wǎn
5439,挾,U+633E,xie2|jia1,xié|jiā
5440,挿,U+633F,cha1,chā
5441,捀,U+6340,feng2,féng
5442,捁,U+6341,jiao3|ku4,jiǎo|kù
5443,捂,U+6342,wu3|wu2,wǔ|wú
5444,捃,U+6343,jun4,jùn
5445,捄,U+6344,jiu4|ju1|qiu2,jiù|jū|qiú
5446,捅,U+6345,tong3,tǒng
5447,捆,U+6346,kun3|hun2,kǔn|hún
5448,捇,U+6347,huo4|chi4,huò|chì
5449,捈,U+6348,tu2|shu1|cha2,tú|shū|chá
5450,捉,U+6349,zhuo1,zhuō
5451,捊,U+634A,pou2|pou1|fu1,póu|pōu|fū
5452,捋,U+634B,lv3|luo1,lǚ|luō
5453,捌,U+634C,ba1|bie2,bā|bié
5454,捍,U+634D,han4|xian4|gan3,hàn|xiàn|gǎn
5455,捎,U+634E,shao1|shao4|shao3|xiao1|qiao4,shāo|shào|shǎo|xiāo|qiào
5456,捏,U+634F,nie1,niē
5457,捐,U+6350,juan1|yuan2,juān|yuán
5458,捑,U+6351,ze4,zè
5459,捒,U+6352,shu4|sou1|song3,shù|sōu|sǒng
5460,捓,U+6353,ye2|yu2,yé|yú
5461,捔,U+6354,jue2|zhuo2,jué|zhuó
5462,捕,U+6355,bu3,bǔ
5463,捖,U+6356,wan2|gua1,wán|guā
5464,捗,U+6357,bu4|pu2|zhi4,bù|pú|zhì
5465,捘,U+6358,zun4,zùn
5466,捙,U+6359,ye4,yè
5467,捚,U+635A,zhai1,zhāi
5468,捛,U+635B,lv3,lǚ
5469,捜,U+635C,sou1,sōu
5470,捝,U+635D,tuo1|shui4|yan3,tuō|shuì|yǎn
5471,捞,U+635E,lao1,lāo
5472,损,U+635F,sun3,sǔn
5473,捠,U+6360,bang1,bāng
5474,捡,U+6361,jian3,jiǎn
5475,换,U+6362,huan4,huàn
5476,捣,U+6363,dao3,dǎo
5477,捤,U+6364,wei3,wěi
5478,捥,U+6365,wan4|wan1|wan3|yu4,wàn|wān|wǎn|yù
5479,捦,U+6366,qin2,qín
5480,捧,U+6367,peng3|feng4,pěng|fèng
5481,捨,U+6368,she3,shě
5482,捩,U+6369,lie4|li4,liè|lì
5483,捪,U+636A,min2,mín
5484,捫,U+636B,men2,mén
5485,捬,U+636C,fu3|fu4|bu3,fǔ|fù|bǔ
5486,捭,U+636D,bai3|ba1|bi3,bǎi|bā|bǐ
5487,据,U+636E,ju4|ju1,jù|jū
5488,捯,U+636F,dao2|dao3,dáo|dǎo
5489,捰,U+6370,wo3|luo4|luo3,wǒ|luò|luǒ
5490,捱,U+6371,ai2|ai1,ái|āi
5491,捲,U+6372,juan3|quan2|juan4,juǎn|quán|juàn
5492,捳,U+6373,yue4,yuè
5493,捴,U+6374,zong3,zǒng
5494,捵,U+6375,chen1|tian3|nian3,chēn|tiǎn|niǎn
5495,捶,U+6376,chui2|duo3,chuí|duǒ
5496,捷,U+6377,jie2|qie4|cha1,jié|qiè|chā
5497,捸,U+6378,tu1,tū
5498,捹,U+6379,ben4,bèn
5499,捺,U+637A,na4,nà
5500,捻,U+637B,nian3|nie1|nian1,niǎn|niē|niān
5501,捼,U+637C,ruo2|wo1|wei3|re2,ruó|wō|wěi|ré
5502,捽,U+637D,zuo2|cu4|su1|zun4,zuó|cù|sū|zùn
5503,捾,U+637E,wo4|xia2,wò|xiá
5504,捿,U+637F,qi1,qī
5505,掀,U+6380,xian1|hen2,xiān|hén
5506,掁,U+6381,cheng2,chéng
5507,掂,U+6382,dian1,diān
5508,掃,U+6383,sao3|sao4,sǎo|sào
5509,掄,U+6384,lun1|lun2,lūn|lún
5510,掅,U+6385,qing4,qìng
5511,掆,U+6386,gang1|gang4,gāng|gàng
5512,掇,U+6387,duo1|duo2|zhuo1,duō|duó|zhuō
5513,授,U+6388,shou4,shòu
5514,掉,U+6389,diao4|nuo2,diào|nuó
5515,掊,U+638A,pou2|pou3|fu4|pei2,póu|pǒu|fù|péi
5516,掋,U+638B,di3|di4,dǐ|dì
5517,掌,U+638C,zhang3,zhǎng
5518,掍,U+638D,hun4,hùn
5519,掎,U+638E,ji3|yi3,jǐ|yǐ
5520,掏,U+638F,tao1|tao2,tāo|táo
5521,掐,U+6390,qia1,qiā
5522,掑,U+6391,qi2,qí
5523,排,U+6392,pai2|pai3|bai4,pái|pǎi|bài
5524,掓,U+6393,shu1,shū
5525,掔,U+6394,qian1|wan4,qiān|wàn
5526,掕,U+6395,ling2,líng
5527,掖,U+6396,ye1|ye4,yē|yè
5528,掗,U+6397,ya4|ya3,yà|yǎ
5529,掘,U+6398,jue2|ku1,jué|kū
5530,掙,U+6399,zheng1,zhēng
5531,掚,U+639A,liang3,liǎng
5532,掛,U+639B,gua4,guà
5533,掜,U+639C,yi4|ni3|nai2|nie4,yì|nǐ|nái|niè
5534,掝,U+639D,huo4|xu4,huò|xù
5535,掞,U+639E,shan4|yan4|yan3,shàn|yàn|yǎn
5536,掟,U+639F,zheng3|ding4,zhěng|dìng
5537,掠,U+63A0,lve4|lve3,lüè|lüě
5538,採,U+63A1,cai3,cǎi
5539,探,U+63A2,tan4|xian2,tàn|xián
5540,掣,U+63A3,che4,chè
5541,掤,U+63A4,bing1,bīng
5542,接,U+63A5,jie1|xie2|sha4|cha1,jiē|xié|shà|chā
5543,掦,U+63A6,ti4,tì
5544,控,U+63A7,kong4|kong1|qiang1,kòng|kōng|qiāng
5545,推,U+63A8,tui1,tuī
5546,掩,U+63A9,yan3|yan4,yǎn|yàn
5547,措,U+63AA,cuo4|ze2|ci4,cuò|zé|cì
5548,掫,U+63AB,zhou1|zou1|chou1,zhōu|zōu|chōu
5549,掬,U+63AC,ju1,jū
5550,掭,U+63AD,tian4,tiàn
5551,掮,U+63AE,qian2,qián
5552,掯,U+63AF,ken4,kèn
5553,掰,U+63B0,bai1,bāi
5554,掱,U+63B1,pa2|shou3,pá|shǒu
5555,掲,U+63B2,jie1,jiē
5556,掳,U+63B3,lu3,lǔ
5557,掴,U+63B4,guai1|guo2,guāi|guó
5558,掵,U+63B5,ming,ming
5559,掶,U+63B6,jie2,jié
5560,掷,U+63B7,zhi4|zhi1,zhì|zhī
5561,掸,U+63B8,dan3|shan4,dǎn|shàn
5562,掹,U+63B9,meng,meng
5563,掺,U+63BA,can4|chan1|shan3,càn|chān|shǎn
5564,掻,U+63BB,sao1,sāo
5565,掼,U+63BC,guan4,guàn
5566,掽,U+63BD,peng4,pèng
5567,掾,U+63BE,yuan4|chuan2,yuàn|chuán
5568,掿,U+63BF,nuo4,nuò
5569,揀,U+63C0,jian3,jiǎn
5570,揁,U+63C1,zheng1|keng1,zhēng|kēng
5571,揂,U+63C2,jiu1|you2,jiū|yóu
5572,揃,U+63C3,jian3|jian1|qian1,jiǎn|jiān|qiān
5573,揄,U+63C4,yu2|chou1|you2|shu1|yao2,yú|chōu|yóu|shū|yáo
5574,揅,U+63C5,yan2,yán
5575,揆,U+63C6,kui2,kuí
5576,揇,U+63C7,nan3,nǎn
5577,揈,U+63C8,hong1|hong2|xuan4|ju1,hōng|hóng|xuàn|jū
5578,揉,U+63C9,rou2,róu
5579,揊,U+63CA,pi4|che4,pì|chè
5580,揋,U+63CB,wei1,wēi
5581,揌,U+63CC,sai1|cai1,sāi|cāi
5582,揍,U+63CD,zou4|cou4,zòu|còu
5583,揎,U+63CE,xuan1,xuān
5584,描,U+63CF,miao2|mao4,miáo|mào
5585,提,U+63D0,ti2|di1|chi2|shi2|di3,tí|dī|chí|shí|dǐ
5586,揑,U+63D1,nie1,niē
5587,插,U+63D2,cha1|zha3,chā|zhǎ
5588,揓,U+63D3,shi4,shì
5589,揔,U+63D4,zong3|song1,zǒng|sōng
5590,揕,U+63D5,zhen4|zhen1,zhèn|zhēn
5591,揖,U+63D6,yi1|ji2,yī|jí
5592,揗,U+63D7,xun2,xún
5593,揘,U+63D8,yong2|huang2,yóng|huáng
5594,揙,U+63D9,bian1|bian4,biān|biàn
5595,揚,U+63DA,yang2,yáng
5596,換,U+63DB,huan4,huàn
5597,揜,U+63DC,yan3,yǎn
5598,揝,U+63DD,zan3|zuan4,zǎn|zuàn
5599,揞,U+63DE,an3|yan4|ye4,ǎn|yàn|yè
5600,揟,U+63DF,xu1|ju1,xū|jū
5601,揠,U+63E0,ya4,yà
5602,握,U+63E1,wo4|ou4,wò|òu
5603,揢,U+63E2,ke2|qia1,ké|qiā
5604,揣,U+63E3,chuai1|chuai3|chuai4|duo3|zhui1|tuan2,chuāi|chuǎi|chuài|duǒ|zhuī|tuán
5605,揤,U+63E4,ji2,jí
5606,揥,U+63E5,ti4|di4,tì|dì
5607,揦,U+63E6,la2|la4,lá|là
5608,揧,U+63E7,la4,là
5609,揨,U+63E8,chen2,chén
5610,揩,U+63E9,kai1|jia2,kāi|jiá
5611,揪,U+63EA,jiu1,jiū
5612,揫,U+63EB,jiu1,jiū
5613,揬,U+63EC,tu2,tú
5614,揭,U+63ED,jie1|qi4|he2,jiē|qì|hé
5615,揮,U+63EE,hui1|hun2,huī|hún
5616,揯,U+63EF,gen4,gèn
5617,揰,U+63F0,chong4|dong3,chòng|dǒng
5618,揱,U+63F1,xiao1|shuo4|xian1,xiāo|shuò|xiān
5619,揲,U+63F2,die2|she2|ye4,dié|shé|yè
5620,揳,U+63F3,xie1|xie4|xie2|jia2,xiē|xiè|xié|jiá
5621,援,U+63F4,yuan2|huan4,yuán|huàn
5622,揵,U+63F5,qian2|jian4|jian3,qián|jiàn|jiǎn
5623,揶,U+63F6,ye2,yé
5624,揷,U+63F7,cha1,chā
5625,揸,U+63F8,zha1,zhā
5626,揹,U+63F9,bei1,bēi
5627,揺,U+63FA,yao2,yáo
5628,揻,U+63FB,wei1,wēi
5629,揼,U+63FC,beng,beng
5630,揽,U+63FD,lan3,lǎn
5631,揾,U+63FE,wen4|wu4,wèn|wù
5632,揿,U+63FF,qin4,qìn
5633,搀,U+6400,chan1,chān
5634,搁,U+6401,ge1|ge2,gē|gé
5635,搂,U+6402,lou3|lou1,lǒu|lōu
5636,搃,U+6403,zong3,zǒng
5637,搄,U+6404,gen4,gèn
5638,搅,U+6405,jiao3,jiǎo
5639,搆,U+6406,gou4|gou1,gòu|gōu
5640,搇,U+6407,qin4,qìn
5641,搈,U+6408,rong2,róng
5642,搉,U+6409,que4|huo1,què|huō
5643,搊,U+640A,chou1|zou3|zhu1,chōu|zǒu|zhū
5644,搋,U+640B,chuai1|chi3|yi2,chuāi|chǐ|yí
5645,搌,U+640C,zhan3,zhǎn
5646,損,U+640D,sun3,sǔn
5647,搎,U+640E,sun1,sūn
5648,搏,U+640F,bo2,bó
5649,搐,U+6410,chu4,chù
5650,搑,U+6411,rong2|nang2|nang3,róng|náng|nǎng
5651,搒,U+6412,bang4|peng2|beng1|bang3,bàng|péng|bēng|bǎng
5652,搓,U+6413,cuo1|cuo3|chai1,cuō|cuǒ|chāi
5653,搔,U+6414,sao1|sao4,sāo|sào
5654,搕,U+6415,ke1|e4,kē|è
5655,搖,U+6416,yao2,yáo
5656,搗,U+6417,dao3,dǎo
5657,搘,U+6418,zhi1,zhī
5658,搙,U+6419,nu4|nuo4|nou4,nù|nuò|nòu
5659,搚,U+641A,la1|xie2|xian4,lā|xié|xiàn
5660,搛,U+641B,jian1|lian2,jiān|lián
5661,搜,U+641C,sou1|xiao1|sou4|shao3,sōu|xiāo|sòu|shǎo
5662,搝,U+641D,qiu3,qiǔ
5663,搞,U+641E,gao3|qiao1|kao4,gǎo|qiāo|kào
5664,搟,U+641F,xian3|xian1,xiǎn|xiān
5665,搠,U+6420,shuo4,shuò
5666,搡,U+6421,sang3,sǎng
5667,搢,U+6422,jin4,jìn
5668,搣,U+6423,mie4,miè
5669,搤,U+6424,e4|yi4,è|yì
5670,搥,U+6425,chui2|dui1,chuí|duī
5671,搦,U+6426,nuo4,nuò
5672,搧,U+6427,shan1,shān
5673,搨,U+6428,ta4|da2,tà|dá
5674,搩,U+6429,zha3|jie2,zhǎ|jié
5675,搪,U+642A,tang2,táng
5676,搫,U+642B,pan2|ban1|po2,pán|bān|pó
5677,搬,U+642C,ban1|su4,bān|sù
5678,搭,U+642D,da1|ta4,dā|tà
5679,搮,U+642E,li4,lì
5680,搯,U+642F,tao1,tāo
5681,搰,U+6430,hu2|ku1,hú|kū
5682,搱,U+6431,zhi4|nai2,zhì|nái
5683,搲,U+6432,wa1|wa3|wa4,wā|wǎ|wà
5684,搳,U+6433,hua2|xia2|qia1,huá|xiá|qiā
5685,搴,U+6434,qian1,qiān
5686,搵,U+6435,wen4,wèn
5687,搶,U+6436,qiang3|qiang1|qiang4|cheng2|cheng1,qiǎng|qiāng|qiàng|chéng|chēng
5688,搷,U+6437,tian2|shen1,tián|shēn
5689,搸,U+6438,zhen1,zhēn
5690,搹,U+6439,e4,è
5691,携,U+643A,xie2,xié
5692,搻,U+643B,nuo4,nuò
5693,搼,U+643C,quan2,quán
5694,搽,U+643D,cha2,chá
5695,搾,U+643E,zha4,zhà
5696,搿,U+643F,ge2,gé
5697,摀,U+6440,wu3,wǔ
5698,摁,U+6441,en4,èn
5699,摂,U+6442,she4,shè
5700,摃,U+6443,kang2,káng
5701,摄,U+6444,she4,shè
5702,摅,U+6445,shu1,shū
5703,摆,U+6446,bai3,bǎi
5704,摇,U+6447,yao2,yáo
5705,摈,U+6448,bin4,bìn
5706,摉,U+6449,sou1,sōu
5707,摊,U+644A,tan1,tān
5708,摋,U+644B,sa4|shai3|sha1,sà|shǎi|shā
5709,摌,U+644C,chan3|sun4,chǎn|sùn
5710,摍,U+644D,suo1,suō
5711,摎,U+644E,jiu1|liu2|liao2|jiao3|nao2,jiū|liú|liáo|jiǎo|náo
5712,摏,U+644F,chong1,chōng
5713,摐,U+6450,chuang1,chuāng
5714,摑,U+6451,guai1|guo2,guāi|guó
5715,摒,U+6452,bing3|bing4,bǐng|bìng
5716,摓,U+6453,feng2|peng3,féng|pěng
5717,摔,U+6454,shuai1,shuāi
5718,摕,U+6455,di4|tu2|zhi2,dì|tú|zhí
5719,摖,U+6456,qi4|cha2,qì|chá
5720,摗,U+6457,sou1|song3,sōu|sǒng
5721,摘,U+6458,zhai1,zhāi
5722,摙,U+6459,lian3|lian4,liǎn|liàn
5723,摚,U+645A,cheng1,chēng
5724,摛,U+645B,chi1,chī
5725,摜,U+645C,guan4,guàn
5726,摝,U+645D,lu4,lù
5727,摞,U+645E,luo4,luò
5728,摟,U+645F,lou3|lou1,lǒu|lōu
5729,摠,U+6460,zong3,zǒng
5730,摡,U+6461,gai4|xi4,gài|xì
5731,摢,U+6462,hu4|chu1,hù|chū
5732,摣,U+6463,zha1|zhua1,zhā|zhuā
5733,摤,U+6464,chuang3,chuǎng
5734,摥,U+6465,tang4,tàng
5735,摦,U+6466,hua4,huà
5736,摧,U+6467,cui1|zui4|cuo4,cuī|zuì|cuò
5737,摨,U+6468,nai2|zhi4,nái|zhì
5738,摩,U+6469,mo2|ma1|mi2,mó|mā|mí
5739,摪,U+646A,jiang1|qiang4,jiāng|qiàng
5740,摫,U+646B,gui1,guī
5741,摬,U+646C,ying3,yǐng
5742,摭,U+646D,zhi2,zhí
5743,摮,U+646E,ao2|qiao1,áo|qiāo
5744,摯,U+646F,zhi4,zhì
5745,摰,U+6470,nie4|che4,niè|chè
5746,摱,U+6471,man4|man2,màn|mán
5747,摲,U+6472,chan4|can2,chàn|cán
5748,摳,U+6473,kou1|ou1,kōu|ōu
5749,摴,U+6474,chu1|chi1,chū|chī
5750,摵,U+6475,she4|su4|mi2,shè|sù|mí
5751,摶,U+6476,tuan2|zhuan4|zhuan1,tuán|zhuàn|zhuān
5752,摷,U+6477,jiao3|chao1,jiǎo|chāo
5753,摸,U+6478,mo1|mo2,mō|mó
5754,摹,U+6479,mo2|mo1,mó|mō
5755,摺,U+647A,zhe2|la1|xie2,zhé|lā|xié
5756,摻,U+647B,can4|shan3|shan1|chan1|sen1,càn|shǎn|shān|chān|sēn
5757,摼,U+647C,keng1|qian1,kēng|qiān
5758,摽,U+647D,biao1|biao4|piao1|pao1,biāo|biào|piāo|pāo
5759,摾,U+647E,jiang4,jiàng
5760,摿,U+647F,yao2,yáo
5761,撀,U+6480,gou4,gòu
5762,撁,U+6481,qian1|qian4,qiān|qiàn
5763,撂,U+6482,liao4,liào
5764,撃,U+6483,ji1,jī
5765,撄,U+6484,ying1,yīng
5766,撅,U+6485,jue1|jue4|jue2|gui4,juē|juè|jué|guì
5767,撆,U+6486,pie1,piē
5768,撇,U+6487,pie1|pie3|bie1,piē|piě|biē
5769,撈,U+6488,lao1,lāo
5770,撉,U+6489,dun1,dūn
5771,撊,U+648A,xian4,xiàn
5772,撋,U+648B,ruan2|rui2|run2|ruo2|sui1,ruán|ruí|rún|ruó|suī
5773,撌,U+648C,gui4,guì
5774,撍,U+648D,zan3|zan1|zen1|qian2,zǎn|zān|zēn|qián
5775,撎,U+648E,yi4,yì
5776,撏,U+648F,xian2|xun2,xián|xún
5777,撐,U+6490,cheng1,chēng
5778,撑,U+6491,cheng1,chēng
5779,撒,U+6492,sa1|sa3,sā|sǎ
5780,撓,U+6493,nao2|xiao1|rao4,náo|xiāo|rào
5781,撔,U+6494,hong4,hòng
5782,撕,U+6495,si1|xi1,sī|xī
5783,撖,U+6496,han4|qian3,hàn|qiǎn
5784,撗,U+6497,guang4,guàng
5785,撘,U+6498,da1,dā
5786,撙,U+6499,zun3,zǔn
5787,撚,U+649A,nian3,niǎn
5788,撛,U+649B,lin3,lǐn
5789,撜,U+649C,zheng3|cheng2,zhěng|chéng
5790,撝,U+649D,hui1|wei2,huī|wéi
5791,撞,U+649E,zhuang4,zhuàng
5792,撟,U+649F,jiao3|jiao1|kao3,jiǎo|jiāo|kǎo
5793,撠,U+64A0,ji3,jǐ
5794,撡,U+64A1,cao1,cāo
5795,撢,U+64A2,dan3|tan4|dan4|xin2,dǎn|tàn|dàn|xín
5796,撣,U+64A3,dan3|dan4|chan2|tan1|zhan3|shan4|tian2,dǎn|dàn|chán|tān|zhǎn|shàn|tián
5797,撤,U+64A4,che4,chè
5798,撥,U+64A5,bo1|fa2,bō|fá
5799,撦,U+64A6,che3,chě
5800,撧,U+64A7,jue1,juē
5801,撨,U+64A8,fu3|xiao1|sou1,fǔ|xiāo|sōu
5802,撩,U+64A9,liao1|liao2|liao3|lao4|liao4,liāo|liáo|liǎo|lào|liào
5803,撪,U+64AA,ben4,bèn
5804,撫,U+64AB,fu3|mo2,fǔ|mó
5805,撬,U+64AC,qiao4,qiào
5806,播,U+64AD,bo1|bo3,bō|bǒ
5807,撮,U+64AE,cuo1|zuo3|zui4|zuan1|chua1,cuō|zuǒ|zuì|zuān|chuā
5808,撯,U+64AF,zhuo2,zhuó
5809,撰,U+64B0,zhuan4|xuan3|suan4,zhuàn|xuǎn|suàn
5810,撱,U+64B1,wei3|tuo3,wěi|tuǒ
5811,撲,U+64B2,pu1|bu3,pū|bǔ
5812,撳,U+64B3,qin4,qìn
5813,撴,U+64B4,dun1,dūn
5814,撵,U+64B5,nian3,niǎn
5815,撶,U+64B6,hua2,huá
5816,撷,U+64B7,xie2,xié
5817,撸,U+64B8,lu1,lū
5818,撹,U+64B9,jiao3,jiǎo
5819,撺,U+64BA,cuan1,cuān
5820,撻,U+64BB,ta4,tà
5821,撼,U+64BC,han4,hàn
5822,撽,U+64BD,qiao4|yao1|ji1,qiào|yāo|jī
5823,撾,U+64BE,wo1|zhua1,wō|zhuā
5824,撿,U+64BF,jian3|lian4,jiǎn|liàn
5825,擀,U+64C0,gan3,gǎn
5826,擁,U+64C1,yong1,yōng
5827,擂,U+64C2,lei2|lei4|lei1,léi|lèi|lēi
5828,擃,U+64C3,nang3,nǎng
5829,擄,U+64C4,lu3,lǔ
5830,擅,U+64C5,shan4,shàn
5831,擆,U+64C6,zhuo2,zhuó
5832,擇,U+64C7,ze2|zhai2|yi4,zé|zhái|yì
5833,擈,U+64C8,pu1,pū
5834,擉,U+64C9,chuo4,chuò
5835,擊,U+64CA,ji1|ji4|xi2,jī|jì|xí
5836,擋,U+64CB,dang3|dang4,dǎng|dàng
5837,擌,U+64CC,se4,sè
5838,操,U+64CD,cao1,cāo
5839,擎,U+64CE,qing2,qíng
5840,擏,U+64CF,qing2|jing3|jing4,qíng|jǐng|jìng
5841,擐,U+64D0,huan4|juan3|xuan1,huàn|juǎn|xuān
5842,擑,U+64D1,jie1,jiē
5843,擒,U+64D2,qin2,qín
5844,擓,U+64D3,kuai3,kuǎi
5845,擔,U+64D4,dan1|dan4|shan4,dān|dàn|shàn
5846,擕,U+64D5,xie2,xié
5847,擖,U+64D6,ka1|qia1|jia1|zha2|gua1|ye4|ge1|lie4,kā|qiā|jiā|zhá|guā|yè|gē|liè
5848,擗,U+64D7,pi3|bo4,pǐ|bò
5849,擘,U+64D8,bai1|bo4,bāi|bò
5850,擙,U+64D9,ao4,ào
5851,據,U+64DA,ju4,jù
5852,擛,U+64DB,ye4,yè
5853,擜,U+64DC,e4,è
5854,擝,U+64DD,meng1,mēng
5855,擞,U+64DE,sou3|sou4,sǒu|sòu
5856,擟,U+64DF,mi2,mí
5857,擠,U+64E0,ji3,jǐ
5858,擡,U+64E1,tai2,tái
5859,擢,U+64E2,zhuo2,zhuó
5860,擣,U+64E3,dao3|chou2,dǎo|chóu
5861,擤,U+64E4,xing3,xǐng
5862,擥,U+64E5,lan3,lǎn
5863,擦,U+64E6,ca1,cā
5864,擧,U+64E7,ju3,jǔ
5865,擨,U+64E8,ye2,yé
5866,擩,U+64E9,ru3|nu3|ru4|nou4|ruan2,rǔ|nǔ|rù|nòu|ruán
5867,擪,U+64EA,ye4,yè
5868,擫,U+64EB,ye4,yè
5869,擬,U+64EC,ni3,nǐ
5870,擭,U+64ED,wo4|huo4|hu4,wò|huò|hù
5871,擮,U+64EE,jie2,jié
5872,擯,U+64EF,bin4,bìn
5873,擰,U+64F0,ning2|ning3|ning4,níng|nǐng|nìng
5874,擱,U+64F1,ge1|ge2,gē|gé
5875,擲,U+64F2,zhi4|zhi1,zhì|zhī
5876,擳,U+64F3,zhi4|jie2,zhì|jié
5877,擴,U+64F4,kuo4|tang3|guang4,kuò|tǎng|guàng
5878,擵,U+64F5,mo2,mó
5879,擶,U+64F6,jian4,jiàn
5880,擷,U+64F7,xie2,xié
5881,擸,U+64F8,lie4|la4,liè|là
5882,擹,U+64F9,tan1,tān
5883,擺,U+64FA,bai3,bǎi
5884,擻,U+64FB,sou3|sou4,sǒu|sòu
5885,擼,U+64FC,lu3|lu1,lǔ|lū
5886,擽,U+64FD,lve4|li4|yue4,lüè|lì|yuè
5887,擾,U+64FE,rao3,rǎo
5888,擿,U+64FF,ti1|zhi4|zhai1,tī|zhì|zhāi
5889,攀,U+6500,pan1,pān
5890,攁,U+6501,yang3,yǎng
5891,攂,U+6502,lei4,lèi
5892,攃,U+6503,ca1|sa3,cā|sǎ
5893,攄,U+6504,shu1|lu4,shū|lù
5894,攅,U+6505,zan3,zǎn
5895,攆,U+6506,nian3,niǎn
5896,攇,U+6507,xian3,xiǎn
5897,攈,U+6508,jun4|pei4,jùn|pèi
5898,攉,U+6509,huo1|huo4|que4,huō|huò|què
5899,攊,U+650A,li4,lì
5900,攋,U+650B,la4|lai4,là|lài
5901,攌,U+650C,huan3,huǎn
5902,攍,U+650D,ying2,yíng
5903,攎,U+650E,lu2|luo2,lú|luó
5904,攏,U+650F,long3,lǒng
5905,攐,U+6510,qian1,qiān
5906,攑,U+6511,qian1,qiān
5907,攒,U+6512,zan3|cuan2,zǎn|cuán
5908,攓,U+6513,qian1,qiān
5909,攔,U+6514,lan2,lán
5910,攕,U+6515,xian1|jian1,xiān|jiān
5911,攖,U+6516,ying1,yīng
5912,攗,U+6517,mei2,méi
5913,攘,U+6518,rang3|rang4|ning2|xiang3,rǎng|ràng|níng|xiǎng
5914,攙,U+6519,chan1|shan4,chān|shàn
5915,攚,U+651A,weng3,wěng
5916,攛,U+651B,cuan1,cuān
5917,攜,U+651C,xie2,xié
5918,攝,U+651D,she4|zhe2|nie4|sha4,shè|zhé|niè|shà
5919,攞,U+651E,luo2|luo3,luó|luǒ
5920,攟,U+651F,jun4,jùn
5921,攠,U+6520,mi2|mo2,mí|mó
5922,攡,U+6521,chi1,chī
5923,攢,U+6522,zan3|cuan2|zuan1|zan4,zǎn|cuán|zuān|zàn
5924,攣,U+6523,luan2|lian4,luán|liàn
5925,攤,U+6524,tan1|nan4,tān|nàn
5926,攥,U+6525,zuan4,zuàn
5927,攦,U+6526,li4|shai4,lì|shài
5928,攧,U+6527,dian1,diān
5929,攨,U+6528,wa1,wā
5930,攩,U+6529,dang3|tang3,dǎng|tǎng
5931,攪,U+652A,jiao3,jiǎo
5932,攫,U+652B,jue2,jué
5933,攬,U+652C,lan3,lǎn
5934,攭,U+652D,li4|luo3,lì|luǒ
5935,攮,U+652E,nang3,nǎng
5936,支,U+652F,zhi1|zhi4|qi2,zhī|zhì|qí
5937,攰,U+6530,gui4,guì
5938,攱,U+6531,gui3|gui4,guǐ|guì
5939,攲,U+6532,qi1|ji1,qī|jī
5940,攳,U+6533,xun2,xún
5941,攴,U+6534,pu1,pū
5942,攵,U+6535,pu1,pū
5943,收,U+6536,shou1,shōu
5944,攷,U+6537,kao3,kǎo
5945,攸,U+6538,you1,yōu
5946,改,U+6539,gai3,gǎi
5947,攺,U+653A,yi3,yǐ
5948,攻,U+653B,gong1,gōng
5949,攼,U+653C,gan1|han4,gān|hàn
5950,攽,U+653D,ban1|bin1,bān|bīn
5951,放,U+653E,fang4|fang3|fang1,fàng|fǎng|fāng
5952,政,U+653F,zheng4|zheng1,zhèng|zhēng
5953,敀,U+6540,po4,pò
5954,敁,U+6541,dian1,diān
5955,敂,U+6542,kou4,kòu
5956,敃,U+6543,min3|fen1,mǐn|fēn
5957,敄,U+6544,wu4|mou2,wù|móu
5958,故,U+6545,gu4,gù
5959,敆,U+6546,he2,hé
5960,敇,U+6547,ce4,cè
5961,效,U+6548,xiao4,xiào
5962,敉,U+6549,mi3,mǐ
5963,敊,U+654A,chu4|shou1,chù|shōu
5964,敋,U+654B,ge2,gé
5965,敌,U+654C,di2|hua2,dí|huá
5966,敍,U+654D,xu4,xù
5967,敎,U+654E,jiao4,jiào
5968,敏,U+654F,min3,mǐn
5969,敐,U+6550,chen2,chén
5970,救,U+6551,jiu4|jiu1,jiù|jiū
5971,敒,U+6552,shen1,shēn
5972,敓,U+6553,duo2,duó
5973,敔,U+6554,yu3|yu4,yǔ|yù
5974,敕,U+6555,chi4|sou1,chì|sōu
5975,敖,U+6556,ao2|ao4,áo|ào
5976,敗,U+6557,bai4,bài
5977,敘,U+6558,xu4,xù
5978,教,U+6559,jiao4|jiao1,jiào|jiāo
5979,敚,U+655A,duo2,duó
5980,敛,U+655B,lian3,liǎn
5981,敜,U+655C,nie4,niè
5982,敝,U+655D,bi4,bì
5983,敞,U+655E,chang3|cheng4|zheng4,chǎng|chèng|zhèng
5984,敟,U+655F,dian3,diǎn
5985,敠,U+6560,duo1|que4,duō|què
5986,敡,U+6561,yi4,yì
5987,敢,U+6562,gan3,gǎn
5988,散,U+6563,san4|san3|san1,sàn|sǎn|sān
5989,敤,U+6564,ke3,kě
5990,敥,U+6565,yan4|jiao3,yàn|jiǎo
5991,敦,U+6566,dun1|dui1|tuan2|diao1|dun4|dao4|zhun3|tun1|dui4|tun2,dūn|duī|tuán|diāo|dùn|dào|zhǔn|tūn|duì|tún
5992,敧,U+6567,ji1|qi3,jī|qǐ
5993,敨,U+6568,tou3,tǒu
5994,敩,U+6569,xiao4|xue2,xiào|xué
5995,敪,U+656A,duo1,duō
5996,敫,U+656B,jiao3|qiao1|jiao4,jiǎo|qiāo|jiào
5997,敬,U+656C,jing4,jìng
5998,敭,U+656D,yang2,yáng
5999,敮,U+656E,xia2,xiá
6000,敯,U+656F,min3,mǐn
6001,数,U+6570,shu4|shu3|shuo4,shù|shǔ|shuò
6002,敱,U+6571,ai2|zhu2,ái|zhú
6003,敲,U+6572,qiao1,qiāo
6004,敳,U+6573,ai2,ái
6005,整,U+6574,zheng3,zhěng
6006,敵,U+6575,di2,dí
6007,敶,U+6576,zhen4,zhèn
6008,敷,U+6577,fu1,fū
6009,數,U+6578,shu4|shu3|shuo4,shù|shǔ|shuò
6010,敹,U+6579,liao2,liáo
6011,敺,U+657A,qu1|ou1,qū|ōu
6012,敻,U+657B,xiong4,xiòng
6013,敼,U+657C,yi3,yǐ
6014,敽,U+657D,jiao3,jiǎo
6015,敾,U+657E,shan4,shàn
6016,敿,U+657F,jiao3,jiǎo
6017,斀,U+6580,zhuo2|zhu2,zhuó|zhú
6018,斁,U+6581,yi4|du4|tu2,yì|dù|tú
6019,斂,U+6582,lian3|lian2,liǎn|lián
6020,斃,U+6583,bi4,bì
6021,斄,U+6584,li2|tai2,lí|tái
6022,斅,U+6585,xiao4|xue2,xiào|xué
6023,斆,U+6586,xiao4,xiào
6024,文,U+6587,wen2,wén
6025,斈,U+6588,xue2,xué
6026,斉,U+6589,qi2,qí
6027,斊,U+658A,qi2,qí
6028,斋,U+658B,zhai1,zhāi
6029,斌,U+658C,bin1,bīn
6030,斍,U+658D,jue2,jué
6031,斎,U+658E,zhai1,zhāi
6032,斏,U+658F,lang2,láng
6033,斐,U+6590,fei3,fěi
6034,斑,U+6591,ban1,bān
6035,斒,U+6592,ban1,bān
6036,斓,U+6593,lan2,lán
6037,斔,U+6594,yu3,yǔ
6038,斕,U+6595,lan2,lán
6039,斖,U+6596,wei3,wěi
6040,斗,U+6597,dou4|dou3|zhu3,dòu|dǒu|zhǔ
6041,斘,U+6598,sheng1,shēng
6042,料,U+6599,liao4|liao2,liào|liáo
6043,斚,U+659A,jia3,jiǎ
6044,斛,U+659B,hu2,hú
6045,斜,U+659C,xie2|xia2|cha2|ye2,xié|xiá|chá|yé
6046,斝,U+659D,jia3,jiǎ
6047,斞,U+659E,yu3,yǔ
6048,斟,U+659F,zhen1,zhēn
6049,斠,U+65A0,jiao4,jiào
6050,斡,U+65A1,wo4|guan3,wò|guǎn
6051,斢,U+65A2,tiao3|tou3,tiǎo|tǒu
6052,斣,U+65A3,dou4,dòu
6053,斤,U+65A4,jin1,jīn
6054,斥,U+65A5,chi4|che4|zhe4,chì|chè|zhè
6055,斦,U+65A6,yin2|zhi4,yín|zhì
6056,斧,U+65A7,fu3,fǔ
6057,斨,U+65A8,qiang1,qiāng
6058,斩,U+65A9,zhan3,zhǎn
6059,斪,U+65AA,qu2,qú
6060,斫,U+65AB,zhuo2|chuo4,zhuó|chuò
6061,斬,U+65AC,zhan3|zhan4,zhǎn|zhàn
6062,断,U+65AD,duan4,duàn
6063,斮,U+65AE,cuo4|zhuo2,cuò|zhuó
6064,斯,U+65AF,si1|shi3,sī|shǐ
6065,新,U+65B0,xin1,xīn
6066,斱,U+65B1,zhuo2,zhuó
6067,斲,U+65B2,zhuo2,zhuó
6068,斳,U+65B3,qin2|jin3,qín|jǐn
6069,斴,U+65B4,lin2,lín
6070,斵,U+65B5,zhuo2,zhuó
6071,斶,U+65B6,chu4,chù
6072,斷,U+65B7,duan4,duàn
6073,斸,U+65B8,zhu3|zhu2,zhǔ|zhú
6074,方,U+65B9,fang1|fang2|fang3|pang2|wang3|feng1,fāng|fáng|fǎng|páng|wǎng|fēng
6075,斺,U+65BA,chan3|jie4,chǎn|jiè
6076,斻,U+65BB,hang2,háng
6077,於,U+65BC,yu2|yu1|wu1,yú|yū|wū
6078,施,U+65BD,shi1|yi4|shi3,shī|yì|shǐ
6079,斾,U+65BE,pei4,pèi
6080,斿,U+65BF,you2|liu2,yóu|liú
6081,旀,U+65C0,mei4,mèi
6082,旁,U+65C1,pang2|peng1|beng1|bang4,páng|pēng|bēng|bàng
6083,旂,U+65C2,qi2,qí
6084,旃,U+65C3,zhan1,zhān
6085,旄,U+65C4,mao2|mao4|wu4,máo|mào|wù
6086,旅,U+65C5,lv3,lǚ
6087,旆,U+65C6,pei4,pèi
6088,旇,U+65C7,pi1|bi4,pī|bì
6089,旈,U+65C8,liu2,liú
6090,旉,U+65C9,fu1,fū
6091,旊,U+65CA,fang3,fǎng
6092,旋,U+65CB,xuan2|xuan4,xuán|xuàn
6093,旌,U+65CC,jing1,jīng
6094,旍,U+65CD,jing1,jīng
6095,旎,U+65CE,ni3,nǐ
6096,族,U+65CF,zu2|sou3|cou4|zou4,zú|sǒu|còu|zòu
6097,旐,U+65D0,zhao4,zhào
6098,旑,U+65D1,yi3,yǐ
6099,旒,U+65D2,liu2,liú
6100,旓,U+65D3,shao1,shāo
6101,旔,U+65D4,jian4,jiàn
6102,旕,U+65D5,yu2,yú
6103,旖,U+65D6,yi3,yǐ
6104,旗,U+65D7,qi2,qí
6105,旘,U+65D8,zhi4,zhì
6106,旙,U+65D9,fan1,fān
6107,旚,U+65DA,piao1,piāo
6108,旛,U+65DB,fan1,fān
6109,旜,U+65DC,zhan1,zhān
6110,旝,U+65DD,kuai4,kuài
6111,旞,U+65DE,sui4,suì
6112,旟,U+65DF,yu2,yú
6113,无,U+65E0,wu2|mo2,wú|mó
6114,旡,U+65E1,ji4,jì
6115,既,U+65E2,ji4|xi4,jì|xì
6116,旣,U+65E3,ji4,jì
6117,旤,U+65E4,huo4,huò
6118,日,U+65E5,ri4,rì
6119,旦,U+65E6,dan4,dàn
6120,旧,U+65E7,jiu4,jiù
6121,旨,U+65E8,zhi3,zhǐ
6122,早,U+65E9,zao3,zǎo
6123,旪,U+65EA,xie2,xié
6124,旫,U+65EB,tiao1,tiāo
6125,旬,U+65EC,xun2|jun1,xún|jūn
6126,旭,U+65ED,xu4,xù
6127,旮,U+65EE,ga1|xu4,gā|xù
6128,旯,U+65EF,la2,lá
6129,旰,U+65F0,gan4|han4,gàn|hàn
6130,旱,U+65F1,han4,hàn
6131,旲,U+65F2,tai2|ying1,tái|yīng
6132,旳,U+65F3,di4,dì
6133,旴,U+65F4,xu1,xū
6134,旵,U+65F5,chan3,chǎn
6135,时,U+65F6,shi2,shí
6136,旷,U+65F7,kuang4,kuàng
6137,旸,U+65F8,yang2,yáng
6138,旹,U+65F9,shi2,shí
6139,旺,U+65FA,wang4,wàng
6140,旻,U+65FB,min2,mín
6141,旼,U+65FC,min2,mín
6142,旽,U+65FD,tun1|zhun4,tūn|zhùn
6143,旾,U+65FE,chun1,chūn
6144,旿,U+65FF,wu3|wu4,wǔ|wù
6145,昀,U+6600,yun2,yún
6146,昁,U+6601,bei4,bèi
6147,昂,U+6602,ang2|yang4,áng|yàng
6148,昃,U+6603,ze4,zè
6149,昄,U+6604,ban3,bǎn
6150,昅,U+6605,jie2,jié
6151,昆,U+6606,kun1|hun2|kun4,kūn|hún|kùn
6152,昇,U+6607,sheng1,shēng
6153,昈,U+6608,hu4,hù
6154,昉,U+6609,fang3,fǎng
6155,昊,U+660A,hao4,hào
6156,昋,U+660B,gui4|jiong3,guì|jiǒng
6157,昌,U+660C,chang1|chang4,chāng|chàng
6158,昍,U+660D,xuan1,xuān
6159,明,U+660E,ming2|meng4,míng|mèng
6160,昏,U+660F,hun1|hun4,hūn|hùn
6161,昐,U+6610,fen1,fēn
6162,昑,U+6611,qin3,qǐn
6163,昒,U+6612,hu1,hū
6164,易,U+6613,yi4,yì
6165,昔,U+6614,xi1|cuo4,xī|cuò
6166,昕,U+6615,xin1|xuan1,xīn|xuān
6167,昖,U+6616,yan2,yán
6168,昗,U+6617,ze4,zè
6169,昘,U+6618,fang3,fǎng
6170,昙,U+6619,tan2|yu4,tán|yù
6171,昚,U+661A,shen4,shèn
6172,昛,U+661B,ju4,jù
6173,昜,U+661C,yang2,yáng
6174,昝,U+661D,zan3,zǎn
6175,昞,U+661E,bing3|fang3,bǐng|fǎng
6176,星,U+661F,xing1,xīng
6177,映,U+6620,ying4|yang3,yìng|yǎng
6178,昡,U+6621,xuan4,xuàn
6179,昢,U+6622,po4|pei4,pò|pèi
6180,昣,U+6623,zhen3,zhěn
6181,昤,U+6624,ling2,líng
6182,春,U+6625,chun1|chun3,chūn|chǔn
6183,昦,U+6626,hao4,hào
6184,昧,U+6627,mei4|wen3|mo4,mèi|wěn|mò
6185,昨,U+6628,zuo2,zuó
6186,昩,U+6629,mo4,mò
6187,昪,U+662A,bian4,biàn
6188,昫,U+662B,xu4|xiong3,xù|xiǒng
6189,昬,U+662C,hun1,hūn
6190,昭,U+662D,zhao1|zhao4,zhāo|zhào
6191,昮,U+662E,zong4,zòng
6192,是,U+662F,shi4|ti2,shì|tí
6193,昰,U+6630,shi4|xia4,shì|xià
6194,昱,U+6631,yu4,yù
6195,昲,U+6632,fei4,fèi
6196,昳,U+6633,die2|die4|yi4,dié|diè|yì
6197,昴,U+6634,mao3,mǎo
6198,昵,U+6635,ni4|ni3|zhi4,nì|nǐ|zhì
6199,昶,U+6636,chang3,chǎng
6200,昷,U+6637,wen1,wēn
6201,昸,U+6638,dong1,dōng
6202,昹,U+6639,ai3,ǎi
6203,昺,U+663A,bing3,bǐng
6204,昻,U+663B,ang2,áng
6205,昼,U+663C,zhou4,zhòu
6206,昽,U+663D,long2,lóng
6207,显,U+663E,xian3,xiǎn
6208,昿,U+663F,kuang4,kuàng
6209,晀,U+6640,tiao3,tiǎo
6210,晁,U+6641,chao2|zhao1|chao4,cháo|zhāo|chào
6211,時,U+6642,shi2,shí
6212,晃,U+6643,huang3|huang4,huǎng|huàng
6213,晄,U+6644,huang3,huǎng
6214,晅,U+6645,xuan3|xuan1,xuǎn|xuān
6215,晆,U+6646,kui2,kuí
6216,晇,U+6647,xu1|kua1,xū|kuā
6217,晈,U+6648,jiao3,jiǎo
6218,晉,U+6649,jin4,jìn
6219,晊,U+664A,zhi4,zhì
6220,晋,U+664B,jin4,jìn
6221,晌,U+664C,shang3,shǎng
6222,晍,U+664D,tong2,tóng
6223,晎,U+664E,hong3,hǒng
6224,晏,U+664F,yan4,yàn
6225,晐,U+6650,gai1,gāi
6226,晑,U+6651,xiang3,xiǎng
6227,晒,U+6652,shai4,shài
6228,晓,U+6653,xiao3,xiǎo
6229,晔,U+6654,ye4,yè
6230,晕,U+6655,yun1|yun4,yūn|yùn
6231,晖,U+6656,hui1,huī
6232,晗,U+6657,han2,hán
6233,晘,U+6658,han4,hàn
6234,晙,U+6659,jun4,jùn
6235,晚,U+665A,wan3,wǎn
6236,晛,U+665B,xian4,xiàn
6237,晜,U+665C,kun1,kūn
6238,晝,U+665D,zhou4,zhòu
6239,晞,U+665E,xi1,xī
6240,晟,U+665F,cheng2|sheng4|jing1,chéng|shèng|jīng
6241,晠,U+6660,sheng4,shèng
6242,晡,U+6661,bu1,bū
6243,晢,U+6662,zhe2|zhi4,zhé|zhì
6244,晣,U+6663,zhe2,zhé
6245,晤,U+6664,wu4,wù
6246,晥,U+6665,wan3,wǎn
6247,晦,U+6666,hui4,huì
6248,晧,U+6667,hao4,hào
6249,晨,U+6668,chen2,chén
6250,晩,U+6669,wan3,wǎn
6251,晪,U+666A,tian3,tiǎn
6252,晫,U+666B,zhuo2,zhuó
6253,晬,U+666C,zui4,zuì
6254,晭,U+666D,zhou3,zhǒu
6255,普,U+666E,pu3,pǔ
6256,景,U+666F,jing3|ying3,jǐng|yǐng
6257,晰,U+6670,xi1,xī
6258,晱,U+6671,shan3,shǎn
6259,晲,U+6672,ni3,nǐ
6260,晳,U+6673,xi1,xī
6261,晴,U+6674,qing2,qíng
6262,晵,U+6675,qi3|du4,qǐ|dù
6263,晶,U+6676,jing1,jīng
6264,晷,U+6677,gui3,guǐ
6265,晸,U+6678,zheng3,zhěng
6266,晹,U+6679,yi4,yì
6267,智,U+667A,zhi4|zhi1,zhì|zhī
6268,晻,U+667B,an4|an3|yan3,àn|ǎn|yǎn
6269,晼,U+667C,wan3,wǎn
6270,晽,U+667D,lin2,lín
6271,晾,U+667E,liang4,liàng
6272,晿,U+667F,chang1,chāng
6273,暀,U+6680,wang3|wang4,wǎng|wàng
6274,暁,U+6681,xiao3,xiǎo
6275,暂,U+6682,zan4,zàn
6276,暃,U+6683,fei1,fēi
6277,暄,U+6684,xuan1,xuān
6278,暅,U+6685,geng4|xuan3,gèng|xuǎn
6279,暆,U+6686,yi2,yí
6280,暇,U+6687,xia2|xia4|jia3,xiá|xià|jiǎ
6281,暈,U+6688,yun1|yun4,yūn|yùn
6282,暉,U+6689,hui1,huī
6283,暊,U+668A,xu3,xǔ
6284,暋,U+668B,min3|min2,mǐn|mín
6285,暌,U+668C,kui2,kuí
6286,暍,U+668D,ye1,yē
6287,暎,U+668E,ying4,yìng
6288,暏,U+668F,shu3|du3,shǔ|dǔ
6289,暐,U+6690,wei3,wěi
6290,暑,U+6691,shu3,shǔ
6291,暒,U+6692,qing2,qíng
6292,暓,U+6693,mao4,mào
6293,暔,U+6694,nan2,nán
6294,暕,U+6695,jian3|lan2,jiǎn|lán
6295,暖,U+6696,nuan3|xuan1,nuǎn|xuān
6296,暗,U+6697,an4,àn
6297,暘,U+6698,yang2,yáng
6298,暙,U+6699,chun1,chūn
6299,暚,U+669A,yao2,yáo
6300,暛,U+669B,suo3,suǒ
6301,暜,U+669C,pu3,pǔ
6302,暝,U+669D,ming2,míng
6303,暞,U+669E,jiao3,jiǎo
6304,暟,U+669F,kai3,kǎi
6305,暠,U+66A0,gao3|hao4,gǎo|hào
6306,暡,U+66A1,weng3,wěng
6307,暢,U+66A2,chang4,chàng
6308,暣,U+66A3,qi4,qì
6309,暤,U+66A4,hao4,hào
6310,暥,U+66A5,yan4,yàn
6311,暦,U+66A6,li4,lì
6312,暧,U+66A7,ai4|nuan3,ài|nuǎn
6313,暨,U+66A8,ji4|jie4,jì|jiè
6314,暩,U+66A9,ji4,jì
6315,暪,U+66AA,men4,mèn
6316,暫,U+66AB,zan4,zàn
6317,暬,U+66AC,xie4,xiè
6318,暭,U+66AD,hao4,hào
6319,暮,U+66AE,mu4,mù
6320,暯,U+66AF,mo4,mò
6321,暰,U+66B0,cong1,cōng
6322,暱,U+66B1,ni4,nì
6323,暲,U+66B2,zhang1,zhāng
6324,暳,U+66B3,hui4,huì
6325,暴,U+66B4,bao4|pu4|bo2,bào|pù|bó
6326,暵,U+66B5,han4,hàn
6327,暶,U+66B6,xuan2,xuán
6328,暷,U+66B7,chuan2,chuán
6329,暸,U+66B8,liao2,liáo
6330,暹,U+66B9,xian1,xiān
6331,暺,U+66BA,tan3,tǎn
6332,暻,U+66BB,jing3,jǐng
6333,暼,U+66BC,pie1,piē
6334,暽,U+66BD,lin2,lín
6335,暾,U+66BE,tun1,tūn
6336,暿,U+66BF,xi3|xi1,xǐ|xī
6337,曀,U+66C0,yi4,yì
6338,曁,U+66C1,ji4,jì
6339,曂,U+66C2,huang4,huàng
6340,曃,U+66C3,dai4,dài
6341,曄,U+66C4,ye4,yè
6342,曅,U+66C5,ye4,yè
6343,曆,U+66C6,li4,lì
6344,曇,U+66C7,tan2,tán
6345,曈,U+66C8,tong2,tóng
6346,曉,U+66C9,xiao3,xiǎo
6347,曊,U+66CA,fei4,fèi
6348,曋,U+66CB,shen3,shěn
6349,曌,U+66CC,zhao4,zhào
6350,曍,U+66CD,hao4,hào
6351,曎,U+66CE,yi4,yì
6352,曏,U+66CF,xiang3|xiang4|shang3,xiǎng|xiàng|shǎng
6353,曐,U+66D0,xing1,xīng
6354,曑,U+66D1,shen1,shēn
6355,曒,U+66D2,jiao3,jiǎo
6356,曓,U+66D3,bao4,bào
6357,曔,U+66D4,jing4,jìng
6358,曕,U+66D5,yan4,yàn
6359,曖,U+66D6,ai4,ài
6360,曗,U+66D7,ye4,yè
6361,曘,U+66D8,ru2,rú
6362,曙,U+66D9,shu3,shǔ
6363,曚,U+66DA,meng2,méng
6364,曛,U+66DB,xun1,xūn
6365,曜,U+66DC,yao4,yào
6366,曝,U+66DD,pu4|bao4,pù|bào
6367,曞,U+66DE,li4,lì
6368,曟,U+66DF,chen2,chén
6369,曠,U+66E0,kuang4,kuàng
6370,曡,U+66E1,die2,dié
6371,曢,U+66E2,liao3,liǎo
6372,曣,U+66E3,yan4,yàn
6373,曤,U+66E4,huo4,huò
6374,曥,U+66E5,lu2,lú
6375,曦,U+66E6,xi1,xī
6376,曧,U+66E7,rong2,róng
6377,曨,U+66E8,long2,lóng
6378,曩,U+66E9,nang3,nǎng
6379,曪,U+66EA,luo3,luǒ
6380,曫,U+66EB,luan2,luán
6381,曬,U+66EC,shai4,shài
6382,曭,U+66ED,tang3,tǎng
6383,曮,U+66EE,yan3,yǎn
6384,曯,U+66EF,zhu2,zhú
6385,曰,U+66F0,yue1,yuē
6386,曱,U+66F1,yue1,yuē
6387,曲,U+66F2,qu1|qu3,qū|qǔ
6388,曳,U+66F3,ye4,yè
6389,更,U+66F4,geng4|geng1,gèng|gēng
6390,曵,U+66F5,ye4,yè
6391,曶,U+66F6,hu1,hū
6392,曷,U+66F7,he2|e4|he4,hé|è|hè
6393,書,U+66F8,shu1,shū
6394,曹,U+66F9,cao2,cáo
6395,曺,U+66FA,cao2,cáo
6396,曻,U+66FB,sheng1,shēng
6397,曼,U+66FC,man4,màn
6398,曽,U+66FD,ceng1,cēng
6399,曾,U+66FE,ceng2|zeng1,céng|zēng
6400,替,U+66FF,ti4,tì
6401,最,U+6700,zui4|cuo1,zuì|cuō
6402,朁,U+6701,can3|qian2|jian4,cǎn|qián|jiàn
6403,朂,U+6702,xu4,xù
6404,會,U+6703,hui4|kuai4|kuo4,huì|kuài|kuò
6405,朄,U+6704,yin3,yǐn
6406,朅,U+6705,qie4,qiè
6407,朆,U+6706,fen1,fēn
6408,朇,U+6707,pi2,pí
6409,月,U+6708,yue4|ru4,yuè|rù
6410,有,U+6709,you3|you4|wei3,yǒu|yòu|wěi
6411,朊,U+670A,ruan3|wan3,ruǎn|wǎn
6412,朋,U+670B,peng2,péng
6413,朌,U+670C,fen2|ban1,fén|bān
6414,服,U+670D,fu2|fu4|bi4|bo2,fú|fù|bì|bó
6415,朎,U+670E,ling2,líng
6416,朏,U+670F,fei3|ku1,fěi|kū
6417,朐,U+6710,qu2|xu1|xu4|chun3,qú|xū|xù|chǔn
6418,朑,U+6711,ti4,tì
6419,朒,U+6712,nv4,nǜ
6420,朓,U+6713,tiao3|tiao4|you2,tiǎo|tiào|yóu
6421,朔,U+6714,shuo4,shuò
6422,朕,U+6715,zhen4,zhèn
6423,朖,U+6716,lang3,lǎng
6424,朗,U+6717,lang3,lǎng
6425,朘,U+6718,zui1|juan1,zuī|juān
6426,朙,U+6719,ming2,míng
6427,朚,U+671A,huang1|mang2|wang2|meng4,huāng|máng|wáng|mèng
6428,望,U+671B,wang4,wàng
6429,朜,U+671C,tun1,tūn
6430,朝,U+671D,chao2|zhao1|zhu1,cháo|zhāo|zhū
6431,朞,U+671E,ji1|qi1,jī|qī
6432,期,U+671F,qi1|ji1,qī|jī
6433,朠,U+6720,ying1,yīng
6434,朡,U+6721,zong1,zōng
6435,朢,U+6722,wang4,wàng
6436,朣,U+6723,tong2|chuang2,tóng|chuáng
6437,朤,U+6724,lang3,lǎng
6438,朥,U+6725,lao2,láo
6439,朦,U+6726,meng2|mang3,méng|mǎng
6440,朧,U+6727,long2|long3,lóng|lǒng
6441,木,U+6728,mu4,mù
6442,朩,U+6729,deng3,děng
6443,未,U+672A,wei4,wèi
6444,末,U+672B,mo4|me,mò|me
6445,本,U+672C,ben3|ben1,běn|bēn
6446,札,U+672D,zha2|ya4,zhá|yà
6447,朮,U+672E,shu4|zhu2,shù|zhú
6448,术,U+672F,shu4|zhu2|shu2,shù|zhú|shú
6449,朰,U+6730,mu4,mù
6450,朱,U+6731,zhu1|shu1,zhū|shū
6451,朲,U+6732,ren2,rén
6452,朳,U+6733,ba1,bā
6453,朴,U+6734,pu3|piao2|po4|pu1|po1,pǔ|piáo|pò|pū|pō
6454,朵,U+6735,duo3,duǒ
6455,朶,U+6736,duo3,duǒ
6456,朷,U+6737,dao1|mu4|tiao2,dāo|mù|tiáo
6457,朸,U+6738,li4,lì
6458,朹,U+6739,gui3|qiu2,guǐ|qiú
6459,机,U+673A,ji1|wei4,jī|wèi
6460,朻,U+673B,jiu1,jiū
6461,朼,U+673C,bi3,bǐ
6462,朽,U+673D,xiu3,xiǔ
6463,朾,U+673E,cheng2|zheng1|cheng1|ting1,chéng|zhēng|chēng|tīng
6464,朿,U+673F,ci4,cì
6465,杀,U+6740,sha1,shā
6466,杁,U+6741,ru4,rù
6467,杂,U+6742,za2|duo3,zá|duǒ
6468,权,U+6743,quan2,quán
6469,杄,U+6744,qian1,qiān
6470,杅,U+6745,yu2|wu1,yú|wū
6471,杆,U+6746,gan1|gan3|gan4,gān|gǎn|gàn
6472,杇,U+6747,wu1,wū
6473,杈,U+6748,cha1|cha4,chā|chà
6474,杉,U+6749,shan1|sha1,shān|shā
6475,杊,U+674A,xun2,xún
6476,杋,U+674B,fan2,fán
6477,杌,U+674C,wu4|wo4,wù|wò
6478,杍,U+674D,zi3,zǐ
6479,李,U+674E,li3,lǐ
6480,杏,U+674F,xing4,xìng
6481,材,U+6750,cai2,cái
6482,村,U+6751,cun1,cūn
6483,杒,U+6752,ren4|er2,rèn|ér
6484,杓,U+6753,biao1|shao2|shuo2|di2|zhuo2,biāo|sháo|shuó|dí|zhuó
6485,杔,U+6754,tuo1|zhe2,tuō|zhé
6486,杕,U+6755,di4|duo4,dì|duò
6487,杖,U+6756,zhang4,zhàng
6488,杗,U+6757,mang2,máng
6489,杘,U+6758,chi4,chì
6490,杙,U+6759,yi4,yì
6491,杚,U+675A,gai4|ge2,gài|gé
6492,杛,U+675B,gong1,gōng
6493,杜,U+675C,du4|du3|tu2,dù|dǔ|tú
6494,杝,U+675D,li2|zhi4|yi2|tuo4|duo4,lí|zhì|yí|tuò|duò
6495,杞,U+675E,qi3,qǐ
6496,束,U+675F,shu4,shù
6497,杠,U+6760,gang1|gang4|gong1,gāng|gàng|gōng
6498,条,U+6761,tiao2,tiáo
6499,杢,U+6762,jie2,jié
6500,杣,U+6763,mian2|shan1,mián|shān
6501,杤,U+6764,wan4,wàn
6502,来,U+6765,lai2,lái
6503,杦,U+6766,jiu3,jiǔ
6504,杧,U+6767,mang2,máng
6505,杨,U+6768,yang2,yáng
6506,杩,U+6769,ma4,mà
6507,杪,U+676A,miao3,miǎo
6508,杫,U+676B,si4|zhi3|xi3,sì|zhǐ|xǐ
6509,杬,U+676C,yuan2|yuan4,yuán|yuàn
6510,杭,U+676D,hang2|kang4|kang1,háng|kàng|kāng
6511,杮,U+676E,fei4|bei4,fèi|bèi
6512,杯,U+676F,bei1,bēi
6513,杰,U+6770,jie2,jié
6514,東,U+6771,dong1,dōng
6515,杲,U+6772,gao3,gǎo
6516,杳,U+6773,yao3,yǎo
6517,杴,U+6774,xian1|qian1,xiān|qiān
6518,杵,U+6775,chu3,chǔ
6519,杶,U+6776,chun1,chūn
6520,杷,U+6777,pa2|ba4,pá|bà
6521,杸,U+6778,shu1|dui4,shū|duì
6522,杹,U+6779,hua4,huà
6523,杺,U+677A,xin1,xīn
6524,杻,U+677B,chou3|niu3,chǒu|niǔ
6525,杼,U+677C,zhu4|shu4,zhù|shù
6526,杽,U+677D,chou3,chǒu
6527,松,U+677E,song1,sōng
6528,板,U+677F,ban3,bǎn
6529,枀,U+6780,song1,sōng
6530,极,U+6781,ji2,jí
6531,枂,U+6782,wo4|yue4,wò|yuè
6532,枃,U+6783,jin4,jìn
6533,构,U+6784,gou4,gòu
6534,枅,U+6785,ji1,jī
6535,枆,U+6786,mao2,máo
6536,枇,U+6787,pi2|bi3|bi4|pi1,pí|bǐ|bì|pī
6537,枈,U+6788,bi4|pi1,bì|pī
6538,枉,U+6789,wang3|kuang2,wǎng|kuáng
6539,枊,U+678A,ang4,àng
6540,枋,U+678B,fang1|fang3|bing3,fāng|fǎng|bǐng
6541,枌,U+678C,fen2,fén
6542,枍,U+678D,yi4,yì
6543,枎,U+678E,fu2|fu1,fú|fū
6544,枏,U+678F,nan2,nán
6545,析,U+6790,xi1|si1,xī|sī
6546,枑,U+6791,hu4,hù
6547,枒,U+6792,ya1|ye1|ya2|ya4,yā|yē|yá|yà
6548,枓,U+6793,dou3|zhu3,dǒu|zhǔ
6549,枔,U+6794,xin2,xín
6550,枕,U+6795,zhen3|chen2,zhěn|chén
6551,枖,U+6796,yao1|yao3,yāo|yǎo
6552,林,U+6797,lin2,lín
6553,枘,U+6798,rui4|nen4,ruì|nèn
6554,枙,U+6799,e3|e4,ě|è
6555,枚,U+679A,mei2,méi
6556,枛,U+679B,zhao4,zhào
6557,果,U+679C,guo3|luo3|guan4,guǒ|luǒ|guàn
6558,枝,U+679D,zhi1|qi2,zhī|qí
6559,枞,U+679E,cong1|zong1,cōng|zōng
6560,枟,U+679F,yun4,yùn
6561,枠,U+67A0,hua4,huà
6562,枡,U+67A1,sheng1,shēng
6563,枢,U+67A2,shu1,shū
6564,枣,U+67A3,zao3,zǎo
6565,枤,U+67A4,di4,dì
6566,枥,U+67A5,li4,lì
6567,枦,U+67A6,lu2,lú
6568,枧,U+67A7,jian3,jiǎn
6569,枨,U+67A8,cheng2,chéng
6570,枩,U+67A9,song1,sōng
6571,枪,U+67AA,qiang1,qiāng
6572,枫,U+67AB,feng1,fēng
6573,枬,U+67AC,zhan1,zhān
6574,枭,U+67AD,xiao1,xiāo
6575,枮,U+67AE,xian1|zhen1,xiān|zhēn
6576,枯,U+67AF,ku1|gu1,kū|gū
6577,枰,U+67B0,ping2,píng
6578,枱,U+67B1,tai2|si4|ci2,tái|sì|cí
6579,枲,U+67B2,xi3,xǐ
6580,枳,U+67B3,zhi3|zhi1,zhǐ|zhī
6581,枴,U+67B4,guai3,guǎi
6582,枵,U+67B5,xiao1,xiāo
6583,架,U+67B6,jia4,jià
6584,枷,U+67B7,jia1|jia4,jiā|jià
6585,枸,U+67B8,gou3|gou1|ju3|qu2,gǒu|gōu|jǔ|qú
6586,枹,U+67B9,bao1|fu2,bāo|fú
6587,枺,U+67BA,mo4,mò
6588,枻,U+67BB,yi4|xie4,yì|xiè
6589,枼,U+67BC,ye4,yè
6590,枽,U+67BD,ye4,yè
6591,枾,U+67BE,shi4,shì
6592,枿,U+67BF,nie4,niè
6593,柀,U+67C0,bi3,bǐ
6594,柁,U+67C1,duo4|tuo2|tuo3,duò|tuó|tuǒ
6595,柂,U+67C2,yi2|duo4|li2,yí|duò|lí
6596,柃,U+67C3,ling2,líng
6597,柄,U+67C4,bing3,bǐng
6598,柅,U+67C5,ni3|chi4,nǐ|chì
6599,柆,U+67C6,la1,lā
6600,柇,U+67C7,he2,hé
6601,柈,U+67C8,ban4|pan2|pan4,bàn|pán|pàn
6602,柉,U+67C9,fan2,fán
6603,柊,U+67CA,zhong1,zhōng
6604,柋,U+67CB,dai4,dài
6605,柌,U+67CC,ci2,cí
6606,柍,U+67CD,yang3|yang4|ying1,yǎng|yàng|yīng
6607,柎,U+67CE,fu1|fu3|fu4,fū|fǔ|fù
6608,柏,U+67CF,bai3|bo2|bo4,bǎi|bó|bò
6609,某,U+67D0,mou3|mei2,mǒu|méi
6610,柑,U+67D1,gan1|qian2,gān|qián
6611,柒,U+67D2,qi1,qī
6612,染,U+67D3,ran3,rǎn
6613,柔,U+67D4,rou2,róu
6614,柕,U+67D5,mao4,mào
6615,柖,U+67D6,shao2|shao4,sháo|shào
6616,柗,U+67D7,song1,sōng
6617,柘,U+67D8,zhe4,zhè
6618,柙,U+67D9,xia2|jia3,xiá|jiǎ
6619,柚,U+67DA,you4|you2|zhou2,yòu|yóu|zhóu
6620,柛,U+67DB,shen1,shēn
6621,柜,U+67DC,gui4|ju3,guì|jǔ
6622,柝,U+67DD,tuo4,tuò
6623,柞,U+67DE,zha4|zuo4|ze2,zhà|zuò|zé
6624,柟,U+67DF,nan2|ran2,nán|rán
6625,柠,U+67E0,ning2|chu3|zhu4,níng|chǔ|zhù
6626,柡,U+67E1,yong3,yǒng
6627,柢,U+67E2,di3|di4|chi2,dǐ|dì|chí
6628,柣,U+67E3,zhi4|die2,zhì|dié
6629,柤,U+67E4,zha1|zu3|zu1,zhā|zǔ|zū
6630,查,U+67E5,cha2|zha1|chai2,chá|zhā|chái
6631,柦,U+67E6,dan4,dàn
6632,柧,U+67E7,gu1,gū
6633,柨,U+67E8,bu4|pu1,bù|pū
6634,柩,U+67E9,jiu4,jiù
6635,柪,U+67EA,ao1|ao4,āo|ào
6636,柫,U+67EB,fu2,fú
6637,柬,U+67EC,jian3,jiǎn
6638,柭,U+67ED,ba1|fu2|bo2|bie1|pei4,bā|fú|bó|biē|pèi
6639,柮,U+67EE,duo4|zuo2|wu4,duò|zuó|wù
6640,柯,U+67EF,ke1,kē
6641,柰,U+67F0,nai4,nài
6642,柱,U+67F1,zhu4|zhu3,zhù|zhǔ
6643,柲,U+67F2,bi4|bie2,bì|bié
6644,柳,U+67F3,liu3,liǔ
6645,柴,U+67F4,chai2|ci1|zhai4|zi4,chái|cī|zhài|zì
6646,柵,U+67F5,shan1|zha4,shān|zhà
6647,柶,U+67F6,si4,sì
6648,柷,U+67F7,chu4|zhu4,chù|zhù
6649,柸,U+67F8,pei1|bei1,pēi|bēi
6650,柹,U+67F9,shi4|fei4,shì|fèi
6651,柺,U+67FA,guai3,guǎi
6652,査,U+67FB,zha1,zhā
6653,柼,U+67FC,yao3,yǎo
6654,柽,U+67FD,cheng1|jue2,chēng|jué
6655,柾,U+67FE,jiu4,jiù
6656,柿,U+67FF,shi4,shì
6657,栀,U+6800,zhi1,zhī
6658,栁,U+6801,liu3,liǔ
6659,栂,U+6802,mei2,méi
6660,栃,U+6803,li4,lì
6661,栄,U+6804,rong2,róng
6662,栅,U+6805,zha4|shan1|ce4,zhà|shān|cè
6663,栆,U+6806,zao3,zǎo
6664,标,U+6807,biao1,biāo
6665,栈,U+6808,zhan4,zhàn
6666,栉,U+6809,zhi4,zhì
6667,栊,U+680A,long2,lóng
6668,栋,U+680B,dong4,dòng
6669,栌,U+680C,lu2,lú
6670,栍,U+680D,sheng1,shēng
6671,栎,U+680E,li4|yue4,lì|yuè
6672,栏,U+680F,lan2,lán
6673,栐,U+6810,yong3,yǒng
6674,树,U+6811,shu4,shù
6675,栒,U+6812,xun2|sun3,xún|sǔn
6676,栓,U+6813,shuan1|shuan4|quan2,shuān|shuàn|quán
6677,栔,U+6814,qi4,qì
6678,栕,U+6815,zhen1,zhēn
6679,栖,U+6816,qi1|xi1,qī|xī
6680,栗,U+6817,li4|lie4,lì|liè
6681,栘,U+6818,yi2,yí
6682,栙,U+6819,xiang2,xiáng
6683,栚,U+681A,zhen4,zhèn
6684,栛,U+681B,li4,lì
6685,栜,U+681C,se4|ci4,sè|cì
6686,栝,U+681D,gua1|tian3|kuo4,guā|tiǎn|kuò
6687,栞,U+681E,kan1,kān
6688,栟,U+681F,ben1|bing1,bēn|bīng
6689,栠,U+6820,ren3,rěn
6690,校,U+6821,xiao4|jiao4|jiao3|qiao1,xiào|jiào|jiǎo|qiāo
6691,栢,U+6822,bai3,bǎi
6692,栣,U+6823,ren3,rěn
6693,栤,U+6824,bing4,bìng
6694,栥,U+6825,zi1,zī
6695,栦,U+6826,chou2,chóu
6696,栧,U+6827,yi4,yì
6697,栨,U+6828,ci4,cì
6698,栩,U+6829,xu3|yu3,xǔ|yǔ
6699,株,U+682A,zhu1,zhū
6700,栫,U+682B,jian4|zun4,jiàn|zùn
6701,栬,U+682C,zui4,zuì
6702,栭,U+682D,er2,ér
6703,栮,U+682E,er3,ěr
6704,栯,U+682F,you3|yu4,yǒu|yù
6705,栰,U+6830,fa2,fá
6706,栱,U+6831,gong3,gǒng
6707,栲,U+6832,kao3,kǎo
6708,栳,U+6833,lao3,lǎo
6709,栴,U+6834,zhan1,zhān
6710,栵,U+6835,lie4,liè
6711,栶,U+6836,yin1,yīn
6712,样,U+6837,yang4|yang2,yàng|yáng
6713,核,U+6838,he2|hu2|gai1|kai4,hé|hú|gāi|kài
6714,根,U+6839,gen1,gēn
6715,栺,U+683A,yi4|zhi1|zhi3,yì|zhī|zhǐ
6716,栻,U+683B,shi4,shì
6717,格,U+683C,ge2|luo4|he4|ge1,gé|luò|hè|gē
6718,栽,U+683D,zai1|zai4,zāi|zài
6719,栾,U+683E,luan2,luán
6720,栿,U+683F,fu2,fú
6721,桀,U+6840,jie2,jié
6722,桁,U+6841,heng2|hang2|hang4,héng|háng|hàng
6723,桂,U+6842,gui4,guì
6724,桃,U+6843,tao2|tiao1|zhao4,táo|tiāo|zhào
6725,桄,U+6844,guang1|guang4,guāng|guàng
6726,桅,U+6845,wei2|gui3,wéi|guǐ
6727,框,U+6846,kuang1|kuang4|kuang2,kuāng|kuàng|kuáng
6728,桇,U+6847,ru2,rú
6729,案,U+6848,an4,àn
6730,桉,U+6849,an1|an4,ān|àn
6731,桊,U+684A,juan4|quan1,juàn|quān
6732,桋,U+684B,yi2|ti2,yí|tí
6733,桌,U+684C,zhuo1,zhuō
6734,桍,U+684D,ku1,kū
6735,桎,U+684E,zhi4,zhì
6736,桏,U+684F,qiong2,qióng
6737,桐,U+6850,tong2|tong1|dong4,tóng|tōng|dòng
6738,桑,U+6851,sang1,sāng
6739,桒,U+6852,sang1,sāng
6740,桓,U+6853,huan2,huán
6741,桔,U+6854,ju2|jie2|xie2,jú|jié|xié
6742,桕,U+6855,jiu4,jiù
6743,桖,U+6856,xue4,xuè
6744,桗,U+6857,duo4,duò
6745,桘,U+6858,zhui4,zhuì
6746,桙,U+6859,yu2|mou2,yú|móu
6747,桚,U+685A,zan3,zǎn
6748,桛,U+685B,桛,桛
6749,桜,U+685C,ying1,yīng
6750,桝,U+685D,jie2,jié
6751,桞,U+685E,liu3,liǔ
6752,桟,U+685F,zhan4,zhàn
6753,桠,U+6860,ya1,yā
6754,桡,U+6861,rao2,ráo
6755,桢,U+6862,zhen1,zhēn
6756,档,U+6863,dang4,dàng
6757,桤,U+6864,qi1,qī
6758,桥,U+6865,qiao2,qiáo
6759,桦,U+6866,hua4,huà
6760,桧,U+6867,gui4|hui4,guì|huì
6761,桨,U+6868,jiang3,jiǎng
6762,桩,U+6869,zhuang1,zhuāng
6763,桪,U+686A,xun2,xún
6764,桫,U+686B,suo1,suō
6765,桬,U+686C,sha1,shā
6766,桭,U+686D,zhen1|chen2|zhen4,zhēn|chén|zhèn
6767,桮,U+686E,bei1,bēi
6768,桯,U+686F,ting1|ying2,tīng|yíng
6769,桰,U+6870,kuo4,kuò
6770,桱,U+6871,jing4,jìng
6771,桲,U+6872,po|bo2,po|bó
6772,桳,U+6873,ben4,bèn
6773,桴,U+6874,fu2,fú
6774,桵,U+6875,rui2,ruí
6775,桶,U+6876,tong3,tǒng
6776,桷,U+6877,jue2,jué
6777,桸,U+6878,xi1,xī
6778,桹,U+6879,lang2,láng
6779,桺,U+687A,liu3,liǔ
6780,桻,U+687B,feng1|feng4,fēng|fèng
6781,桼,U+687C,qi1,qī
6782,桽,U+687D,wen3,wěn
6783,桾,U+687E,jun1,jūn
6784,桿,U+687F,gan3|han4,gǎn|hàn
6785,梀,U+6880,su4|yin4,sù|yìn
6786,梁,U+6881,liang2,liáng
6787,梂,U+6882,qiu2,qiú
6788,梃,U+6883,ting3|ting4,tǐng|tìng
6789,梄,U+6884,you3,yǒu
6790,梅,U+6885,mei2,méi
6791,梆,U+6886,bang1,bāng
6792,梇,U+6887,long4,lòng
6793,梈,U+6888,peng1,pēng
6794,梉,U+6889,zhuang1,zhuāng
6795,梊,U+688A,di4,dì
6796,梋,U+688B,xuan1|juan1|xie2,xuān|juān|xié
6797,梌,U+688C,tu2|cha2|tu1,tú|chá|tū
6798,梍,U+688D,zao4,zào
6799,梎,U+688E,ao1|you4,āo|yòu
6800,梏,U+688F,gu4|jue2,gù|jué
6801,梐,U+6890,bi4,bì
6802,梑,U+6891,di2,dí
6803,梒,U+6892,han2,hán
6804,梓,U+6893,zi3,zǐ
6805,梔,U+6894,zhi1,zhī
6806,梕,U+6895,ren4,rèn
6807,梖,U+6896,bei4,bèi
6808,梗,U+6897,geng3,gěng
6809,梘,U+6898,jian3|xian4|jian4,jiǎn|xiàn|jiàn
6810,梙,U+6899,huan4,huàn
6811,梚,U+689A,wan3,wǎn
6812,梛,U+689B,nuo2,nuó
6813,梜,U+689C,jia1,jiā
6814,條,U+689D,tiao2|tiao1,tiáo|tiāo
6815,梞,U+689E,ji4,jì
6816,梟,U+689F,xiao1,xiāo
6817,梠,U+68A0,lv3,lǚ
6818,梡,U+68A1,hun2|kuan3,hún|kuǎn
6819,梢,U+68A2,shao1|shao4|xiao1|sao4,shāo|shào|xiāo|sào
6820,梣,U+68A3,cen2|chen2|qin2,cén|chén|qín
6821,梤,U+68A4,fen2,fén
6822,梥,U+68A5,song1,sōng
6823,梦,U+68A6,meng4,mèng
6824,梧,U+68A7,wu2|wu4|yu3,wú|wù|yǔ
6825,梨,U+68A8,li2,lí
6826,梩,U+68A9,li2|si4|qi3,lí|sì|qǐ
6827,梪,U+68AA,dou4,dòu
6828,梫,U+68AB,qin3|qin1,qǐn|qīn
6829,梬,U+68AC,ying3,yǐng
6830,梭,U+68AD,suo1|xun4,suō|xùn
6831,梮,U+68AE,ju1,jū
6832,梯,U+68AF,ti1|ti2,tī|tí
6833,械,U+68B0,xie4,xiè
6834,梱,U+68B1,kun3|hun2,kǔn|hún
6835,梲,U+68B2,zhuo2,zhuó
6836,梳,U+68B3,shu1,shū
6837,梴,U+68B4,chan1,chān
6838,梵,U+68B5,fan4,fàn
6839,梶,U+68B6,wei3,wěi
6840,梷,U+68B7,jing4,jìng
6841,梸,U+68B8,li2,lí
6842,梹,U+68B9,bin1|bing1,bīn|bīng
6843,梺,U+68BA,xia4,xià
6844,梻,U+68BB,fo2,fó
6845,梼,U+68BC,tao2,táo
6846,梽,U+68BD,zhi4,zhì
6847,梾,U+68BE,lai2,lái
6848,梿,U+68BF,lian2,lián
6849,检,U+68C0,jian3,jiǎn
6850,棁,U+68C1,zhuo1|tuo1|rui4,zhuō|tuō|ruì
6851,棂,U+68C2,ling2,líng
6852,棃,U+68C3,li2,lí
6853,棄,U+68C4,qi4,qì
6854,棅,U+68C5,bing3,bǐng
6855,棆,U+68C6,lun2,lún
6856,棇,U+68C7,cong1|song1,cōng|sōng
6857,棈,U+68C8,qian4,qiàn
6858,棉,U+68C9,mian2,mián
6859,棊,U+68CA,qi2,qí
6860,棋,U+68CB,qi2|ji1,qí|jī
6861,棌,U+68CC,cai4,cài
6862,棍,U+68CD,gun4|hun4|ao1|gun3,gùn|hùn|āo|gǔn
6863,棎,U+68CE,chan2,chán
6864,棏,U+68CF,de2|zhe2,dé|zhé
6865,棐,U+68D0,fei3|fei2,fěi|féi
6866,棑,U+68D1,pai2|bei4|pei4,pái|bèi|pèi
6867,棒,U+68D2,bang4,bàng
6868,棓,U+68D3,bang4|bei4|pou3|pei2|bei1,bàng|bèi|pǒu|péi|bēi
6869,棔,U+68D4,hun1,hūn
6870,棕,U+68D5,zong1,zōng
6871,棖,U+68D6,cheng2|chang2,chéng|cháng
6872,棗,U+68D7,zao3,zǎo
6873,棘,U+68D8,ji2,jí
6874,棙,U+68D9,li4|lie4,lì|liè
6875,棚,U+68DA,peng2,péng
6876,棛,U+68DB,yu4,yù
6877,棜,U+68DC,yu4,yù
6878,棝,U+68DD,gu4,gù
6879,棞,U+68DE,jun4,jùn
6880,棟,U+68DF,dong4,dòng
6881,棠,U+68E0,tang2,táng
6882,棡,U+68E1,gang1,gāng
6883,棢,U+68E2,wang3,wǎng
6884,棣,U+68E3,di4|ti4|dai4,dì|tì|dài
6885,棤,U+68E4,cuo4,cuò
6886,棥,U+68E5,fan2,fán
6887,棦,U+68E6,cheng1,chēng
6888,棧,U+68E7,zhan4|zhan3|chen2,zhàn|zhǎn|chén
6889,棨,U+68E8,qi3,qǐ
6890,棩,U+68E9,yuan1,yuān
6891,棪,U+68EA,yan3|yan4,yǎn|yàn
6892,棫,U+68EB,yu4,yù
6893,棬,U+68EC,quan1|juan4|quan2,quān|juàn|quán
6894,棭,U+68ED,yi4,yì
6895,森,U+68EE,sen1,sēn
6896,棯,U+68EF,ren3|shen3,rěn|shěn
6897,棰,U+68F0,chui2|duo3,chuí|duǒ
6898,棱,U+68F1,leng2|leng1|ling2|leng4|cheng1,léng|lēng|líng|lèng|chēng
6899,棲,U+68F2,qi1|xi1,qī|xī
6900,棳,U+68F3,zhuo1,zhuō
6901,棴,U+68F4,fu2|su4,fú|sù
6902,棵,U+68F5,ke1|kuan3|ke3,kē|kuǎn|kě
6903,棶,U+68F6,lai2,lái
6904,棷,U+68F7,zou1|sou3,zōu|sǒu
6905,棸,U+68F8,zou1,zōu
6906,棹,U+68F9,zhao4|zhuo1,zhào|zhuō
6907,棺,U+68FA,guan1|guan4,guān|guàn
6908,棻,U+68FB,fen1,fēn
6909,棼,U+68FC,fen2|fen4|fen1,fén|fèn|fēn
6910,棽,U+68FD,shen1|chen1,shēn|chēn
6911,棾,U+68FE,qing2,qíng
6912,棿,U+68FF,ni2|nie4,ní|niè
6913,椀,U+6900,wan3,wǎn
6914,椁,U+6901,guo3,guǒ
6915,椂,U+6902,lu4,lù
6916,椃,U+6903,hao2,háo
6917,椄,U+6904,jie1|jie2|qie4,jiē|jié|qiè
6918,椅,U+6905,yi3|yi1,yǐ|yī
6919,椆,U+6906,chou2|zhou4|diao1,chóu|zhòu|diāo
6920,椇,U+6907,ju3,jǔ
6921,椈,U+6908,ju2,jú
6922,椉,U+6909,cheng2|sheng4,chéng|shèng
6923,椊,U+690A,zuo2|cui4,zuó|cuì
6924,椋,U+690B,liang2,liáng
6925,椌,U+690C,qiang1|kong1,qiāng|kōng
6926,植,U+690D,zhi2,zhí
6927,椎,U+690E,chui2|zhui1,chuí|zhuī
6928,椏,U+690F,ya1|e3,yā|ě
6929,椐,U+6910,ju1,jū
6930,椑,U+6911,bei1|pi2|bi4|pai2,bēi|pí|bì|pái
6931,椒,U+6912,jiao1,jiāo
6932,椓,U+6913,zhuo2,zhuó
6933,椔,U+6914,zi1,zī
6934,椕,U+6915,bin1,bīn
6935,椖,U+6916,peng2,péng
6936,椗,U+6917,ding4,dìng
6937,椘,U+6918,chu3,chǔ
6938,椙,U+6919,chang1,chāng
6939,椚,U+691A,men1,mēn
6940,椛,U+691B,hua1,huā
6941,検,U+691C,jian3,jiǎn
6942,椝,U+691D,gui1,guī
6943,椞,U+691E,xi4,xì
6944,椟,U+691F,du2,dú
6945,椠,U+6920,qian4,qiàn
6946,椡,U+6921,dao4,dào
6947,椢,U+6922,gui4,guì
6948,椣,U+6923,dian3,diǎn
6949,椤,U+6924,luo2,luó
6950,椥,U+6925,zhi1,zhī
6951,椦,U+6926,quan,quan
6952,椧,U+6927,ming4,mìng
6953,椨,U+6928,fu3,fǔ
6954,椩,U+6929,geng1,gēng
6955,椪,U+692A,peng4,pèng
6956,椫,U+692B,shan4,shàn
6957,椬,U+692C,yi2,yí
6958,椭,U+692D,tuo3,tuǒ
6959,椮,U+692E,sen1,sēn
6960,椯,U+692F,duo3|chuan2,duǒ|chuán
6961,椰,U+6930,ye1,yē
6962,椱,U+6931,fu4,fù
6963,椲,U+6932,wei3|hui1,wěi|huī
6964,椳,U+6933,wei1,wēi
6965,椴,U+6934,duan4,duàn
6966,椵,U+6935,jia3|jia1,jiǎ|jiā
6967,椶,U+6936,zong1,zōng
6968,椷,U+6937,jian1|han2,jiān|hán
6969,椸,U+6938,yi2,yí
6970,椹,U+6939,shen4|zhen1,shèn|zhēn
6971,椺,U+693A,xi2,xí
6972,椻,U+693B,yan4|ya4,yàn|yà
6973,椼,U+693C,yan3,yǎn
6974,椽,U+693D,chuan2,chuán
6975,椾,U+693E,jian1|zhan4,jiān|zhàn
6976,椿,U+693F,chun1,chūn
6977,楀,U+6940,yu3,yǔ
6978,楁,U+6941,he2,hé
6979,楂,U+6942,zha1|cha2,zhā|chá
6980,楃,U+6943,wo4,wò
6981,楄,U+6944,pian2,pián
6982,楅,U+6945,bi1,bī
6983,楆,U+6946,yao1,yāo
6984,楇,U+6947,huo4|guo1|kua3,huò|guō|kuǎ
6985,楈,U+6948,xu1,xū
6986,楉,U+6949,ruo4,ruò
6987,楊,U+694A,yang2,yáng
6988,楋,U+694B,la4,là
6989,楌,U+694C,yan2,yán
6990,楍,U+694D,ben3,běn
6991,楎,U+694E,hui1,huī
6992,楏,U+694F,kui2,kuí
6993,楐,U+6950,jie4,jiè
6994,楑,U+6951,kui2,kuí
6995,楒,U+6952,si1,sī
6996,楓,U+6953,feng1|fan2,fēng|fán
6997,楔,U+6954,xie1|xie4,xiē|xiè
6998,楕,U+6955,tuo3,tuǒ
6999,楖,U+6956,zhi4|ji2,zhì|jí
7000,楗,U+6957,jian4|jian3,jiàn|jiǎn
7001,楘,U+6958,mu4,mù
7002,楙,U+6959,mao4,mào
7003,楚,U+695A,chu3,chǔ
7004,楛,U+695B,hu4|ku3,hù|kǔ
7005,楜,U+695C,hu2,hú
7006,楝,U+695D,lian4,liàn
7007,楞,U+695E,leng2|leng4,léng|lèng
7008,楟,U+695F,ting2,tíng
7009,楠,U+6960,nan2,nán
7010,楡,U+6961,yu2,yú
7011,楢,U+6962,you2|you3,yóu|yǒu
7012,楣,U+6963,mei2|mei3,méi|měi
7013,楤,U+6964,song3|cong1,sǒng|cōng
7014,楥,U+6965,xuan4|yuan2,xuàn|yuán
7015,楦,U+6966,xuan4,xuàn
7016,楧,U+6967,yang3,yǎng
7017,楨,U+6968,zhen1,zhēn
7018,楩,U+6969,pian2,pián
7019,楪,U+696A,ye4|die2,yè|dié
7020,楫,U+696B,ji2,jí
7021,楬,U+696C,jie2|qia4,jié|qià
7022,業,U+696D,ye4,yè
7023,楮,U+696E,chu3|zhu1,chǔ|zhū
7024,楯,U+696F,dun4|shun3|chun1,dùn|shǔn|chūn
7025,楰,U+6970,yu2,yú
7026,楱,U+6971,zou4|cou1,zòu|cōu
7027,楲,U+6972,wei1,wēi
7028,楳,U+6973,mei2,méi
7029,楴,U+6974,ti4|di3|shi4,tì|dǐ|shì
7030,極,U+6975,ji2|ji3,jí|jǐ
7031,楶,U+6976,jie2,jié
7032,楷,U+6977,kai3|jie1|jie4,kǎi|jiē|jiè
7033,楸,U+6978,qiu1,qiū
7034,楹,U+6979,ying2,yíng
7035,楺,U+697A,rou3|rou4,rǒu|ròu
7036,楻,U+697B,huang2,huáng
7037,楼,U+697C,lou2,lóu
7038,楽,U+697D,le4,lè
7039,楾,U+697E,quan2,quán
7040,楿,U+697F,xiang1,xiāng
7041,榀,U+6980,pin3,pǐn
7042,榁,U+6981,shi3,shǐ
7043,概,U+6982,gai4|gui4|jie2,gài|guì|jié
7044,榃,U+6983,tan2,tán
7045,榄,U+6984,lan3,lǎn
7046,榅,U+6985,wen1|yun4,wēn|yùn
7047,榆,U+6986,yu2,yú
7048,榇,U+6987,chen4,chèn
7049,榈,U+6988,lv2,lǘ
7050,榉,U+6989,ju3,jǔ
7051,榊,U+698A,shen2,shén
7052,榋,U+698B,chu,chu
7053,榌,U+698C,bi1,bī
7054,榍,U+698D,xie4,xiè
7055,榎,U+698E,jia3,jiǎ
7056,榏,U+698F,yi4,yì
7057,榐,U+6990,zhan3|chan3|nian4|zhen4,zhǎn|chǎn|niàn|zhèn
7058,榑,U+6991,fu2|fu4|bo2,fú|fù|bó
7059,榒,U+6992,nuo4,nuò
7060,榓,U+6993,mi4,mì
7061,榔,U+6994,lang2|lang3,láng|lǎng
7062,榕,U+6995,rong2,róng
7063,榖,U+6996,gu3,gǔ
7064,榗,U+6997,jian4|jin4,jiàn|jìn
7065,榘,U+6998,ju3,jǔ
7066,榙,U+6999,ta1,tā
7067,榚,U+699A,yao3,yǎo
7068,榛,U+699B,zhen1,zhēn
7069,榜,U+699C,bang3|beng1|bang4|pang2|peng2,bǎng|bēng|bàng|páng|péng
7070,榝,U+699D,sha1|xie4,shā|xiè
7071,榞,U+699E,yuan2,yuán
7072,榟,U+699F,zi3,zǐ
7073,榠,U+69A0,ming2,míng
7074,榡,U+69A1,su4,sù
7075,榢,U+69A2,jia4,jià
7076,榣,U+69A3,yao2,yáo
7077,榤,U+69A4,jie2,jié
7078,榥,U+69A5,huang4,huàng
7079,榦,U+69A6,gan4|han2,gàn|hán
7080,榧,U+69A7,fei3,fěi
7081,榨,U+69A8,zha4,zhà
7082,榩,U+69A9,qian2,qián
7083,榪,U+69AA,ma4|ma3,mà|mǎ
7084,榫,U+69AB,sun3,sǔn
7085,榬,U+69AC,yuan2,yuán
7086,榭,U+69AD,xie4,xiè
7087,榮,U+69AE,rong2,róng
7088,榯,U+69AF,shi2,shí
7089,榰,U+69B0,zhi1,zhī
7090,榱,U+69B1,cui1,cuī
7091,榲,U+69B2,wen1,wēn
7092,榳,U+69B3,ting2,tíng
7093,榴,U+69B4,liu2,liú
7094,榵,U+69B5,rong2,róng
7095,榶,U+69B6,tang2,táng
7096,榷,U+69B7,que4,què
7097,榸,U+69B8,zhai1,zhāi
7098,榹,U+69B9,si1,sī
7099,榺,U+69BA,sheng4,shèng
7100,榻,U+69BB,ta4,tà
7101,榼,U+69BC,ke1,kē
7102,榽,U+69BD,xi1,xī
7103,榾,U+69BE,gu3,gǔ
7104,榿,U+69BF,qi1,qī
7105,槀,U+69C0,gao3|kao4,gǎo|kào
7106,槁,U+69C1,gao3|kao4|gao1,gǎo|kào|gāo
7107,槂,U+69C2,sun1,sūn
7108,槃,U+69C3,pan2,pán
7109,槄,U+69C4,tao1,tāo
7110,槅,U+69C5,ge2,gé
7111,槆,U+69C6,chun1,chūn
7112,槇,U+69C7,dian1|zhen3|zhen1,diān|zhěn|zhēn
7113,槈,U+69C8,nou4,nòu
7114,槉,U+69C9,ji2,jí
7115,槊,U+69CA,shuo4,shuò
7116,構,U+69CB,gou4|jue2,gòu|jué
7117,槌,U+69CC,chui2|zhui4|dui1,chuí|zhuì|duī
7118,槍,U+69CD,qiang1|cheng1|qiang3,qiāng|chēng|qiǎng
7119,槎,U+69CE,cha2,chá
7120,槏,U+69CF,qian3|xian4|lian2,qiǎn|xiàn|lián
7121,槐,U+69D0,huai2,huái
7122,槑,U+69D1,mei2,méi
7123,槒,U+69D2,xu4,xù
7124,槓,U+69D3,gang4,gàng
7125,槔,U+69D4,gao1,gāo
7126,槕,U+69D5,zhuo1,zhuō
7127,槖,U+69D6,tuo2,tuó
7128,槗,U+69D7,qiao2,qiáo
7129,様,U+69D8,yang4,yàng
7130,槙,U+69D9,dian1,diān
7131,槚,U+69DA,jia3,jiǎ
7132,槛,U+69DB,kan3|jian4,kǎn|jiàn
7133,槜,U+69DC,zui4,zuì
7134,槝,U+69DD,dao3,dǎo
7135,槞,U+69DE,long2,lóng
7136,槟,U+69DF,bin1|bing1,bīn|bīng
7137,槠,U+69E0,zhu1,zhū
7138,槡,U+69E1,sang1,sāng
7139,槢,U+69E2,xi2|die2,xí|dié
7140,槣,U+69E3,ji1|gui1,jī|guī
7141,槤,U+69E4,lian2|lian3,lián|liǎn
7142,槥,U+69E5,hui4,huì
7143,槦,U+69E6,yong1,yōng
7144,槧,U+69E7,qian4,qiàn
7145,槨,U+69E8,guo3,guǒ
7146,槩,U+69E9,gai4,gài
7147,槪,U+69EA,gai4,gài
7148,槫,U+69EB,tuan2|shuan4|quan2,tuán|shuàn|quán
7149,槬,U+69EC,hua4,huà
7150,槭,U+69ED,qi1|qi4|cu4|zu2|se4,qī|qì|cù|zú|sè
7151,槮,U+69EE,sen1|shen3,sēn|shěn
7152,槯,U+69EF,cui1|zui3,cuī|zuǐ
7153,槰,U+69F0,peng2,péng
7154,槱,U+69F1,you3|chao3,yǒu|chǎo
7155,槲,U+69F2,hu2,hú
7156,槳,U+69F3,jiang3|jiang1,jiǎng|jiāng
7157,槴,U+69F4,hu4,hù
7158,槵,U+69F5,huan4,huàn
7159,槶,U+69F6,gui4,guì
7160,槷,U+69F7,nie4|xie4|yi4,niè|xiè|yì
7161,槸,U+69F8,yi4,yì
7162,槹,U+69F9,gao1,gāo
7163,槺,U+69FA,kang1,kāng
7164,槻,U+69FB,gui1,guī
7165,槼,U+69FC,gui1,guī
7166,槽,U+69FD,cao2|zao1,cáo|zāo
7167,槾,U+69FE,man4|wan4|man2,màn|wàn|mán
7168,槿,U+69FF,jin3|qin2,jǐn|qín
7169,樀,U+6A00,di2|zhi2|zhe2|di1,dí|zhí|zhé|dī
7170,樁,U+6A01,zhuang1|chong1,zhuāng|chōng
7171,樂,U+6A02,le4|yue4|yao4|luo4|liao2,lè|yuè|yào|luò|liáo
7172,樃,U+6A03,lang3,lǎng
7173,樄,U+6A04,chen2,chén
7174,樅,U+6A05,cong1|zong1,cōng|zōng
7175,樆,U+6A06,li2|chi1,lí|chī
7176,樇,U+6A07,xiu1,xiū
7177,樈,U+6A08,qing2,qíng
7178,樉,U+6A09,shuang3,shuǎng
7179,樊,U+6A0A,fan2|fan4,fán|fàn
7180,樋,U+6A0B,tong1,tōng
7181,樌,U+6A0C,guan4,guàn
7182,樍,U+6A0D,ze2,zé
7183,樎,U+6A0E,su4,sù
7184,樏,U+6A0F,lei3|lei2,lěi|léi
7185,樐,U+6A10,lu3,lǔ
7186,樑,U+6A11,liang2,liáng
7187,樒,U+6A12,mi4,mì
7188,樓,U+6A13,lou2|lv2,lóu|lǘ
7189,樔,U+6A14,chao2|chao1|jiao3,cháo|chāo|jiǎo
7190,樕,U+6A15,su4,sù
7191,樖,U+6A16,ke1,kē
7192,樗,U+6A17,chu1,chū
7193,樘,U+6A18,tang2|cheng1,táng|chēng
7194,標,U+6A19,biao1|biao4,biāo|biào
7195,樚,U+6A1A,lu4|du2,lù|dú
7196,樛,U+6A1B,jiu1|liao2,jiū|liáo
7197,樜,U+6A1C,zhe4,zhè
7198,樝,U+6A1D,zha1,zhā
7199,樞,U+6A1E,shu1|ou1,shū|ōu
7200,樟,U+6A1F,zhang1,zhāng
7201,樠,U+6A20,man2|lang3,mán|lǎng
7202,模,U+6A21,mo2|mu2,mó|mú
7203,樢,U+6A22,niao3|mu4,niǎo|mù
7204,樣,U+6A23,yang4|xiang4,yàng|xiàng
7205,樤,U+6A24,tiao2,tiáo
7206,樥,U+6A25,peng2,péng
7207,樦,U+6A26,zhu4,zhù
7208,樧,U+6A27,sha1,shā
7209,樨,U+6A28,xi1,xī
7210,権,U+6A29,quan2,quán
7211,横,U+6A2A,heng2|heng4|guang1|guang4|huang2|huang4,héng|hèng|guāng|guàng|huáng|huàng
7212,樫,U+6A2B,jian1,jiān
7213,樬,U+6A2C,cong1,cōng
7214,樭,U+6A2D,ji1,jī
7215,樮,U+6A2E,yan1,yān
7216,樯,U+6A2F,qiang2,qiáng
7217,樰,U+6A30,xue3,xuě
7218,樱,U+6A31,ying1,yīng
7219,樲,U+6A32,er4|zhi4,èr|zhì
7220,樳,U+6A33,xun2,xún
7221,樴,U+6A34,zhi2|yi4,zhí|yì
7222,樵,U+6A35,qiao2,qiáo
7223,樶,U+6A36,zui1,zuī
7224,樷,U+6A37,cong2,cóng
7225,樸,U+6A38,pu3|pu2,pǔ|pú
7226,樹,U+6A39,shu4,shù
7227,樺,U+6A3A,hua4,huà
7228,樻,U+6A3B,kui4,kuì
7229,樼,U+6A3C,zhen1,zhēn
7230,樽,U+6A3D,zun1,zūn
7231,樾,U+6A3E,yue4,yuè
7232,樿,U+6A3F,shan4,shàn
7233,橀,U+6A40,xi1,xī
7234,橁,U+6A41,chun1,chūn
7235,橂,U+6A42,dian4,diàn
7236,橃,U+6A43,fa2|fei4,fá|fèi
7237,橄,U+6A44,gan3,gǎn
7238,橅,U+6A45,mo2,mó
7239,橆,U+6A46,wu3|wu2,wǔ|wú
7240,橇,U+6A47,qiao1,qiāo
7241,橈,U+6A48,rao2|nao2,ráo|náo
7242,橉,U+6A49,lin4,lìn
7243,橊,U+6A4A,liu2,liú
7244,橋,U+6A4B,qiao2|jiao1|jiao4|qiao1|jiao3,qiáo|jiāo|jiào|qiāo|jiǎo
7245,橌,U+6A4C,xian4,xiàn
7246,橍,U+6A4D,run4,rùn
7247,橎,U+6A4E,fan2,fán
7248,橏,U+6A4F,zhan3|jian3,zhǎn|jiǎn
7249,橐,U+6A50,tuo2|du4|luo4,tuó|dù|luò
7250,橑,U+6A51,lao3|liao2,lǎo|liáo
7251,橒,U+6A52,yun2,yún
7252,橓,U+6A53,shun4,shùn
7253,橔,U+6A54,dun1|tui2,dūn|tuí
7254,橕,U+6A55,cheng1,chēng
7255,橖,U+6A56,tang2|cheng1,táng|chēng
7256,橗,U+6A57,meng2,méng
7257,橘,U+6A58,ju2,jú
7258,橙,U+6A59,cheng2|deng4|chen2,chéng|dèng|chén
7259,橚,U+6A5A,su4|xiao1|qiu1,sù|xiāo|qiū
7260,橛,U+6A5B,jue2,jué
7261,橜,U+6A5C,jue2,jué
7262,橝,U+6A5D,dian4|tan2|xin2,diàn|tán|xín
7263,橞,U+6A5E,hui4,huì
7264,機,U+6A5F,ji1,jī
7265,橠,U+6A60,nuo3|nuo2,nuǒ|nuó
7266,橡,U+6A61,xiang4,xiàng
7267,橢,U+6A62,tuo3|duo3,tuǒ|duǒ
7268,橣,U+6A63,ning3,nǐng
7269,橤,U+6A64,rui3,ruǐ
7270,橥,U+6A65,zhu1,zhū
7271,橦,U+6A66,tong2|chuang2|zhong1|chong1,tóng|chuáng|zhōng|chōng
7272,橧,U+6A67,zeng1|ceng2,zēng|céng
7273,橨,U+6A68,fen2|fen4|fei4,fén|fèn|fèi
7274,橩,U+6A69,qiong2,qióng
7275,橪,U+6A6A,ran3|yan1,rǎn|yān
7276,橫,U+6A6B,heng2,héng
7277,橬,U+6A6C,qian2|qin2,qián|qín
7278,橭,U+6A6D,gu1,gū
7279,橮,U+6A6E,liu3,liǔ
7280,橯,U+6A6F,lao4,lào
7281,橰,U+6A70,gao1,gāo
7282,橱,U+6A71,chu2,chú
7283,橲,U+6A72,xi3,xǐ
7284,橳,U+6A73,sheng4,shèng
7285,橴,U+6A74,zi3,zǐ
7286,橵,U+6A75,san,san
7287,橶,U+6A76,ji2,jí
7288,橷,U+6A77,dou1,dōu
7289,橸,U+6A78,jing1,jīng
7290,橹,U+6A79,lu3,lǔ
7291,橺,U+6A7A,jian,jian
7292,橻,U+6A7B,chu,chu
7293,橼,U+6A7C,yuan2,yuán
7294,橽,U+6A7D,ta4,tà
7295,橾,U+6A7E,shu1|qiao1|sao1,shū|qiāo|sāo
7296,橿,U+6A7F,jiang1,jiāng
7297,檀,U+6A80,tan2|shan4,tán|shàn
7298,檁,U+6A81,lin3,lǐn
7299,檂,U+6A82,nong2,nóng
7300,檃,U+6A83,yin3,yǐn
7301,檄,U+6A84,xi2,xí
7302,檅,U+6A85,hui4,huì
7303,檆,U+6A86,shan1,shān
7304,檇,U+6A87,zui4,zuì
7305,檈,U+6A88,xuan2,xuán
7306,檉,U+6A89,cheng1,chēng
7307,檊,U+6A8A,gan4,gàn
7308,檋,U+6A8B,ju2,jú
7309,檌,U+6A8C,zui4,zuì
7310,檍,U+6A8D,yi4,yì
7311,檎,U+6A8E,qin2,qín
7312,檏,U+6A8F,pu3,pǔ
7313,檐,U+6A90,yan2|dan1,yán|dān
7314,檑,U+6A91,lei2|lei4,léi|lèi
7315,檒,U+6A92,feng1,fēng
7316,檓,U+6A93,hui3,huǐ
7317,檔,U+6A94,dang4|dang1,dàng|dāng
7318,檕,U+6A95,ji4,jì
7319,檖,U+6A96,sui4,suì
7320,檗,U+6A97,bo4|bi4,bò|bì
7321,檘,U+6A98,ping2|bo4,píng|bò
7322,檙,U+6A99,cheng2,chéng
7323,檚,U+6A9A,chu3,chǔ
7324,檛,U+6A9B,zhua1,zhuā
7325,檜,U+6A9C,gui4|kuai4|hui4,guì|kuài|huì
7326,檝,U+6A9D,ji2,jí
7327,檞,U+6A9E,jie3|xie4,jiě|xiè
7328,檟,U+6A9F,jia3,jiǎ
7329,檠,U+6AA0,qing2|jing4,qíng|jìng
7330,檡,U+6AA1,zhai2|shi4|tu2,zhái|shì|tú
7331,檢,U+6AA2,jian3,jiǎn
7332,檣,U+6AA3,qiang2,qiáng
7333,檤,U+6AA4,dao4,dào
7334,檥,U+6AA5,yi3,yǐ
7335,檦,U+6AA6,biao3,biǎo
7336,檧,U+6AA7,song1,sōng
7337,檨,U+6AA8,she1,shē
7338,檩,U+6AA9,lin3,lǐn
7339,檪,U+6AAA,li4,lì
7340,檫,U+6AAB,cha2|sa4,chá|sà
7341,檬,U+6AAC,meng2,méng
7342,檭,U+6AAD,yin2,yín
7343,檮,U+6AAE,tao2|chou2|dao4,táo|chóu|dào
7344,檯,U+6AAF,tai2,tái
7345,檰,U+6AB0,mian2,mián
7346,檱,U+6AB1,qi2,qí
7347,檲,U+6AB2,tuan2,tuán
7348,檳,U+6AB3,bin1|bing1,bīn|bīng
7349,檴,U+6AB4,huo4|hua4,huò|huà
7350,檵,U+6AB5,ji4,jì
7351,檶,U+6AB6,qian1,qiān
7352,檷,U+6AB7,ni3|mi2,nǐ|mí
7353,檸,U+6AB8,ning2,níng
7354,檹,U+6AB9,yi1,yī
7355,檺,U+6ABA,gao3,gǎo
7356,檻,U+6ABB,kan3|jian4,kǎn|jiàn
7357,檼,U+6ABC,yin4,yìn
7358,檽,U+6ABD,nou4|ruan3|ru2,nòu|ruǎn|rú
7359,檾,U+6ABE,qing3,qǐng
7360,檿,U+6ABF,yan3,yǎn
7361,櫀,U+6AC0,qi2,qí
7362,櫁,U+6AC1,mi4,mì
7363,櫂,U+6AC2,zhao4|di2,zhào|dí
7364,櫃,U+6AC3,gui4,guì
7365,櫄,U+6AC4,chun1,chūn
7366,櫅,U+6AC5,ji1|ji4,jī|jì
7367,櫆,U+6AC6,kui2,kuí
7368,櫇,U+6AC7,po2,pó
7369,櫈,U+6AC8,deng4,dèng
7370,櫉,U+6AC9,chu2,chú
7371,櫊,U+6ACA,ge2,gé
7372,櫋,U+6ACB,mian2,mián
7373,櫌,U+6ACC,you1,yōu
7374,櫍,U+6ACD,zhi4,zhì
7375,櫎,U+6ACE,huang3|guang4|guo3|gu3,huǎng|guàng|guǒ|gǔ
7376,櫏,U+6ACF,qian1,qiān
7377,櫐,U+6AD0,lei3,lěi
7378,櫑,U+6AD1,lei2|lei3,léi|lěi
7379,櫒,U+6AD2,sa4,sà
7380,櫓,U+6AD3,lu3,lǔ
7381,櫔,U+6AD4,li4,lì
7382,櫕,U+6AD5,cuan2,cuán
7383,櫖,U+6AD6,lv4|chu1,lǜ|chū
7384,櫗,U+6AD7,mie4|mei4,miè|mèi
7385,櫘,U+6AD8,hui4,huì
7386,櫙,U+6AD9,ou1,ōu
7387,櫚,U+6ADA,lv2,lǘ
7388,櫛,U+6ADB,zhi4,zhì
7389,櫜,U+6ADC,gao1,gāo
7390,櫝,U+6ADD,du2,dú
7391,櫞,U+6ADE,yuan2,yuán
7392,櫟,U+6ADF,li4|luo4|yue4,lì|luò|yuè
7393,櫠,U+6AE0,fei4,fèi
7394,櫡,U+6AE1,zhuo2|zhu4,zhuó|zhù
7395,櫢,U+6AE2,sou3,sǒu
7396,櫣,U+6AE3,lian2,lián
7397,櫤,U+6AE4,jiang4,jiàng
7398,櫥,U+6AE5,chu2,chú
7399,櫦,U+6AE6,qing4,qìng
7400,櫧,U+6AE7,zhu1,zhū
7401,櫨,U+6AE8,lu2|lv2,lú|lǘ
7402,櫩,U+6AE9,yan2|yan3,yán|yǎn
7403,櫪,U+6AEA,li4,lì
7404,櫫,U+6AEB,zhu1,zhū
7405,櫬,U+6AEC,chen4|qin4|guan4,chèn|qìn|guàn
7406,櫭,U+6AED,jie2|ji4,jié|jì
7407,櫮,U+6AEE,e4,è
7408,櫯,U+6AEF,su1,sū
7409,櫰,U+6AF0,huai2|gui1,huái|guī
7410,櫱,U+6AF1,nie4,niè
7411,櫲,U+6AF2,yu4,yù
7412,櫳,U+6AF3,long2,lóng
7413,櫴,U+6AF4,lai4,lài
7414,櫵,U+6AF5,jiao,jiao
7415,櫶,U+6AF6,xian3,xiǎn
7416,櫷,U+6AF7,gui1,guī
7417,櫸,U+6AF8,ju3,jǔ
7418,櫹,U+6AF9,xiao1|qiu1|xiu1,xiāo|qiū|xiū
7419,櫺,U+6AFA,ling2,líng
7420,櫻,U+6AFB,ying1,yīng
7421,櫼,U+6AFC,jian1|shan1,jiān|shān
7422,櫽,U+6AFD,yin3,yǐn
7423,櫾,U+6AFE,you2|you4,yóu|yòu
7424,櫿,U+6AFF,ying2,yíng
7425,欀,U+6B00,xiang1|rang4,xiāng|ràng
7426,欁,U+6B01,nong2,nóng
7427,欂,U+6B02,bo2,bó
7428,欃,U+6B03,chan2|zhan4,chán|zhàn
7429,欄,U+6B04,lan2|lian4,lán|liàn
7430,欅,U+6B05,ju3,jǔ
7431,欆,U+6B06,shuang1,shuāng
7432,欇,U+6B07,she4,shè
7433,欈,U+6B08,wei2|zui4,wéi|zuì
7434,欉,U+6B09,cong2,cóng
7435,權,U+6B0A,quan2|guan4,quán|guàn
7436,欋,U+6B0B,qu2,qú
7437,欌,U+6B0C,cang2,cáng
7438,欍,U+6B0D,jiu4,jiù
7439,欎,U+6B0E,yu4,yù
7440,欏,U+6B0F,luo2|luo3,luó|luǒ
7441,欐,U+6B10,li4|li3,lì|lǐ
7442,欑,U+6B11,cuan2|zuan4,cuán|zuàn
7443,欒,U+6B12,luan2,luán
7444,欓,U+6B13,dang3|tang3,dǎng|tǎng
7445,欔,U+6B14,jue2,jué
7446,欕,U+6B15,yan2,yán
7447,欖,U+6B16,lan3,lǎn
7448,欗,U+6B17,lan2,lán
7449,欘,U+6B18,zhu2,zhú
7450,欙,U+6B19,lei2|luo3,léi|luǒ
7451,欚,U+6B1A,li3,lǐ
7452,欛,U+6B1B,ba4,bà
7453,欜,U+6B1C,nang2,náng
7454,欝,U+6B1D,yu4,yù
7455,欞,U+6B1E,ling2,líng
7456,欟,U+6B1F,guang,guang
7457,欠,U+6B20,qian4,qiàn
7458,次,U+6B21,ci4|zi1|ci2,cì|zī|cí
7459,欢,U+6B22,huan1,huān
7460,欣,U+6B23,xin1,xīn
7461,欤,U+6B24,yu2,yú
7462,欥,U+6B25,yi4|huan1|yu4,yì|huān|yù
7463,欦,U+6B26,qian1|han1|xian1|qian2,qiān|hān|xiān|qián
7464,欧,U+6B27,ou1,ōu
7465,欨,U+6B28,xu1,xū
7466,欩,U+6B29,chao1,chāo
7467,欪,U+6B2A,chu4|xi4|qu4,chù|xì|qù
7468,欫,U+6B2B,qi4,qì
7469,欬,U+6B2C,kai4|ai4,kài|ài
7470,欭,U+6B2D,yi4|yin1,yì|yīn
7471,欮,U+6B2E,jue2,jué
7472,欯,U+6B2F,xi4|kai4,xì|kài
7473,欰,U+6B30,xu4,xù
7474,欱,U+6B31,he1|xia2,hē|xiá
7475,欲,U+6B32,yu4,yù
7476,欳,U+6B33,kui4,kuì
7477,欴,U+6B34,lang2,láng
7478,欵,U+6B35,kuan3,kuǎn
7479,欶,U+6B36,shuo4|sou4,shuò|sòu
7480,欷,U+6B37,xi1,xī
7481,欸,U+6B38,ai1|ai3|ê1|ê2|ê3|ê4|xie4|ei2|ei3|ei4|ei1,āi|ǎi|ê̄|ế|ê̌|ề|xiè|éi|ěi|èi|ēi
7482,欹,U+6B39,yi1|qi1,yī|qī
7483,欺,U+6B3A,qi1,qī
7484,欻,U+6B3B,chua1|xu1|hu1,chuā|xū|hū
7485,欼,U+6B3C,chi3|chuai4,chǐ|chuài
7486,欽,U+6B3D,qin1|qin4|yin2,qīn|qìn|yín
7487,款,U+6B3E,kuan3|xin1,kuǎn|xīn
7488,欿,U+6B3F,kan3|qian4|dan4,kǎn|qiàn|dàn
7489,歀,U+6B40,kuan3,kuǎn
7490,歁,U+6B41,kan3|ke4|qian3,kǎn|kè|qiǎn
7491,歂,U+6B42,chuan3|chuan2,chuǎn|chuán
7492,歃,U+6B43,sha4|xia2,shà|xiá
7493,歄,U+6B44,gua1,guā
7494,歅,U+6B45,yin1,yīn
7495,歆,U+6B46,xin1,xīn
7496,歇,U+6B47,xie1|ya4,xiē|yà
7497,歈,U+6B48,yu2,yú
7498,歉,U+6B49,qian4,qiàn
7499,歊,U+6B4A,xiao1,xiāo
7500,歋,U+6B4B,ye4,yè
7501,歌,U+6B4C,ge1,gē
7502,歍,U+6B4D,wu1|yang1,wū|yāng
7503,歎,U+6B4E,tan4,tàn
7504,歏,U+6B4F,jin4|qun1,jìn|qūn
7505,歐,U+6B50,ou1|ou3,ōu|ǒu
7506,歑,U+6B51,hu1,hū
7507,歒,U+6B52,ti4|xiao1,tì|xiāo
7508,歓,U+6B53,huan1,huān
7509,歔,U+6B54,xu1,xū
7510,歕,U+6B55,pen1,pēn
7511,歖,U+6B56,xi3|yi3,xǐ|yǐ
7512,歗,U+6B57,xiao4,xiào
7513,歘,U+6B58,chua1|xu1,chuā|xū
7514,歙,U+6B59,she4|xi1|xie2,shè|xī|xié
7515,歚,U+6B5A,shan4,shàn
7516,歛,U+6B5B,han1|lian3,hān|liǎn
7517,歜,U+6B5C,chu4,chù
7518,歝,U+6B5D,yi4,yì
7519,歞,U+6B5E,e4,è
7520,歟,U+6B5F,yu2,yú
7521,歠,U+6B60,chuo4,chuò
7522,歡,U+6B61,huan1,huān
7523,止,U+6B62,zhi3,zhǐ
7524,正,U+6B63,zheng4|zheng1,zhèng|zhēng
7525,此,U+6B64,ci3,cǐ
7526,步,U+6B65,bu4,bù
7527,武,U+6B66,wu3,wǔ
7528,歧,U+6B67,qi2,qí
7529,歨,U+6B68,bu4,bù
7530,歩,U+6B69,bu4,bù
7531,歪,U+6B6A,wai1|wai3,wāi|wǎi
7532,歫,U+6B6B,ju4,jù
7533,歬,U+6B6C,qian2,qián
7534,歭,U+6B6D,chi2|zhi4,chí|zhì
7535,歮,U+6B6E,se4,sè
7536,歯,U+6B6F,chi3,chǐ
7537,歰,U+6B70,se4|sha4,sè|shà
7538,歱,U+6B71,zhong3,zhǒng
7539,歲,U+6B72,sui4|suo4,suì|suò
7540,歳,U+6B73,sui4,suì
7541,歴,U+6B74,li4,lì
7542,歵,U+6B75,ze2,zé
7543,歶,U+6B76,yu2,yú
7544,歷,U+6B77,li4,lì
7545,歸,U+6B78,gui1|kui4|kui2,guī|kuì|kuí
7546,歹,U+6B79,dai3|e4|dai1,dǎi|è|dāi
7547,歺,U+6B7A,e4,è
7548,死,U+6B7B,si3,sǐ
7549,歼,U+6B7C,jian1,jiān
7550,歽,U+6B7D,zhe2,zhé
7551,歾,U+6B7E,mo4|wen3,mò|wěn
7552,歿,U+6B7F,mo4,mò
7553,殀,U+6B80,yao1,yāo
7554,殁,U+6B81,mo4|wen3,mò|wěn
7555,殂,U+6B82,cu2,cú
7556,殃,U+6B83,yang1,yāng
7557,殄,U+6B84,tian3,tiǎn
7558,殅,U+6B85,sheng1,shēng
7559,殆,U+6B86,dai4,dài
7560,殇,U+6B87,shang1,shāng
7561,殈,U+6B88,xu4,xù
7562,殉,U+6B89,xun4,xùn
7563,殊,U+6B8A,shu1,shū
7564,残,U+6B8B,can2,cán
7565,殌,U+6B8C,jue2,jué
7566,殍,U+6B8D,piao3|bi4,piǎo|bì
7567,殎,U+6B8E,qia4,qià
7568,殏,U+6B8F,qiu2,qiú
7569,殐,U+6B90,su4,sù
7570,殑,U+6B91,qing2|jing1|jing4,qíng|jīng|jìng
7571,殒,U+6B92,yun3,yǔn
7572,殓,U+6B93,lian4,liàn
7573,殔,U+6B94,yi4,yì
7574,殕,U+6B95,fou3|ye4|bo2,fǒu|yè|bó
7575,殖,U+6B96,zhi2|shi|shi4,zhí|shi|shì
7576,殗,U+6B97,ye4|yan4|yan1,yè|yàn|yān
7577,殘,U+6B98,can2,cán
7578,殙,U+6B99,hun1|men4,hūn|mèn
7579,殚,U+6B9A,dan1,dān
7580,殛,U+6B9B,ji2,jí
7581,殜,U+6B9C,die2,dié
7582,殝,U+6B9D,zhen1,zhēn
7583,殞,U+6B9E,yun3,yǔn
7584,殟,U+6B9F,wen1,wēn
7585,殠,U+6BA0,chou4,chòu
7586,殡,U+6BA1,bin4,bìn
7587,殢,U+6BA2,ti4,tì
7588,殣,U+6BA3,jin4,jìn
7589,殤,U+6BA4,shang1,shāng
7590,殥,U+6BA5,yin2,yín
7591,殦,U+6BA6,diao1,diāo
7592,殧,U+6BA7,jiu4,jiù
7593,殨,U+6BA8,hui4|kui4,huì|kuì
7594,殩,U+6BA9,cuan4,cuàn
7595,殪,U+6BAA,yi4,yì
7596,殫,U+6BAB,dan1,dān
7597,殬,U+6BAC,du4,dù
7598,殭,U+6BAD,jiang1,jiāng
7599,殮,U+6BAE,lian4,liàn
7600,殯,U+6BAF,bin4,bìn
7601,殰,U+6BB0,du2,dú
7602,殱,U+6BB1,jian1,jiān
7603,殲,U+6BB2,jian1,jiān
7604,殳,U+6BB3,shu1,shū
7605,殴,U+6BB4,ou1,ōu
7606,段,U+6BB5,duan4,duàn
7607,殶,U+6BB6,zhu4,zhù
7608,殷,U+6BB7,yin1|yan1|yin3,yīn|yān|yǐn
7609,殸,U+6BB8,qing4|keng1|sheng1,qìng|kēng|shēng
7610,殹,U+6BB9,yi4,yì
7611,殺,U+6BBA,sha1|shai4|sa4|xie4|shi4,shā|shài|sà|xiè|shì
7612,殻,U+6BBB,qiao4,qiào
7613,殼,U+6BBC,ke2|qiao4,ké|qiào
7614,殽,U+6BBD,xiao2|yao2|xiao4,xiáo|yáo|xiào
7615,殾,U+6BBE,xun4,xùn
7616,殿,U+6BBF,dian4,diàn
7617,毀,U+6BC0,hui3,huǐ
7618,毁,U+6BC1,hui3|hui4,huǐ|huì
7619,毂,U+6BC2,gu3|gu1,gǔ|gū
7620,毃,U+6BC3,qiao1,qiāo
7621,毄,U+6BC4,ji1,jī
7622,毅,U+6BC5,yi4,yì
7623,毆,U+6BC6,ou1|kou1|qu1,ōu|kōu|qū
7624,毇,U+6BC7,hui3,huǐ
7625,毈,U+6BC8,duan4,duàn
7626,毉,U+6BC9,yi1,yī
7627,毊,U+6BCA,xiao1,xiāo
7628,毋,U+6BCB,wu2|mou2,wú|móu
7629,毌,U+6BCC,guan4,guàn
7630,母,U+6BCD,mu3|mu2|wu3|wu2,mǔ|mú|wǔ|wú
7631,毎,U+6BCE,mei3,měi
7632,每,U+6BCF,mei3,měi
7633,毐,U+6BD0,ai3,ǎi
7634,毑,U+6BD1,jie3,jiě
7635,毒,U+6BD2,du2|dai4,dú|dài
7636,毓,U+6BD3,yu4,yù
7637,比,U+6BD4,bi3|bi4|pi2|pi3,bǐ|bì|pí|pǐ
7638,毕,U+6BD5,bi4,bì
7639,毖,U+6BD6,bi4,bì
7640,毗,U+6BD7,pi2,pí
7641,毘,U+6BD8,pi2,pí
7642,毙,U+6BD9,bi4,bì
7643,毚,U+6BDA,chan2,chán
7644,毛,U+6BDB,mao2|mao4,máo|mào
7645,毜,U+6BDC,hao2,háo
7646,毝,U+6BDD,cai3,cǎi
7647,毞,U+6BDE,pi2,pí
7648,毟,U+6BDF,lie3,liě
7649,毠,U+6BE0,jia1,jiā
7650,毡,U+6BE1,zhan1,zhān
7651,毢,U+6BE2,sai1,sāi
7652,毣,U+6BE3,mu4|mao4,mù|mào
7653,毤,U+6BE4,tuo4,tuò
7654,毥,U+6BE5,xun2|xun4,xún|xùn
7655,毦,U+6BE6,er3,ěr
7656,毧,U+6BE7,rong2,róng
7657,毨,U+6BE8,xian3,xiǎn
7658,毩,U+6BE9,ju2,jú
7659,毪,U+6BEA,mu2,mú
7660,毫,U+6BEB,hao2,háo
7661,毬,U+6BEC,qiu2,qiú
7662,毭,U+6BED,dou4|nuo4,dòu|nuò
7663,毮,U+6BEE,sha1,shā
7664,毯,U+6BEF,tan3,tǎn
7665,毰,U+6BF0,pei2,péi
7666,毱,U+6BF1,ju2,jú
7667,毲,U+6BF2,duo1,duō
7668,毳,U+6BF3,cui4|qiao1|xia1,cuì|qiāo|xiā
7669,毴,U+6BF4,bi1,bī
7670,毵,U+6BF5,san1,sān
7671,毶,U+6BF6,san1,sān
7672,毷,U+6BF7,mao4,mào
7673,毸,U+6BF8,sai1|sui1,sāi|suī
7674,毹,U+6BF9,shu1|yu2,shū|yú
7675,毺,U+6BFA,shu1,shū
7676,毻,U+6BFB,tuo4,tuò
7677,毼,U+6BFC,he2|ke3|da1,hé|kě|dā
7678,毽,U+6BFD,jian4,jiàn
7679,毾,U+6BFE,ta4,tà
7680,毿,U+6BFF,san1,sān
7681,氀,U+6C00,lv2|shu1|yu2|dou1,lǘ|shū|yú|dōu
7682,氁,U+6C01,mu2,mú
7683,氂,U+6C02,mao2|li2,máo|lí
7684,氃,U+6C03,tong2,tóng
7685,氄,U+6C04,rong3|rong2,rǒng|róng
7686,氅,U+6C05,chang3,chǎng
7687,氆,U+6C06,pu3,pǔ
7688,氇,U+6C07,lu,lu
7689,氈,U+6C08,zhan1,zhān
7690,氉,U+6C09,sao4,sào
7691,氊,U+6C0A,zhan1,zhān
7692,氋,U+6C0B,meng2,méng
7693,氌,U+6C0C,lu3,lǔ
7694,氍,U+6C0D,qu2,qú
7695,氎,U+6C0E,die2,dié
7696,氏,U+6C0F,shi4|zhi1|jing1,shì|zhī|jīng
7697,氐,U+6C10,di1|di3|zhi1,dī|dǐ|zhī
7698,民,U+6C11,min2,mín
7699,氒,U+6C12,jue2,jué
7700,氓,U+6C13,mang2|meng2,máng|méng
7701,气,U+6C14,qi4|qi3,qì|qǐ
7702,氕,U+6C15,pie1,piē
7703,氖,U+6C16,nai3,nǎi
7704,気,U+6C17,qi4,qì
7705,氘,U+6C18,dao1,dāo
7706,氙,U+6C19,xian1,xiān
7707,氚,U+6C1A,chuan1,chuān
7708,氛,U+6C1B,fen1,fēn
7709,氜,U+6C1C,yang2|ri4,yáng|rì
7710,氝,U+6C1D,nei4,nèi
7711,氞,U+6C1E,bin,bin
7712,氟,U+6C1F,fu2,fú
7713,氠,U+6C20,shen1,shēn
7714,氡,U+6C21,dong1,dōng
7715,氢,U+6C22,qing1,qīng
7716,氣,U+6C23,qi4|xi4,qì|xì
7717,氤,U+6C24,yin1|yan2,yīn|yán
7718,氥,U+6C25,xi1,xī
7719,氦,U+6C26,hai4,hài
7720,氧,U+6C27,yang3,yǎng
7721,氨,U+6C28,an1,ān
7722,氩,U+6C29,ya4,yà
7723,氪,U+6C2A,ke4,kè
7724,氫,U+6C2B,qing1,qīng
7725,氬,U+6C2C,ya4,yà
7726,氭,U+6C2D,dong1,dōng
7727,氮,U+6C2E,dan4,dàn
7728,氯,U+6C2F,lv4,lǜ
7729,氰,U+6C30,qing2,qíng
7730,氱,U+6C31,yang3,yǎng
7731,氲,U+6C32,yun1|yun2,yūn|yún
7732,氳,U+6C33,yun1,yūn
7733,水,U+6C34,shui3,shuǐ
7734,氵,U+6C35,shui,shui
7735,氶,U+6C36,zheng3|cheng2|zheng4,zhěng|chéng|zhèng
7736,氷,U+6C37,bing1,bīng
7737,永,U+6C38,yong3,yǒng
7738,氹,U+6C39,dang4,dàng
7739,氺,U+6C3A,shui3,shuǐ
7740,氻,U+6C3B,le4,lè
7741,氼,U+6C3C,ni4|mei4,nì|mèi
7742,氽,U+6C3D,tun3|qiu2,tǔn|qiú
7743,氾,U+6C3E,fan4|fan2,fàn|fán
7744,氿,U+6C3F,gui3|jiu3|qiu2,guǐ|jiǔ|qiú
7745,汀,U+6C40,ting1|ting4|ding4,tīng|tìng|dìng
7746,汁,U+6C41,zhi1|xie2|shi2,zhī|xié|shí
7747,求,U+6C42,qiu2,qiú
7748,汃,U+6C43,bin1|pa4|pa1,bīn|pà|pā
7749,汄,U+6C44,ze4,zè
7750,汅,U+6C45,mian3,miǎn
7751,汆,U+6C46,cuan1,cuān
7752,汇,U+6C47,hui4,huì
7753,汈,U+6C48,diao1,diāo
7754,汉,U+6C49,han4,hàn
7755,汊,U+6C4A,cha4,chà
7756,汋,U+6C4B,zhuo2|yue4|que4|shuo4,zhuó|yuè|què|shuò
7757,汌,U+6C4C,chuan4,chuàn
7758,汍,U+6C4D,wan2|huan2,wán|huán
7759,汎,U+6C4E,fan4|fa2,fàn|fá
7760,汏,U+6C4F,da4|tai4,dà|tài
7761,汐,U+6C50,xi1,xī
7762,汑,U+6C51,tuo1,tuō
7763,汒,U+6C52,mang2|mang3,máng|mǎng
7764,汓,U+6C53,qiu2|you2,qiú|yóu
7765,汔,U+6C54,qi4,qì
7766,汕,U+6C55,shan4|shuan4,shàn|shuàn
7767,汖,U+6C56,pin4|chi2,pìn|chí
7768,汗,U+6C57,han4|han2|gan1,hàn|hán|gān
7769,汘,U+6C58,qian1,qiān
7770,汙,U+6C59,wu1|yu2|wa1|yu1,wū|yú|wā|yū
7771,汚,U+6C5A,wu1,wū
7772,汛,U+6C5B,xun4,xùn
7773,汜,U+6C5C,si4,sì
7774,汝,U+6C5D,ru3,rǔ
7775,汞,U+6C5E,gong3,gǒng
7776,江,U+6C5F,jiang1,jiāng
7777,池,U+6C60,chi2|tuo2|che4,chí|tuó|chè
7778,污,U+6C61,wu1,wū
7779,汢,U+6C62,tu,tu
7780,汣,U+6C63,jiu3,jiǔ
7781,汤,U+6C64,tang1|shang1,tāng|shāng
7782,汥,U+6C65,zhi1|ji4,zhī|jì
7783,汦,U+6C66,zhi3,zhǐ
7784,汧,U+6C67,qian1|yan2,qiān|yán
7785,汨,U+6C68,mi4,mì
7786,汩,U+6C69,gu3|yu4|hu2,gǔ|yù|hú
7787,汪,U+6C6A,wang1|wang3|hong2,wāng|wǎng|hóng
7788,汫,U+6C6B,jing3,jǐng
7789,汬,U+6C6C,jing3,jǐng
7790,汭,U+6C6D,rui4|tun1,ruì|tūn
7791,汮,U+6C6E,jun1,jūn
7792,汯,U+6C6F,hong2,hóng
7793,汰,U+6C70,tai4,tài
7794,汱,U+6C71,quan3|fu2,quǎn|fú
7795,汲,U+6C72,ji2|ji1,jí|jī
7796,汳,U+6C73,bian4,biàn
7797,汴,U+6C74,bian4,biàn
7798,汵,U+6C75,gan4|han2|cen2,gàn|hán|cén
7799,汶,U+6C76,wen4|wen2|min2|men2,wèn|wén|mín|mén
7800,汷,U+6C77,zhong1,zhōng
7801,汸,U+6C78,fang1|pang1,fāng|pāng
7802,汹,U+6C79,xiong1,xiōng
7803,決,U+6C7A,jue2|que1|xue4,jué|quē|xuè
7804,汻,U+6C7B,hu3|huang3,hǔ|huǎng
7805,汼,U+6C7C,niu2|you2,niú|yóu
7806,汽,U+6C7D,qi4|gai4|yi3,qì|gài|yǐ
7807,汾,U+6C7E,fen2|pen2|fen1,fén|pén|fēn
7808,汿,U+6C7F,xu4,xù
7809,沀,U+6C80,xu4,xù
7810,沁,U+6C81,qin4,qìn
7811,沂,U+6C82,yi2|yin2,yí|yín
7812,沃,U+6C83,wo4,wò
7813,沄,U+6C84,yun2,yún
7814,沅,U+6C85,yuan2,yuán
7815,沆,U+6C86,hang4|hang2|kang4,hàng|háng|kàng
7816,沇,U+6C87,yan3|wei3,yǎn|wěi
7817,沈,U+6C88,shen3|chen2|tan2,shěn|chén|tán
7818,沉,U+6C89,chen2,chén
7819,沊,U+6C8A,dan4,dàn
7820,沋,U+6C8B,you2,yóu
7821,沌,U+6C8C,dun4|zhuan4|tun2|chun2,dùn|zhuàn|tún|chún
7822,沍,U+6C8D,hu4|hu2,hù|hú
7823,沎,U+6C8E,huo4,huò
7824,沏,U+6C8F,qi1|qie4,qī|qiè
7825,沐,U+6C90,mu4,mù
7826,沑,U+6C91,nv4|niu3,nǜ|niǔ
7827,沒,U+6C92,mei2,méi
7828,沓,U+6C93,da2|ta4,dá|tà
7829,沔,U+6C94,mian3,miǎn
7830,沕,U+6C95,mi4|wu4|fu1,mì|wù|fū
7831,沖,U+6C96,chong1,chōng
7832,沗,U+6C97,pang1|tian1,pāng|tiān
7833,沘,U+6C98,bi3,bǐ
7834,沙,U+6C99,sha1|sha4|suo1,shā|shà|suō
7835,沚,U+6C9A,zhi3,zhǐ
7836,沛,U+6C9B,pei4,pèi
7837,沜,U+6C9C,pan4,pàn
7838,沝,U+6C9D,zhui3|zi3,zhuǐ|zǐ
7839,沞,U+6C9E,za1,zā
7840,沟,U+6C9F,gou1,gōu
7841,沠,U+6CA0,liu2,liú
7842,没,U+6CA1,mei2|mo4|me,méi|mò|me
7843,沢,U+6CA2,ze2,zé
7844,沣,U+6CA3,feng1,fēng
7845,沤,U+6CA4,ou1|ou4,ōu|òu
7846,沥,U+6CA5,li4,lì
7847,沦,U+6CA6,lun2,lún
7848,沧,U+6CA7,cang1,cāng
7849,沨,U+6CA8,feng1,fēng
7850,沩,U+6CA9,wei2,wéi
7851,沪,U+6CAA,hu4,hù
7852,沫,U+6CAB,mo4,mò
7853,沬,U+6CAC,mei4|hui4,mèi|huì
7854,沭,U+6CAD,shu4,shù
7855,沮,U+6CAE,ju3|ju1|ju4|jian1|zu3,jǔ|jū|jù|jiān|zǔ
7856,沯,U+6CAF,za2,zá
7857,沰,U+6CB0,tuo1|duo2,tuō|duó
7858,沱,U+6CB1,tuo2|duo4|chi2,tuó|duò|chí
7859,沲,U+6CB2,tuo2,tuó
7860,河,U+6CB3,he2,hé
7861,沴,U+6CB4,li4|zhen3,lì|zhěn
7862,沵,U+6CB5,mi3,mǐ
7863,沶,U+6CB6,yi2|chi2|shi4,yí|chí|shì
7864,沷,U+6CB7,fa1,fā
7865,沸,U+6CB8,fei4|fu2,fèi|fú
7866,油,U+6CB9,you2|you4,yóu|yòu
7867,沺,U+6CBA,tian2,tián
7868,治,U+6CBB,zhi4|chi2,zhì|chí
7869,沼,U+6CBC,zhao3,zhǎo
7870,沽,U+6CBD,gu1|gu3,gū|gǔ
7871,沾,U+6CBE,zhan1|tian1|dian4|chan1,zhān|tiān|diàn|chān
7872,沿,U+6CBF,yan2|yan3|yan4,yán|yǎn|yàn
7873,泀,U+6CC0,si1,sī
7874,況,U+6CC1,kuang4,kuàng
7875,泂,U+6CC2,jiong3|ying2|ying3|jiong1,jiǒng|yíng|yǐng|jiōng
7876,泃,U+6CC3,ju1|gou1,jū|gōu
7877,泄,U+6CC4,xie4|yi4,xiè|yì
7878,泅,U+6CC5,qiu2|you1,qiú|yōu
7879,泆,U+6CC6,yi4|die2,yì|dié
7880,泇,U+6CC7,jia1,jiā
7881,泈,U+6CC8,zhong1,zhōng
7882,泉,U+6CC9,quan2,quán
7883,泊,U+6CCA,po1|bo2|po4,pō|bó|pò
7884,泋,U+6CCB,hui4|hui3,huì|huǐ
7885,泌,U+6CCC,mi4|bi4,mì|bì
7886,泍,U+6CCD,ben1|ben4,bēn|bèn
7887,泎,U+6CCE,ze2,zé
7888,泏,U+6CCF,zhu2|ku1,zhú|kū
7889,泐,U+6CD0,le4,lè
7890,泑,U+6CD1,you1|ao1,yōu|āo
7891,泒,U+6CD2,gu1,gū
7892,泓,U+6CD3,hong2,hóng
7893,泔,U+6CD4,gan1|han4,gān|hàn
7894,法,U+6CD5,fa3,fǎ
7895,泖,U+6CD6,mao3|liu3,mǎo|liǔ
7896,泗,U+6CD7,si4,sì
7897,泘,U+6CD8,hu1,hū
7898,泙,U+6CD9,ping2|peng1,píng|pēng
7899,泚,U+6CDA,ci3|zi3,cǐ|zǐ
7900,泛,U+6CDB,fan4|feng3|fa2,fàn|fěng|fá
7901,泜,U+6CDC,zhi1|chi2|zhi4,zhī|chí|zhì
7902,泝,U+6CDD,su4,sù
7903,泞,U+6CDE,ning4|zhu4,nìng|zhù
7904,泟,U+6CDF,cheng1,chēng
7905,泠,U+6CE0,ling2|ling3,líng|lǐng
7906,泡,U+6CE1,pao4|pao1|pao2,pào|pāo|páo
7907,波,U+6CE2,bo1|bei1|bi4,bō|bēi|bì
7908,泣,U+6CE3,qi4|li4|se4,qì|lì|sè
7909,泤,U+6CE4,si4,sì
7910,泥,U+6CE5,ni2|ni4|ni3|nie4|ning4,ní|nì|nǐ|niè|nìng
7911,泦,U+6CE6,ju2,jú
7912,泧,U+6CE7,sa4|xue4,sà|xuè
7913,注,U+6CE8,zhu4|zhou4,zhù|zhòu
7914,泩,U+6CE9,sheng1,shēng
7915,泪,U+6CEA,lei4,lèi
7916,泫,U+6CEB,xuan4|xuan2|juan1,xuàn|xuán|juān
7917,泬,U+6CEC,jue2|xue4,jué|xuè
7918,泭,U+6CED,fu2,fú
7919,泮,U+6CEE,pan4,pàn
7920,泯,U+6CEF,min3|mian4,mǐn|miàn
7921,泰,U+6CF0,tai4,tài
7922,泱,U+6CF1,yang1,yāng
7923,泲,U+6CF2,ji3,jǐ
7924,泳,U+6CF3,yong3,yǒng
7925,泴,U+6CF4,guan4,guàn
7926,泵,U+6CF5,beng4|pin4|liu2,bèng|pìn|liú
7927,泶,U+6CF6,xue2,xué
7928,泷,U+6CF7,long2|shuang1,lóng|shuāng
7929,泸,U+6CF8,lu2,lú
7930,泹,U+6CF9,dan4,dàn
7931,泺,U+6CFA,luo4|po1,luò|pō
7932,泻,U+6CFB,xie4,xiè
7933,泼,U+6CFC,po1,pō
7934,泽,U+6CFD,ze2,zé
7935,泾,U+6CFE,jing1,jīng
7936,泿,U+6CFF,yin2,yín
7937,洀,U+6D00,pan2|zhou1,pán|zhōu
7938,洁,U+6D01,jie2|ji2,jié|jí
7939,洂,U+6D02,ye4,yè
7940,洃,U+6D03,hui1,huī
7941,洄,U+6D04,hui2|hui4,huí|huì
7942,洅,U+6D05,zai4,zài
7943,洆,U+6D06,cheng2,chéng
7944,洇,U+6D07,yin1|yan1|ye1,yīn|yān|yē
7945,洈,U+6D08,wei2,wéi
7946,洉,U+6D09,hou4,hòu
7947,洊,U+6D0A,jian4|cun2,jiàn|cún
7948,洋,U+6D0B,yang2|xiang2|yang3,yáng|xiáng|yǎng
7949,洌,U+6D0C,lie4,liè
7950,洍,U+6D0D,si4,sì
7951,洎,U+6D0E,ji4,jì
7952,洏,U+6D0F,er2,ér
7953,洐,U+6D10,xing2,xíng
7954,洑,U+6D11,fu2|fu4,fú|fù
7955,洒,U+6D12,sa3|xi3|xian3|sen3|cui3|xun4,sǎ|xǐ|xiǎn|sěn|cuǐ|xùn
7956,洓,U+6D13,se4|qi4|suo3|zi4,sè|qì|suǒ|zì
7957,洔,U+6D14,zhi3,zhǐ
7958,洕,U+6D15,yin4,yìn
7959,洖,U+6D16,wu2,wú
7960,洗,U+6D17,xi3|xian3,xǐ|xiǎn
7961,洘,U+6D18,kao3|kao4,kǎo|kào
7962,洙,U+6D19,zhu1,zhū
7963,洚,U+6D1A,jiang4|hong2,jiàng|hóng
7964,洛,U+6D1B,luo4,luò
7965,洜,U+6D1C,luo4,luò
7966,洝,U+6D1D,an4|yan4|e4,àn|yàn|è
7967,洞,U+6D1E,dong4|tong2,dòng|tóng
7968,洟,U+6D1F,ti4,tì
7969,洠,U+6D20,mou2,móu
7970,洡,U+6D21,lei4|lei3,lèi|lěi
7971,洢,U+6D22,yi1,yī
7972,洣,U+6D23,mi3,mǐ
7973,洤,U+6D24,quan2,quán
7974,津,U+6D25,jin1,jīn
7975,洦,U+6D26,po4,pò
7976,洧,U+6D27,wei3,wěi
7977,洨,U+6D28,xiao2,xiáo
7978,洩,U+6D29,xie4|yi4,xiè|yì
7979,洪,U+6D2A,hong2,hóng
7980,洫,U+6D2B,xu4|yi4,xù|yì
7981,洬,U+6D2C,su4|shuo4,sù|shuò
7982,洭,U+6D2D,kuang1,kuāng
7983,洮,U+6D2E,tao2|yao2|dao4,táo|yáo|dào
7984,洯,U+6D2F,qie4|jie2,qiè|jié
7985,洰,U+6D30,ju4,jù
7986,洱,U+6D31,er3,ěr
7987,洲,U+6D32,zhou1,zhōu
7988,洳,U+6D33,ru4|ru2,rù|rú
7989,洴,U+6D34,ping2|peng1,píng|pēng
7990,洵,U+6D35,xun2|xuan4,xún|xuàn
7991,洶,U+6D36,xiong1,xiōng
7992,洷,U+6D37,zhi4,zhì
7993,洸,U+6D38,guang1|huang4,guāng|huàng
7994,洹,U+6D39,huan2,huán
7995,洺,U+6D3A,ming2,míng
7996,活,U+6D3B,huo2|guo1,huó|guō
7997,洼,U+6D3C,wa1|gui1,wā|guī
7998,洽,U+6D3D,qia4|he2,qià|hé
7999,派,U+6D3E,pai4|mai4|bai4|pa1,pài|mài|bài|pā
8000,洿,U+6D3F,wu1|hu4,wū|hù
8001,浀,U+6D40,qu1,qū
8002,流,U+6D41,liu2,liú
8003,浂,U+6D42,yi4,yì
8004,浃,U+6D43,jia1,jiā
8005,浄,U+6D44,jing4,jìng
8006,浅,U+6D45,qian3|jian1,qiǎn|jiān
8007,浆,U+6D46,jiang1|jiang4,jiāng|jiàng
8008,浇,U+6D47,jiao1,jiāo
8009,浈,U+6D48,zhen1,zhēn
8010,浉,U+6D49,shi1,shī
8011,浊,U+6D4A,zhuo2,zhuó
8012,测,U+6D4B,ce4,cè
8013,浌,U+6D4C,fa2,fá
8014,浍,U+6D4D,hui4|kuai4,huì|kuài
8015,济,U+6D4E,ji4|ji3,jì|jǐ
8016,浏,U+6D4F,liu2,liú
8017,浐,U+6D50,chan3,chǎn
8018,浑,U+6D51,hun2,hún
8019,浒,U+6D52,hu3|xu3,hǔ|xǔ
8020,浓,U+6D53,nong2,nóng
8021,浔,U+6D54,xun2,xún
8022,浕,U+6D55,jin4,jìn
8023,浖,U+6D56,lie4,liè
8024,浗,U+6D57,qiu2,qiú
8025,浘,U+6D58,wei3,wěi
8026,浙,U+6D59,zhe4,zhè
8027,浚,U+6D5A,jun4|xun4|cun2,jùn|xùn|cún
8028,浛,U+6D5B,han2|han4|gan1,hán|hàn|gān
8029,浜,U+6D5C,bang1|bin1,bāng|bīn
8030,浝,U+6D5D,mang2,máng
8031,浞,U+6D5E,zhuo2,zhuó
8032,浟,U+6D5F,you2|di2,yóu|dí
8033,浠,U+6D60,xi1,xī
8034,浡,U+6D61,bo2,bó
8035,浢,U+6D62,dou4,dòu
8036,浣,U+6D63,huan4,huàn
8037,浤,U+6D64,hong2,hóng
8038,浥,U+6D65,yi4|ya4,yì|yà
8039,浦,U+6D66,pu3,pǔ
8040,浧,U+6D67,ying3|cheng2|ying2|zheng4|ying4,yǐng|chéng|yíng|zhèng|yìng
8041,浨,U+6D68,lan3,lǎn
8042,浩,U+6D69,hao4|gao3|ge2,hào|gǎo|gé
8043,浪,U+6D6A,lang4|lang2,làng|láng
8044,浫,U+6D6B,han3,hǎn
8045,浬,U+6D6C,li3|hai3,lǐ|hǎi
8046,浭,U+6D6D,geng1,gēng
8047,浮,U+6D6E,fu2,fú
8048,浯,U+6D6F,wu2,wú
8049,浰,U+6D70,lian4|li4,liàn|lì
8050,浱,U+6D71,chun2,chún
8051,浲,U+6D72,feng2|hong2,féng|hóng
8052,浳,U+6D73,yi4,yì
8053,浴,U+6D74,yu4,yù
8054,浵,U+6D75,tong2,tóng
8055,浶,U+6D76,lao2,láo
8056,海,U+6D77,hai3,hǎi
8057,浸,U+6D78,jin4|qin1,jìn|qīn
8058,浹,U+6D79,jia1|xia2,jiā|xiá
8059,浺,U+6D7A,chong1,chōng
8060,浻,U+6D7B,jiong3|jiong1,jiǒng|jiōng
8061,浼,U+6D7C,mei3,měi
8062,浽,U+6D7D,sui1|nei3,suī|něi
8063,浾,U+6D7E,cheng1,chēng
8064,浿,U+6D7F,pei4,pèi
8065,涀,U+6D80,xian4|jian3,xiàn|jiǎn
8066,涁,U+6D81,shen4,shèn
8067,涂,U+6D82,tu2|chu2|ye2,tú|chú|yé
8068,涃,U+6D83,kun4,kùn
8069,涄,U+6D84,ping1,pīng
8070,涅,U+6D85,nie4,niè
8071,涆,U+6D86,han4,hàn
8072,涇,U+6D87,jing1|qing3,jīng|qǐng
8073,消,U+6D88,xiao1,xiāo
8074,涉,U+6D89,she4|die2,shè|dié
8075,涊,U+6D8A,nian3|ren3,niǎn|rěn
8076,涋,U+6D8B,tu1,tū
8077,涌,U+6D8C,yong3|chong1,yǒng|chōng
8078,涍,U+6D8D,xiao4,xiào
8079,涎,U+6D8E,xian2|yan4|dian4,xián|yàn|diàn
8080,涏,U+6D8F,ting3,tǐng
8081,涐,U+6D90,e2,é
8082,涑,U+6D91,su4|sou1|shu4,sù|sōu|shù
8083,涒,U+6D92,tun1|yun1,tūn|yūn
8084,涓,U+6D93,juan1|yuan4|xuan4,juān|yuàn|xuàn
8085,涔,U+6D94,cen2|qian2|zan4,cén|qián|zàn
8086,涕,U+6D95,ti4,tì
8087,涖,U+6D96,li4,lì
8088,涗,U+6D97,shui4,shuì
8089,涘,U+6D98,si4,sì
8090,涙,U+6D99,lei4,lèi
8091,涚,U+6D9A,shui4,shuì
8092,涛,U+6D9B,tao1,tāo
8093,涜,U+6D9C,du2,dú
8094,涝,U+6D9D,lao4,lào
8095,涞,U+6D9E,lai2,lái
8096,涟,U+6D9F,lian2,lián
8097,涠,U+6DA0,wei2,wéi
8098,涡,U+6DA1,wo1|guo1,wō|guō
8099,涢,U+6DA2,yun2,yún
8100,涣,U+6DA3,huan4|hui4,huàn|huì
8101,涤,U+6DA4,di2,dí
8102,涥,U+6DA5,heng1,hēng
8103,润,U+6DA6,run4,rùn
8104,涧,U+6DA7,jian4,jiàn
8105,涨,U+6DA8,zhang3|zhang4,zhǎng|zhàng
8106,涩,U+6DA9,se4,sè
8107,涪,U+6DAA,fu2|pou2,fú|póu
8108,涫,U+6DAB,guan4,guàn
8109,涬,U+6DAC,xing4,xìng
8110,涭,U+6DAD,shou4|tao1,shòu|tāo
8111,涮,U+6DAE,shuan4|shua1,shuàn|shuā
8112,涯,U+6DAF,ya2,yá
8113,涰,U+6DB0,chuo4,chuò
8114,涱,U+6DB1,zhang4,zhàng
8115,液,U+6DB2,ye4|shi4,yè|shì
8116,涳,U+6DB3,kong1|nang2,kōng|náng
8117,涴,U+6DB4,wo4|yuan1|wan3,wò|yuān|wǎn
8118,涵,U+6DB5,han2|han4,hán|hàn
8119,涶,U+6DB6,tuo1|tuo4,tuō|tuò
8120,涷,U+6DB7,dong1,dōng
8121,涸,U+6DB8,he2,hé
8122,涹,U+6DB9,wo1,wō
8123,涺,U+6DBA,ju1,jū
8124,涻,U+6DBB,she4,shè
8125,涼,U+6DBC,liang2|liang4,liáng|liàng
8126,涽,U+6DBD,hun1|hun4,hūn|hùn
8127,涾,U+6DBE,ta4,tà
8128,涿,U+6DBF,zhuo1|zhuo2,zhuō|zhuó
8129,淀,U+6DC0,dian4,diàn
8130,淁,U+6DC1,qie4|ji2,qiè|jí
8131,淂,U+6DC2,de2,dé
8132,淃,U+6DC3,juan4,juàn
8133,淄,U+6DC4,zi1,zī
8134,淅,U+6DC5,xi1,xī
8135,淆,U+6DC6,xiao2,xiáo
8136,淇,U+6DC7,qi2,qí
8137,淈,U+6DC8,gu3|hu4,gǔ|hù
8138,淉,U+6DC9,guo3|guan4,guǒ|guàn
8139,淊,U+6DCA,yan1|han4|yan3|han2,yān|hàn|yǎn|hán
8140,淋,U+6DCB,lin2|lin4,lín|lìn
8141,淌,U+6DCC,tang3|chang4|chang3,tǎng|chàng|chǎng
8142,淍,U+6DCD,zhou1|diao1,zhōu|diāo
8143,淎,U+6DCE,peng3,pěng
8144,淏,U+6DCF,hao4,hào
8145,淐,U+6DD0,chang1,chāng
8146,淑,U+6DD1,shu1|chu4,shū|chù
8147,淒,U+6DD2,qi1|qian4,qī|qiàn
8148,淓,U+6DD3,fang1,fāng
8149,淔,U+6DD4,zhi2,zhí
8150,淕,U+6DD5,lu4,lù
8151,淖,U+6DD6,nao4|zhao4|zhuo1|chuo4,nào|zhào|zhuō|chuò
8152,淗,U+6DD7,ju2,jú
8153,淘,U+6DD8,tao2,táo
8154,淙,U+6DD9,cong2|shuang4,cóng|shuàng
8155,淚,U+6DDA,lei4|li4,lèi|lì
8156,淛,U+6DDB,zhe4,zhè
8157,淜,U+6DDC,ping2|peng2,píng|péng
8158,淝,U+6DDD,fei2,féi
8159,淞,U+6DDE,song1,sōng
8160,淟,U+6DDF,tian3,tiǎn
8161,淠,U+6DE0,pi4|pei4,pì|pèi
8162,淡,U+6DE1,dan4|yan4|tan2,dàn|yàn|tán
8163,淢,U+6DE2,yu4|xu4,yù|xù
8164,淣,U+6DE3,ni2,ní
8165,淤,U+6DE4,yu1,yū
8166,淥,U+6DE5,lu4,lù
8167,淦,U+6DE6,gan4|han2,gàn|hán
8168,淧,U+6DE7,mi4,mì
8169,淨,U+6DE8,jing4|cheng2,jìng|chéng
8170,淩,U+6DE9,ling2,líng
8171,淪,U+6DEA,lun2|lun3|guan1,lún|lǔn|guān
8172,淫,U+6DEB,yin2|yan4|yao2,yín|yàn|yáo
8173,淬,U+6DEC,cui4|zu2,cuì|zú
8174,淭,U+6DED,qu2,qú
8175,淮,U+6DEE,huai2,huái
8176,淯,U+6DEF,yu4,yù
8177,淰,U+6DF0,nian3|shen3|na4,niǎn|shěn|nà
8178,深,U+6DF1,shen1,shēn
8179,淲,U+6DF2,biao1|hu1|hu3,biāo|hū|hǔ
8180,淳,U+6DF3,chun2|zhun1|zhun3,chún|zhūn|zhǔn
8181,淴,U+6DF4,hu1,hū
8182,淵,U+6DF5,yuan1,yuān
8183,淶,U+6DF6,lai2,lái
8184,混,U+6DF7,hun4|gun3|hun2|kun1,hùn|gǔn|hún|kūn
8185,淸,U+6DF8,qing1,qīng
8186,淹,U+6DF9,yan1|yan3,yān|yǎn
8187,淺,U+6DFA,qian3|jian1|jian4|can2|zan4,qiǎn|jiān|jiàn|cán|zàn
8188,添,U+6DFB,tian1|tian4,tiān|tiàn
8189,淼,U+6DFC,miao3,miǎo
8190,淽,U+6DFD,zhi3,zhǐ
8191,淾,U+6DFE,yin3,yǐn
8192,淿,U+6DFF,bo2,bó
8193,渀,U+6E00,ben4|ben1,bèn|bēn
8194,渁,U+6E01,yuan1,yuān
8195,渂,U+6E02,wen4|min2,wèn|mín
8196,渃,U+6E03,ruo4|re4,ruò|rè
8197,渄,U+6E04,fei1,fēi
8198,清,U+6E05,qing1|qing4,qīng|qìng
8199,渆,U+6E06,yuan1,yuān
8200,渇,U+6E07,ke3,kě
8201,済,U+6E08,ji4,jì
8202,渉,U+6E09,she4,shè
8203,渊,U+6E0A,yuan1,yuān
8204,渋,U+6E0B,se4,sè
8205,渌,U+6E0C,lu4,lù
8206,渍,U+6E0D,zi4,zì
8207,渎,U+6E0E,du2,dú
8208,渏,U+6E0F,yi1,yī
8209,渐,U+6E10,jian4|jian1,jiàn|jiān
8210,渑,U+6E11,mian3|sheng2,miǎn|shéng
8211,渒,U+6E12,pai4,pài
8212,渓,U+6E13,xi1,xī
8213,渔,U+6E14,yu2,yú
8214,渕,U+6E15,yuan1,yuān
8215,渖,U+6E16,shen3,shěn
8216,渗,U+6E17,shen4,shèn
8217,渘,U+6E18,rou2,róu
8218,渙,U+6E19,huan4,huàn
8219,渚,U+6E1A,zhu3,zhǔ
8220,減,U+6E1B,jian3,jiǎn
8221,渜,U+6E1C,nuan3|nuan2,nuǎn|nuán
8222,渝,U+6E1D,yu2|yu1,yú|yū
8223,渞,U+6E1E,qiu2|wu4,qiú|wù
8224,渟,U+6E1F,ting2|ting1,tíng|tīng
8225,渠,U+6E20,qu2|ju4,qú|jù
8226,渡,U+6E21,du4,dù
8227,渢,U+6E22,fan2|feng2,fán|féng
8228,渣,U+6E23,zha1,zhā
8229,渤,U+6E24,bo2,bó
8230,渥,U+6E25,wo4|ou4|wu1,wò|òu|wū
8231,渦,U+6E26,wo1|guo1,wō|guō
8232,渧,U+6E27,di4|ti2|di1,dì|tí|dī
8233,渨,U+6E28,wei1,wēi
8234,温,U+6E29,wen1|yun4,wēn|yùn
8235,渪,U+6E2A,ru2,rú
8236,渫,U+6E2B,xie4|die2|zha2|yi4|qie4,xiè|dié|zhá|yì|qiè
8237,測,U+6E2C,ce4,cè
8238,渭,U+6E2D,wei4,wèi
8239,渮,U+6E2E,he2,hé
8240,港,U+6E2F,gang3|hong4,gǎng|hòng
8241,渰,U+6E30,yan3,yǎn
8242,渱,U+6E31,hong2|gong4,hóng|gòng
8243,渲,U+6E32,xuan4,xuàn
8244,渳,U+6E33,mi3,mǐ
8245,渴,U+6E34,ke3|jie2|kai4|he2,kě|jié|kài|hé
8246,渵,U+6E35,mao2,máo
8247,渶,U+6E36,ying1,yīng
8248,渷,U+6E37,yan3,yǎn
8249,游,U+6E38,you2|liu2,yóu|liú
8250,渹,U+6E39,hong1|qing4,hōng|qìng
8251,渺,U+6E3A,miao3,miǎo
8252,渻,U+6E3B,sheng3,shěng
8253,渼,U+6E3C,mei3,měi
8254,渽,U+6E3D,zai1,zāi
8255,渾,U+6E3E,hun2|hun4|gun3,hún|hùn|gǔn
8256,渿,U+6E3F,nai4,nài
8257,湀,U+6E40,gui3,guǐ
8258,湁,U+6E41,chi4,chì
8259,湂,U+6E42,e4,è
8260,湃,U+6E43,pai4|ba2,pài|bá
8261,湄,U+6E44,mei2,méi
8262,湅,U+6E45,lian4|lan4,liàn|làn
8263,湆,U+6E46,qi4,qì
8264,湇,U+6E47,qi4,qì
8265,湈,U+6E48,mei2,méi
8266,湉,U+6E49,tian2,tián
8267,湊,U+6E4A,cou4,còu
8268,湋,U+6E4B,wei2,wéi
8269,湌,U+6E4C,can1,cān
8270,湍,U+6E4D,tuan1|zhuan1,tuān|zhuān
8271,湎,U+6E4E,mian3,miǎn
8272,湏,U+6E4F,hui4|min3,huì|mǐn
8273,湐,U+6E50,mo4,mò
8274,湑,U+6E51,xu1|xu4|xu3,xū|xù|xǔ
8275,湒,U+6E52,ji2,jí
8276,湓,U+6E53,pen2|pen4,pén|pèn
8277,湔,U+6E54,jian1|zan4|zhan3|qian2|jian4,jiān|zàn|zhǎn|qián|jiàn
8278,湕,U+6E55,jian3,jiǎn
8279,湖,U+6E56,hu2,hú
8280,湗,U+6E57,feng4,fèng
8281,湘,U+6E58,xiang1,xiāng
8282,湙,U+6E59,yi4,yì
8283,湚,U+6E5A,yin4,yìn
8284,湛,U+6E5B,zhan4|chen2|dan1|tan2|jin4|yin3|chen3|yin2|shen4,zhàn|chén|dān|tán|jìn|yǐn|chěn|yín|shèn
8285,湜,U+6E5C,shi2,shí
8286,湝,U+6E5D,jie1|xie2,jiē|xié
8287,湞,U+6E5E,zhen1|cheng1,zhēn|chēng
8288,湟,U+6E5F,huang2|kuang4,huáng|kuàng
8289,湠,U+6E60,tan4,tàn
8290,湡,U+6E61,yu2,yú
8291,湢,U+6E62,bi4,bì
8292,湣,U+6E63,min3|hun1|mian4,mǐn|hūn|miàn
8293,湤,U+6E64,shi1,shī
8294,湥,U+6E65,tu1,tū
8295,湦,U+6E66,sheng1,shēng
8296,湧,U+6E67,yong3,yǒng
8297,湨,U+6E68,ju2,jú
8298,湩,U+6E69,dong4|dong3|tong2,dòng|dǒng|tóng
8299,湪,U+6E6A,tuan4|nuan3,tuàn|nuǎn
8300,湫,U+6E6B,jiao3|qiu1|jiu4|jiu1|jiao1,jiǎo|qiū|jiù|jiū|jiāo
8301,湬,U+6E6C,jiao3,jiǎo
8302,湭,U+6E6D,qiu2,qiú
8303,湮,U+6E6E,yan1|yin1,yān|yīn
8304,湯,U+6E6F,tang1|tang4|shang1|yang2,tāng|tàng|shāng|yáng
8305,湰,U+6E70,long2,lóng
8306,湱,U+6E71,huo4,huò
8307,湲,U+6E72,yuan2,yuán
8308,湳,U+6E73,nan3,nǎn
8309,湴,U+6E74,ban4|pan2,bàn|pán
8310,湵,U+6E75,you3,yǒu
8311,湶,U+6E76,quan2,quán
8312,湷,U+6E77,zhuang1|hun2,zhuāng|hún
8313,湸,U+6E78,liang4,liàng
8314,湹,U+6E79,chan2,chán
8315,湺,U+6E7A,xian2,xián
8316,湻,U+6E7B,chun2,chún
8317,湼,U+6E7C,nie4,niè
8318,湽,U+6E7D,zi1,zī
8319,湾,U+6E7E,wan1,wān
8320,湿,U+6E7F,shi1,shī
8321,満,U+6E80,man3,mǎn
8322,溁,U+6E81,ying2,yíng
8323,溂,U+6E82,la4,là
8324,溃,U+6E83,kui4|hui4,kuì|huì
8325,溄,U+6E84,feng2,féng
8326,溅,U+6E85,jian4|jian1,jiàn|jiān
8327,溆,U+6E86,xu4,xù
8328,溇,U+6E87,lou2,lóu
8329,溈,U+6E88,wei2,wéi
8330,溉,U+6E89,gai4|xie4,gài|xiè
8331,溊,U+6E8A,bo1,bō
8332,溋,U+6E8B,ying2,yíng
8333,溌,U+6E8C,po1,pō
8334,溍,U+6E8D,jin4,jìn
8335,溎,U+6E8E,yan4|gui4,yàn|guì
8336,溏,U+6E8F,tang2,táng
8337,源,U+6E90,yuan2,yuán
8338,溑,U+6E91,suo3,suǒ
8339,溒,U+6E92,yuan2,yuán
8340,溓,U+6E93,lian2|lian3|xian2|xian4|nian2|lin2,lián|liǎn|xián|xiàn|nián|lín
8341,溔,U+6E94,yao3,yǎo
8342,溕,U+6E95,meng2,méng
8343,準,U+6E96,zhun3|zhuo2,zhǔn|zhuó
8344,溗,U+6E97,cheng2,chéng
8345,溘,U+6E98,ke4|kai4,kè|kài
8346,溙,U+6E99,tai4,tài
8347,溚,U+6E9A,ta3|da2,tǎ|dá
8348,溛,U+6E9B,wa1,wā
8349,溜,U+6E9C,liu1|liu4|liu2,liū|liù|liú
8350,溝,U+6E9D,gou1|gang3|kou4,gōu|gǎng|kòu
8351,溞,U+6E9E,sao1,sāo
8352,溟,U+6E9F,ming2|ming3|mi4,míng|mǐng|mì
8353,溠,U+6EA0,zha4|zha1,zhà|zhā
8354,溡,U+6EA1,shi2,shí
8355,溢,U+6EA2,yi4,yì
8356,溣,U+6EA3,lun4,lùn
8357,溤,U+6EA4,ma3,mǎ
8358,溥,U+6EA5,pu3|fu1|bu4|bo2|po4,pǔ|fū|bù|bó|pò
8359,溦,U+6EA6,wei1|mei2,wēi|méi
8360,溧,U+6EA7,li4,lì
8361,溨,U+6EA8,zai1,zāi
8362,溩,U+6EA9,wu4,wù
8363,溪,U+6EAA,xi1|qi1,xī|qī
8364,溫,U+6EAB,wen1,wēn
8365,溬,U+6EAC,qiang1,qiāng
8366,溭,U+6EAD,ze2,zé
8367,溮,U+6EAE,shi1,shī
8368,溯,U+6EAF,su4|shuo4,sù|shuò
8369,溰,U+6EB0,ai2,ái
8370,溱,U+6EB1,qin2|zhen1,qín|zhēn
8371,溲,U+6EB2,sou1|sou3|shao1,sōu|sǒu|shāo
8372,溳,U+6EB3,yun2|yun3,yún|yǔn
8373,溴,U+6EB4,xiu4|chou4,xiù|chòu
8374,溵,U+6EB5,yin1,yīn
8375,溶,U+6EB6,rong2,róng
8376,溷,U+6EB7,hun4|hun2,hùn|hún
8377,溸,U+6EB8,su4,sù
8378,溹,U+6EB9,suo4|suo3|se4,suò|suǒ|sè
8379,溺,U+6EBA,ni4|ruo4|niao4,nì|ruò|niào
8380,溻,U+6EBB,ta1,tā
8381,溼,U+6EBC,shi1,shī
8382,溽,U+6EBD,ru4|ru2,rù|rú
8383,溾,U+6EBE,ai1,āi
8384,溿,U+6EBF,pan4,pàn
8385,滀,U+6EC0,chu4|xu4,chù|xù
8386,滁,U+6EC1,chu2,chú
8387,滂,U+6EC2,pang1|peng1,pāng|pēng
8388,滃,U+6EC3,weng1|weng3,wēng|wěng
8389,滄,U+6EC4,cang1,cāng
8390,滅,U+6EC5,mie4,miè
8391,滆,U+6EC6,ge2,gé
8392,滇,U+6EC7,dian1|tian2|zhen1,diān|tián|zhēn
8393,滈,U+6EC8,hao4|xue4,hào|xuè
8394,滉,U+6EC9,huang4,huàng
8395,滊,U+6ECA,xi4|xie1|qi4,xì|xiē|qì
8396,滋,U+6ECB,zi1|ci2|xuan2,zī|cí|xuán
8397,滌,U+6ECC,di2,dí
8398,滍,U+6ECD,zhi4,zhì
8399,滎,U+6ECE,xing2|ying1|ying2,xíng|yīng|yíng
8400,滏,U+6ECF,fu3,fǔ
8401,滐,U+6ED0,jie2,jié
8402,滑,U+6ED1,hua2|gu3,huá|gǔ
8403,滒,U+6ED2,ge1,gē
8404,滓,U+6ED3,zi3,zǐ
8405,滔,U+6ED4,tao1,tāo
8406,滕,U+6ED5,teng2,téng
8407,滖,U+6ED6,sui1,suī
8408,滗,U+6ED7,bi4,bì
8409,滘,U+6ED8,jiao4,jiào
8410,滙,U+6ED9,hui4,huì
8411,滚,U+6EDA,gun3,gǔn
8412,滛,U+6EDB,yin2,yín
8413,滜,U+6EDC,gao1,gāo
8414,滝,U+6EDD,long2,lóng
8415,滞,U+6EDE,zhi4,zhì
8416,滟,U+6EDF,yan4,yàn
8417,滠,U+6EE0,she4,shè
8418,满,U+6EE1,man3,mǎn
8419,滢,U+6EE2,ying2,yíng
8420,滣,U+6EE3,chun2,chún
8421,滤,U+6EE4,lv4,lǜ
8422,滥,U+6EE5,lan4,làn
8423,滦,U+6EE6,luan2,luán
8424,滧,U+6EE7,yao2|xiao4,yáo|xiào
8425,滨,U+6EE8,bin1,bīn
8426,滩,U+6EE9,tan1,tān
8427,滪,U+6EEA,yu4,yù
8428,滫,U+6EEB,xiu3,xiǔ
8429,滬,U+6EEC,hu4,hù
8430,滭,U+6EED,bi4,bì
8431,滮,U+6EEE,biao1,biāo
8432,滯,U+6EEF,zhi4|chi4,zhì|chì
8433,滰,U+6EF0,jiang4,jiàng
8434,滱,U+6EF1,kou4,kòu
8435,滲,U+6EF2,shen4|sen1|qin1|lin2,shèn|sēn|qīn|lín
8436,滳,U+6EF3,shang1,shāng
8437,滴,U+6EF4,di1,dī
8438,滵,U+6EF5,mi4,mì
8439,滶,U+6EF6,ao2,áo
8440,滷,U+6EF7,lu3,lǔ
8441,滸,U+6EF8,hu3|xu3,hǔ|xǔ
8442,滹,U+6EF9,hu1|hu3,hū|hǔ
8443,滺,U+6EFA,you1,yōu
8444,滻,U+6EFB,chan3,chǎn
8445,滼,U+6EFC,fan4,fàn
8446,滽,U+6EFD,yong1,yōng
8447,滾,U+6EFE,gun3,gǔn
8448,滿,U+6EFF,man3|men4,mǎn|mèn
8449,漀,U+6F00,qing3|qing1,qǐng|qīng
8450,漁,U+6F01,yu2,yú
8451,漂,U+6F02,piao1|piao4|piao3|biao1,piāo|piào|piǎo|biāo
8452,漃,U+6F03,ji4,jì
8453,漄,U+6F04,ya2,yá
8454,漅,U+6F05,chao2,cháo
8455,漆,U+6F06,qi1|qie4,qī|qiè
8456,漇,U+6F07,xi3,xǐ
8457,漈,U+6F08,ji4,jì
8458,漉,U+6F09,lu4,lù
8459,漊,U+6F0A,lou2|lv3|lou3,lóu|lǚ|lǒu
8460,漋,U+6F0B,long2,lóng
8461,漌,U+6F0C,jin3,jǐn
8462,漍,U+6F0D,guo2,guó
8463,漎,U+6F0E,cong2|song3,cóng|sǒng
8464,漏,U+6F0F,lou4|lou2,lòu|lóu
8465,漐,U+6F10,zhi2,zhí
8466,漑,U+6F11,gai4,gài
8467,漒,U+6F12,qiang2,qiáng
8468,漓,U+6F13,li2,lí
8469,演,U+6F14,yan3|yan4,yǎn|yàn
8470,漕,U+6F15,cao2|cao4,cáo|cào
8471,漖,U+6F16,jiao4,jiào
8472,漗,U+6F17,cong1,cōng
8473,漘,U+6F18,chun2,chún
8474,漙,U+6F19,tuan2|zhuan1,tuán|zhuān
8475,漚,U+6F1A,ou1|ou4,ōu|òu
8476,漛,U+6F1B,teng2,téng
8477,漜,U+6F1C,ye3,yě
8478,漝,U+6F1D,xi2,xí
8479,漞,U+6F1E,mi4,mì
8480,漟,U+6F1F,tang2,táng
8481,漠,U+6F20,mo4,mò
8482,漡,U+6F21,shang1|tang4,shāng|tàng
8483,漢,U+6F22,han4|tan1,hàn|tān
8484,漣,U+6F23,lian2|lan2,lián|lán
8485,漤,U+6F24,lan3,lǎn
8486,漥,U+6F25,wa1,wā
8487,漦,U+6F26,chi2|tai1,chí|tāi
8488,漧,U+6F27,gan1,gān
8489,漨,U+6F28,feng2|peng2|beng3,féng|péng|běng
8490,漩,U+6F29,xuan2,xuán
8491,漪,U+6F2A,yi1,yī
8492,漫,U+6F2B,man4,màn
8493,漬,U+6F2C,zi4|se4|qi4,zì|sè|qì
8494,漭,U+6F2D,mang3,mǎng
8495,漮,U+6F2E,kang1,kāng
8496,漯,U+6F2F,luo4|ta4|lei3,luò|tà|lěi
8497,漰,U+6F30,peng1,pēng
8498,漱,U+6F31,shu4,shù
8499,漲,U+6F32,zhang3|zhang4|zhang1,zhǎng|zhàng|zhāng
8500,漳,U+6F33,zhang1,zhāng
8501,漴,U+6F34,zhuang4|chong2|shuang1|chuang2,zhuàng|chóng|shuāng|chuáng
8502,漵,U+6F35,xu4,xù
8503,漶,U+6F36,huan4,huàn
8504,漷,U+6F37,huo3|kuo4|huo4,huǒ|kuò|huò
8505,漸,U+6F38,jian4|jian1|qian2|chan2,jiàn|jiān|qián|chán
8506,漹,U+6F39,yan1,yān
8507,漺,U+6F3A,shuang3|chuang3,shuǎng|chuǎng
8508,漻,U+6F3B,liao2|xiao4|liu2,liáo|xiào|liú
8509,漼,U+6F3C,cui3|cui1,cuǐ|cuī
8510,漽,U+6F3D,ti2,tí
8511,漾,U+6F3E,yang4,yàng
8512,漿,U+6F3F,jiang1|jiang4,jiāng|jiàng
8513,潀,U+6F40,cong2,cóng
8514,潁,U+6F41,ying3,yǐng
8515,潂,U+6F42,hong2,hóng
8516,潃,U+6F43,xiu3,xiǔ
8517,潄,U+6F44,shu4,shù
8518,潅,U+6F45,guan4,guàn
8519,潆,U+6F46,ying2,yíng
8520,潇,U+6F47,xiao1,xiāo
8521,潈,U+6F48,zong,zong
8522,潉,U+6F49,kun1,kūn
8523,潊,U+6F4A,xu4,xù
8524,潋,U+6F4B,lian4,liàn
8525,潌,U+6F4C,zhi4,zhì
8526,潍,U+6F4D,wei2,wéi
8527,潎,U+6F4E,pi4|pie1|piao4,pì|piē|piào
8528,潏,U+6F4F,yu4|jue2|shu4,yù|jué|shù
8529,潐,U+6F50,jiao4|jiao3|qiao2,jiào|jiǎo|qiáo
8530,潑,U+6F51,po1|bo1,pō|bō
8531,潒,U+6F52,dang4|xiang4|yang3,dàng|xiàng|yǎng
8532,潓,U+6F53,hui4,huì
8533,潔,U+6F54,jie2,jié
8534,潕,U+6F55,wu3,wǔ
8535,潖,U+6F56,pa2,pá
8536,潗,U+6F57,ji2,jí
8537,潘,U+6F58,pan1|pan4|bo1|pan2|fan1,pān|pàn|bō|pán|fān
8538,潙,U+6F59,wei2|gui1,wéi|guī
8539,潚,U+6F5A,su4|xiao1|sou1,sù|xiāo|sōu
8540,潛,U+6F5B,qian2,qián
8541,潜,U+6F5C,qian2,qián
8542,潝,U+6F5D,xi1|ya4,xī|yà
8543,潞,U+6F5E,lu4,lù
8544,潟,U+6F5F,xi4,xì
8545,潠,U+6F60,xun4|sun4,xùn|sùn
8546,潡,U+6F61,dun4,dùn
8547,潢,U+6F62,huang2|huang4|guang1,huáng|huàng|guāng
8548,潣,U+6F63,min3,mǐn
8549,潤,U+6F64,run4,rùn
8550,潥,U+6F65,su4,sù
8551,潦,U+6F66,lao3|liao2|lao4|lao2|liao3,lǎo|liáo|lào|láo|liǎo
8552,潧,U+6F67,zhen1,zhēn
8553,潨,U+6F68,cong2|zong1,cóng|zōng
8554,潩,U+6F69,yi4,yì
8555,潪,U+6F6A,zhe4|zhi4,zhè|zhì
8556,潫,U+6F6B,wan1,wān
8557,潬,U+6F6C,shan4|tan1,shàn|tān
8558,潭,U+6F6D,tan2|xun2|yin3|dan4,tán|xún|yǐn|dàn
8559,潮,U+6F6E,chao2,cháo
8560,潯,U+6F6F,xun2|yin2,xún|yín
8561,潰,U+6F70,kui4|xie4,kuì|xiè
8562,潱,U+6F71,ye1,yē
8563,潲,U+6F72,shao4,shào
8564,潳,U+6F73,tu2|zha1,tú|zhā
8565,潴,U+6F74,zhu1,zhū
8566,潵,U+6F75,sa3|san4,sǎ|sàn
8567,潶,U+6F76,hei1,hēi
8568,潷,U+6F77,bi4,bì
8569,潸,U+6F78,shan1,shān
8570,潹,U+6F79,chan2,chán
8571,潺,U+6F7A,chan2,chán
8572,潻,U+6F7B,shu3,shǔ
8573,潼,U+6F7C,tong2|chong1|zhong1,tóng|chōng|zhōng
8574,潽,U+6F7D,pu1|pu3,pū|pǔ
8575,潾,U+6F7E,lin2,lín
8576,潿,U+6F7F,wei2,wéi
8577,澀,U+6F80,se4,sè
8578,澁,U+6F81,se4,sè
8579,澂,U+6F82,cheng2,chéng
8580,澃,U+6F83,jiong3,jiǒng
8581,澄,U+6F84,cheng2|deng4,chéng|dèng
8582,澅,U+6F85,hua4,huà
8583,澆,U+6F86,jiao1|ao4|nao4,jiāo|ào|nào
8584,澇,U+6F87,lao4|lao2,lào|láo
8585,澈,U+6F88,che4,chè
8586,澉,U+6F89,gan3|han4,gǎn|hàn
8587,澊,U+6F8A,cun1|cun2,cūn|cún
8588,澋,U+6F8B,hong4,hòng
8589,澌,U+6F8C,si1,sī
8590,澍,U+6F8D,shu4|zhu4,shù|zhù
8591,澎,U+6F8E,peng1|peng2,pēng|péng
8592,澏,U+6F8F,han2,hán
8593,澐,U+6F90,yun2,yún
8594,澑,U+6F91,liu4,liù
8595,澒,U+6F92,hong4,hòng
8596,澓,U+6F93,fu2,fú
8597,澔,U+6F94,hao4,hào
8598,澕,U+6F95,he2,hé
8599,澖,U+6F96,xian2,xián
8600,澗,U+6F97,jian4,jiàn
8601,澘,U+6F98,shan1,shān
8602,澙,U+6F99,xi4,xì
8603,澚,U+6F9A,yu,yu
8604,澛,U+6F9B,lu3,lǔ
8605,澜,U+6F9C,lan2,lán
8606,澝,U+6F9D,ning4,nìng
8607,澞,U+6F9E,yu2,yú
8608,澟,U+6F9F,lin3,lǐn
8609,澠,U+6FA0,mian3|sheng2,miǎn|shéng
8610,澡,U+6FA1,zao3|cao1,zǎo|cāo
8611,澢,U+6FA2,dang1,dāng
8612,澣,U+6FA3,huan4|han4,huàn|hàn
8613,澤,U+6FA4,ze2|shi4|yi4|duo2,zé|shì|yì|duó
8614,澥,U+6FA5,xie4,xiè
8615,澦,U+6FA6,yu4,yù
8616,澧,U+6FA7,li3,lǐ
8617,澨,U+6FA8,shi4|cuo2,shì|cuó
8618,澩,U+6FA9,xue2|xiao4,xué|xiào
8619,澪,U+6FAA,ling2,líng
8620,澫,U+6FAB,wan4|man4|ou3,wàn|màn|ǒu
8621,澬,U+6FAC,zi1|ci2,zī|cí
8622,澭,U+6FAD,yong1|yong3,yōng|yǒng
8623,澮,U+6FAE,hui4|kuai4|hua2,huì|kuài|huá
8624,澯,U+6FAF,can4,càn
8625,澰,U+6FB0,lian4,liàn
8626,澱,U+6FB1,dian4,diàn
8627,澲,U+6FB2,ye4,yè
8628,澳,U+6FB3,ao4|yu4,ào|yù
8629,澴,U+6FB4,huan2|xuan4,huán|xuàn
8630,澵,U+6FB5,zhen1,zhēn
8631,澶,U+6FB6,chan2|dan4|zhan1,chán|dàn|zhān
8632,澷,U+6FB7,man4,màn
8633,澸,U+6FB8,dan3,dǎn
8634,澹,U+6FB9,dan4|tan2|dan1|shan4,dàn|tán|dān|shàn
8635,澺,U+6FBA,yi4,yì
8636,澻,U+6FBB,sui4,suì
8637,澼,U+6FBC,pi4,pì
8638,澽,U+6FBD,ju4,jù
8639,澾,U+6FBE,ta4,tà
8640,澿,U+6FBF,qin2,qín
8641,激,U+6FC0,ji1|jiao4|jiao1,jī|jiào|jiāo
8642,濁,U+6FC1,zhuo2,zhuó
8643,濂,U+6FC2,lian2|xian3,lián|xiǎn
8644,濃,U+6FC3,nong2,nóng
8645,濄,U+6FC4,guo1|wo1,guō|wō
8646,濅,U+6FC5,jin4,jìn
8647,濆,U+6FC6,fen2|pen1,fén|pēn
8648,濇,U+6FC7,se4,sè
8649,濈,U+6FC8,ji2|sha4,jí|shà
8650,濉,U+6FC9,sui1,suī
8651,濊,U+6FCA,hui4|wei4|huo4,huì|wèi|huò
8652,濋,U+6FCB,chu3,chǔ
8653,濌,U+6FCC,ta4,tà
8654,濍,U+6FCD,song1,sōng
8655,濎,U+6FCE,ding3|ting4,dǐng|tìng
8656,濏,U+6FCF,se4,sè
8657,濐,U+6FD0,zhu3,zhǔ
8658,濑,U+6FD1,lai4,lài
8659,濒,U+6FD2,bin1,bīn
8660,濓,U+6FD3,lian2,lián
8661,濔,U+6FD4,mi3|mi2|ni3,mǐ|mí|nǐ
8662,濕,U+6FD5,shi1|ta4|xi2,shī|tà|xí
8663,濖,U+6FD6,shu4,shù
8664,濗,U+6FD7,mi4,mì
8665,濘,U+6FD8,ning4|ning2|ni4,nìng|níng|nì
8666,濙,U+6FD9,ying2,yíng
8667,濚,U+6FDA,ying2,yíng
8668,濛,U+6FDB,meng2,méng
8669,濜,U+6FDC,jin4|jin1,jìn|jīn
8670,濝,U+6FDD,qi2,qí
8671,濞,U+6FDE,bi4|pi4,bì|pì
8672,濟,U+6FDF,ji4|ji3|qi2,jì|jǐ|qí
8673,濠,U+6FE0,hao2,háo
8674,濡,U+6FE1,ru2|ruan3|er2|nuan2|nuo4,rú|ruǎn|ér|nuán|nuò
8675,濢,U+6FE2,cui4|zui3,cuì|zuǐ
8676,濣,U+6FE3,wo4,wò
8677,濤,U+6FE4,tao1|chao2|shou4|dao4,tāo|cháo|shòu|dào
8678,濥,U+6FE5,yin3,yǐn
8679,濦,U+6FE6,yin3,yǐn
8680,濧,U+6FE7,dui4,duì
8681,濨,U+6FE8,ci2,cí
8682,濩,U+6FE9,huo4|hu4,huò|hù
8683,濪,U+6FEA,qing4,qìng
8684,濫,U+6FEB,lan4|jian4|lan3|lan2,làn|jiàn|lǎn|lán
8685,濬,U+6FEC,jun4|xun4,jùn|xùn
8686,濭,U+6FED,ai3|kai4|ke4,ǎi|kài|kè
8687,濮,U+6FEE,pu2,pú
8688,濯,U+6FEF,zhuo2|shuo4|zhao4,zhuó|shuò|zhào
8689,濰,U+6FF0,wei2,wéi
8690,濱,U+6FF1,bin1,bīn
8691,濲,U+6FF2,gu3,gǔ
8692,濳,U+6FF3,qian2,qián
8693,濴,U+6FF4,ying2,yíng
8694,濵,U+6FF5,bin1,bīn
8695,濶,U+6FF6,kuo4,kuò
8696,濷,U+6FF7,fei4,fèi
8697,濸,U+6FF8,cang1,cāng
8698,濹,U+6FF9,me,me
8699,濺,U+6FFA,jian4|jian1|zan4,jiàn|jiān|zàn
8700,濻,U+6FFB,wei3,wěi
8701,濼,U+6FFC,luo4|po1|li4,luò|pō|lì
8702,濽,U+6FFD,zan4,zàn
8703,濾,U+6FFE,lv4,lǜ
8704,濿,U+6FFF,li4,lì
8705,瀀,U+7000,you1,yōu
8706,瀁,U+7001,yang4|yang3,yàng|yǎng
8707,瀂,U+7002,lu3,lǔ
8708,瀃,U+7003,si4,sì
8709,瀄,U+7004,zhi4,zhì
8710,瀅,U+7005,ying2|ying4|jiong1,yíng|yìng|jiōng
8711,瀆,U+7006,du2|dou4,dú|dòu
8712,瀇,U+7007,wang3|wang1,wǎng|wāng
8713,瀈,U+7008,hui1,huī
8714,瀉,U+7009,xie4,xiè
8715,瀊,U+700A,pan2,pán
8716,瀋,U+700B,shen3|chen4|pan2,shěn|chèn|pán
8717,瀌,U+700C,biao1,biāo
8718,瀍,U+700D,chan2,chán
8719,瀎,U+700E,mo4|mie4,mò|miè
8720,瀏,U+700F,liu2|liu1,liú|liū
8721,瀐,U+7010,jian1,jiān
8722,瀑,U+7011,pu4|bao4|bo2,pù|bào|bó
8723,瀒,U+7012,se4,sè
8724,瀓,U+7013,cheng2,chéng
8725,瀔,U+7014,gu3,gǔ
8726,瀕,U+7015,bin1,bīn
8727,瀖,U+7016,huo4,huò
8728,瀗,U+7017,xian4,xiàn
8729,瀘,U+7018,lu2,lú
8730,瀙,U+7019,qin4,qìn
8731,瀚,U+701A,han4,hàn
8732,瀛,U+701B,ying2,yíng
8733,瀜,U+701C,rong2,róng
8734,瀝,U+701D,li4,lì
8735,瀞,U+701E,jing4,jìng
8736,瀟,U+701F,xiao1,xiāo
8737,瀠,U+7020,ying2,yíng
8738,瀡,U+7021,sui3,suǐ
8739,瀢,U+7022,wei3|dui4,wěi|duì
8740,瀣,U+7023,xie4,xiè
8741,瀤,U+7024,huai2|wai1,huái|wāi
8742,瀥,U+7025,xue4,xuè
8743,瀦,U+7026,zhu1,zhū
8744,瀧,U+7027,long2|shuang1,lóng|shuāng
8745,瀨,U+7028,lai4,lài
8746,瀩,U+7029,dui4,duì
8747,瀪,U+702A,fan2,fán
8748,瀫,U+702B,hu2,hú
8749,瀬,U+702C,lai4,lài
8750,瀭,U+702D,shu1,shū
8751,瀮,U+702E,ling,ling
8752,瀯,U+702F,ying2,yíng
8753,瀰,U+7030,mi2|mi3|ni3,mí|mǐ|nǐ
8754,瀱,U+7031,ji4,jì
8755,瀲,U+7032,lian4,liàn
8756,瀳,U+7033,jian4|zun4,jiàn|zùn
8757,瀴,U+7034,ying2|ying3|ying4,yíng|yǐng|yìng
8758,瀵,U+7035,fen4,fèn
8759,瀶,U+7036,lin2,lín
8760,瀷,U+7037,yi4,yì
8761,瀸,U+7038,jian1,jiān
8762,瀹,U+7039,yue4|yao4,yuè|yào
8763,瀺,U+703A,chan2,chán
8764,瀻,U+703B,dai4,dài
8765,瀼,U+703C,rang2|rang4|nang3,ráng|ràng|nǎng
8766,瀽,U+703D,jian3,jiǎn
8767,瀾,U+703E,lan2,lán
8768,瀿,U+703F,fan2,fán
8769,灀,U+7040,shuang4,shuàng
8770,灁,U+7041,yuan1,yuān
8771,灂,U+7042,zhuo2|ze2|jiao4,zhuó|zé|jiào
8772,灃,U+7043,feng1,fēng
8773,灄,U+7044,she4|ni4,shè|nì
8774,灅,U+7045,lei3,lěi
8775,灆,U+7046,lan2,lán
8776,灇,U+7047,cong2,cóng
8777,灈,U+7048,qu2,qú
8778,灉,U+7049,yong1,yōng
8779,灊,U+704A,qian2,qián
8780,灋,U+704B,fa3,fǎ
8781,灌,U+704C,guan4|huan4,guàn|huàn
8782,灍,U+704D,jue2,jué
8783,灎,U+704E,yan4,yàn
8784,灏,U+704F,hao4,hào
8785,灐,U+7050,ying2,yíng
8786,灑,U+7051,sa3|xian3|xi3|li2|shi1,sǎ|xiǎn|xǐ|lí|shī
8787,灒,U+7052,zan4|cuan2|qian2|za1,zàn|cuán|qián|zā
8788,灓,U+7053,luan2|luan4,luán|luàn
8789,灔,U+7054,yan4,yàn
8790,灕,U+7055,li2,lí
8791,灖,U+7056,mi3,mǐ
8792,灗,U+7057,shan4,shàn
8793,灘,U+7058,tan1|han4|nan4,tān|hàn|nàn
8794,灙,U+7059,dang3,dǎng
8795,灚,U+705A,jiao3,jiǎo
8796,灛,U+705B,chan3,chǎn
8797,灜,U+705C,ying2,yíng
8798,灝,U+705D,hao4,hào
8799,灞,U+705E,ba4,bà
8800,灟,U+705F,zhu2,zhú
8801,灠,U+7060,lan3|lan4,lǎn|làn
8802,灡,U+7061,lan2,lán
8803,灢,U+7062,nang3,nǎng
8804,灣,U+7063,wan1,wān
8805,灤,U+7064,luan2,luán
8806,灥,U+7065,xun2|quan2|quan4,xún|quán|quàn
8807,灦,U+7066,xian3,xiǎn
8808,灧,U+7067,yan4,yàn
8809,灨,U+7068,gan4,gàn
8810,灩,U+7069,yan4,yàn
8811,灪,U+706A,yu4,yù
8812,火,U+706B,huo3|huo1,huǒ|huō
8813,灬,U+706C,biao1|huo3,biāo|huǒ
8814,灭,U+706D,mie4,miè
8815,灮,U+706E,guang1,guāng
8816,灯,U+706F,deng1|ding1,dēng|dīng
8817,灰,U+7070,hui1,huī
8818,灱,U+7071,xiao1,xiāo
8819,灲,U+7072,xiao1,xiāo
8820,灳,U+7073,hui1,huī
8821,灴,U+7074,hong1,hōng
8822,灵,U+7075,ling2,líng
8823,灶,U+7076,zao4,zào
8824,灷,U+7077,zhuan4,zhuàn
8825,灸,U+7078,jiu3,jiǔ
8826,灹,U+7079,zha4|yu4,zhà|yù
8827,灺,U+707A,xie4,xiè
8828,灻,U+707B,chi4,chì
8829,灼,U+707C,zhuo2,zhuó
8830,災,U+707D,zai1,zāi
8831,灾,U+707E,zai1,zāi
8832,灿,U+707F,can4,càn
8833,炀,U+7080,yang2,yáng
8834,炁,U+7081,qi4,qì
8835,炂,U+7082,zhong1,zhōng
8836,炃,U+7083,fen2|ben4,fén|bèn
8837,炄,U+7084,niu3,niǔ
8838,炅,U+7085,jiong3|gui4,jiǒng|guì
8839,炆,U+7086,wen2,wén
8840,炇,U+7087,pu1,pū
8841,炈,U+7088,yi4,yì
8842,炉,U+7089,lu2,lú
8843,炊,U+708A,chui1,chuī
8844,炋,U+708B,pi1,pī
8845,炌,U+708C,kai4,kài
8846,炍,U+708D,pan4,pàn
8847,炎,U+708E,yan2|yan4|tan2,yán|yàn|tán
8848,炏,U+708F,kai4|yan2,kài|yán
8849,炐,U+7090,pang4|feng1,pàng|fēng
8850,炑,U+7091,mu4,mù
8851,炒,U+7092,chao3,chǎo
8852,炓,U+7093,liao4,liào
8853,炔,U+7094,gui4|que1|xue4,guì|quē|xuè
8854,炕,U+7095,kang4|hang1,kàng|hāng
8855,炖,U+7096,dun4|tun2,dùn|tún
8856,炗,U+7097,guang1,guāng
8857,炘,U+7098,xin1,xīn
8858,炙,U+7099,zhi4,zhì
8859,炚,U+709A,guang1,guāng
8860,炛,U+709B,guang1,guāng
8861,炜,U+709C,wei3,wěi
8862,炝,U+709D,qiang4,qiàng
8863,炞,U+709E,bian,bian
8864,炟,U+709F,da2,dá
8865,炠,U+70A0,xia2,xiá
8866,炡,U+70A1,zheng1,zhēng
8867,炢,U+70A2,zhu2,zhú
8868,炣,U+70A3,ke3,kě
8869,炤,U+70A4,zhao4|zhao1|zhao3,zhào|zhāo|zhǎo
8870,炥,U+70A5,fu2,fú
8871,炦,U+70A6,ba2,bá
8872,炧,U+70A7,xie4,xiè
8873,炨,U+70A8,xie4,xiè
8874,炩,U+70A9,ling4,lìng
8875,炪,U+70AA,zhuo1|chu4,zhuō|chù
8876,炫,U+70AB,xuan4,xuàn
8877,炬,U+70AC,ju4,jù
8878,炭,U+70AD,tan4,tàn
8879,炮,U+70AE,pao4|bao1|pao2,pào|bāo|páo
8880,炯,U+70AF,jiong3,jiǒng
8881,炰,U+70B0,pao2|fou3,páo|fǒu
8882,炱,U+70B1,tai2,tái
8883,炲,U+70B2,tai2,tái
8884,炳,U+70B3,bing3,bǐng
8885,炴,U+70B4,yang3,yǎng
8886,炵,U+70B5,tong1,tōng
8887,炶,U+70B6,shan3,shǎn
8888,炷,U+70B7,zhu4,zhù
8889,炸,U+70B8,zha4|zha2,zhà|zhá
8890,点,U+70B9,dian3,diǎn
8891,為,U+70BA,wei4|wei2,wèi|wéi
8892,炻,U+70BB,shi2,shí
8893,炼,U+70BC,lian4,liàn
8894,炽,U+70BD,chi4,chì
8895,炾,U+70BE,huang3,huǎng
8896,炿,U+70BF,zhou1,zhōu
8897,烀,U+70C0,hu1,hū
8898,烁,U+70C1,shuo4,shuò
8899,烂,U+70C2,lan4,làn
8900,烃,U+70C3,ting1,tīng
8901,烄,U+70C4,jiao3|yao4,jiǎo|yào
8902,烅,U+70C5,xu4,xù
8903,烆,U+70C6,heng2,héng
8904,烇,U+70C7,quan3,quǎn
8905,烈,U+70C8,lie4,liè
8906,烉,U+70C9,huan4,huàn
8907,烊,U+70CA,yang2|yang4,yáng|yàng
8908,烋,U+70CB,xiu1|xiao1,xiū|xiāo
8909,烌,U+70CC,xiu1,xiū
8910,烍,U+70CD,xian3,xiǎn
8911,烎,U+70CE,yin2,yín
8912,烏,U+70CF,wu1|ya1|wu4,wū|yā|wù
8913,烐,U+70D0,zhou1,zhōu
8914,烑,U+70D1,yao2,yáo
8915,烒,U+70D2,shi4,shì
8916,烓,U+70D3,wei1,wēi
8917,烔,U+70D4,tong2|dong4,tóng|dòng
8918,烕,U+70D5,mie4,miè
8919,烖,U+70D6,zai1,zāi
8920,烗,U+70D7,kai4,kài
8921,烘,U+70D8,hong1,hōng
8922,烙,U+70D9,lao4|luo4,lào|luò
8923,烚,U+70DA,xia2,xiá
8924,烛,U+70DB,zhu2|chong2,zhú|chóng
8925,烜,U+70DC,xuan3|xuan1|hui3,xuǎn|xuān|huǐ
8926,烝,U+70DD,zheng1,zhēng
8927,烞,U+70DE,po4,pò
8928,烟,U+70DF,yan1|yin1,yān|yīn
8929,烠,U+70E0,hui2|hui3|ai3,huí|huǐ|ǎi
8930,烡,U+70E1,guang1,guāng
8931,烢,U+70E2,che4,chè
8932,烣,U+70E3,hui1,huī
8933,烤,U+70E4,kao3,kǎo
8934,烥,U+70E5,ju4,jù
8935,烦,U+70E6,fan2,fán
8936,烧,U+70E7,shao1,shāo
8937,烨,U+70E8,ye4,yè
8938,烩,U+70E9,hui4,huì
8939,烪,U+70EA,烪,烪
8940,烫,U+70EB,tang4,tàng
8941,烬,U+70EC,jin4,jìn
8942,热,U+70ED,re4,rè
8943,烮,U+70EE,lie4,liè
8944,烯,U+70EF,xi1,xī
8945,烰,U+70F0,fu2|fu1,fú|fū
8946,烱,U+70F1,jiong3,jiǒng
8947,烲,U+70F2,xie4|che4,xiè|chè
8948,烳,U+70F3,pu3,pǔ
8949,烴,U+70F4,ting1|jing3,tīng|jǐng
8950,烵,U+70F5,zhuo2,zhuó
8951,烶,U+70F6,ting3,tǐng
8952,烷,U+70F7,wan2,wán
8953,烸,U+70F8,hai3,hǎi
8954,烹,U+70F9,peng1,pēng
8955,烺,U+70FA,lang3,lǎng
8956,烻,U+70FB,yan4|shan1,yàn|shān
8957,烼,U+70FC,xu4,xù
8958,烽,U+70FD,feng1,fēng
8959,烾,U+70FE,chi4,chì
8960,烿,U+70FF,rong2,róng
8961,焀,U+7100,hu2,hú
8962,焁,U+7101,xi1,xī
8963,焂,U+7102,shu1,shū
8964,焃,U+7103,he4|huo4,hè|huò
8965,焄,U+7104,xun1|hun1,xūn|hūn
8966,焅,U+7105,ku4|kao4,kù|kào
8967,焆,U+7106,juan1|ye4|yue4|yuan1,juān|yè|yuè|yuān
8968,焇,U+7107,xiao1,xiāo
8969,焈,U+7108,xi1,xī
8970,焉,U+7109,yan1|yi2,yān|yí
8971,焊,U+710A,han4,hàn
8972,焋,U+710B,zhuang4,zhuàng
8973,焌,U+710C,jun4|qu1,jùn|qū
8974,焍,U+710D,di4,dì
8975,焎,U+710E,xie4,xiè
8976,焏,U+710F,ji2|qi4,jí|qì
8977,焐,U+7110,wu4,wù
8978,焑,U+7111,yan1,yān
8979,焒,U+7112,lv3,lǚ
8980,焓,U+7113,han2,hán
8981,焔,U+7114,yan4,yàn
8982,焕,U+7115,huan4,huàn
8983,焖,U+7116,men4,mèn
8984,焗,U+7117,ju2,jú
8985,焘,U+7118,dao4|tao1,dào|tāo
8986,焙,U+7119,bei4,bèi
8987,焚,U+711A,fen2|fen4,fén|fèn
8988,焛,U+711B,lin4,lìn
8989,焜,U+711C,kun1,kūn
8990,焝,U+711D,hun4,hùn
8991,焞,U+711E,tun1|tui1|jun4,tūn|tuī|jùn
8992,焟,U+711F,xi1,xī
8993,焠,U+7120,cui4,cuì
8994,無,U+7121,wu2|mo2,wú|mó
8995,焢,U+7122,hong1,hōng
8996,焣,U+7123,chao3|ju4,chǎo|jù
8997,焤,U+7124,fu3,fǔ
8998,焥,U+7125,wo4|ai4,wò|ài
8999,焦,U+7126,jiao1|qiao2,jiāo|qiáo
9000,焧,U+7127,cong1,cōng
9001,焨,U+7128,feng4,fèng
9002,焩,U+7129,ping2,píng
9003,焪,U+712A,qiong2,qióng
9004,焫,U+712B,ruo4|re4,ruò|rè
9005,焬,U+712C,xi1|yi4,xī|yì
9006,焭,U+712D,qiong2,qióng
9007,焮,U+712E,xin4,xìn
9008,焯,U+712F,chao1|zhuo1|zhuo2|chuo4,chāo|zhuō|zhuó|chuò
9009,焰,U+7130,yan4,yàn
9010,焱,U+7131,yan4|yi4,yàn|yì
9011,焲,U+7132,yi4,yì
9012,焳,U+7133,jue2,jué
9013,焴,U+7134,yu4,yù
9014,焵,U+7135,gang4,gàng
9015,然,U+7136,ran2,rán
9016,焷,U+7137,pi2,pí
9017,焸,U+7138,xiong4|ying1|gu3,xiòng|yīng|gǔ
9018,焹,U+7139,gang4,gàng
9019,焺,U+713A,sheng1,shēng
9020,焻,U+713B,chang4|gua1,chàng|guā
9021,焼,U+713C,shao1,shāo
9022,焽,U+713D,xiong3,xiǒng
9023,焾,U+713E,nian3,niǎn
9024,焿,U+713F,geng1,gēng
9025,煀,U+7140,wei,wei
9026,煁,U+7141,chen2,chén
9027,煂,U+7142,he4,hè
9028,煃,U+7143,kui3,kuǐ
9029,煄,U+7144,zhong3,zhǒng
9030,煅,U+7145,duan4,duàn
9031,煆,U+7146,xia1|xia4,xiā|xià
9032,煇,U+7147,hui1|hun2|yun4|xun1|xuan4,huī|hún|yùn|xūn|xuàn
9033,煈,U+7148,feng4,fèng
9034,煉,U+7149,lian4|lan4,liàn|làn
9035,煊,U+714A,xuan1,xuān
9036,煋,U+714B,xing1,xīng
9037,煌,U+714C,huang2,huáng
9038,煍,U+714D,jiao3,jiǎo
9039,煎,U+714E,jian1|jian4|jian3,jiān|jiàn|jiǎn
9040,煏,U+714F,bi4,bì
9041,煐,U+7150,ying1,yīng
9042,煑,U+7151,zhu3,zhǔ
9043,煒,U+7152,wei3|hui1,wěi|huī
9044,煓,U+7153,tuan1,tuān
9045,煔,U+7154,shan3|qian2|shan1,shǎn|qián|shān
9046,煕,U+7155,xi1,xī
9047,煖,U+7156,nuan3|xuan1,nuǎn|xuān
9048,煗,U+7157,nuan3,nuǎn
9049,煘,U+7158,chan2,chán
9050,煙,U+7159,yan1,yān
9051,煚,U+715A,jiong3,jiǒng
9052,煛,U+715B,jiong3,jiǒng
9053,煜,U+715C,yu4,yù
9054,煝,U+715D,mei4,mèi
9055,煞,U+715E,sha1|sha4,shā|shà
9056,煟,U+715F,wei4,wèi
9057,煠,U+7160,zha2|ye4,zhá|yè
9058,煡,U+7161,jin4,jìn
9059,煢,U+7162,qiong2,qióng
9060,煣,U+7163,rou2|rou3,róu|rǒu
9061,煤,U+7164,mei2,méi
9062,煥,U+7165,huan4,huàn
9063,煦,U+7166,xu4|xiu1,xù|xiū
9064,照,U+7167,zhao4,zhào
9065,煨,U+7168,wei1|yu4,wēi|yù
9066,煩,U+7169,fan2,fán
9067,煪,U+716A,qiu2,qiú
9068,煫,U+716B,sui4,suì
9069,煬,U+716C,yang2|yang4,yáng|yàng
9070,煭,U+716D,lie4,liè
9071,煮,U+716E,zhu3,zhǔ
9072,煯,U+716F,jie1,jiē
9073,煰,U+7170,zao4,zào
9074,煱,U+7171,gua1,guā
9075,煲,U+7172,bao1,bāo
9076,煳,U+7173,hu2,hú
9077,煴,U+7174,yun1|yun4|wen3,yūn|yùn|wěn
9078,煵,U+7175,nan3,nǎn
9079,煶,U+7176,shi4,shì
9080,煷,U+7177,liang,liang
9081,煸,U+7178,bian1,biān
9082,煹,U+7179,gou4,gòu
9083,煺,U+717A,tui4,tuì
9084,煻,U+717B,tang2,táng
9085,煼,U+717C,chao3,chǎo
9086,煽,U+717D,shan1,shān
9087,煾,U+717E,en1|yun1,ēn|yūn
9088,煿,U+717F,bo2,bó
9089,熀,U+7180,huang3|ye4,huǎng|yè
9090,熁,U+7181,xie2,xié
9091,熂,U+7182,xi4,xì
9092,熃,U+7183,wu4,wù
9093,熄,U+7184,xi1,xī
9094,熅,U+7185,yun4,yùn
9095,熆,U+7186,he2,hé
9096,熇,U+7187,he4|xiao1|kao3|kao4,hè|xiāo|kǎo|kào
9097,熈,U+7188,xi1,xī
9098,熉,U+7189,yun2,yún
9099,熊,U+718A,xiong2,xióng
9100,熋,U+718B,nai2,nái
9101,熌,U+718C,shan3,shǎn
9102,熍,U+718D,qiong2,qióng
9103,熎,U+718E,yao4,yào
9104,熏,U+718F,xun1|xun4,xūn|xùn
9105,熐,U+7190,mi4,mì
9106,熑,U+7191,lian2|qian1,lián|qiān
9107,熒,U+7192,ying2|xing2|jiong3,yíng|xíng|jiǒng
9108,熓,U+7193,wu3,wǔ
9109,熔,U+7194,rong2,róng
9110,熕,U+7195,gong1,gōng
9111,熖,U+7196,yan4,yàn
9112,熗,U+7197,qiang4,qiàng
9113,熘,U+7198,liu1,liū
9114,熙,U+7199,xi1|yi2,xī|yí
9115,熚,U+719A,bi4,bì
9116,熛,U+719B,biao1,biāo
9117,熜,U+719C,cong1|zong3,cōng|zǒng
9118,熝,U+719D,lu4|ao1,lù|āo
9119,熞,U+719E,jian1,jiān
9120,熟,U+719F,shu2|shou2,shú|shóu
9121,熠,U+71A0,yi4,yì
9122,熡,U+71A1,lou2,lóu
9123,熢,U+71A2,peng2|beng4|feng1,péng|bèng|fēng
9124,熣,U+71A3,sui1|cui3,suī|cuǐ
9125,熤,U+71A4,yi4,yì
9126,熥,U+71A5,teng1|tong1,tēng|tōng
9127,熦,U+71A6,jue2,jué
9128,熧,U+71A7,zong1,zōng
9129,熨,U+71A8,yun4|yu4|wei4,yùn|yù|wèi
9130,熩,U+71A9,hu4,hù
9131,熪,U+71AA,yi2,yí
9132,熫,U+71AB,zhi4,zhì
9133,熬,U+71AC,ao2|ao1,áo|āo
9134,熭,U+71AD,wei4,wèi
9135,熮,U+71AE,liu3,liǔ
9136,熯,U+71AF,han4|ran3,hàn|rǎn
9137,熰,U+71B0,ou1|ou4,ōu|òu
9138,熱,U+71B1,re4,rè
9139,熲,U+71B2,jiong3,jiǒng
9140,熳,U+71B3,man4,màn
9141,熴,U+71B4,kun1,kūn
9142,熵,U+71B5,shang1,shāng
9143,熶,U+71B6,cuan4,cuàn
9144,熷,U+71B7,zeng1,zēng
9145,熸,U+71B8,jian1,jiān
9146,熹,U+71B9,xi1,xī
9147,熺,U+71BA,xi1,xī
9148,熻,U+71BB,xi1,xī
9149,熼,U+71BC,yi4,yì
9150,熽,U+71BD,xiao4,xiào
9151,熾,U+71BE,chi4,chì
9152,熿,U+71BF,huang2|huang3,huáng|huǎng
9153,燀,U+71C0,chan3|dan3|chan4,chǎn|dǎn|chàn
9154,燁,U+71C1,ye4,yè
9155,燂,U+71C2,tan2|xun2|qian2,tán|xún|qián
9156,燃,U+71C3,ran2,rán
9157,燄,U+71C4,yan4,yàn
9158,燅,U+71C5,xun2,xún
9159,燆,U+71C6,qiao1|xiao1,qiāo|xiāo
9160,燇,U+71C7,jun4,jùn
9161,燈,U+71C8,deng1,dēng
9162,燉,U+71C9,dun4|tun2|dun1,dùn|tún|dūn
9163,燊,U+71CA,shen1,shēn
9164,燋,U+71CB,jiao1|qiao2|jue2|zhuo2,jiāo|qiáo|jué|zhuó
9165,燌,U+71CC,fen2|ben4,fén|bèn
9166,燍,U+71CD,si1|xi1,sī|xī
9167,燎,U+71CE,liao2|liao3|liao4,liáo|liǎo|liào
9168,燏,U+71CF,yu4,yù
9169,燐,U+71D0,lin2,lín
9170,燑,U+71D1,tong2,tóng
9171,燒,U+71D2,shao1|shao4,shāo|shào
9172,燓,U+71D3,fen2,fén
9173,燔,U+71D4,fan2|fen2,fán|fén
9174,燕,U+71D5,yan4|yan1,yàn|yān
9175,燖,U+71D6,xun2|qian2,xún|qián
9176,燗,U+71D7,lan4,làn
9177,燘,U+71D8,mei3,měi
9178,燙,U+71D9,tang4|dang4,tàng|dàng
9179,燚,U+71DA,yi4,yì
9180,燛,U+71DB,jiong3,jiǒng
9181,燜,U+71DC,men4,mèn
9182,燝,U+71DD,jing,jing
9183,燞,U+71DE,jiao3,jiǎo
9184,營,U+71DF,ying2|cuo1,yíng|cuō
9185,燠,U+71E0,yu4|ao4,yù|ào
9186,燡,U+71E1,yi4,yì
9187,燢,U+71E2,xue2,xué
9188,燣,U+71E3,lan2,lán
9189,燤,U+71E4,tai4|lie4,tài|liè
9190,燥,U+71E5,zao4|sao4,zào|sào
9191,燦,U+71E6,can4,càn
9192,燧,U+71E7,sui4,suì
9193,燨,U+71E8,xi1,xī
9194,燩,U+71E9,que4,què
9195,燪,U+71EA,zong3,zǒng
9196,燫,U+71EB,lian2,lián
9197,燬,U+71EC,hui3,huǐ
9198,燭,U+71ED,zhu2|kuo4,zhú|kuò
9199,燮,U+71EE,xie4,xiè
9200,燯,U+71EF,ling2,líng
9201,燰,U+71F0,wei1,wēi
9202,燱,U+71F1,yi4,yì
9203,燲,U+71F2,xie2,xié
9204,燳,U+71F3,zhao4,zhào
9205,燴,U+71F4,hui4,huì
9206,燵,U+71F5,da2,dá
9207,燶,U+71F6,nong2,nóng
9208,燷,U+71F7,lan2,lán
9209,燸,U+71F8,ru2|ruan3,rú|ruǎn
9210,燹,U+71F9,xian3|bing4,xiǎn|bìng
9211,燺,U+71FA,he4,hè
9212,燻,U+71FB,xun1,xūn
9213,燼,U+71FC,jin4,jìn
9214,燽,U+71FD,chou2,chóu
9215,燾,U+71FE,dao4|tao1,dào|tāo
9216,燿,U+71FF,yao4|shuo4|shao4,yào|shuò|shào
9217,爀,U+7200,he4,hè
9218,爁,U+7201,lan4,làn
9219,爂,U+7202,biao1,biāo
9220,爃,U+7203,rong2,róng
9221,爄,U+7204,li4|lie4,lì|liè
9222,爅,U+7205,mo4,mò
9223,爆,U+7206,bao4|bo2,bào|bó
9224,爇,U+7207,ruo4,ruò
9225,爈,U+7208,lv4,lǜ
9226,爉,U+7209,la4|lie4,là|liè
9227,爊,U+720A,ao1,āo
9228,爋,U+720B,xun1,xūn
9229,爌,U+720C,kuang4|huang3|kuang3,kuàng|huǎng|kuǎng
9230,爍,U+720D,shuo4|luo4|yue4,shuò|luò|yuè
9231,爎,U+720E,liao2,liáo
9232,爏,U+720F,li4,lì
9233,爐,U+7210,lu2,lú
9234,爑,U+7211,jue2,jué
9235,爒,U+7212,liao3,liǎo
9236,爓,U+7213,yan4|xun2,yàn|xún
9237,爔,U+7214,xi1,xī
9238,爕,U+7215,xie4,xiè
9239,爖,U+7216,long2,lóng
9240,爗,U+7217,ye4,yè
9241,爘,U+7218,can1,cān
9242,爙,U+7219,rang3,rǎng
9243,爚,U+721A,yue4,yuè
9244,爛,U+721B,lan4,làn
9245,爜,U+721C,cong2,cóng
9246,爝,U+721D,jue2|jiao4,jué|jiào
9247,爞,U+721E,chong2|tong2,chóng|tóng
9248,爟,U+721F,guan4,guàn
9249,爠,U+7220,ju,ju
9250,爡,U+7221,che4,chè
9251,爢,U+7222,mi2,mí
9252,爣,U+7223,tang3,tǎng
9253,爤,U+7224,lan4,làn
9254,爥,U+7225,zhu2,zhú
9255,爦,U+7226,lan3,lǎn
9256,爧,U+7227,ling2,líng
9257,爨,U+7228,cuan4,cuàn
9258,爩,U+7229,yu4,yù
9259,爪,U+722A,zhao3|zhua3,zhǎo|zhuǎ
9260,爫,U+722B,zhao3,zhǎo
9261,爬,U+722C,pa2,pá
9262,爭,U+722D,zheng1|zheng4,zhēng|zhèng
9263,爮,U+722E,pao2,páo
9264,爯,U+722F,cheng1|cheng4,chēng|chèng
9265,爰,U+7230,yuan2,yuán
9266,爱,U+7231,ai4,ài
9267,爲,U+7232,wei4|wei2,wèi|wéi
9268,爳,U+7233,han,han
9269,爴,U+7234,jue2,jué
9270,爵,U+7235,jue2,jué
9271,父,U+7236,fu4|fu3,fù|fǔ
9272,爷,U+7237,ye2,yé
9273,爸,U+7238,ba4,bà
9274,爹,U+7239,die1,diē
9275,爺,U+723A,ye2,yé
9276,爻,U+723B,yao2|xiao4,yáo|xiào
9277,爼,U+723C,zu3,zǔ
9278,爽,U+723D,shuang3|shuang1,shuǎng|shuāng
9279,爾,U+723E,er3|mi3|ni3,ěr|mǐ|nǐ
9280,爿,U+723F,pan2|qiang2,pán|qiáng
9281,牀,U+7240,chuang2,chuáng
9282,牁,U+7241,ke1,kē
9283,牂,U+7242,zang1,zāng
9284,牃,U+7243,die2,dié
9285,牄,U+7244,qiang1,qiāng
9286,牅,U+7245,yong1,yōng
9287,牆,U+7246,qiang2,qiáng
9288,片,U+7247,pian4|pian1|pan4,piàn|piān|pàn
9289,版,U+7248,ban3,bǎn
9290,牉,U+7249,pan4,pàn
9291,牊,U+724A,chao2,cháo
9292,牋,U+724B,jian1,jiān
9293,牌,U+724C,pai2,pái
9294,牍,U+724D,du2,dú
9295,牎,U+724E,chuang1,chuāng
9296,牏,U+724F,yu2,yú
9297,牐,U+7250,zha2,zhá
9298,牑,U+7251,bian1|mian4,biān|miàn
9299,牒,U+7252,die2,dié
9300,牓,U+7253,bang3|pang1,bǎng|pāng
9301,牔,U+7254,bo2,bó
9302,牕,U+7255,chuang1,chuāng
9303,牖,U+7256,you3,yǒu
9304,牗,U+7257,you3,yǒu
9305,牘,U+7258,du2,dú
9306,牙,U+7259,ya2|ya4,yá|yà
9307,牚,U+725A,cheng1|cheng4,chēng|chèng
9308,牛,U+725B,niu2,niú
9309,牜,U+725C,niu2,niú
9310,牝,U+725D,pin4,pìn
9311,牞,U+725E,jiu1|le4,jiū|lè
9312,牟,U+725F,mou2|mu4|mao4,móu|mù|mào
9313,牠,U+7260,ta1|tuo2,tā|tuó
9314,牡,U+7261,mu3,mǔ
9315,牢,U+7262,lao2|lao4|lou2,láo|lào|lóu
9316,牣,U+7263,ren4,rèn
9317,牤,U+7264,mang1,māng
9318,牥,U+7265,fang1,fāng
9319,牦,U+7266,mao2,máo
9320,牧,U+7267,mu4,mù
9321,牨,U+7268,gang1,gāng
9322,物,U+7269,wu4,wù
9323,牪,U+726A,yan4,yàn
9324,牫,U+726B,ge1|qiu2|zang1,gē|qiú|zāng
9325,牬,U+726C,bei4,bèi
9326,牭,U+726D,si4,sì
9327,牮,U+726E,jian4,jiàn
9328,牯,U+726F,gu3,gǔ
9329,牰,U+7270,you4|chou1,yòu|chōu
9330,牱,U+7271,ge1,gē
9331,牲,U+7272,sheng1,shēng
9332,牳,U+7273,mu3,mǔ
9333,牴,U+7274,di3|di1|zhai1,dǐ|dī|zhāi
9334,牵,U+7275,qian1,qiān
9335,牶,U+7276,quan4,quàn
9336,牷,U+7277,quan2,quán
9337,牸,U+7278,zi4,zì
9338,特,U+7279,te4,tè
9339,牺,U+727A,xi1,xī
9340,牻,U+727B,mang2,máng
9341,牼,U+727C,keng1,kēng
9342,牽,U+727D,qian1|qian4,qiān|qiàn
9343,牾,U+727E,wu3|wu2,wǔ|wú
9344,牿,U+727F,gu4,gù
9345,犀,U+7280,xi1,xī
9346,犁,U+7281,li2,lí
9347,犂,U+7282,li2,lí
9348,犃,U+7283,pou3,pǒu
9349,犄,U+7284,ji1|yi1,jī|yī
9350,犅,U+7285,gang1,gāng
9351,犆,U+7286,zhi2|te4,zhí|tè
9352,犇,U+7287,ben1,bēn
9353,犈,U+7288,quan2,quán
9354,犉,U+7289,chun2,chún
9355,犊,U+728A,du2,dú
9356,犋,U+728B,ju4,jù
9357,犌,U+728C,jia1,jiā
9358,犍,U+728D,jian1|qian2|jian3,jiān|qián|jiǎn
9359,犎,U+728E,feng1,fēng
9360,犏,U+728F,pian1,piān
9361,犐,U+7290,ke1,kē
9362,犑,U+7291,ju2,jú
9363,犒,U+7292,kao4,kào
9364,犓,U+7293,chu2,chú
9365,犔,U+7294,xi4,xì
9366,犕,U+7295,bei4,bèi
9367,犖,U+7296,luo4,luò
9368,犗,U+7297,jie4,jiè
9369,犘,U+7298,ma2,má
9370,犙,U+7299,san1,sān
9371,犚,U+729A,wei4,wèi
9372,犛,U+729B,mao2|li2,máo|lí
9373,犜,U+729C,dun1,dūn
9374,犝,U+729D,tong2,tóng
9375,犞,U+729E,qiao2,qiáo
9376,犟,U+729F,jiang4,jiàng
9377,犠,U+72A0,xi1,xī
9378,犡,U+72A1,li4,lì
9379,犢,U+72A2,du2,dú
9380,犣,U+72A3,lie4,liè
9381,犤,U+72A4,pai2,pái
9382,犥,U+72A5,piao1|pao4,piāo|pào
9383,犦,U+72A6,bo2,bó
9384,犧,U+72A7,xi1|suo1,xī|suō
9385,犨,U+72A8,chou1,chōu
9386,犩,U+72A9,wei2,wéi
9387,犪,U+72AA,kui2|rao2,kuí|ráo
9388,犫,U+72AB,chou1,chōu
9389,犬,U+72AC,quan3,quǎn
9390,犭,U+72AD,quan3,quǎn
9391,犮,U+72AE,ba2,bá
9392,犯,U+72AF,fan4,fàn
9393,犰,U+72B0,qiu2,qiú
9394,犱,U+72B1,ji3,jǐ
9395,犲,U+72B2,chai2,chái
9396,犳,U+72B3,zhuo2,zhuó
9397,犴,U+72B4,an4|han1|an2|jian4,àn|hān|án|jiàn
9398,犵,U+72B5,ge1|he2,gē|hé
9399,状,U+72B6,zhuang4,zhuàng
9400,犷,U+72B7,guang3,guǎng
9401,犸,U+72B8,ma4|ma3,mà|mǎ
9402,犹,U+72B9,you2|you4,yóu|yòu
9403,犺,U+72BA,kang4|gang3,kàng|gǎng
9404,犻,U+72BB,bo2|pei4|fei4,bó|pèi|fèi
9405,犼,U+72BC,hou3,hǒu
9406,犽,U+72BD,ya4,yà
9407,犾,U+72BE,yin2,yín
9408,犿,U+72BF,huan1|fan1,huān|fān
9409,狀,U+72C0,zhuang4,zhuàng
9410,狁,U+72C1,yun3,yǔn
9411,狂,U+72C2,kuang2|jue2,kuáng|jué
9412,狃,U+72C3,niu3|nv4,niǔ|nǜ
9413,狄,U+72C4,di2|ti4,dí|tì
9414,狅,U+72C5,kuang2,kuáng
9415,狆,U+72C6,zhong4,zhòng
9416,狇,U+72C7,mu4,mù
9417,狈,U+72C8,bei4,bèi
9418,狉,U+72C9,pi1,pī
9419,狊,U+72CA,ju2,jú
9420,狋,U+72CB,yi2|quan2|chi2,yí|quán|chí
9421,狌,U+72CC,sheng1|xing1,shēng|xīng
9422,狍,U+72CD,pao2,páo
9423,狎,U+72CE,xia2,xiá
9424,狏,U+72CF,tuo2|yi2,tuó|yí
9425,狐,U+72D0,hu2,hú
9426,狑,U+72D1,ling2,líng
9427,狒,U+72D2,fei4,fèi
9428,狓,U+72D3,pi2|pi1,pí|pī
9429,狔,U+72D4,ni3,nǐ
9430,狕,U+72D5,yao3,yǎo
9431,狖,U+72D6,you4,yòu
9432,狗,U+72D7,gou3,gǒu
9433,狘,U+72D8,xue4,xuè
9434,狙,U+72D9,ju1,jū
9435,狚,U+72DA,dan4,dàn
9436,狛,U+72DB,bo2,bó
9437,狜,U+72DC,ku3,kǔ
9438,狝,U+72DD,xian3,xiǎn
9439,狞,U+72DE,ning2,níng
9440,狟,U+72DF,huan2|xuan1|heng2,huán|xuān|héng
9441,狠,U+72E0,hen3|yan2|ken3|hang3,hěn|yán|kěn|hǎng
9442,狡,U+72E1,jiao3|xiao4,jiǎo|xiào
9443,狢,U+72E2,he2|mo4,hé|mò
9444,狣,U+72E3,zhao4,zhào
9445,狤,U+72E4,ji2|jie2|kuai4,jí|jié|kuài
9446,狥,U+72E5,xun4,xùn
9447,狦,U+72E6,shan1,shān
9448,狧,U+72E7,ta4|shi4,tà|shì
9449,狨,U+72E8,rong2,róng
9450,狩,U+72E9,shou4,shòu
9451,狪,U+72EA,tong2|dong4,tóng|dòng
9452,狫,U+72EB,lao3,lǎo
9453,独,U+72EC,du2,dú
9454,狭,U+72ED,xia2,xiá
9455,狮,U+72EE,shi1,shī
9456,狯,U+72EF,kuai4,kuài
9457,狰,U+72F0,zheng1,zhēng
9458,狱,U+72F1,yu4,yù
9459,狲,U+72F2,sun1,sūn
9460,狳,U+72F3,yu2,yú
9461,狴,U+72F4,bi4,bì
9462,狵,U+72F5,mang2|zhuo2,máng|zhuó
9463,狶,U+72F6,xi1|shi3,xī|shǐ
9464,狷,U+72F7,juan4,juàn
9465,狸,U+72F8,li2,lí
9466,狹,U+72F9,xia2,xiá
9467,狺,U+72FA,yin2,yín
9468,狻,U+72FB,suan1|xun4|jun4,suān|xùn|jùn
9469,狼,U+72FC,lang2|lang3|lang4|hang3,láng|lǎng|làng|hǎng
9470,狽,U+72FD,bei4,bèi
9471,狾,U+72FE,zhi4,zhì
9472,狿,U+72FF,yan2,yán
9473,猀,U+7300,sha1,shā
9474,猁,U+7301,li4,lì
9475,猂,U+7302,han4,hàn
9476,猃,U+7303,xian3,xiǎn
9477,猄,U+7304,jing1,jīng
9478,猅,U+7305,pai2,pái
9479,猆,U+7306,fei1,fēi
9480,猇,U+7307,xiao1,xiāo
9481,猈,U+7308,bai4|pi2,bài|pí
9482,猉,U+7309,qi2,qí
9483,猊,U+730A,ni2,ní
9484,猋,U+730B,biao1,biāo
9485,猌,U+730C,yin4,yìn
9486,猍,U+730D,lai2,lái
9487,猎,U+730E,lie4|xi1|que4,liè|xī|què
9488,猏,U+730F,jian1,jiān
9489,猐,U+7310,qiang1,qiāng
9490,猑,U+7311,kun1,kūn
9491,猒,U+7312,yan4,yàn
9492,猓,U+7313,guo3|luo3,guǒ|luǒ
9493,猔,U+7314,zong4,zòng
9494,猕,U+7315,mi2,mí
9495,猖,U+7316,chang1,chāng
9496,猗,U+7317,yi1|yi3|ji4|e1|wei1,yī|yǐ|jì|ē|wēi
9497,猘,U+7318,zhi4,zhì
9498,猙,U+7319,zheng1,zhēng
9499,猚,U+731A,ya2|wei4,yá|wèi
9500,猛,U+731B,meng3,měng
9501,猜,U+731C,cai1,cāi
9502,猝,U+731D,cu4,cù
9503,猞,U+731E,she1,shē
9504,猟,U+731F,lie4,liè
9505,猠,U+7320,dian3,diǎn
9506,猡,U+7321,luo2,luó
9507,猢,U+7322,hu2,hú
9508,猣,U+7323,zong1,zōng
9509,猤,U+7324,gui4,guì
9510,猥,U+7325,wei3|wei4,wěi|wèi
9511,猦,U+7326,feng1,fēng
9512,猧,U+7327,wo1,wō
9513,猨,U+7328,yuan2,yuán
9514,猩,U+7329,xing1,xīng
9515,猪,U+732A,zhu1,zhū
9516,猫,U+732B,mao1|miao2|mao2,māo|miáo|máo
9517,猬,U+732C,wei4,wèi
9518,猭,U+732D,chuan1|chuan4|shan1,chuān|chuàn|shān
9519,献,U+732E,xian4,xiàn
9520,猯,U+732F,tuan1,tuān
9521,猰,U+7330,ya4|jia2|qie4,yà|jiá|qiè
9522,猱,U+7331,nao2,náo
9523,猲,U+7332,xie1|he4|ge2|hai4,xiē|hè|gé|hài
9524,猳,U+7333,jia1,jiā
9525,猴,U+7334,hou2,hóu
9526,猵,U+7335,bian1|pian4,biān|piàn
9527,猶,U+7336,you2|yao2,yóu|yáo
9528,猷,U+7337,you2,yóu
9529,猸,U+7338,mei2,méi
9530,猹,U+7339,cha2,chá
9531,猺,U+733A,yao2,yáo
9532,猻,U+733B,sun1,sūn
9533,猼,U+733C,bo2|po4,bó|pò
9534,猽,U+733D,ming2,míng
9535,猾,U+733E,hua2,huá
9536,猿,U+733F,yuan2,yuán
9537,獀,U+7340,sou1,sōu
9538,獁,U+7341,ma4|ma3,mà|mǎ
9539,獂,U+7342,yuan2,yuán
9540,獃,U+7343,dai1|ai2,dāi|ái
9541,獄,U+7344,yu4,yù
9542,獅,U+7345,shi1,shī
9543,獆,U+7346,hao2,háo
9544,獇,U+7347,qiang1,qiāng
9545,獈,U+7348,yi4,yì
9546,獉,U+7349,zhen1,zhēn
9547,獊,U+734A,cang1,cāng
9548,獋,U+734B,hao2|gao1,háo|gāo
9549,獌,U+734C,man4,màn
9550,獍,U+734D,jing4,jìng
9551,獎,U+734E,jiang3,jiǎng
9552,獏,U+734F,mo4|mu2,mò|mú
9553,獐,U+7350,zhang1,zhāng
9554,獑,U+7351,chan2,chán
9555,獒,U+7352,ao2,áo
9556,獓,U+7353,ao2,áo
9557,獔,U+7354,hao2,háo
9558,獕,U+7355,cui1,cuī
9559,獖,U+7356,ben4|fen4|fen2,bèn|fèn|fén
9560,獗,U+7357,jue2,jué
9561,獘,U+7358,bi4,bì
9562,獙,U+7359,bi4,bì
9563,獚,U+735A,huang2,huáng
9564,獛,U+735B,pu2,pú
9565,獜,U+735C,lin2|lin4,lín|lìn
9566,獝,U+735D,xu4|yu4,xù|yù
9567,獞,U+735E,tong2|zhuang4,tóng|zhuàng
9568,獟,U+735F,yao4|xiao1,yào|xiāo
9569,獠,U+7360,liao2|lao3,liáo|lǎo
9570,獡,U+7361,shuo4,shuò
9571,獢,U+7362,xiao1,xiāo
9572,獣,U+7363,shou4,shòu
9573,獤,U+7364,dun1,dūn
9574,獥,U+7365,jiao4,jiào
9575,獦,U+7366,ge2|xie1|lie4,gé|xiē|liè
9576,獧,U+7367,juan4,juàn
9577,獨,U+7368,du2,dú
9578,獩,U+7369,hui4,huì
9579,獪,U+736A,kuai4|hua2,kuài|huá
9580,獫,U+736B,xian3,xiǎn
9581,獬,U+736C,xie4|ha3|jie3,xiè|hǎ|jiě
9582,獭,U+736D,ta3,tǎ
9583,獮,U+736E,xian3|mi2,xiǎn|mí
9584,獯,U+736F,xun1,xūn
9585,獰,U+7370,ning2,níng
9586,獱,U+7371,bian1,biān
9587,獲,U+7372,huo4,huò
9588,獳,U+7373,nou4|ru2,nòu|rú
9589,獴,U+7374,meng3|meng2,měng|méng
9590,獵,U+7375,lie4,liè
9591,獶,U+7376,nao3|you1|nao2,nǎo|yōu|náo
9592,獷,U+7377,guang3|jing3,guǎng|jǐng
9593,獸,U+7378,shou4,shòu
9594,獹,U+7379,lu2,lú
9595,獺,U+737A,ta3,tǎ
9596,獻,U+737B,xian4|suo1|xi1,xiàn|suō|xī
9597,獼,U+737C,mi2,mí
9598,獽,U+737D,rang2,ráng
9599,獾,U+737E,huan1|quan2,huān|quán
9600,獿,U+737F,nao3|nao2,nǎo|náo
9601,玀,U+7380,luo2|e3,luó|ě
9602,玁,U+7381,xian3,xiǎn
9603,玂,U+7382,qi2,qí
9604,玃,U+7383,jue2,jué
9605,玄,U+7384,xuan2|xuan4,xuán|xuàn
9606,玅,U+7385,miao4|yao1,miào|yāo
9607,玆,U+7386,zi1|xuan2,zī|xuán
9608,率,U+7387,lv4|shuai4|lve4,lǜ|shuài|lüè
9609,玈,U+7388,lu2,lú
9610,玉,U+7389,yu4,yù
9611,玊,U+738A,su4,sù
9612,王,U+738B,wang2|wang4|yu4,wáng|wàng|yù
9613,玌,U+738C,qiu2,qiú
9614,玍,U+738D,ga3,gǎ
9615,玎,U+738E,ding1,dīng
9616,玏,U+738F,le4,lè
9617,玐,U+7390,ba1,bā
9618,玑,U+7391,ji1,jī
9619,玒,U+7392,hong2,hóng
9620,玓,U+7393,di4,dì
9621,玔,U+7394,chuan4,chuàn
9622,玕,U+7395,gan1,gān
9623,玖,U+7396,jiu3,jiǔ
9624,玗,U+7397,yu2,yú
9625,玘,U+7398,qi3,qǐ
9626,玙,U+7399,yu2,yú
9627,玚,U+739A,chang4|yang2,chàng|yáng
9628,玛,U+739B,ma3,mǎ
9629,玜,U+739C,hong2,hóng
9630,玝,U+739D,wu3,wǔ
9631,玞,U+739E,fu1,fū
9632,玟,U+739F,wen2|min2,wén|mín
9633,玠,U+73A0,jie4,jiè
9634,玡,U+73A1,ya2|ya4,yá|yà
9635,玢,U+73A2,bin1|fen1,bīn|fēn
9636,玣,U+73A3,bian4,biàn
9637,玤,U+73A4,bang4,bàng
9638,玥,U+73A5,yue4,yuè
9639,玦,U+73A6,jue2,jué
9640,玧,U+73A7,men2|yun3,mén|yǔn
9641,玨,U+73A8,jue2,jué
9642,玩,U+73A9,wan2,wán
9643,玪,U+73AA,jian1|yin2|qian2|lin2,jiān|yín|qián|lín
9644,玫,U+73AB,mei2,méi
9645,玬,U+73AC,dan3,dǎn
9646,玭,U+73AD,pin2,pín
9647,玮,U+73AE,wei3,wěi
9648,环,U+73AF,huan2,huán
9649,现,U+73B0,xian4,xiàn
9650,玱,U+73B1,qiang1,qiāng
9651,玲,U+73B2,ling2,líng
9652,玳,U+73B3,dai4,dài
9653,玴,U+73B4,yi4,yì
9654,玵,U+73B5,an2|gan1,án|gān
9655,玶,U+73B6,ping2,píng
9656,玷,U+73B7,dian4|dian1,diàn|diān
9657,玸,U+73B8,fu2,fú
9658,玹,U+73B9,xuan2|xuan4|xian2,xuán|xuàn|xián
9659,玺,U+73BA,xi3,xǐ
9660,玻,U+73BB,bo1,bō
9661,玼,U+73BC,ci3|ci1|cuo1,cǐ|cī|cuō
9662,玽,U+73BD,gou3,gǒu
9663,玾,U+73BE,jia3,jiǎ
9664,玿,U+73BF,shao2,sháo
9665,珀,U+73C0,po4,pò
9666,珁,U+73C1,ci2,cí
9667,珂,U+73C2,ke1,kē
9668,珃,U+73C3,ran3,rǎn
9669,珄,U+73C4,sheng1,shēng
9670,珅,U+73C5,shen1,shēn
9671,珆,U+73C6,yi2|tai1,yí|tāi
9672,珇,U+73C7,zu3|ju4,zǔ|jù
9673,珈,U+73C8,jia1,jiā
9674,珉,U+73C9,min2,mín
9675,珊,U+73CA,shan1,shān
9676,珋,U+73CB,liu3,liǔ
9677,珌,U+73CC,bi4,bì
9678,珍,U+73CD,zhen1,zhēn
9679,珎,U+73CE,zhen1,zhēn
9680,珏,U+73CF,jue2,jué
9681,珐,U+73D0,fa4,fà
9682,珑,U+73D1,long2,lóng
9683,珒,U+73D2,jin1,jīn
9684,珓,U+73D3,jiao4,jiào
9685,珔,U+73D4,jian4,jiàn
9686,珕,U+73D5,li4,lì
9687,珖,U+73D6,guang1,guāng
9688,珗,U+73D7,xian1,xiān
9689,珘,U+73D8,zhou1,zhōu
9690,珙,U+73D9,gong3,gǒng
9691,珚,U+73DA,yan1,yān
9692,珛,U+73DB,xiu4,xiù
9693,珜,U+73DC,yang2,yáng
9694,珝,U+73DD,xu3,xǔ
9695,珞,U+73DE,luo4|li4,luò|lì
9696,珟,U+73DF,su4,sù
9697,珠,U+73E0,zhu1,zhū
9698,珡,U+73E1,qin2,qín
9699,珢,U+73E2,yin2|ken4,yín|kèn
9700,珣,U+73E3,xun2,xún
9701,珤,U+73E4,bao3,bǎo
9702,珥,U+73E5,er3,ěr
9703,珦,U+73E6,xiang4,xiàng
9704,珧,U+73E7,yao2,yáo
9705,珨,U+73E8,xia2,xiá
9706,珩,U+73E9,hang2|heng2,háng|héng
9707,珪,U+73EA,gui1,guī
9708,珫,U+73EB,chong1,chōng
9709,珬,U+73EC,xu4,xù
9710,班,U+73ED,ban1,bān
9711,珮,U+73EE,pei4,pèi
9712,珯,U+73EF,lao3,lǎo
9713,珰,U+73F0,dang1,dāng
9714,珱,U+73F1,ying1,yīng
9715,珲,U+73F2,hui1|hun2,huī|hún
9716,珳,U+73F3,wen2,wén
9717,珴,U+73F4,e2,é
9718,珵,U+73F5,cheng2|ting3,chéng|tǐng
9719,珶,U+73F6,di4|ti2,dì|tí
9720,珷,U+73F7,wu3|wu4,wǔ|wù
9721,珸,U+73F8,wu2,wú
9722,珹,U+73F9,cheng2,chéng
9723,珺,U+73FA,jun4,jùn
9724,珻,U+73FB,mei2,méi
9725,珼,U+73FC,bei4,bèi
9726,珽,U+73FD,ting3,tǐng
9727,現,U+73FE,xian4,xiàn
9728,珿,U+73FF,chu4,chù
9729,琀,U+7400,han2,hán
9730,琁,U+7401,xuan2|qiong2,xuán|qióng
9731,琂,U+7402,yan2,yán
9732,球,U+7403,qiu2,qiú
9733,琄,U+7404,xuan4,xuàn
9734,琅,U+7405,lang2|lang4,láng|làng
9735,理,U+7406,li3,lǐ
9736,琇,U+7407,xiu4,xiù
9737,琈,U+7408,fu2|fu1,fú|fū
9738,琉,U+7409,liu2,liú
9739,琊,U+740A,ya2,yá
9740,琋,U+740B,xi1,xī
9741,琌,U+740C,ling2,líng
9742,琍,U+740D,li2,lí
9743,琎,U+740E,jin4,jìn
9744,琏,U+740F,lian3,liǎn
9745,琐,U+7410,suo3,suǒ
9746,琑,U+7411,suo3,suǒ
9747,琒,U+7412,feng1,fēng
9748,琓,U+7413,wan2,wán
9749,琔,U+7414,dian4,diàn
9750,琕,U+7415,pin2|bing3,pín|bǐng
9751,琖,U+7416,zhan3,zhǎn
9752,琗,U+7417,se4|cui4,sè|cuì
9753,琘,U+7418,min2,mín
9754,琙,U+7419,yu4,yù
9755,琚,U+741A,ju1,jū
9756,琛,U+741B,chen1,chēn
9757,琜,U+741C,lai2,lái
9758,琝,U+741D,min2,mín
9759,琞,U+741E,sheng4|wang4,shèng|wàng
9760,琟,U+741F,wei2|yu4,wéi|yù
9761,琠,U+7420,tian3|tian4,tiǎn|tiàn
9762,琡,U+7421,chu4,chù
9763,琢,U+7422,zuo2|zhuo2,zuó|zhuó
9764,琣,U+7423,beng3|pei3,běng|pěi
9765,琤,U+7424,cheng1,chēng
9766,琥,U+7425,hu3,hǔ
9767,琦,U+7426,qi2,qí
9768,琧,U+7427,e4,è
9769,琨,U+7428,kun1,kūn
9770,琩,U+7429,chang1,chāng
9771,琪,U+742A,qi2,qí
9772,琫,U+742B,beng3,běng
9773,琬,U+742C,wan3,wǎn
9774,琭,U+742D,lu4,lù
9775,琮,U+742E,cong2,cóng
9776,琯,U+742F,guan3|gun4|guan1|guan4,guǎn|gùn|guān|guàn
9777,琰,U+7430,yan3,yǎn
9778,琱,U+7431,diao1,diāo
9779,琲,U+7432,bei4,bèi
9780,琳,U+7433,lin2,lín
9781,琴,U+7434,qin2,qín
9782,琵,U+7435,pi2,pí
9783,琶,U+7436,pa2,pá
9784,琷,U+7437,que4,què
9785,琸,U+7438,zhuo2,zhuó
9786,琹,U+7439,qin2,qín
9787,琺,U+743A,fa4,fà
9788,琻,U+743B,jin1,jīn
9789,琼,U+743C,qiong2,qióng
9790,琽,U+743D,du3,dǔ
9791,琾,U+743E,jie4,jiè
9792,琿,U+743F,hun2|hui1,hún|huī
9793,瑀,U+7440,yu3,yǔ
9794,瑁,U+7441,mao4,mào
9795,瑂,U+7442,mei2,méi
9796,瑃,U+7443,chun1,chūn
9797,瑄,U+7444,xuan1,xuān
9798,瑅,U+7445,ti2,tí
9799,瑆,U+7446,xing1,xīng
9800,瑇,U+7447,dai4,dài
9801,瑈,U+7448,rou2,róu
9802,瑉,U+7449,min2,mín
9803,瑊,U+744A,jian1,jiān
9804,瑋,U+744B,wei3,wěi
9805,瑌,U+744C,ruan3,ruǎn
9806,瑍,U+744D,huan4,huàn
9807,瑎,U+744E,xie2,xié
9808,瑏,U+744F,chuan1,chuān
9809,瑐,U+7450,jian3,jiǎn
9810,瑑,U+7451,zhuan4,zhuàn
9811,瑒,U+7452,chang4|yang2|dang4,chàng|yáng|dàng
9812,瑓,U+7453,lian4,liàn
9813,瑔,U+7454,quan2,quán
9814,瑕,U+7455,xia2,xiá
9815,瑖,U+7456,duan4,duàn
9816,瑗,U+7457,yuan4|huan2,yuàn|huán
9817,瑘,U+7458,ya2,yá
9818,瑙,U+7459,nao3,nǎo
9819,瑚,U+745A,hu2,hú
9820,瑛,U+745B,ying1,yīng
9821,瑜,U+745C,yu2,yú
9822,瑝,U+745D,huang2,huáng
9823,瑞,U+745E,rui4,ruì
9824,瑟,U+745F,se4,sè
9825,瑠,U+7460,liu2,liú
9826,瑡,U+7461,shi1,shī
9827,瑢,U+7462,rong2,róng
9828,瑣,U+7463,suo3,suǒ
9829,瑤,U+7464,yao2,yáo
9830,瑥,U+7465,wen1,wēn
9831,瑦,U+7466,wu3,wǔ
9832,瑧,U+7467,zhen1,zhēn
9833,瑨,U+7468,jin4,jìn
9834,瑩,U+7469,ying2|ying3,yíng|yǐng
9835,瑪,U+746A,ma3,mǎ
9836,瑫,U+746B,tao1,tāo
9837,瑬,U+746C,liu2,liú
9838,瑭,U+746D,tang2,táng
9839,瑮,U+746E,li4,lì
9840,瑯,U+746F,lang2,láng
9841,瑰,U+7470,gui1,guī
9842,瑱,U+7471,zhen4|tian4,zhèn|tiàn
9843,瑲,U+7472,qiang1|cheng1|cang1,qiāng|chēng|cāng
9844,瑳,U+7473,cuo1,cuō
9845,瑴,U+7474,jue2,jué
9846,瑵,U+7475,zhao3,zhǎo
9847,瑶,U+7476,yao2,yáo
9848,瑷,U+7477,ai4,ài
9849,瑸,U+7478,bin1,bīn
9850,瑹,U+7479,shu1|tu1,shū|tū
9851,瑺,U+747A,chang2,cháng
9852,瑻,U+747B,kun1,kūn
9853,瑼,U+747C,zhuan1,zhuān
9854,瑽,U+747D,cong1,cōng
9855,瑾,U+747E,jin3|jin4,jǐn|jìn
9856,瑿,U+747F,yi1,yī
9857,璀,U+7480,cui3,cuǐ
9858,璁,U+7481,cong1,cōng
9859,璂,U+7482,qi2,qí
9860,璃,U+7483,li2,lí
9861,璄,U+7484,jing3,jǐng
9862,璅,U+7485,suo3|zao3,suǒ|zǎo
9863,璆,U+7486,qiu2,qiú
9864,璇,U+7487,xuan2,xuán
9865,璈,U+7488,ao2,áo
9866,璉,U+7489,lian3|lian2,liǎn|lián
9867,璊,U+748A,men2,mén
9868,璋,U+748B,zhang1,zhāng
9869,璌,U+748C,yin2,yín
9870,璍,U+748D,ye4,yè
9871,璎,U+748E,ying1,yīng
9872,璏,U+748F,wei4|zhi4,wèi|zhì
9873,璐,U+7490,lu4,lù
9874,璑,U+7491,wu2,wú
9875,璒,U+7492,deng1,dēng
9876,璓,U+7493,xiu4,xiù
9877,璔,U+7494,zeng1,zēng
9878,璕,U+7495,xun2,xún
9879,璖,U+7496,qu2,qú
9880,璗,U+7497,dang4,dàng
9881,璘,U+7498,lin2,lín
9882,璙,U+7499,liao2,liáo
9883,璚,U+749A,qiong2|jue2,qióng|jué
9884,璛,U+749B,su4,sù
9885,璜,U+749C,huang2,huáng
9886,璝,U+749D,gui1,guī
9887,璞,U+749E,pu2,pú
9888,璟,U+749F,jing3,jǐng
9889,璠,U+74A0,fan2,fán
9890,璡,U+74A1,jin4|jin1,jìn|jīn
9891,璢,U+74A2,liu2,liú
9892,璣,U+74A3,ji1,jī
9893,璤,U+74A4,hui4,huì
9894,璥,U+74A5,jing3,jǐng
9895,璦,U+74A6,ai4,ài
9896,璧,U+74A7,bi4,bì
9897,璨,U+74A8,can4,càn
9898,璩,U+74A9,qu2,qú
9899,璪,U+74AA,zao3,zǎo
9900,璫,U+74AB,dang1,dāng
9901,璬,U+74AC,jiao3,jiǎo
9902,璭,U+74AD,gun4,gùn
9903,璮,U+74AE,tan3,tǎn
9904,璯,U+74AF,hui4|kuai4,huì|kuài
9905,環,U+74B0,huan2|huan4,huán|huàn
9906,璱,U+74B1,se4,sè
9907,璲,U+74B2,sui4,suì
9908,璳,U+74B3,tian2,tián
9909,璴,U+74B4,chu3,chǔ
9910,璵,U+74B5,yu2,yú
9911,璶,U+74B6,jin4,jìn
9912,璷,U+74B7,lu2|fu1,lú|fū
9913,璸,U+74B8,bin1|pian2,bīn|pián
9914,璹,U+74B9,shu2,shú
9915,璺,U+74BA,wen4,wèn
9916,璻,U+74BB,zui3,zuǐ
9917,璼,U+74BC,lan2,lán
9918,璽,U+74BD,xi3,xǐ
9919,璾,U+74BE,zi1|ji4,zī|jì
9920,璿,U+74BF,xuan2,xuán
9921,瓀,U+74C0,ruan3,ruǎn
9922,瓁,U+74C1,wo4,wò
9923,瓂,U+74C2,gai4,gài
9924,瓃,U+74C3,lei2,léi
9925,瓄,U+74C4,du2,dú
9926,瓅,U+74C5,li4,lì
9927,瓆,U+74C6,zhi4,zhì
9928,瓇,U+74C7,rou2,róu
9929,瓈,U+74C8,li2|li,lí|li
9930,瓉,U+74C9,zan4,zàn
9931,瓊,U+74CA,qiong2|xuan2,qióng|xuán
9932,瓋,U+74CB,ti4,tì
9933,瓌,U+74CC,gui1,guī
9934,瓍,U+74CD,sui2,suí
9935,瓎,U+74CE,la4,là
9936,瓏,U+74CF,long2,lóng
9937,瓐,U+74D0,lu2,lú
9938,瓑,U+74D1,li4,lì
9939,瓒,U+74D2,zan4,zàn
9940,瓓,U+74D3,lan4,làn
9941,瓔,U+74D4,ying1,yīng
9942,瓕,U+74D5,mi2|xi3,mí|xǐ
9943,瓖,U+74D6,xiang1,xiāng
9944,瓗,U+74D7,qiong2|wei3|wei4,qióng|wěi|wèi
9945,瓘,U+74D8,guan4,guàn
9946,瓙,U+74D9,dao4,dào
9947,瓚,U+74DA,zan4,zàn
9948,瓛,U+74DB,huan2|ye4|yan3,huán|yè|yǎn
9949,瓜,U+74DC,gua1,guā
9950,瓝,U+74DD,bo2,bó
9951,瓞,U+74DE,die2,dié
9952,瓟,U+74DF,bo2|pao2,bó|páo
9953,瓠,U+74E0,hu4|hu2|huo4|gu1,hù|hú|huò|gū
9954,瓡,U+74E1,zhi2|hu2,zhí|hú
9955,瓢,U+74E2,piao2,piáo
9956,瓣,U+74E3,ban4,bàn
9957,瓤,U+74E4,rang2,ráng
9958,瓥,U+74E5,li4,lì
9959,瓦,U+74E6,wa3|wa4,wǎ|wà
9960,瓧,U+74E7,瓧,瓧
9961,瓨,U+74E8,xiang2|hong2,xiáng|hóng
9962,瓩,U+74E9,qian1|wa3,qiān|wǎ
9963,瓪,U+74EA,ban3,bǎn
9964,瓫,U+74EB,pen2,pén
9965,瓬,U+74EC,fang3,fǎng
9966,瓭,U+74ED,dan3|dan1,dǎn|dān
9967,瓮,U+74EE,weng4,wèng
9968,瓯,U+74EF,ou1,ōu
9969,瓰,U+74F0,瓰,瓰
9970,瓱,U+74F1,瓱,瓱
9971,瓲,U+74F2,wa,wa
9972,瓳,U+74F3,hu2,hú
9973,瓴,U+74F4,ling2,líng
9974,瓵,U+74F5,yi2,yí
9975,瓶,U+74F6,ping2,píng
9976,瓷,U+74F7,ci2,cí
9977,瓸,U+74F8,bai3,bǎi
9978,瓹,U+74F9,juan1|juan4,juān|juàn
9979,瓺,U+74FA,chang2,cháng
9980,瓻,U+74FB,chi1,chī
9981,瓼,U+74FC,瓼,瓼
9982,瓽,U+74FD,dang4,dàng
9983,瓾,U+74FE,meng3,měng
9984,瓿,U+74FF,bu4|pou3,bù|pǒu
9985,甀,U+7500,zhui4,zhuì
9986,甁,U+7501,ping2,píng
9987,甂,U+7502,bian1,biān
9988,甃,U+7503,zhou4,zhòu
9989,甄,U+7504,zhen1|zhen4|juan4,zhēn|zhèn|juàn
9990,甅,U+7505,甅,甅
9991,甆,U+7506,ci2,cí
9992,甇,U+7507,ying1,yīng
9993,甈,U+7508,qi4,qì
9994,甉,U+7509,xian2,xián
9995,甊,U+750A,lou3,lǒu
9996,甋,U+750B,di4,dì
9997,甌,U+750C,ou1|ou3,ōu|ǒu
9998,甍,U+750D,meng2,méng
9999,甎,U+750E,zhuan1|chuan2,zhuān|chuán
10000,甏,U+750F,beng4,bèng
10001,甐,U+7510,lin4,lìn
10002,甑,U+7511,zeng4,zèng
10003,甒,U+7512,wu3,wǔ
10004,甓,U+7513,pi4,pì
10005,甔,U+7514,dan1|dan4,dān|dàn
10006,甕,U+7515,weng4,wèng
10007,甖,U+7516,ying1,yīng
10008,甗,U+7517,yan3,yǎn
10009,甘,U+7518,gan1|han1,gān|hān
10010,甙,U+7519,dai4,dài
10011,甚,U+751A,shen4|shen2,shèn|shén
10012,甛,U+751B,tian2,tián
10013,甜,U+751C,tian2,tián
10014,甝,U+751D,han2,hán
10015,甞,U+751E,chang2,cháng
10016,生,U+751F,sheng1,shēng
10017,甠,U+7520,qing2,qíng
10018,甡,U+7521,shen1,shēn
10019,產,U+7522,chan3,chǎn
10020,産,U+7523,chan3,chǎn
10021,甤,U+7524,rui2,ruí
10022,甥,U+7525,sheng1,shēng
10023,甦,U+7526,su1,sū
10024,甧,U+7527,shen1,shēn
10025,用,U+7528,yong4,yòng
10026,甩,U+7529,shuai3,shuǎi
10027,甪,U+752A,lu4,lù
10028,甫,U+752B,fu3|fu1|pu3,fǔ|fū|pǔ
10029,甬,U+752C,yong3|dong4,yǒng|dòng
10030,甭,U+752D,beng2|qi4,béng|qì
10031,甮,U+752E,feng4,fèng
10032,甯,U+752F,ning2|ning4,níng|nìng
10033,田,U+7530,tian2,tián
10034,由,U+7531,you2|yao1,yóu|yāo
10035,甲,U+7532,jia3,jiǎ
10036,申,U+7533,shen1,shēn
10037,甴,U+7534,zha2|you2,zhá|yóu
10038,电,U+7535,dian4,diàn
10039,甶,U+7536,fu2,fú
10040,男,U+7537,nan2,nán
10041,甸,U+7538,dian1|dian4|tian2|sheng4|ying4,diān|diàn|tián|shèng|yìng
10042,甹,U+7539,ping1,pīng
10043,町,U+753A,ting1|ting3|ding1|zheng4|tian3,tīng|tǐng|dīng|zhèng|tiǎn
10044,画,U+753B,hua4,huà
10045,甼,U+753C,ting3,tǐng
10046,甽,U+753D,zhen4|quan3|zhun4,zhèn|quǎn|zhùn
10047,甾,U+753E,zai1|zi1,zāi|zī
10048,甿,U+753F,meng2|mang2,méng|máng
10049,畀,U+7540,bi4,bì
10050,畁,U+7541,bi4,bì
10051,畂,U+7542,liu4,liù
10052,畃,U+7543,xun2,xún
10053,畄,U+7544,liu2,liú
10054,畅,U+7545,chang4,chàng
10055,畆,U+7546,mu3,mǔ
10056,畇,U+7547,yun2|tian2,yún|tián
10057,畈,U+7548,fan4,fàn
10058,畉,U+7549,fu2,fú
10059,畊,U+754A,geng1,gēng
10060,畋,U+754B,tian2,tián
10061,界,U+754C,jie4,jiè
10062,畍,U+754D,jie4,jiè
10063,畎,U+754E,quan3,quǎn
10064,畏,U+754F,wei4|wei1|wei3,wèi|wēi|wěi
10065,畐,U+7550,fu2|bi4,fú|bì
10066,畑,U+7551,tian2,tián
10067,畒,U+7552,mu3,mǔ
10068,畓,U+7553,duo1,duō
10069,畔,U+7554,pan4,pàn
10070,畕,U+7555,jiang1,jiāng
10071,畖,U+7556,wa1,wā
10072,畗,U+7557,da2|fu2,dá|fú
10073,畘,U+7558,nan2,nán
10074,留,U+7559,liu2|liu4|liu3,liú|liù|liǔ
10075,畚,U+755A,ben3,běn
10076,畛,U+755B,zhen3,zhěn
10077,畜,U+755C,chu4|xu4,chù|xù
10078,畝,U+755D,mu3|mou3,mǔ|mǒu
10079,畞,U+755E,mu3,mǔ
10080,畟,U+755F,ce4|ji4,cè|jì
10081,畠,U+7560,tian2,tián
10082,畡,U+7561,gai1,gāi
10083,畢,U+7562,bi4,bì
10084,畣,U+7563,da2,dá
10085,畤,U+7564,zhi4|chou2|shi4,zhì|chóu|shì
10086,略,U+7565,lve4,lüè
10087,畦,U+7566,qi2,qí
10088,畧,U+7567,lve4,lüè
10089,畨,U+7568,pan1|fan1,pān|fān
10090,畩,U+7569,yi1,yī
10091,番,U+756A,fan1|pan1|fan2|bo1|po2|pan2|pan4|pi2,fān|pān|fán|bō|pó|pán|pàn|pí
10092,畫,U+756B,hua4,huà
10093,畬,U+756C,she1|yu2,shē|yú
10094,畭,U+756D,yu2,yú
10095,畮,U+756E,mu3,mǔ
10096,畯,U+756F,jun4,jùn
10097,異,U+7570,yi4,yì
10098,畱,U+7571,liu2,liú
10099,畲,U+7572,she1,shē
10100,畳,U+7573,die2,dié
10101,畴,U+7574,chou2,chóu
10102,畵,U+7575,hua4,huà
10103,當,U+7576,dang1|dang4|dang,dāng|dàng|dang
10104,畷,U+7577,zhui4,zhuì
10105,畸,U+7578,ji1|qi2,jī|qí
10106,畹,U+7579,wan3|yuan3,wǎn|yuǎn
10107,畺,U+757A,jiang1|jiang4,jiāng|jiàng
10108,畻,U+757B,cheng2,chéng
10109,畼,U+757C,chang4,chàng
10110,畽,U+757D,tun3|tuan3,tǔn|tuǎn
10111,畾,U+757E,lei2,léi
10112,畿,U+757F,ji1,jī
10113,疀,U+7580,cha1,chā
10114,疁,U+7581,liu2,liú
10115,疂,U+7582,die2,dié
10116,疃,U+7583,tuan3,tuǎn
10117,疄,U+7584,lin4|lin2,lìn|lín
10118,疅,U+7585,jiang1,jiāng
10119,疆,U+7586,jiang1|jiang4,jiāng|jiàng
10120,疇,U+7587,chou2,chóu
10121,疈,U+7588,pi4,pì
10122,疉,U+7589,die2,dié
10123,疊,U+758A,die2,dié
10124,疋,U+758B,pi3|shu1|ya3,pǐ|shū|yǎ
10125,疌,U+758C,jie2|qie4,jié|qiè
10126,疍,U+758D,dan4,dàn
10127,疎,U+758E,shu1,shū
10128,疏,U+758F,shu1,shū
10129,疐,U+7590,zhi4|di4,zhì|dì
10130,疑,U+7591,yi2|ning2,yí|níng
10131,疒,U+7592,ne4,nè
10132,疓,U+7593,nai3,nǎi
10133,疔,U+7594,ding1|ne4,dīng|nè
10134,疕,U+7595,bi3,bǐ
10135,疖,U+7596,jie1,jiē
10136,疗,U+7597,liao2,liáo
10137,疘,U+7598,gang1|gong1,gāng|gōng
10138,疙,U+7599,ge1|yi4,gē|yì
10139,疚,U+759A,jiu4,jiù
10140,疛,U+759B,zhou3,zhǒu
10141,疜,U+759C,xia4,xià
10142,疝,U+759D,shan4,shàn
10143,疞,U+759E,xu1,xū
10144,疟,U+759F,nve4|yao4,nüè|yào
10145,疠,U+75A0,li4,lì
10146,疡,U+75A1,yang2,yáng
10147,疢,U+75A2,chen4,chèn
10148,疣,U+75A3,you2|you4,yóu|yòu
10149,疤,U+75A4,ba1,bā
10150,疥,U+75A5,jie4,jiè
10151,疦,U+75A6,jue2|xue4,jué|xuè
10152,疧,U+75A7,qi2,qí
10153,疨,U+75A8,xia1|ya2,xiā|yá
10154,疩,U+75A9,cui4,cuì
10155,疪,U+75AA,bi4,bì
10156,疫,U+75AB,yi4,yì
10157,疬,U+75AC,li4,lì
10158,疭,U+75AD,zong4,zòng
10159,疮,U+75AE,chuang1,chuāng
10160,疯,U+75AF,feng1,fēng
10161,疰,U+75B0,zhu4,zhù
10162,疱,U+75B1,pao4,pào
10163,疲,U+75B2,pi2,pí
10164,疳,U+75B3,gan1,gān
10165,疴,U+75B4,ke1|e1|qia4,kē|ē|qià
10166,疵,U+75B5,ci1|zi1|zhai4|ji4,cī|zī|zhài|jì
10167,疶,U+75B6,xue1,xuē
10168,疷,U+75B7,zhi1,zhī
10169,疸,U+75B8,dan3|da,dǎn|da
10170,疹,U+75B9,zhen3|chen4,zhěn|chèn
10171,疺,U+75BA,fa2|bian3,fá|biǎn
10172,疻,U+75BB,zhi3,zhǐ
10173,疼,U+75BC,teng2,téng
10174,疽,U+75BD,ju1|ju3,jū|jǔ
10175,疾,U+75BE,ji2,jí
10176,疿,U+75BF,fei4,fèi
10177,痀,U+75C0,ju1|gou1,jū|gōu
10178,痁,U+75C1,shan1,shān
10179,痂,U+75C2,jia1,jiā
10180,痃,U+75C3,xuan2,xuán
10181,痄,U+75C4,zha4,zhà
10182,病,U+75C5,bing4,bìng
10183,痆,U+75C6,nie4|ni4|nian3,niè|nì|niǎn
10184,症,U+75C7,zheng4|zheng1,zhèng|zhēng
10185,痈,U+75C8,yong1,yōng
10186,痉,U+75C9,jing4,jìng
10187,痊,U+75CA,quan2,quán
10188,痋,U+75CB,teng2|chong2,téng|chóng
10189,痌,U+75CC,tong1|tong2,tōng|tóng
10190,痍,U+75CD,yi2,yí
10191,痎,U+75CE,jie1,jiē
10192,痏,U+75CF,wei3|you4|yu4,wěi|yòu|yù
10193,痐,U+75D0,hui2,huí
10194,痑,U+75D1,tan1|shi3,tān|shǐ
10195,痒,U+75D2,yang3|yang2,yǎng|yáng
10196,痓,U+75D3,chi4,chì
10197,痔,U+75D4,zhi4,zhì
10198,痕,U+75D5,hen2|gen4,hén|gèn
10199,痖,U+75D6,ya3,yǎ
10200,痗,U+75D7,mei4,mèi
10201,痘,U+75D8,dou4,dòu
10202,痙,U+75D9,jing4,jìng
10203,痚,U+75DA,xiao1,xiāo
10204,痛,U+75DB,tong4,tòng
10205,痜,U+75DC,tu1,tū
10206,痝,U+75DD,mang2,máng
10207,痞,U+75DE,pi3,pǐ
10208,痟,U+75DF,xiao1,xiāo
10209,痠,U+75E0,suan1,suān
10210,痡,U+75E1,fu1|pu1|pu4,fū|pū|pù
10211,痢,U+75E2,li4,lì
10212,痣,U+75E3,zhi4,zhì
10213,痤,U+75E4,cuo2,cuó
10214,痥,U+75E5,duo2,duó
10215,痦,U+75E6,wu4|pi1,wù|pī
10216,痧,U+75E7,sha1,shā
10217,痨,U+75E8,lao2,láo
10218,痩,U+75E9,shou4,shòu
10219,痪,U+75EA,huan4|tuan3,huàn|tuǎn
10220,痫,U+75EB,xian2,xián
10221,痬,U+75EC,yi4,yì
10222,痭,U+75ED,beng1|peng2|bing4,bēng|péng|bìng
10223,痮,U+75EE,zhang4,zhàng
10224,痯,U+75EF,guan3,guǎn
10225,痰,U+75F0,tan2,tán
10226,痱,U+75F1,fei4|fei2|fei3,fèi|féi|fěi
10227,痲,U+75F2,ma2,má
10228,痳,U+75F3,lin2|lin4|ma2,lín|lìn|má
10229,痴,U+75F4,chi1,chī
10230,痵,U+75F5,ji4,jì
10231,痶,U+75F6,tian3|dian3,tiǎn|diǎn
10232,痷,U+75F7,an1|ye4|e4,ān|yè|è
10233,痸,U+75F8,chi4,chì
10234,痹,U+75F9,bi4,bì
10235,痺,U+75FA,bi4,bì
10236,痻,U+75FB,min2,mín
10237,痼,U+75FC,gu4,gù
10238,痽,U+75FD,dui1,duī
10239,痾,U+75FE,e1|ke1,ē|kē
10240,痿,U+75FF,wei3,wěi
10241,瘀,U+7600,yu1,yū
10242,瘁,U+7601,cui4,cuì
10243,瘂,U+7602,ya3,yǎ
10244,瘃,U+7603,zhu2,zhú
10245,瘄,U+7604,cu4,cù
10246,瘅,U+7605,dan1|dan4,dān|dàn
10247,瘆,U+7606,shen4,shèn
10248,瘇,U+7607,zhong3,zhǒng
10249,瘈,U+7608,chi4|zhi4,chì|zhì
10250,瘉,U+7609,yu4,yù
10251,瘊,U+760A,hou2,hóu
10252,瘋,U+760B,feng1,fēng
10253,瘌,U+760C,la4,là
10254,瘍,U+760D,yang2|dang4,yáng|dàng
10255,瘎,U+760E,chen2,chén
10256,瘏,U+760F,tu2,tú
10257,瘐,U+7610,yu3|yu4,yǔ|yù
10258,瘑,U+7611,guo1,guō
10259,瘒,U+7612,wen2,wén
10260,瘓,U+7613,huan4,huàn
10261,瘔,U+7614,ku4,kù
10262,瘕,U+7615,jia3|xia1,jiǎ|xiā
10263,瘖,U+7616,yin1|yin4,yīn|yìn
10264,瘗,U+7617,yi4,yì
10265,瘘,U+7618,lou4,lòu
10266,瘙,U+7619,sao4,sào
10267,瘚,U+761A,jue2,jué
10268,瘛,U+761B,chi4,chì
10269,瘜,U+761C,xi1,xī
10270,瘝,U+761D,guan1,guān
10271,瘞,U+761E,yi4,yì
10272,瘟,U+761F,wen1|wo4|yun1,wēn|wò|yūn
10273,瘠,U+7620,ji2,jí
10274,瘡,U+7621,chuang1,chuāng
10275,瘢,U+7622,ban1,bān
10276,瘣,U+7623,hui4|lei3,huì|lěi
10277,瘤,U+7624,liu2,liú
10278,瘥,U+7625,chai4|cuo2,chài|cuó
10279,瘦,U+7626,shou4,shòu
10280,瘧,U+7627,nve4|yao4,nüè|yào
10281,瘨,U+7628,dian1|chen1,diān|chēn
10282,瘩,U+7629,da1|da|da2,dā|da|dá
10283,瘪,U+762A,bie3|bie1,biě|biē
10284,瘫,U+762B,tan1,tān
10285,瘬,U+762C,zhang4,zhàng
10286,瘭,U+762D,biao1,biāo
10287,瘮,U+762E,shen4,shèn
10288,瘯,U+762F,cu4,cù
10289,瘰,U+7630,luo3,luǒ
10290,瘱,U+7631,yi4,yì
10291,瘲,U+7632,zong4,zòng
10292,瘳,U+7633,chou1|lu4,chōu|lù
10293,瘴,U+7634,zhang4,zhàng
10294,瘵,U+7635,zhai4|ji4,zhài|jì
10295,瘶,U+7636,sou4,sòu
10296,瘷,U+7637,se4,sè
10297,瘸,U+7638,que2,qué
10298,瘹,U+7639,diao4,diào
10299,瘺,U+763A,lou4,lòu
10300,瘻,U+763B,lou4|lv2,lòu|lǘ
10301,瘼,U+763C,mo4,mò
10302,瘽,U+763D,qin2,qín
10303,瘾,U+763E,yin3,yǐn
10304,瘿,U+763F,ying3,yǐng
10305,癀,U+7640,huang2,huáng
10306,癁,U+7641,fu2,fú
10307,療,U+7642,liao2|liao4|shuo4,liáo|liào|shuò
10308,癃,U+7643,long2,lóng
10309,癄,U+7644,qiao2,qiáo
10310,癅,U+7645,liu2,liú
10311,癆,U+7646,lao2|lao4,láo|lào
10312,癇,U+7647,xian2,xián
10313,癈,U+7648,fei4,fèi
10314,癉,U+7649,dan1|dan4|dan3|tan2,dān|dàn|dǎn|tán
10315,癊,U+764A,yin4,yìn
10316,癋,U+764B,he4,hè
10317,癌,U+764C,ai2|yan2,ái|yán
10318,癍,U+764D,ban1,bān
10319,癎,U+764E,xian2,xián
10320,癏,U+764F,guan1,guān
10321,癐,U+7650,gui4|wei1,guì|wēi
10322,癑,U+7651,nong4|nong2,nòng|nóng
10323,癒,U+7652,yu4,yù
10324,癓,U+7653,wei2,wéi
10325,癔,U+7654,yi4,yì
10326,癕,U+7655,yong1,yōng
10327,癖,U+7656,pi3,pǐ
10328,癗,U+7657,lei3,lěi
10329,癘,U+7658,li4|lai4,lì|lài
10330,癙,U+7659,shu3,shǔ
10331,癚,U+765A,dan4,dàn
10332,癛,U+765B,lin3|bing3,lǐn|bǐng
10333,癜,U+765C,dian4,diàn
10334,癝,U+765D,lin3,lǐn
10335,癞,U+765E,lai4,lài
10336,癟,U+765F,bie3|bie2|bie1,biě|bié|biē
10337,癠,U+7660,ji4,jì
10338,癡,U+7661,chi1,chī
10339,癢,U+7662,yang3,yǎng
10340,癣,U+7663,xuan3,xuǎn
10341,癤,U+7664,jie1,jiē
10342,癥,U+7665,zheng1,zhēng
10343,癦,U+7666,me,me
10344,癧,U+7667,li4,lì
10345,癨,U+7668,huo4,huò
10346,癩,U+7669,lai4|la4,lài|là
10347,癪,U+766A,ji1,jī
10348,癫,U+766B,dian1,diān
10349,癬,U+766C,xuan3,xuǎn
10350,癭,U+766D,ying3,yǐng
10351,癮,U+766E,yin3,yǐn
10352,癯,U+766F,qu2,qú
10353,癰,U+7670,yong1,yōng
10354,癱,U+7671,tan1,tān
10355,癲,U+7672,dian1,diān
10356,癳,U+7673,luo3,luǒ
10357,癴,U+7674,luan2,luán
10358,癵,U+7675,luan2,luán
10359,癶,U+7676,bo1,bō
10360,癷,U+7677,bo1,bō
10361,癸,U+7678,gui3,guǐ
10362,癹,U+7679,ba2,bá
10363,発,U+767A,fa1,fā
10364,登,U+767B,deng1|de2,dēng|dé
10365,發,U+767C,fa1|bo1,fā|bō
10366,白,U+767D,bai2|bo2,bái|bó
10367,百,U+767E,bai3|bo2|mo4,bǎi|bó|mò
10368,癿,U+767F,qie2|bie2,qié|bié
10369,皀,U+7680,ji2|xiang1|bi1,jí|xiāng|bī
10370,皁,U+7681,zao4,zào
10371,皂,U+7682,zao4,zào
10372,皃,U+7683,mao4,mào
10373,的,U+7684,de|di1|di2|di4,de|dī|dí|dì
10374,皅,U+7685,pa1|ba4,pā|bà
10375,皆,U+7686,jie1,jiē
10376,皇,U+7687,huang2|wang3,huáng|wǎng
10377,皈,U+7688,gui1,guī
10378,皉,U+7689,ci3,cǐ
10379,皊,U+768A,ling2,líng
10380,皋,U+768B,gao1|hao2|gu1,gāo|háo|gū
10381,皌,U+768C,mo4,mò
10382,皍,U+768D,ji2,jí
10383,皎,U+768E,jiao3,jiǎo
10384,皏,U+768F,peng3,pěng
10385,皐,U+7690,gao1,gāo
10386,皑,U+7691,ai2,ái
10387,皒,U+7692,e2,é
10388,皓,U+7693,hao4|hui1,hào|huī
10389,皔,U+7694,han4,hàn
10390,皕,U+7695,bi4,bì
10391,皖,U+7696,wan3|huan4,wǎn|huàn
10392,皗,U+7697,chou2,chóu
10393,皘,U+7698,qian4,qiàn
10394,皙,U+7699,xi1,xī
10395,皚,U+769A,ai2,ái
10396,皛,U+769B,xiao3|jiao3|po4,xiǎo|jiǎo|pò
10397,皜,U+769C,hao4,hào
10398,皝,U+769D,huang4,huàng
10399,皞,U+769E,hao4,hào
10400,皟,U+769F,ze2,zé
10401,皠,U+76A0,cui3,cuǐ
10402,皡,U+76A1,hao4,hào
10403,皢,U+76A2,xiao3,xiǎo
10404,皣,U+76A3,ye4,yè
10405,皤,U+76A4,po2|pan2,pó|pán
10406,皥,U+76A5,hao4,hào
10407,皦,U+76A6,jiao3,jiǎo
10408,皧,U+76A7,ai4,ài
10409,皨,U+76A8,xing1,xīng
10410,皩,U+76A9,huang4,huàng
10411,皪,U+76AA,li4|luo4|bo1,lì|luò|bō
10412,皫,U+76AB,piao3,piǎo
10413,皬,U+76AC,he2,hé
10414,皭,U+76AD,jiao4,jiào
10415,皮,U+76AE,pi2,pí
10416,皯,U+76AF,gan3,gǎn
10417,皰,U+76B0,pao4,pào
10418,皱,U+76B1,zhou4,zhòu
10419,皲,U+76B2,jun1,jūn
10420,皳,U+76B3,qiu2,qiú
10421,皴,U+76B4,cun1,cūn
10422,皵,U+76B5,que4,què
10423,皶,U+76B6,zha1,zhā
10424,皷,U+76B7,gu3,gǔ
10425,皸,U+76B8,jun1,jūn
10426,皹,U+76B9,jun1,jūn
10427,皺,U+76BA,zhou4|zhou1,zhòu|zhōu
10428,皻,U+76BB,zha1|cu3,zhā|cǔ
10429,皼,U+76BC,gu3,gǔ
10430,皽,U+76BD,zhao1|zhan3|dan3,zhāo|zhǎn|dǎn
10431,皾,U+76BE,du2,dú
10432,皿,U+76BF,min3|ming3,mǐn|mǐng
10433,盀,U+76C0,qi3,qǐ
10434,盁,U+76C1,ying2,yíng
10435,盂,U+76C2,yu2,yú
10436,盃,U+76C3,bei1,bēi
10437,盄,U+76C4,zhao1,zhāo
10438,盅,U+76C5,zhong1|chong1,zhōng|chōng
10439,盆,U+76C6,pen2,pén
10440,盇,U+76C7,he2,hé
10441,盈,U+76C8,ying2,yíng
10442,盉,U+76C9,he2,hé
10443,益,U+76CA,yi4,yì
10444,盋,U+76CB,bo1,bō
10445,盌,U+76CC,wan3,wǎn
10446,盍,U+76CD,he2|ke3,hé|kě
10447,盎,U+76CE,ang4,àng
10448,盏,U+76CF,zhan3,zhǎn
10449,盐,U+76D0,yan2,yán
10450,监,U+76D1,jian1|jian4,jiān|jiàn
10451,盒,U+76D2,he2|an1,hé|ān
10452,盓,U+76D3,yu1|wu1,yū|wū
10453,盔,U+76D4,kui1,kuī
10454,盕,U+76D5,fan4,fàn
10455,盖,U+76D6,gai4|ge3,gài|gě
10456,盗,U+76D7,dao4,dào
10457,盘,U+76D8,pan2,pán
10458,盙,U+76D9,fu3,fǔ
10459,盚,U+76DA,qiu2,qiú
10460,盛,U+76DB,sheng4|cheng2,shèng|chéng
10461,盜,U+76DC,dao4,dào
10462,盝,U+76DD,lu4,lù
10463,盞,U+76DE,zhan3,zhǎn
10464,盟,U+76DF,meng2|meng4|ming2,méng|mèng|míng
10465,盠,U+76E0,li2,lí
10466,盡,U+76E1,jin3|jin4,jǐn|jìn
10467,盢,U+76E2,xu4,xù
10468,監,U+76E3,jian1|jian4|kan4,jiān|jiàn|kàn
10469,盤,U+76E4,pan2|xuan2,pán|xuán
10470,盥,U+76E5,guan4,guàn
10471,盦,U+76E6,an1,ān
10472,盧,U+76E7,lu2|lv2|lei2,lú|lǘ|léi
10473,盨,U+76E8,xu3,xǔ
10474,盩,U+76E9,zhou1|chou2,zhōu|chóu
10475,盪,U+76EA,dang4,dàng
10476,盫,U+76EB,an1,ān
10477,盬,U+76EC,gu3|gu4|gu1,gǔ|gù|gū
10478,盭,U+76ED,li4,lì
10479,目,U+76EE,mu4,mù
10480,盯,U+76EF,ding1|cheng2,dīng|chéng
10481,盰,U+76F0,gan4,gàn
10482,盱,U+76F1,xu1,xū
10483,盲,U+76F2,mang2,máng
10484,盳,U+76F3,wang4|mang2,wàng|máng
10485,直,U+76F4,zhi2,zhí
10486,盵,U+76F5,qi4,qì
10487,盶,U+76F6,yuan3,yuǎn
10488,盷,U+76F7,tian2|xian2|min2,tián|xián|mín
10489,相,U+76F8,xiang1|xiang4,xiāng|xiàng
10490,盹,U+76F9,dun3|zhun1,dǔn|zhūn
10491,盺,U+76FA,xin1,xīn
10492,盻,U+76FB,xi4|pan3,xì|pǎn
10493,盼,U+76FC,pan4|fen2,pàn|fén
10494,盽,U+76FD,feng1,fēng
10495,盾,U+76FE,dun4|shun3|yun3,dùn|shǔn|yǔn
10496,盿,U+76FF,min2,mín
10497,眀,U+7700,ming2,míng
10498,省,U+7701,sheng3|xing3|xian3,shěng|xǐng|xiǎn
10499,眂,U+7702,shi4,shì
10500,眃,U+7703,yun2|hun4,yún|hùn
10501,眄,U+7704,mian3|mian4,miǎn|miàn
10502,眅,U+7705,pan1,pān
10503,眆,U+7706,fang3,fǎng
10504,眇,U+7707,miao3|miao4,miǎo|miào
10505,眈,U+7708,dan1|chen3,dān|chěn
10506,眉,U+7709,mei2,méi
10507,眊,U+770A,mao4|mei4,mào|mèi
10508,看,U+770B,kan4|kan1,kàn|kān
10509,県,U+770C,xian4,xiàn
10510,眍,U+770D,kou1,kōu
10511,眎,U+770E,shi4,shì
10512,眏,U+770F,yang1|yang3|ying4,yāng|yǎng|yìng
10513,眐,U+7710,zheng1,zhēng
10514,眑,U+7711,yao3|ao1|ao3,yǎo|āo|ǎo
10515,眒,U+7712,shen1,shēn
10516,眓,U+7713,huo4,huò
10517,眔,U+7714,da4,dà
10518,眕,U+7715,zhen3,zhěn
10519,眖,U+7716,kuang4,kuàng
10520,眗,U+7717,ju1|xu1|kou1,jū|xū|kōu
10521,眘,U+7718,shen4,shèn
10522,眙,U+7719,yi2|chi4,yí|chì
10523,眚,U+771A,sheng3,shěng
10524,眛,U+771B,mei4,mèi
10525,眜,U+771C,mo4|mie4,mò|miè
10526,眝,U+771D,zhu4,zhù
10527,眞,U+771E,zhen1,zhēn
10528,真,U+771F,zhen1,zhēn
10529,眠,U+7720,mian2|mian3|min3,mián|miǎn|mǐn
10530,眡,U+7721,shi4,shì
10531,眢,U+7722,yuan1,yuān
10532,眣,U+7723,die2|chou1,dié|chōu
10533,眤,U+7724,ni4,nì
10534,眥,U+7725,zi4,zì
10535,眦,U+7726,zi4,zì
10536,眧,U+7727,chao3,chǎo
10537,眨,U+7728,zha3,zhǎ
10538,眩,U+7729,xuan4|huan4|juan4,xuàn|huàn|juàn
10539,眪,U+772A,bing3|fang3,bǐng|fǎng
10540,眫,U+772B,mi3|pan4,mǐ|pàn
10541,眬,U+772C,long2,lóng
10542,眭,U+772D,sui1|hui1|xie2|wei4,suī|huī|xié|wèi
10543,眮,U+772E,tong2,tóng
10544,眯,U+772F,mi1|mi2|mi3|mi4,mī|mí|mǐ|mì
10545,眰,U+7730,die4|zhi4,diè|zhì
10546,眱,U+7731,di4,dì
10547,眲,U+7732,ne4,nè
10548,眳,U+7733,ming2,míng
10549,眴,U+7734,xuan4|shun4|xun2,xuàn|shùn|xún
10550,眵,U+7735,chi1,chī
10551,眶,U+7736,kuang4,kuàng
10552,眷,U+7737,juan4,juàn
10553,眸,U+7738,mou2,móu
10554,眹,U+7739,zhen4,zhèn
10555,眺,U+773A,tiao4,tiào
10556,眻,U+773B,yang2,yáng
10557,眼,U+773C,yan3|wen3,yǎn|wěn
10558,眽,U+773D,mo4|mi4,mò|mì
10559,眾,U+773E,zhong4,zhòng
10560,眿,U+773F,mo4,mò
10561,着,U+7740,zhe|zhao1|zhao2|zhuo2,zhe|zhāo|zháo|zhuó
10562,睁,U+7741,zheng1,zhēng
10563,睂,U+7742,mei2,méi
10564,睃,U+7743,suo1|jun4|juan1,suō|jùn|juān
10565,睄,U+7744,shao4|qiao2|xiao1,shào|qiáo|xiāo
10566,睅,U+7745,han4,hàn
10567,睆,U+7746,huan4|huan3,huàn|huǎn
10568,睇,U+7747,di4|ti1|ti2,dì|tī|tí
10569,睈,U+7748,cheng3,chěng
10570,睉,U+7749,cuo2|zhuai4,cuó|zhuài
10571,睊,U+774A,juan4,juàn
10572,睋,U+774B,e2,é
10573,睌,U+774C,man3,mǎn
10574,睍,U+774D,xian4,xiàn
10575,睎,U+774E,xi1,xī
10576,睏,U+774F,kun4,kùn
10577,睐,U+7750,lai4,lài
10578,睑,U+7751,jian3,jiǎn
10579,睒,U+7752,shan3,shǎn
10580,睓,U+7753,tian3,tiǎn
10581,睔,U+7754,gun4|huan2|lun3,gùn|huán|lǔn
10582,睕,U+7755,wan3|wan4|wan1,wǎn|wàn|wān
10583,睖,U+7756,leng4|cheng1,lèng|chēng
10584,睗,U+7757,shi4,shì
10585,睘,U+7758,qiong2,qióng
10586,睙,U+7759,lie4,liè
10587,睚,U+775A,ya2,yá
10588,睛,U+775B,jing1|jing3,jīng|jǐng
10589,睜,U+775C,zheng1,zhēng
10590,睝,U+775D,li2,lí
10591,睞,U+775E,lai4,lài
10592,睟,U+775F,sui4|zui4,suì|zuì
10593,睠,U+7760,juan4,juàn
10594,睡,U+7761,shui4,shuì
10595,睢,U+7762,sui1|hui1|wei3,suī|huī|wěi
10596,督,U+7763,du1,dū
10597,睤,U+7764,bi4,bì
10598,睥,U+7765,pi4,pì
10599,睦,U+7766,mu4,mù
10600,睧,U+7767,hun1,hūn
10601,睨,U+7768,ni4,nì
10602,睩,U+7769,lu4,lù
10603,睪,U+776A,yi4|ze2|du4|gao1,yì|zé|dù|gāo
10604,睫,U+776B,jie2|she4,jié|shè
10605,睬,U+776C,cai3,cǎi
10606,睭,U+776D,zhou3,zhǒu
10607,睮,U+776E,yu2,yú
10608,睯,U+776F,hun1,hūn
10609,睰,U+7770,ma4,mà
10610,睱,U+7771,xia4|xia2,xià|xiá
10611,睲,U+7772,xing3|xing4,xǐng|xìng
10612,睳,U+7773,hui1,huī
10613,睴,U+7774,gun4,gùn
10614,睵,U+7775,zai1,zāi
10615,睶,U+7776,chun3,chǔn
10616,睷,U+7777,jian1,jiān
10617,睸,U+7778,mei4,mèi
10618,睹,U+7779,du3,dǔ
10619,睺,U+777A,hou2,hóu
10620,睻,U+777B,xuan1,xuān
10621,睼,U+777C,tian4,tiàn
10622,睽,U+777D,kui2|kui4|ji4,kuí|kuì|jì
10623,睾,U+777E,gao1|hao4,gāo|hào
10624,睿,U+777F,rui4,ruì
10625,瞀,U+7780,mao4|wu2,mào|wú
10626,瞁,U+7781,xu4,xù
10627,瞂,U+7782,fa2,fá
10628,瞃,U+7783,wo4,wò
10629,瞄,U+7784,miao2,miáo
10630,瞅,U+7785,chou3,chǒu
10631,瞆,U+7786,kui4,kuì
10632,瞇,U+7787,mi1|mi3|mi4,mī|mǐ|mì
10633,瞈,U+7788,weng3,wěng
10634,瞉,U+7789,kou4|ji4,kòu|jì
10635,瞊,U+778A,dang4,dàng
10636,瞋,U+778B,chen1|tian2|tian4|shen4,chēn|tián|tiàn|shèn
10637,瞌,U+778C,ke1,kē
10638,瞍,U+778D,sou3,sǒu
10639,瞎,U+778E,xia1,xiā
10640,瞏,U+778F,qiong2|huan2,qióng|huán
10641,瞐,U+7790,mo4,mò
10642,瞑,U+7791,ming2|meng2|mian2,míng|méng|mián
10643,瞒,U+7792,man2,mán
10644,瞓,U+7793,fen4,fèn
10645,瞔,U+7794,ze2,zé
10646,瞕,U+7795,zhang4,zhàng
10647,瞖,U+7796,yi4,yì
10648,瞗,U+7797,diao1|dou1,diāo|dōu
10649,瞘,U+7798,kou1,kōu
10650,瞙,U+7799,mo4,mò
10651,瞚,U+779A,shun4,shùn
10652,瞛,U+779B,cong1,cōng
10653,瞜,U+779C,lou1|lou2|lv2,lōu|lóu|lǘ
10654,瞝,U+779D,chi1,chī
10655,瞞,U+779E,man2|men2|men4,mán|mén|mèn
10656,瞟,U+779F,piao3|piao4|piao1,piǎo|piào|piāo
10657,瞠,U+77A0,cheng1|zheng4,chēng|zhèng
10658,瞡,U+77A1,gui1,guī
10659,瞢,U+77A2,meng2|mang2|meng4,méng|máng|mèng
10660,瞣,U+77A3,wan4,wàn
10661,瞤,U+77A4,run2|shun4,rún|shùn
10662,瞥,U+77A5,pie1|bi4,piē|bì
10663,瞦,U+77A6,xi1,xī
10664,瞧,U+77A7,qiao2,qiáo
10665,瞨,U+77A8,pu2,pú
10666,瞩,U+77A9,zhu3,zhǔ
10667,瞪,U+77AA,deng4,dèng
10668,瞫,U+77AB,shen3,shěn
10669,瞬,U+77AC,shun4,shùn
10670,瞭,U+77AD,liao3|liao4,liǎo|liào
10671,瞮,U+77AE,che4,chè
10672,瞯,U+77AF,xian2|jian4,xián|jiàn
10673,瞰,U+77B0,kan4,kàn
10674,瞱,U+77B1,ye4,yè
10675,瞲,U+77B2,xu4|xue4,xù|xuè
10676,瞳,U+77B3,tong2,tóng
10677,瞴,U+77B4,mou2|wu3|mi2,móu|wǔ|mí
10678,瞵,U+77B5,lin2|lin4|lian2,lín|lìn|lián
10679,瞶,U+77B6,gui4|wei4|kui4,guì|wèi|kuì
10680,瞷,U+77B7,jian4|xian2,jiàn|xián
10681,瞸,U+77B8,ye4,yè
10682,瞹,U+77B9,ai4,ài
10683,瞺,U+77BA,hui4,huì
10684,瞻,U+77BB,zhan1,zhān
10685,瞼,U+77BC,jian3,jiǎn
10686,瞽,U+77BD,gu3,gǔ
10687,瞾,U+77BE,zhao4,zhào
10688,瞿,U+77BF,qu2|ju4|ji2,qú|jù|jí
10689,矀,U+77C0,mei2,méi
10690,矁,U+77C1,chou3,chǒu
10691,矂,U+77C2,sao4,sào
10692,矃,U+77C3,ning3|cheng1,nǐng|chēng
10693,矄,U+77C4,xun1,xūn
10694,矅,U+77C5,yao4,yào
10695,矆,U+77C6,huo4|xue1|yue4|wo4,huò|xuē|yuè|wò
10696,矇,U+77C7,meng2|meng3|meng1,méng|měng|mēng
10697,矈,U+77C8,mian2,mián
10698,矉,U+77C9,pin2,pín
10699,矊,U+77CA,mian2,mián
10700,矋,U+77CB,lei3,lěi
10701,矌,U+77CC,kuang4|guo1,kuàng|guō
10702,矍,U+77CD,jue2,jué
10703,矎,U+77CE,xuan1|xuan4,xuān|xuàn
10704,矏,U+77CF,mian2,mián
10705,矐,U+77D0,huo4,huò
10706,矑,U+77D1,lu2,lú
10707,矒,U+77D2,meng2,méng
10708,矓,U+77D3,long2,lóng
10709,矔,U+77D4,guan4|quan2,guàn|quán
10710,矕,U+77D5,man3|man2,mǎn|mán
10711,矖,U+77D6,xi3|li2,xǐ|lí
10712,矗,U+77D7,chu4,chù
10713,矘,U+77D8,tang3,tǎng
10714,矙,U+77D9,kan4,kàn
10715,矚,U+77DA,zhu3,zhǔ
10716,矛,U+77DB,mao2,máo
10717,矜,U+77DC,jin1|qin2|guan1,jīn|qín|guān
10718,矝,U+77DD,jin1,jīn
10719,矞,U+77DE,yu4|jue2|xu4,yù|jué|xù
10720,矟,U+77DF,shuo4,shuò
10721,矠,U+77E0,ze2|zhuo2,zé|zhuó
10722,矡,U+77E1,jue2,jué
10723,矢,U+77E2,shi3,shǐ
10724,矣,U+77E3,yi3|xian2,yǐ|xián
10725,矤,U+77E4,shen3,shěn
10726,知,U+77E5,zhi1|zhi4,zhī|zhì
10727,矦,U+77E6,hou2,hóu
10728,矧,U+77E7,shen3,shěn
10729,矨,U+77E8,ying3,yǐng
10730,矩,U+77E9,ju3,jǔ
10731,矪,U+77EA,zhou1,zhōu
10732,矫,U+77EB,jiao3|jiao2,jiǎo|jiáo
10733,矬,U+77EC,cuo2,cuó
10734,短,U+77ED,duan3,duǎn
10735,矮,U+77EE,ai3,ǎi
10736,矯,U+77EF,jiao3|jiao1|jiao2,jiǎo|jiāo|jiáo
10737,矰,U+77F0,zeng1,zēng
10738,矱,U+77F1,yue1,yuē
10739,矲,U+77F2,ba4,bà
10740,石,U+77F3,shi2|dan4,shí|dàn
10741,矴,U+77F4,ding4,dìng
10742,矵,U+77F5,qi4|diao1,qì|diāo
10743,矶,U+77F6,ji1,jī
10744,矷,U+77F7,zi3,zǐ
10745,矸,U+77F8,gan1|gan4|gan3|han4,gān|gàn|gǎn|hàn
10746,矹,U+77F9,wu4,wù
10747,矺,U+77FA,zhe2|da1,zhé|dā
10748,矻,U+77FB,ku1|qia4,kū|qià
10749,矼,U+77FC,gang1|kong4|qiang1,gāng|kòng|qiāng
10750,矽,U+77FD,xi4|xi1,xì|xī
10751,矾,U+77FE,fan2,fán
10752,矿,U+77FF,kuang4,kuàng
10753,砀,U+7800,dang4,dàng
10754,码,U+7801,ma3,mǎ
10755,砂,U+7802,sha1,shā
10756,砃,U+7803,dan1,dān
10757,砄,U+7804,jue2,jué
10758,砅,U+7805,li4,lì
10759,砆,U+7806,fu1,fū
10760,砇,U+7807,min2,mín
10761,砈,U+7808,e3,ě
10762,砉,U+7809,huo4|hua1|xu1,huò|huā|xū
10763,砊,U+780A,kang1|kang4,kāng|kàng
10764,砋,U+780B,zhi3,zhǐ
10765,砌,U+780C,qi4|qie4,qì|qiè
10766,砍,U+780D,kan3,kǎn
10767,砎,U+780E,jie4,jiè
10768,砏,U+780F,bin1|fen1|pin1,bīn|fēn|pīn
10769,砐,U+7810,e4,è
10770,砑,U+7811,ya4,yà
10771,砒,U+7812,pi1,pī
10772,砓,U+7813,zhe2,zhé
10773,研,U+7814,yan2|yan4|xing2,yán|yàn|xíng
10774,砕,U+7815,sui4,suì
10775,砖,U+7816,zhuan1,zhuān
10776,砗,U+7817,che1,chē
10777,砘,U+7818,dun4,dùn
10778,砙,U+7819,wa3,wǎ
10779,砚,U+781A,yan4,yàn
10780,砛,U+781B,jin1,jīn
10781,砜,U+781C,feng1,fēng
10782,砝,U+781D,fa2|fa3|jie2|ge2,fá|fǎ|jié|gé
10783,砞,U+781E,mo4,mò
10784,砟,U+781F,zha3|zha4|zuo2,zhǎ|zhà|zuó
10785,砠,U+7820,ju1|zu1,jū|zū
10786,砡,U+7821,yu4,yù
10787,砢,U+7822,ke1|luo3,kē|luǒ
10788,砣,U+7823,tuo2,tuó
10789,砤,U+7824,tuo2,tuó
10790,砥,U+7825,di3|zhi3,dǐ|zhǐ
10791,砦,U+7826,zhai4,zhài
10792,砧,U+7827,zhen1,zhēn
10793,砨,U+7828,e4,è
10794,砩,U+7829,fu2|fei4,fú|fèi
10795,砪,U+782A,mu3,mǔ
10796,砫,U+782B,zhu4|zhu3,zhù|zhǔ
10797,砬,U+782C,la2|li4|la1,lá|lì|lā
10798,砭,U+782D,bian1,biān
10799,砮,U+782E,nu3|nu2,nǔ|nú
10800,砯,U+782F,ping1,pīng
10801,砰,U+7830,peng1|ping1|peng4,pēng|pīng|pèng
10802,砱,U+7831,ling2,líng
10803,砲,U+7832,pao4|bao2|pu1,pào|báo|pū
10804,砳,U+7833,le4,lè
10805,破,U+7834,po4,pò
10806,砵,U+7835,bo1|e4,bō|è
10807,砶,U+7836,po4,pò
10808,砷,U+7837,shen1,shēn
10809,砸,U+7838,za2,zá
10810,砹,U+7839,ai4,ài
10811,砺,U+783A,li4,lì
10812,砻,U+783B,long2,lóng
10813,砼,U+783C,tong2,tóng
10814,砽,U+783D,yong4,yòng
10815,砾,U+783E,li4,lì
10816,砿,U+783F,kuang4,kuàng
10817,础,U+7840,chu3,chǔ
10818,硁,U+7841,keng1,kēng
10819,硂,U+7842,quan2,quán
10820,硃,U+7843,zhu1,zhū
10821,硄,U+7844,kuang1|guang1,kuāng|guāng
10822,硅,U+7845,gui1|he4,guī|hè
10823,硆,U+7846,e4,è
10824,硇,U+7847,nao2,náo
10825,硈,U+7848,qia4,qià
10826,硉,U+7849,lu4,lù
10827,硊,U+784A,wei3|hui4|gui4,wěi|huì|guì
10828,硋,U+784B,ai4,ài
10829,硌,U+784C,ge4|luo4|li4,gè|luò|lì
10830,硍,U+784D,xian4|yin2|ken4|keng1|yin3,xiàn|yín|kèn|kēng|yǐn
10831,硎,U+784E,xing2|keng1,xíng|kēng
10832,硏,U+784F,yan2|yan4,yán|yàn
10833,硐,U+7850,dong4|tong2|liu2,dòng|tóng|liú
10834,硑,U+7851,peng1|ping2,pēng|píng
10835,硒,U+7852,xi1,xī
10836,硓,U+7853,lao3,lǎo
10837,硔,U+7854,hong2|gong3,hóng|gǒng
10838,硕,U+7855,shuo4,shuò
10839,硖,U+7856,xia2,xiá
10840,硗,U+7857,qiao1,qiāo
10841,硘,U+7858,qing,qing
10842,硙,U+7859,wei2|wei4,wéi|wèi
10843,硚,U+785A,qiao2,qiáo
10844,硛,U+785B,yi4,yì
10845,硜,U+785C,keng1|qing4,kēng|qìng
10846,硝,U+785D,xiao1|qiao4,xiāo|qiào
10847,硞,U+785E,que4|ke4|ku4,què|kè|kù
10848,硟,U+785F,chan4,chàn
10849,硠,U+7860,lang2,láng
10850,硡,U+7861,hong1,hōng
10851,硢,U+7862,yu2,yú
10852,硣,U+7863,xiao1,xiāo
10853,硤,U+7864,xia2,xiá
10854,硥,U+7865,mang3|bang4,mǎng|bàng
10855,硦,U+7866,luo4|long4,luò|lòng
10856,硧,U+7867,yong3|tong2,yǒng|tóng
10857,硨,U+7868,che1,chē
10858,硩,U+7869,che4,chè
10859,硪,U+786A,wo4|e2|yi3,wò|é|yǐ
10860,硫,U+786B,liu2|chu4,liú|chù
10861,硬,U+786C,ying4|geng3,yìng|gěng
10862,硭,U+786D,mang2,máng
10863,确,U+786E,que4,què
10864,硯,U+786F,yan4,yàn
10865,硰,U+7870,sha1,shā
10866,硱,U+7871,kun3,kǔn
10867,硲,U+7872,yu4,yù
10868,硳,U+7873,chi4,chì
10869,硴,U+7874,hua1,huā
10870,硵,U+7875,lu3,lǔ
10871,硶,U+7876,chen3|cen2,chěn|cén
10872,硷,U+7877,jian3,jiǎn
10873,硸,U+7878,nve4,nüè
10874,硹,U+7879,song1,sōng
10875,硺,U+787A,zhuo2,zhuó
10876,硻,U+787B,keng1|keng3,kēng|kěng
10877,硼,U+787C,peng2|peng1,péng|pēng
10878,硽,U+787D,yan1|yan3,yān|yǎn
10879,硾,U+787E,zhui4|duo3,zhuì|duǒ
10880,硿,U+787F,kong1|kong4,kōng|kòng
10881,碀,U+7880,cheng2,chéng
10882,碁,U+7881,qi2,qí
10883,碂,U+7882,zong4|cong2,zòng|cóng
10884,碃,U+7883,qing4,qìng
10885,碄,U+7884,lin2,lín
10886,碅,U+7885,jun1,jūn
10887,碆,U+7886,bo1,bō
10888,碇,U+7887,ding4,dìng
10889,碈,U+7888,min2|hun1,mín|hūn
10890,碉,U+7889,diao1,diāo
10891,碊,U+788A,jian1|zhan4,jiān|zhàn
10892,碋,U+788B,he4,hè
10893,碌,U+788C,lu4|liu4|luo4,lù|liù|luò
10894,碍,U+788D,ai4,ài
10895,碎,U+788E,sui4,suì
10896,碏,U+788F,que4|xi1,què|xī
10897,碐,U+7890,leng2,léng
10898,碑,U+7891,bei1,bēi
10899,碒,U+7892,yin2,yín
10900,碓,U+7893,dui4|dui1,duì|duī
10901,碔,U+7894,wu3,wǔ
10902,碕,U+7895,qi2|qi1|qi3,qí|qī|qǐ
10903,碖,U+7896,lun3|lun4|lun2,lǔn|lùn|lún
10904,碗,U+7897,wan3,wǎn
10905,碘,U+7898,dian3,diǎn
10906,碙,U+7899,nao2|gang1,náo|gāng
10907,碚,U+789A,bei4,bèi
10908,碛,U+789B,qi4,qì
10909,碜,U+789C,chen3,chěn
10910,碝,U+789D,ruan3,ruǎn
10911,碞,U+789E,yan2,yán
10912,碟,U+789F,die2|she2,dié|shé
10913,碠,U+78A0,ding4,dìng
10914,碡,U+78A1,du2|zhou2,dú|zhóu
10915,碢,U+78A2,tuo2,tuó
10916,碣,U+78A3,jie2|ke3|ya4,jié|kě|yà
10917,碤,U+78A4,ying1,yīng
10918,碥,U+78A5,bian3,biǎn
10919,碦,U+78A6,ke4,kè
10920,碧,U+78A7,bi4,bì
10921,碨,U+78A8,wei4|wei3,wèi|wěi
10922,碩,U+78A9,shuo4,shuò
10923,碪,U+78AA,zhen1|an3|kan4,zhēn|ǎn|kàn
10924,碫,U+78AB,duan4,duàn
10925,碬,U+78AC,xia2,xiá
10926,碭,U+78AD,dang4,dàng
10927,碮,U+78AE,ti2|di1,tí|dī
10928,碯,U+78AF,nao3,nǎo
10929,碰,U+78B0,peng4,pèng
10930,碱,U+78B1,jian3|xian2,jiǎn|xián
10931,碲,U+78B2,di4,dì
10932,碳,U+78B3,tan4,tàn
10933,碴,U+78B4,cha2|cha1,chá|chā
10934,碵,U+78B5,tian2,tián
10935,碶,U+78B6,qi4,qì
10936,碷,U+78B7,dun4,dùn
10937,碸,U+78B8,feng1,fēng
10938,碹,U+78B9,xuan4,xuàn
10939,確,U+78BA,que4,què
10940,碻,U+78BB,que4|qiao1,què|qiāo
10941,碼,U+78BC,ma3,mǎ
10942,碽,U+78BD,gong1,gōng
10943,碾,U+78BE,nian3,niǎn
10944,碿,U+78BF,su4|xie4,sù|xiè
10945,磀,U+78C0,e2,é
10946,磁,U+78C1,ci2,cí
10947,磂,U+78C2,liu2|liu4,liú|liù
10948,磃,U+78C3,si1|ti2,sī|tí
10949,磄,U+78C4,tang2,táng
10950,磅,U+78C5,bang4|pang2|pang1,bàng|páng|pāng
10951,磆,U+78C6,hua2|ke3|gu1,huá|kě|gū
10952,磇,U+78C7,pi1,pī
10953,磈,U+78C8,wei3|kui3,wěi|kuǐ
10954,磉,U+78C9,sang3,sǎng
10955,磊,U+78CA,lei3,lěi
10956,磋,U+78CB,cuo1,cuō
10957,磌,U+78CC,tian2,tián
10958,磍,U+78CD,xia2|qia4|ya4,xiá|qià|yà
10959,磎,U+78CE,xi1|qi1,xī|qī
10960,磏,U+78CF,lian2|qian1,lián|qiān
10961,磐,U+78D0,pan2,pán
10962,磑,U+78D1,wei2|wei4|ai2|gai4,wéi|wèi|ái|gài
10963,磒,U+78D2,yun3,yǔn
10964,磓,U+78D3,dui1|zhui4,duī|zhuì
10965,磔,U+78D4,zhe2,zhé
10966,磕,U+78D5,ke1|ke3,kē|kě
10967,磖,U+78D6,la2|la1,lá|lā
10968,磗,U+78D7,zhuan1,zhuān
10969,磘,U+78D8,yao2,yáo
10970,磙,U+78D9,gun3,gǔn
10971,磚,U+78DA,zhuan1|tuan2|tuo2,zhuān|tuán|tuó
10972,磛,U+78DB,chan2,chán
10973,磜,U+78DC,qi4|qi1,qì|qī
10974,磝,U+78DD,ao2|qiao1,áo|qiāo
10975,磞,U+78DE,peng1,pēng
10976,磟,U+78DF,liu4|lu4,liù|lù
10977,磠,U+78E0,lu3,lǔ
10978,磡,U+78E1,kan4,kàn
10979,磢,U+78E2,chuang3,chuǎng
10980,磣,U+78E3,chen3|ca4,chěn|cà
10981,磤,U+78E4,yin3|yin1,yǐn|yīn
10982,磥,U+78E5,lei3|lei2,lěi|léi
10983,磦,U+78E6,biao1,biāo
10984,磧,U+78E7,qi4,qì
10985,磨,U+78E8,mo2|mo4,mó|mò
10986,磩,U+78E9,qi4|zhu2,qì|zhú
10987,磪,U+78EA,cui1,cuī
10988,磫,U+78EB,zong1,zōng
10989,磬,U+78EC,qing4|qing3,qìng|qǐng
10990,磭,U+78ED,chuo4,chuò
10991,磮,U+78EE,lun2,lún
10992,磯,U+78EF,ji1,jī
10993,磰,U+78F0,shan4,shàn
10994,磱,U+78F1,lao2,láo
10995,磲,U+78F2,qu2,qú
10996,磳,U+78F3,zeng1,zēng
10997,磴,U+78F4,deng4|deng1,dèng|dēng
10998,磵,U+78F5,jian4,jiàn
10999,磶,U+78F6,xi4,xì
11000,磷,U+78F7,lin2|lin4|lin3|ling2,lín|lìn|lǐn|líng
11001,磸,U+78F8,ding4,dìng
11002,磹,U+78F9,tan2|dian4,tán|diàn
11003,磺,U+78FA,huang2|kuang4|gong3,huáng|kuàng|gǒng
11004,磻,U+78FB,pan2|bo1,pán|bō
11005,磼,U+78FC,za2|she2,zá|shé
11006,磽,U+78FD,qiao1|qiao3|qiao4|ao2,qiāo|qiǎo|qiào|áo
11007,磾,U+78FE,di1,dī
11008,磿,U+78FF,li4,lì
11009,礀,U+7900,jian4,jiàn
11010,礁,U+7901,jiao1,jiāo
11011,礂,U+7902,xi1,xī
11012,礃,U+7903,zhang3,zhǎng
11013,礄,U+7904,qiao2,qiáo
11014,礅,U+7905,dun1,dūn
11015,礆,U+7906,jian3|xian3,jiǎn|xiǎn
11016,礇,U+7907,yu4,yù
11017,礈,U+7908,zhui4,zhuì
11018,礉,U+7909,he2|qiao1|qiao4|ao2,hé|qiāo|qiào|áo
11019,礊,U+790A,ke4|huo4,kè|huò
11020,礋,U+790B,ze2,zé
11021,礌,U+790C,lei2|lei4|lei3,léi|lèi|lěi
11022,礍,U+790D,jie2,jié
11023,礎,U+790E,chu3,chǔ
11024,礏,U+790F,ye4,yè
11025,礐,U+7910,que4|hu2,què|hú
11026,礑,U+7911,dang4,dàng
11027,礒,U+7912,yi3,yǐ
11028,礓,U+7913,jiang1,jiāng
11029,礔,U+7914,pi1,pī
11030,礕,U+7915,pi1,pī
11031,礖,U+7916,yu4,yù
11032,礗,U+7917,pin1,pīn
11033,礘,U+7918,e4|qi4,è|qì
11034,礙,U+7919,ai4|yi2,ài|yí
11035,礚,U+791A,ke1,kē
11036,礛,U+791B,jian1,jiān
11037,礜,U+791C,yu4,yù
11038,礝,U+791D,ruan3,ruǎn
11039,礞,U+791E,meng2,méng
11040,礟,U+791F,pao4,pào
11041,礠,U+7920,ci2,cí
11042,礡,U+7921,bo2,bó
11043,礢,U+7922,yang3,yǎng
11044,礣,U+7923,ma4,mà
11045,礤,U+7924,ca3,cǎ
11046,礥,U+7925,xian2|xin2,xián|xín
11047,礦,U+7926,kuang4|gong3,kuàng|gǒng
11048,礧,U+7927,lei2|lei4|lei3,léi|lèi|lěi
11049,礨,U+7928,lei3,lěi
11050,礩,U+7929,zhi4,zhì
11051,礪,U+792A,li4,lì
11052,礫,U+792B,li4|luo4,lì|luò
11053,礬,U+792C,fan2,fán
11054,礭,U+792D,que4,què
11055,礮,U+792E,pao4,pào
11056,礯,U+792F,ying1,yīng
11057,礰,U+7930,li4,lì
11058,礱,U+7931,long2,lóng
11059,礲,U+7932,long2,lóng
11060,礳,U+7933,mo4,mò
11061,礴,U+7934,bo2,bó
11062,礵,U+7935,shuang1,shuāng
11063,礶,U+7936,guan4,guàn
11064,礷,U+7937,lan2,lán
11065,礸,U+7938,ca3,cǎ
11066,礹,U+7939,yan2|yan3,yán|yǎn
11067,示,U+793A,shi4|qi2|zhi4|shi2,shì|qí|zhì|shí
11068,礻,U+793B,shi4,shì
11069,礼,U+793C,li3,lǐ
11070,礽,U+793D,reng2,réng
11071,社,U+793E,she4,shè
11072,礿,U+793F,yue4,yuè
11073,祀,U+7940,si4,sì
11074,祁,U+7941,qi2|zhi3,qí|zhǐ
11075,祂,U+7942,ta1,tā
11076,祃,U+7943,ma4,mà
11077,祄,U+7944,xie4,xiè
11078,祅,U+7945,yao1,yāo
11079,祆,U+7946,xian1,xiān
11080,祇,U+7947,qi2|chi2|zhi1|zhi3,qí|chí|zhī|zhǐ
11081,祈,U+7948,qi2|gui3,qí|guǐ
11082,祉,U+7949,zhi3,zhǐ
11083,祊,U+794A,beng1|fang1,bēng|fāng
11084,祋,U+794B,dui4,duì
11085,祌,U+794C,zhong4|chong1,zhòng|chōng
11086,祍,U+794D,ren4,rèn
11087,祎,U+794E,yi1,yī
11088,祏,U+794F,shi2,shí
11089,祐,U+7950,you4,yòu
11090,祑,U+7951,zhi4,zhì
11091,祒,U+7952,tiao2,tiáo
11092,祓,U+7953,fu2|fei4,fú|fèi
11093,祔,U+7954,fu4,fù
11094,祕,U+7955,mi4|bi4,mì|bì
11095,祖,U+7956,zu3|jie1,zǔ|jiē
11096,祗,U+7957,zhi1,zhī
11097,祘,U+7958,suan4,suàn
11098,祙,U+7959,mei4,mèi
11099,祚,U+795A,zuo4,zuò
11100,祛,U+795B,qu1,qū
11101,祜,U+795C,hu4,hù
11102,祝,U+795D,zhu4|zhou4|chu4,zhù|zhòu|chù
11103,神,U+795E,shen2|shen1,shén|shēn
11104,祟,U+795F,sui4,suì
11105,祠,U+7960,ci2|si4,cí|sì
11106,祡,U+7961,chai2,chái
11107,祢,U+7962,mi2|ni3,mí|nǐ
11108,祣,U+7963,lv3,lǚ
11109,祤,U+7964,yu3,yǔ
11110,祥,U+7965,xiang2,xiáng
11111,祦,U+7966,wu2,wú
11112,祧,U+7967,tiao1,tiāo
11113,票,U+7968,piao4|piao1,piào|piāo
11114,祩,U+7969,zhu4,zhù
11115,祪,U+796A,gui3,guǐ
11116,祫,U+796B,xia2,xiá
11117,祬,U+796C,zhi1,zhī
11118,祭,U+796D,ji4|zhai4,jì|zhài
11119,祮,U+796E,gao4,gào
11120,祯,U+796F,zhen1,zhēn
11121,祰,U+7970,gao4,gào
11122,祱,U+7971,shui4|lei4,shuì|lèi
11123,祲,U+7972,jin4,jìn
11124,祳,U+7973,shen4,shèn
11125,祴,U+7974,gai1,gāi
11126,祵,U+7975,kun3,kǔn
11127,祶,U+7976,di4,dì
11128,祷,U+7977,dao3,dǎo
11129,祸,U+7978,huo4,huò
11130,祹,U+7979,tao2,táo
11131,祺,U+797A,qi2,qí
11132,祻,U+797B,gu4,gù
11133,祼,U+797C,guan4,guàn
11134,祽,U+797D,zui4,zuì
11135,祾,U+797E,ling2,líng
11136,祿,U+797F,lu4,lù
11137,禀,U+7980,bing3,bǐng
11138,禁,U+7981,jin4|jin1,jìn|jīn
11139,禂,U+7982,dao3,dǎo
11140,禃,U+7983,zhi2,zhí
11141,禄,U+7984,lu4,lù
11142,禅,U+7985,chan2|shan4,chán|shàn
11143,禆,U+7986,bi4,bì
11144,禇,U+7987,zhe3,zhě
11145,禈,U+7988,hui1,huī
11146,禉,U+7989,you3,yǒu
11147,禊,U+798A,xi4,xì
11148,禋,U+798B,yin1,yīn
11149,禌,U+798C,zi1,zī
11150,禍,U+798D,huo4,huò
11151,禎,U+798E,zhen1|zheng1,zhēn|zhēng
11152,福,U+798F,fu2|fu4,fú|fù
11153,禐,U+7990,yuan4,yuàn
11154,禑,U+7991,wu2,wú
11155,禒,U+7992,xian3,xiǎn
11156,禓,U+7993,yang2|shang1,yáng|shāng
11157,禔,U+7994,zhi1,zhī
11158,禕,U+7995,yi1,yī
11159,禖,U+7996,mei2,méi
11160,禗,U+7997,si1,sī
11161,禘,U+7998,di4,dì
11162,禙,U+7999,bei4,bèi
11163,禚,U+799A,zhuo2,zhuó
11164,禛,U+799B,zhen1,zhēn
11165,禜,U+799C,yong3|ying2,yǒng|yíng
11166,禝,U+799D,ji4,jì
11167,禞,U+799E,gao4,gào
11168,禟,U+799F,tang2,táng
11169,禠,U+79A0,si1,sī
11170,禡,U+79A1,ma4,mà
11171,禢,U+79A2,ta4,tà
11172,禣,U+79A3,fu4,fù
11173,禤,U+79A4,xuan1,xuān
11174,禥,U+79A5,qi2,qí
11175,禦,U+79A6,yu4,yù
11176,禧,U+79A7,xi3|xi1,xǐ|xī
11177,禨,U+79A8,ji1|ji4|qi2,jī|jì|qí
11178,禩,U+79A9,si4,sì
11179,禪,U+79AA,chan2|shan4|tan2,chán|shàn|tán
11180,禫,U+79AB,dan4,dàn
11181,禬,U+79AC,gui4,guì
11182,禭,U+79AD,sui4,suì
11183,禮,U+79AE,li3,lǐ
11184,禯,U+79AF,nong2,nóng
11185,禰,U+79B0,mi2|ni3|xian3,mí|nǐ|xiǎn
11186,禱,U+79B1,dao3,dǎo
11187,禲,U+79B2,li4,lì
11188,禳,U+79B3,rang2,ráng
11189,禴,U+79B4,yue4,yuè
11190,禵,U+79B5,ti2,tí
11191,禶,U+79B6,zan4,zàn
11192,禷,U+79B7,lei4,lèi
11193,禸,U+79B8,rou2,róu
11194,禹,U+79B9,yu3,yǔ
11195,禺,U+79BA,yu2|yu4,yú|yù
11196,离,U+79BB,li2|chi1,lí|chī
11197,禼,U+79BC,xie4,xiè
11198,禽,U+79BD,qin2,qín
11199,禾,U+79BE,he2,hé
11200,禿,U+79BF,tu1,tū
11201,秀,U+79C0,xiu4,xiù
11202,私,U+79C1,si1,sī
11203,秂,U+79C2,ren2,rén
11204,秃,U+79C3,tu1,tū
11205,秄,U+79C4,zi3|zi4,zǐ|zì
11206,秅,U+79C5,cha2|na2,chá|ná
11207,秆,U+79C6,gan3,gǎn
11208,秇,U+79C7,yi4|zhi2,yì|zhí
11209,秈,U+79C8,xian1,xiān
11210,秉,U+79C9,bing3,bǐng
11211,秊,U+79CA,nian2,nián
11212,秋,U+79CB,qiu1,qiū
11213,秌,U+79CC,qiu1,qiū
11214,种,U+79CD,zhong3|chong2|zhong4,zhǒng|chóng|zhòng
11215,秎,U+79CE,fen4,fèn
11216,秏,U+79CF,hao4|mao4,hào|mào
11217,秐,U+79D0,yun2,yún
11218,科,U+79D1,ke1|ke4,kē|kè
11219,秒,U+79D2,miao3,miǎo
11220,秓,U+79D3,zhi1,zhī
11221,秔,U+79D4,jing1,jīng
11222,秕,U+79D5,bi3,bǐ
11223,秖,U+79D6,zhi1,zhī
11224,秗,U+79D7,yu4,yù
11225,秘,U+79D8,mi4|bi4|bie2,mì|bì|bié
11226,秙,U+79D9,ku4,kù
11227,秚,U+79DA,ban4,bàn
11228,秛,U+79DB,pi1,pī
11229,秜,U+79DC,ni2|ni4,ní|nì
11230,秝,U+79DD,li4,lì
11231,秞,U+79DE,you2,yóu
11232,租,U+79DF,zu1|ju1,zū|jū
11233,秠,U+79E0,pi1,pī
11234,秡,U+79E1,bo2,bó
11235,秢,U+79E2,ling2,líng
11236,秣,U+79E3,mo4,mò
11237,秤,U+79E4,cheng4|cheng1|ping2,chèng|chēng|píng
11238,秥,U+79E5,nian2,nián
11239,秦,U+79E6,qin2,qín
11240,秧,U+79E7,yang1,yāng
11241,秨,U+79E8,zuo2,zuó
11242,秩,U+79E9,zhi4,zhì
11243,秪,U+79EA,zhi1,zhī
11244,秫,U+79EB,shu2,shú
11245,秬,U+79EC,ju4,jù
11246,秭,U+79ED,zi3,zǐ
11247,秮,U+79EE,huo2,huó
11248,积,U+79EF,ji1|zhi3,jī|zhǐ
11249,称,U+79F0,cheng1|chen4|cheng4,chēng|chèn|chèng
11250,秱,U+79F1,tong2,tóng
11251,秲,U+79F2,zhi4|shi4,zhì|shì
11252,秳,U+79F3,huo2|kuo4,huó|kuò
11253,秴,U+79F4,he2|ge2,hé|gé
11254,秵,U+79F5,yin1,yīn
11255,秶,U+79F6,zi1,zī
11256,秷,U+79F7,zhi4,zhì
11257,秸,U+79F8,jie1|ji2,jiē|jí
11258,秹,U+79F9,ren3,rěn
11259,秺,U+79FA,du4,dù
11260,移,U+79FB,yi2|chi3|yi4,yí|chǐ|yì
11261,秼,U+79FC,zhu1,zhū
11262,秽,U+79FD,hui4,huì
11263,秾,U+79FE,nong2,nóng
11264,秿,U+79FF,fu4|bu1|pu1,fù|bū|pū
11265,稀,U+7A00,xi1,xī
11266,稁,U+7A01,gao3,gǎo
11267,稂,U+7A02,lang2,láng
11268,稃,U+7A03,fu1,fū
11269,稄,U+7A04,xun4|ze4,xùn|zè
11270,稅,U+7A05,shui4,shuì
11271,稆,U+7A06,lv3,lǚ
11272,稇,U+7A07,kun3,kǔn
11273,稈,U+7A08,gan3,gǎn
11274,稉,U+7A09,jing1,jīng
11275,稊,U+7A0A,ti2,tí
11276,程,U+7A0B,cheng2,chéng
11277,稌,U+7A0C,tu2|shu3,tú|shǔ
11278,稍,U+7A0D,shao1|shao4,shāo|shào
11279,税,U+7A0E,shui4|tuo1|tui4|tuan4,shuì|tuō|tuì|tuàn
11280,稏,U+7A0F,ya4,yà
11281,稐,U+7A10,lun3,lǔn
11282,稑,U+7A11,lu4,lù
11283,稒,U+7A12,gu4,gù
11284,稓,U+7A13,zuo2,zuó
11285,稔,U+7A14,ren3,rěn
11286,稕,U+7A15,zhun4|zhun3,zhùn|zhǔn
11287,稖,U+7A16,bang4,bàng
11288,稗,U+7A17,bai4,bài
11289,稘,U+7A18,ji1|qi2,jī|qí
11290,稙,U+7A19,zhi1|zhi4,zhī|zhì
11291,稚,U+7A1A,zhi4,zhì
11292,稛,U+7A1B,kun3,kǔn
11293,稜,U+7A1C,leng2|leng4|ling2,léng|lèng|líng
11294,稝,U+7A1D,peng2,péng
11295,稞,U+7A1E,ke1|hua4,kē|huà
11296,稟,U+7A1F,bing3|lin3,bǐng|lǐn
11297,稠,U+7A20,chou2|tiao2|diao4,chóu|tiáo|diào
11298,稡,U+7A21,zui4|zu2|su1,zuì|zú|sū
11299,稢,U+7A22,yu4,yù
11300,稣,U+7A23,su1,sū
11301,稤,U+7A24,lve4,lüè
11302,稥,U+7A25,xiang1,xiāng
11303,稦,U+7A26,yi1,yī
11304,稧,U+7A27,xi4|qie4,xì|qiè
11305,稨,U+7A28,bian3,biǎn
11306,稩,U+7A29,ji4,jì
11307,稪,U+7A2A,fu2,fú
11308,稫,U+7A2B,pi4|bi4,pì|bì
11309,稬,U+7A2C,nuo4,nuò
11310,稭,U+7A2D,jie1,jiē
11311,種,U+7A2E,zhong3|chong2|zhong4,zhǒng|chóng|zhòng
11312,稯,U+7A2F,zong1|zong3,zōng|zǒng
11313,稰,U+7A30,xu3|xu1,xǔ|xū
11314,稱,U+7A31,cheng1|chen4|cheng4,chēng|chèn|chèng
11315,稲,U+7A32,dao4,dào
11316,稳,U+7A33,wen3,wěn
11317,稴,U+7A34,xian2|jian1|lian4|lian3,xián|jiān|liàn|liǎn
11318,稵,U+7A35,zi1|jiu1,zī|jiū
11319,稶,U+7A36,yu4,yù
11320,稷,U+7A37,ji4|ze4,jì|zè
11321,稸,U+7A38,xu4,xù
11322,稹,U+7A39,zhen3|zhen1|bian1,zhěn|zhēn|biān
11323,稺,U+7A3A,zhi4,zhì
11324,稻,U+7A3B,dao4,dào
11325,稼,U+7A3C,jia4,jià
11326,稽,U+7A3D,ji1|qi3,jī|qǐ
11327,稾,U+7A3E,gao3|kao4|gao4|jiao4,gǎo|kào|gào|jiào
11328,稿,U+7A3F,gao3,gǎo
11329,穀,U+7A40,gu3,gǔ
11330,穁,U+7A41,rong2,róng
11331,穂,U+7A42,sui4,suì
11332,穃,U+7A43,rong,rong
11333,穄,U+7A44,ji4,jì
11334,穅,U+7A45,kang1,kāng
11335,穆,U+7A46,mu4,mù
11336,穇,U+7A47,can3|shan1|cen1,cǎn|shān|cēn
11337,穈,U+7A48,mei2|men2|mi2,méi|mén|mí
11338,穉,U+7A49,zhi4|chi2|ti2,zhì|chí|tí
11339,穊,U+7A4A,ji4,jì
11340,穋,U+7A4B,lu4|jiu1,lù|jiū
11341,穌,U+7A4C,su1,sū
11342,積,U+7A4D,ji1,jī
11343,穎,U+7A4E,ying3,yǐng
11344,穏,U+7A4F,wen3,wěn
11345,穐,U+7A50,qiu1,qiū
11346,穑,U+7A51,se4,sè
11347,穒,U+7A52,he4,hè
11348,穓,U+7A53,yi4,yì
11349,穔,U+7A54,huang2,huáng
11350,穕,U+7A55,qie4,qiè
11351,穖,U+7A56,ji3|ji4,jǐ|jì
11352,穗,U+7A57,sui4,suì
11353,穘,U+7A58,xiao1|rao4,xiāo|rào
11354,穙,U+7A59,pu2,pú
11355,穚,U+7A5A,jiao1,jiāo
11356,穛,U+7A5B,zhuo1|bo2,zhuō|bó
11357,穜,U+7A5C,zhong3|tong2|zhong4,zhǒng|tóng|zhòng
11358,穝,U+7A5D,zui,zui
11359,穞,U+7A5E,lv3,lǚ
11360,穟,U+7A5F,sui4,suì
11361,穠,U+7A60,nong2,nóng
11362,穡,U+7A61,se4,sè
11363,穢,U+7A62,hui4,huì
11364,穣,U+7A63,rang2,ráng
11365,穤,U+7A64,nuo4,nuò
11366,穥,U+7A65,yu4|yu3,yù|yǔ
11367,穦,U+7A66,pin1,pīn
11368,穧,U+7A67,ji4|zi4,jì|zì
11369,穨,U+7A68,tui2,tuí
11370,穩,U+7A69,wen3,wěn
11371,穪,U+7A6A,cheng1|bie2,chēng|bié
11372,穫,U+7A6B,huo4|hu4,huò|hù
11373,穬,U+7A6C,kuang4,kuàng
11374,穭,U+7A6D,lv3,lǚ
11375,穮,U+7A6E,biao1|pao1,biāo|pāo
11376,穯,U+7A6F,se4,sè
11377,穰,U+7A70,rang2|rang3|reng2,ráng|rǎng|réng
11378,穱,U+7A71,zhuo1|jue2,zhuō|jué
11379,穲,U+7A72,li2,lí
11380,穳,U+7A73,cuan2|zan4,cuán|zàn
11381,穴,U+7A74,xue2|jue2,xué|jué
11382,穵,U+7A75,wa1|ya4,wā|yà
11383,究,U+7A76,jiu1|jiu4,jiū|jiù
11384,穷,U+7A77,qiong2,qióng
11385,穸,U+7A78,xi1,xī
11386,穹,U+7A79,qiong2|qiong1|kong1,qióng|qiōng|kōng
11387,空,U+7A7A,kong1|kong4|kong3,kōng|kòng|kǒng
11388,穻,U+7A7B,yu1|yu3,yū|yǔ
11389,穼,U+7A7C,shen1,shēn
11390,穽,U+7A7D,jing3,jǐng
11391,穾,U+7A7E,yao4|yao3,yào|yǎo
11392,穿,U+7A7F,chuan1|chuan4|yuan1,chuān|chuàn|yuān
11393,窀,U+7A80,zhun1|tun2,zhūn|tún
11394,突,U+7A81,tu1,tū
11395,窂,U+7A82,lao2,láo
11396,窃,U+7A83,qie4,qiè
11397,窄,U+7A84,zhai3,zhǎi
11398,窅,U+7A85,yao3,yǎo
11399,窆,U+7A86,bian3,biǎn
11400,窇,U+7A87,bao2,báo
11401,窈,U+7A88,yao3|yao4,yǎo|yào
11402,窉,U+7A89,bing3,bǐng
11403,窊,U+7A8A,wa1,wā
11404,窋,U+7A8B,zhu2|ku1,zhú|kū
11405,窌,U+7A8C,jiao4|pao4|liao2|liu4,jiào|pào|liáo|liù
11406,窍,U+7A8D,qiao4,qiào
11407,窎,U+7A8E,diao4,diào
11408,窏,U+7A8F,wu1,wū
11409,窐,U+7A90,gui1|wa1,guī|wā
11410,窑,U+7A91,yao2,yáo
11411,窒,U+7A92,zhi4|die2,zhì|dié
11412,窓,U+7A93,chuang1,chuāng
11413,窔,U+7A94,yao4|yao3,yào|yǎo
11414,窕,U+7A95,tiao3|tiao1,tiǎo|tiāo
11415,窖,U+7A96,jiao4|zao4,jiào|zào
11416,窗,U+7A97,chuang1|cong1,chuāng|cōng
11417,窘,U+7A98,jiong3,jiǒng
11418,窙,U+7A99,xiao1,xiāo
11419,窚,U+7A9A,cheng2,chéng
11420,窛,U+7A9B,kou4,kòu
11421,窜,U+7A9C,cuan4,cuàn
11422,窝,U+7A9D,wo1,wō
11423,窞,U+7A9E,dan4,dàn
11424,窟,U+7A9F,ku1,kū
11425,窠,U+7AA0,ke1,kē
11426,窡,U+7AA1,zhuo2,zhuó
11427,窢,U+7AA2,xu1,xū
11428,窣,U+7AA3,su1,sū
11429,窤,U+7AA4,guan1,guān
11430,窥,U+7AA5,kui1,kuī
11431,窦,U+7AA6,dou4,dòu
11432,窧,U+7AA7,zhuo,zhuo
11433,窨,U+7AA8,xun1|yin4|yin1,xūn|yìn|yīn
11434,窩,U+7AA9,wo1,wō
11435,窪,U+7AAA,wa1,wā
11436,窫,U+7AAB,ya4|ye1,yà|yē
11437,窬,U+7AAC,yu2|dou1,yú|dōu
11438,窭,U+7AAD,ju4,jù
11439,窮,U+7AAE,qiong2,qióng
11440,窯,U+7AAF,yao2|yao4|qiao1,yáo|yào|qiāo
11441,窰,U+7AB0,yao2,yáo
11442,窱,U+7AB1,tiao3,tiǎo
11443,窲,U+7AB2,chao2,cháo
11444,窳,U+7AB3,yu3|yu2,yǔ|yú
11445,窴,U+7AB4,tian2,tián
11446,窵,U+7AB5,diao4,diào
11447,窶,U+7AB6,ju4|lou2,jù|lóu
11448,窷,U+7AB7,liao4,liào
11449,窸,U+7AB8,xi1,xī
11450,窹,U+7AB9,wu4,wù
11451,窺,U+7ABA,kui1|kui3,kuī|kuǐ
11452,窻,U+7ABB,chuang1,chuāng
11453,窼,U+7ABC,zhao1|ke1,zhāo|kē
11454,窽,U+7ABD,kuan3,kuǎn
11455,窾,U+7ABE,kuan3|cuan4,kuǎn|cuàn
11456,窿,U+7ABF,long2,lóng
11457,竀,U+7AC0,cheng1|cheng4,chēng|chèng
11458,竁,U+7AC1,cui4,cuì
11459,竂,U+7AC2,liao2,liáo
11460,竃,U+7AC3,zao4,zào
11461,竄,U+7AC4,cuan4|cuan1,cuàn|cuān
11462,竅,U+7AC5,qiao4,qiào
11463,竆,U+7AC6,qiong2,qióng
11464,竇,U+7AC7,dou4|du2,dòu|dú
11465,竈,U+7AC8,zao4,zào
11466,竉,U+7AC9,long3,lǒng
11467,竊,U+7ACA,qie4,qiè
11468,立,U+7ACB,li4|wei4,lì|wèi
11469,竌,U+7ACC,chu4,chù
11470,竍,U+7ACD,shi2,shí
11471,竎,U+7ACE,fu4,fù
11472,竏,U+7ACF,qian1,qiān
11473,竐,U+7AD0,chu4,chù
11474,竑,U+7AD1,hong2,hóng
11475,竒,U+7AD2,qi2,qí
11476,竓,U+7AD3,hao2,háo
11477,竔,U+7AD4,sheng1,shēng
11478,竕,U+7AD5,fen1,fēn
11479,竖,U+7AD6,shu4,shù
11480,竗,U+7AD7,miao4,miào
11481,竘,U+7AD8,qu3|kou3,qǔ|kǒu
11482,站,U+7AD9,zhan4|zhan1,zhàn|zhān
11483,竚,U+7ADA,zhu4,zhù
11484,竛,U+7ADB,ling2,líng
11485,竜,U+7ADC,long2|neng2,lóng|néng
11486,竝,U+7ADD,bing4,bìng
11487,竞,U+7ADE,jing4,jìng
11488,竟,U+7ADF,jing4,jìng
11489,章,U+7AE0,zhang1|zhang4,zhāng|zhàng
11490,竡,U+7AE1,bai3,bǎi
11491,竢,U+7AE2,si4,sì
11492,竣,U+7AE3,jun4,jùn
11493,竤,U+7AE4,hong2,hóng
11494,童,U+7AE5,tong2|zhong1,tóng|zhōng
11495,竦,U+7AE6,song3,sǒng
11496,竧,U+7AE7,jing4|zhen3,jìng|zhěn
11497,竨,U+7AE8,diao4,diào
11498,竩,U+7AE9,yi4,yì
11499,竪,U+7AEA,shu4,shù
11500,竫,U+7AEB,jing4,jìng
11501,竬,U+7AEC,qu3,qǔ
11502,竭,U+7AED,jie2,jié
11503,竮,U+7AEE,ping1,pīng
11504,端,U+7AEF,duan1,duān
11505,竰,U+7AF0,li2,lí
11506,竱,U+7AF1,zhuan3,zhuǎn
11507,竲,U+7AF2,ceng2,céng
11508,竳,U+7AF3,deng1,dēng
11509,竴,U+7AF4,cun1,cūn
11510,竵,U+7AF5,wai1|hua1,wāi|huā
11511,競,U+7AF6,jing4,jìng
11512,竷,U+7AF7,kan3|kan4,kǎn|kàn
11513,竸,U+7AF8,jing4,jìng
11514,竹,U+7AF9,zhu2,zhú
11515,竺,U+7AFA,zhu2|du3,zhú|dǔ
11516,竻,U+7AFB,le4|jin1,lè|jīn
11517,竼,U+7AFC,peng2,péng
11518,竽,U+7AFD,yu2,yú
11519,竾,U+7AFE,chi2,chí
11520,竿,U+7AFF,gan1|gan4|gan3,gān|gàn|gǎn
11521,笀,U+7B00,mang2,máng
11522,笁,U+7B01,zhu2,zhú
11523,笂,U+7B02,wan2,wán
11524,笃,U+7B03,du3,dǔ
11525,笄,U+7B04,ji1,jī
11526,笅,U+7B05,jiao3,jiǎo
11527,笆,U+7B06,ba1,bā
11528,笇,U+7B07,suan4,suàn
11529,笈,U+7B08,ji2,jí
11530,笉,U+7B09,qin3,qǐn
11531,笊,U+7B0A,zhao4,zhào
11532,笋,U+7B0B,sun3,sǔn
11533,笌,U+7B0C,ya2,yá
11534,笍,U+7B0D,zhui4|rui4,zhuì|ruì
11535,笎,U+7B0E,yuan2,yuán
11536,笏,U+7B0F,hu4|wen3|wu4,hù|wěn|wù
11537,笐,U+7B10,hang2|hang4,háng|hàng
11538,笑,U+7B11,xiao4,xiào
11539,笒,U+7B12,cen2|jin4|han2,cén|jìn|hán
11540,笓,U+7B13,bi4|pi2|bi1,bì|pí|bī
11541,笔,U+7B14,bi3,bǐ
11542,笕,U+7B15,jian3,jiǎn
11543,笖,U+7B16,yi3,yǐ
11544,笗,U+7B17,dong1,dōng
11545,笘,U+7B18,shan1,shān
11546,笙,U+7B19,sheng1,shēng
11547,笚,U+7B1A,da1|xia2|na4,dā|xiá|nà
11548,笛,U+7B1B,di2,dí
11549,笜,U+7B1C,zhu2,zhú
11550,笝,U+7B1D,na4,nà
11551,笞,U+7B1E,chi1,chī
11552,笟,U+7B1F,gu1,gū
11553,笠,U+7B20,li4,lì
11554,笡,U+7B21,qie4,qiè
11555,笢,U+7B22,min3,mǐn
11556,笣,U+7B23,bao1,bāo
11557,笤,U+7B24,tiao2|shao4,tiáo|shào
11558,笥,U+7B25,si4,sì
11559,符,U+7B26,fu2,fú
11560,笧,U+7B27,ce4|shan4,cè|shàn
11561,笨,U+7B28,ben4,bèn
11562,笩,U+7B29,fa2,fá
11563,笪,U+7B2A,da2,dá
11564,笫,U+7B2B,zi3,zǐ
11565,第,U+7B2C,di4,dì
11566,笭,U+7B2D,ling2,líng
11567,笮,U+7B2E,ze2|zuo2|zha4,zé|zuó|zhà
11568,笯,U+7B2F,nu2,nú
11569,笰,U+7B30,fu2|fei4,fú|fèi
11570,笱,U+7B31,gou3,gǒu
11571,笲,U+7B32,fan2,fán
11572,笳,U+7B33,jia1,jiā
11573,笴,U+7B34,gan3,gǎn
11574,笵,U+7B35,fan4,fàn
11575,笶,U+7B36,shi3,shǐ
11576,笷,U+7B37,mao3,mǎo
11577,笸,U+7B38,po3,pǒ
11578,笹,U+7B39,ti4,tì
11579,笺,U+7B3A,jian1,jiān
11580,笻,U+7B3B,qiong2,qióng
11581,笼,U+7B3C,long2|long3,lóng|lǒng
11582,笽,U+7B3D,min3,mǐn
11583,笾,U+7B3E,bian1,biān
11584,笿,U+7B3F,luo4,luò
11585,筀,U+7B40,gui4,guì
11586,筁,U+7B41,qu1,qū
11587,筂,U+7B42,chi2,chí
11588,筃,U+7B43,yin1,yīn
11589,筄,U+7B44,yao4,yào
11590,筅,U+7B45,xian3,xiǎn
11591,筆,U+7B46,bi3,bǐ
11592,筇,U+7B47,qiong2,qióng
11593,筈,U+7B48,kuo4,kuò
11594,等,U+7B49,deng3,děng
11595,筊,U+7B4A,xiao2|jiao3|jiao4,xiáo|jiǎo|jiào
11596,筋,U+7B4B,jin1|qian2,jīn|qián
11597,筌,U+7B4C,quan2,quán
11598,筍,U+7B4D,sun3|yun2|xun4,sǔn|yún|xùn
11599,筎,U+7B4E,ru2,rú
11600,筏,U+7B4F,fa2,fá
11601,筐,U+7B50,kuang1,kuāng
11602,筑,U+7B51,zhu4|zhu2,zhù|zhú
11603,筒,U+7B52,tong3|dong4|tong2,tǒng|dòng|tóng
11604,筓,U+7B53,ji1,jī
11605,答,U+7B54,da2|da1,dá|dā
11606,筕,U+7B55,hang2,háng
11607,策,U+7B56,ce4,cè
11608,筗,U+7B57,zhong4,zhòng
11609,筘,U+7B58,kou4,kòu
11610,筙,U+7B59,lai2,lái
11611,筚,U+7B5A,bi4,bì
11612,筛,U+7B5B,shai1,shāi
11613,筜,U+7B5C,dang1,dāng
11614,筝,U+7B5D,zheng1,zhēng
11615,筞,U+7B5E,ce4,cè
11616,筟,U+7B5F,fu1,fū
11617,筠,U+7B60,yun2|jun1,yún|jūn
11618,筡,U+7B61,tu2,tú
11619,筢,U+7B62,pa2,pá
11620,筣,U+7B63,li2,lí
11621,筤,U+7B64,lang2|lang4,láng|làng
11622,筥,U+7B65,ju3,jǔ
11623,筦,U+7B66,guan3,guǎn
11624,筧,U+7B67,jian3|xian4,jiǎn|xiàn
11625,筨,U+7B68,han2,hán
11626,筩,U+7B69,tong2|tong3|yong3|dong4,tóng|tǒng|yǒng|dòng
11627,筪,U+7B6A,xia2,xiá
11628,筫,U+7B6B,zhi4|zhi3,zhì|zhǐ
11629,筬,U+7B6C,cheng2,chéng
11630,筭,U+7B6D,suan4,suàn
11631,筮,U+7B6E,shi4,shì
11632,筯,U+7B6F,zhu4,zhù
11633,筰,U+7B70,zuo2,zuó
11634,筱,U+7B71,xiao3,xiǎo
11635,筲,U+7B72,shao1,shāo
11636,筳,U+7B73,ting2,tíng
11637,筴,U+7B74,ce4|jia1,cè|jiā
11638,筵,U+7B75,yan2,yán
11639,筶,U+7B76,gao4|gao3,gào|gǎo
11640,筷,U+7B77,kuai4,kuài
11641,筸,U+7B78,gan1,gān
11642,筹,U+7B79,chou2,chóu
11643,筺,U+7B7A,kuang1,kuāng
11644,筻,U+7B7B,gang4,gàng
11645,筼,U+7B7C,yun2,yún
11646,筽,U+7B7D,ou1|wu2,ōu|wú
11647,签,U+7B7E,qian1,qiān
11648,筿,U+7B7F,xiao3,xiǎo
11649,简,U+7B80,jian3,jiǎn
11650,箁,U+7B81,pou2|bu4|fu2|pu2,póu|bù|fú|pú
11651,箂,U+7B82,lai2,lái
11652,箃,U+7B83,zou1,zōu
11653,箄,U+7B84,bi3|bei1|bi1|bi4|pai2,bǐ|bēi|bī|bì|pái
11654,箅,U+7B85,bi4,bì
11655,箆,U+7B86,bi4,bì
11656,箇,U+7B87,ge4,gè
11657,箈,U+7B88,tai2|chi2,tái|chí
11658,箉,U+7B89,guai3|dai4,guǎi|dài
11659,箊,U+7B8A,yu1,yū
11660,箋,U+7B8B,jian1,jiān
11661,箌,U+7B8C,dao4|zhao4,dào|zhào
11662,箍,U+7B8D,gu1,gū
11663,箎,U+7B8E,chi2|hu3,chí|hǔ
11664,箏,U+7B8F,zheng1,zhēng
11665,箐,U+7B90,qing4|jing1|qiang1,qìng|jīng|qiāng
11666,箑,U+7B91,sha4|zha2,shà|zhá
11667,箒,U+7B92,zhou3,zhǒu
11668,箓,U+7B93,lu4,lù
11669,箔,U+7B94,bo2,bó
11670,箕,U+7B95,ji1,jī
11671,箖,U+7B96,lin2|lin3,lín|lǐn
11672,算,U+7B97,suan4,suàn
11673,箘,U+7B98,jun4|qun1,jùn|qūn
11674,箙,U+7B99,fu2,fú
11675,箚,U+7B9A,zha2,zhá
11676,箛,U+7B9B,gu1,gū
11677,箜,U+7B9C,kong1,kōng
11678,箝,U+7B9D,qian2,qián
11679,箞,U+7B9E,qian1,qiān
11680,箟,U+7B9F,jun4,jùn
11681,箠,U+7BA0,chui2|zhui1,chuí|zhuī
11682,管,U+7BA1,guan3,guǎn
11683,箢,U+7BA2,yuan1|wan3,yuān|wǎn
11684,箣,U+7BA3,ce4,cè
11685,箤,U+7BA4,zu2,zú
11686,箥,U+7BA5,bo3,bǒ
11687,箦,U+7BA6,ze2,zé
11688,箧,U+7BA7,qie4,qiè
11689,箨,U+7BA8,tuo4,tuò
11690,箩,U+7BA9,luo2,luó
11691,箪,U+7BAA,dan1,dān
11692,箫,U+7BAB,xiao1,xiāo
11693,箬,U+7BAC,ruo4|na4,ruò|nà
11694,箭,U+7BAD,jian4,jiàn
11695,箮,U+7BAE,xuan1,xuān
11696,箯,U+7BAF,bian1,biān
11697,箰,U+7BB0,sun3,sǔn
11698,箱,U+7BB1,xiang1,xiāng
11699,箲,U+7BB2,xian3,xiǎn
11700,箳,U+7BB3,ping2,píng
11701,箴,U+7BB4,zhen1|jian3,zhēn|jiǎn
11702,箵,U+7BB5,xing1|xing3|sheng3,xīng|xǐng|shěng
11703,箶,U+7BB6,hu2,hú
11704,箷,U+7BB7,yi2|shi1,yí|shī
11705,箸,U+7BB8,zhu4|zhuo2,zhù|zhuó
11706,箹,U+7BB9,yue1|yao4|chuo4,yuē|yào|chuò
11707,箺,U+7BBA,chun1,chūn
11708,箻,U+7BBB,lv4,lǜ
11709,箼,U+7BBC,wu1,wū
11710,箽,U+7BBD,dong3,dǒng
11711,箾,U+7BBE,shuo4|xiao1|qiao4,shuò|xiāo|qiào
11712,箿,U+7BBF,ji2,jí
11713,節,U+7BC0,jie2|jie1,jié|jiē
11714,篁,U+7BC1,huang2,huáng
11715,篂,U+7BC2,xing1,xīng
11716,篃,U+7BC3,mei4,mèi
11717,範,U+7BC4,fan4,fàn
11718,篅,U+7BC5,chuan2|duan1,chuán|duān
11719,篆,U+7BC6,zhuan4,zhuàn
11720,篇,U+7BC7,pian1,piān
11721,篈,U+7BC8,feng1,fēng
11722,築,U+7BC9,zhu4|zhu2,zhù|zhú
11723,篊,U+7BCA,huang2|hong2,huáng|hóng
11724,篋,U+7BCB,qie4,qiè
11725,篌,U+7BCC,hou2,hóu
11726,篍,U+7BCD,qiu1,qiū
11727,篎,U+7BCE,miao3,miǎo
11728,篏,U+7BCF,qian4,qiàn
11729,篐,U+7BD0,gu1,gū
11730,篑,U+7BD1,kui4,kuì
11731,篒,U+7BD2,shi,shi
11732,篓,U+7BD3,lou3,lǒu
11733,篔,U+7BD4,yun2|xun1,yún|xūn
11734,篕,U+7BD5,he2,hé
11735,篖,U+7BD6,tang2,táng
11736,篗,U+7BD7,yue4,yuè
11737,篘,U+7BD8,chou1,chōu
11738,篙,U+7BD9,gao1,gāo
11739,篚,U+7BDA,fei3,fěi
11740,篛,U+7BDB,ruo4,ruò
11741,篜,U+7BDC,zheng1,zhēng
11742,篝,U+7BDD,gou1,gōu
11743,篞,U+7BDE,nie4,niè
11744,篟,U+7BDF,qian4,qiàn
11745,篠,U+7BE0,xiao3,xiǎo
11746,篡,U+7BE1,cuan4,cuàn
11747,篢,U+7BE2,long3|gong1|gan3,lǒng|gōng|gǎn
11748,篣,U+7BE3,peng2|pang2,péng|páng
11749,篤,U+7BE4,du3,dǔ
11750,篥,U+7BE5,li4,lì
11751,篦,U+7BE6,bi4|pi2,bì|pí
11752,篧,U+7BE7,zhuo2|huo4,zhuó|huò
11753,篨,U+7BE8,chu2,chú
11754,篩,U+7BE9,shai1|shi1,shāi|shī
11755,篪,U+7BEA,chi2,chí
11756,篫,U+7BEB,zhu4,zhù
11757,篬,U+7BEC,qiang1|cang1,qiāng|cāng
11758,篭,U+7BED,long2,lóng
11759,篮,U+7BEE,lan2,lán
11760,篯,U+7BEF,jian1,jiān
11761,篰,U+7BF0,bu4,bù
11762,篱,U+7BF1,li2,lí
11763,篲,U+7BF2,hui4|sui4,huì|suì
11764,篳,U+7BF3,bi4,bì
11765,篴,U+7BF4,di2|zhu2,dí|zhú
11766,篵,U+7BF5,cong1,cōng
11767,篶,U+7BF6,yan1,yān
11768,篷,U+7BF7,peng2,péng
11769,篸,U+7BF8,can3|cen1|zan1,cǎn|cēn|zān
11770,篹,U+7BF9,zhuan4|suan3|zuan3,zhuàn|suǎn|zuǎn
11771,篺,U+7BFA,pi2,pí
11772,篻,U+7BFB,piao3|biao1,piǎo|biāo
11773,篼,U+7BFC,dou1,dōu
11774,篽,U+7BFD,yu4,yù
11775,篾,U+7BFE,mie4,miè
11776,篿,U+7BFF,tuan2|zhuan1,tuán|zhuān
11777,簀,U+7C00,ze2|zhai4,zé|zhài
11778,簁,U+7C01,shai1,shāi
11779,簂,U+7C02,gui4|guo2,guì|guó
11780,簃,U+7C03,yi2,yí
11781,簄,U+7C04,hu4,hù
11782,簅,U+7C05,chan3,chǎn
11783,簆,U+7C06,kou4,kòu
11784,簇,U+7C07,cu4|chuo4|cou4,cù|chuò|còu
11785,簈,U+7C08,ping2,píng
11786,簉,U+7C09,zao4|chou4,zào|chòu
11787,簊,U+7C0A,ji1,jī
11788,簋,U+7C0B,gui3,guǐ
11789,簌,U+7C0C,su4,sù
11790,簍,U+7C0D,lou3|lv3|ju4,lǒu|lǚ|jù
11791,簎,U+7C0E,ce4|ji2,cè|jí
11792,簏,U+7C0F,lu4,lù
11793,簐,U+7C10,nian3,niǎn
11794,簑,U+7C11,suo1,suō
11795,簒,U+7C12,cuan4,cuàn
11796,簓,U+7C13,diao1,diāo
11797,簔,U+7C14,suo1,suō
11798,簕,U+7C15,le4,lè
11799,簖,U+7C16,duan4,duàn
11800,簗,U+7C17,zhu4,zhù
11801,簘,U+7C18,xiao1,xiāo
11802,簙,U+7C19,bo2,bó
11803,簚,U+7C1A,mi4,mì
11804,簛,U+7C1B,shai1|si1,shāi|sī
11805,簜,U+7C1C,dang4|tang1,dàng|tāng
11806,簝,U+7C1D,liao2,liáo
11807,簞,U+7C1E,dan1,dān
11808,簟,U+7C1F,dian4,diàn
11809,簠,U+7C20,fu3,fǔ
11810,簡,U+7C21,jian3,jiǎn
11811,簢,U+7C22,min3,mǐn
11812,簣,U+7C23,kui4,kuì
11813,簤,U+7C24,dai4,dài
11814,簥,U+7C25,jiao1,jiāo
11815,簦,U+7C26,deng1,dēng
11816,簧,U+7C27,huang2,huáng
11817,簨,U+7C28,sun3|zhuan4,sǔn|zhuàn
11818,簩,U+7C29,lao2,láo
11819,簪,U+7C2A,zan1|zan3,zān|zǎn
11820,簫,U+7C2B,xiao1|xiao3,xiāo|xiǎo
11821,簬,U+7C2C,lu4,lù
11822,簭,U+7C2D,shi4,shì
11823,簮,U+7C2E,zan1,zān
11824,簯,U+7C2F,qi,qi
11825,簰,U+7C30,pai2,pái
11826,簱,U+7C31,qi2,qí
11827,簲,U+7C32,pai2,pái
11828,簳,U+7C33,gan3|gan4,gǎn|gàn
11829,簴,U+7C34,ju4,jù
11830,簵,U+7C35,lu4,lù
11831,簶,U+7C36,lu4,lù
11832,簷,U+7C37,yan2,yán
11833,簸,U+7C38,bo3|bo4,bǒ|bò
11834,簹,U+7C39,dang1,dāng
11835,簺,U+7C3A,sai4,sài
11836,簻,U+7C3B,zhua1|ke1,zhuā|kē
11837,簼,U+7C3C,gou1,gōu
11838,簽,U+7C3D,qian1,qiān
11839,簾,U+7C3E,lian2,lián
11840,簿,U+7C3F,bu4|bo2,bù|bó
11841,籀,U+7C40,zhou4,zhòu
11842,籁,U+7C41,lai4,lài
11843,籂,U+7C42,shi,shi
11844,籃,U+7C43,lan2,lán
11845,籄,U+7C44,kui4,kuì
11846,籅,U+7C45,yu2,yú
11847,籆,U+7C46,yue4,yuè
11848,籇,U+7C47,hao2,háo
11849,籈,U+7C48,zhen1|jian1,zhēn|jiān
11850,籉,U+7C49,tai2,tái
11851,籊,U+7C4A,ti4,tì
11852,籋,U+7C4B,nie4|mi2,niè|mí
11853,籌,U+7C4C,chou2|tao2,chóu|táo
11854,籍,U+7C4D,ji2|jie4,jí|jiè
11855,籎,U+7C4E,yi2,yí
11856,籏,U+7C4F,qi2,qí
11857,籐,U+7C50,teng2,téng
11858,籑,U+7C51,zhuan4|zuan3,zhuàn|zuǎn
11859,籒,U+7C52,zhou4,zhòu
11860,籓,U+7C53,fan1|ban1|pan1,fān|bān|pān
11861,籔,U+7C54,sou3|shu3,sǒu|shǔ
11862,籕,U+7C55,zhou4,zhòu
11863,籖,U+7C56,qian,qian
11864,籗,U+7C57,zhuo2,zhuó
11865,籘,U+7C58,teng2,téng
11866,籙,U+7C59,lu4,lù
11867,籚,U+7C5A,lu2,lú
11868,籛,U+7C5B,jian3|jian1,jiǎn|jiān
11869,籜,U+7C5C,tuo4,tuò
11870,籝,U+7C5D,ying2,yíng
11871,籞,U+7C5E,yu4,yù
11872,籟,U+7C5F,lai4,lài
11873,籠,U+7C60,long2|long3,lóng|lǒng
11874,籡,U+7C61,qie4,qiè
11875,籢,U+7C62,lian2,lián
11876,籣,U+7C63,lan2,lán
11877,籤,U+7C64,qian1,qiān
11878,籥,U+7C65,yue4,yuè
11879,籦,U+7C66,zhong1,zhōng
11880,籧,U+7C67,qu2|ju3,qú|jǔ
11881,籨,U+7C68,lian2,lián
11882,籩,U+7C69,bian1,biān
11883,籪,U+7C6A,duan4,duàn
11884,籫,U+7C6B,zuan3,zuǎn
11885,籬,U+7C6C,li2,lí
11886,籭,U+7C6D,si1,sī
11887,籮,U+7C6E,luo2,luó
11888,籯,U+7C6F,ying2,yíng
11889,籰,U+7C70,yue4,yuè
11890,籱,U+7C71,zhuo2,zhuó
11891,籲,U+7C72,yu4,yù
11892,米,U+7C73,mi3,mǐ
11893,籴,U+7C74,di2|za2,dí|zá
11894,籵,U+7C75,fan2,fán
11895,籶,U+7C76,shen1,shēn
11896,籷,U+7C77,zhe2,zhé
11897,籸,U+7C78,shen1,shēn
11898,籹,U+7C79,nv3,nǚ
11899,籺,U+7C7A,he2,hé
11900,类,U+7C7B,lei4,lèi
11901,籼,U+7C7C,xian1,xiān
11902,籽,U+7C7D,zi3,zǐ
11903,籾,U+7C7E,ni2,ní
11904,籿,U+7C7F,cun4,cùn
11905,粀,U+7C80,zhang4,zhàng
11906,粁,U+7C81,qian1,qiān
11907,粂,U+7C82,zhai1,zhāi
11908,粃,U+7C83,bi3|pi1,bǐ|pī
11909,粄,U+7C84,ban3,bǎn
11910,粅,U+7C85,wu4,wù
11911,粆,U+7C86,sha1|chao3,shā|chǎo
11912,粇,U+7C87,kang1|jing1,kāng|jīng
11913,粈,U+7C88,rou2,róu
11914,粉,U+7C89,fen3,fěn
11915,粊,U+7C8A,bi4,bì
11916,粋,U+7C8B,cui4,cuì
11917,粌,U+7C8C,yin,yin
11918,粍,U+7C8D,zhe2,zhé
11919,粎,U+7C8E,mi3,mǐ
11920,粏,U+7C8F,tai,tai
11921,粐,U+7C90,hu4,hù
11922,粑,U+7C91,ba1,bā
11923,粒,U+7C92,li4,lì
11924,粓,U+7C93,gan1,gān
11925,粔,U+7C94,ju4,jù
11926,粕,U+7C95,po4,pò
11927,粖,U+7C96,mo4,mò
11928,粗,U+7C97,cu1,cū
11929,粘,U+7C98,zhan1|nian2,zhān|nián
11930,粙,U+7C99,zhou4,zhòu
11931,粚,U+7C9A,chi1,chī
11932,粛,U+7C9B,su4,sù
11933,粜,U+7C9C,tiao4,tiào
11934,粝,U+7C9D,li4,lì
11935,粞,U+7C9E,xi1,xī
11936,粟,U+7C9F,su4,sù
11937,粠,U+7CA0,hong2,hóng
11938,粡,U+7CA1,tong2,tóng
11939,粢,U+7CA2,zi1|ci2|ji4,zī|cí|jì
11940,粣,U+7CA3,ce4|se4,cè|sè
11941,粤,U+7CA4,yue4,yuè
11942,粥,U+7CA5,zhou1|yu4,zhōu|yù
11943,粦,U+7CA6,lin2,lín
11944,粧,U+7CA7,zhuang1,zhuāng
11945,粨,U+7CA8,bai3,bǎi
11946,粩,U+7CA9,lao1,lāo
11947,粪,U+7CAA,fen4,fèn
11948,粫,U+7CAB,er2,ér
11949,粬,U+7CAC,qu1,qū
11950,粭,U+7CAD,he2,hé
11951,粮,U+7CAE,liang2,liáng
11952,粯,U+7CAF,xian4,xiàn
11953,粰,U+7CB0,fu2|fu1,fú|fū
11954,粱,U+7CB1,liang2,liáng
11955,粲,U+7CB2,can4,càn
11956,粳,U+7CB3,jing1,jīng
11957,粴,U+7CB4,li3,lǐ
11958,粵,U+7CB5,yue4,yuè
11959,粶,U+7CB6,lu4,lù
11960,粷,U+7CB7,ju2,jú
11961,粸,U+7CB8,qi2,qí
11962,粹,U+7CB9,cui4|sui4,cuì|suì
11963,粺,U+7CBA,bai4,bài
11964,粻,U+7CBB,zhang1,zhāng
11965,粼,U+7CBC,lin2|lin3,lín|lǐn
11966,粽,U+7CBD,zong4,zòng
11967,精,U+7CBE,jing1|qing2|jing4,jīng|qíng|jìng
11968,粿,U+7CBF,guo3|hua4,guǒ|huà
11969,糀,U+7CC0,hua1,huā
11970,糁,U+7CC1,san3|shen1,sǎn|shēn
11971,糂,U+7CC2,san3,sǎn
11972,糃,U+7CC3,tang2,táng
11973,糄,U+7CC4,bian3|bian1,biǎn|biān
11974,糅,U+7CC5,rou2,róu
11975,糆,U+7CC6,mian4,miàn
11976,糇,U+7CC7,hou2,hóu
11977,糈,U+7CC8,xu3,xǔ
11978,糉,U+7CC9,zong4,zòng
11979,糊,U+7CCA,hu2|hu1|hu4,hú|hū|hù
11980,糋,U+7CCB,jian4,jiàn
11981,糌,U+7CCC,zan1,zān
11982,糍,U+7CCD,ci2,cí
11983,糎,U+7CCE,li2,lí
11984,糏,U+7CCF,xie4,xiè
11985,糐,U+7CD0,fu1,fū
11986,糑,U+7CD1,nuo4,nuò
11987,糒,U+7CD2,bei4,bèi
11988,糓,U+7CD3,gu3,gǔ
11989,糔,U+7CD4,xiu3,xiǔ
11990,糕,U+7CD5,gao1,gāo
11991,糖,U+7CD6,tang2,táng
11992,糗,U+7CD7,qiu3,qiǔ
11993,糘,U+7CD8,jia1,jiā
11994,糙,U+7CD9,cao1,cāo
11995,糚,U+7CDA,zhuang1,zhuāng
11996,糛,U+7CDB,tang2,táng
11997,糜,U+7CDC,mi2|mei2,mí|méi
11998,糝,U+7CDD,san3|san1|shen1,sǎn|sān|shēn
11999,糞,U+7CDE,fen4,fèn
12000,糟,U+7CDF,zao1,zāo
12001,糠,U+7CE0,kang1,kāng
12002,糡,U+7CE1,jiang4,jiàng
12003,糢,U+7CE2,mo2,mó
12004,糣,U+7CE3,san3,sǎn
12005,糤,U+7CE4,san3,sǎn
12006,糥,U+7CE5,nuo4,nuò
12007,糦,U+7CE6,xi1,xī
12008,糧,U+7CE7,liang2,liáng
12009,糨,U+7CE8,jiang4|jiang1,jiàng|jiāng
12010,糩,U+7CE9,kuai4,kuài
12011,糪,U+7CEA,bo4,bò
12012,糫,U+7CEB,huan2,huán
12013,糬,U+7CEC,shu3,shǔ
12014,糭,U+7CED,zong4,zòng
12015,糮,U+7CEE,xian4,xiàn
12016,糯,U+7CEF,nuo4,nuò
12017,糰,U+7CF0,tuan2,tuán
12018,糱,U+7CF1,nie4,niè
12019,糲,U+7CF2,li4,lì
12020,糳,U+7CF3,zuo4,zuò
12021,糴,U+7CF4,di2,dí
12022,糵,U+7CF5,nie4,niè
12023,糶,U+7CF6,tiao4|diao4,tiào|diào
12024,糷,U+7CF7,lan4,làn
12025,糸,U+7CF8,mi4|si1,mì|sī
12026,糹,U+7CF9,si1,sī
12027,糺,U+7CFA,jiu1|jiu3,jiū|jiǔ
12028,系,U+7CFB,xi4|ji4,xì|jì
12029,糼,U+7CFC,gong1,gōng
12030,糽,U+7CFD,zheng3|zheng1,zhěng|zhēng
12031,糾,U+7CFE,jiu1|jiao3,jiū|jiǎo
12032,糿,U+7CFF,you4,yòu
12033,紀,U+7D00,ji4|ji3,jì|jǐ
12034,紁,U+7D01,cha4,chà
12035,紂,U+7D02,zhou4,zhòu
12036,紃,U+7D03,xun2,xún
12037,約,U+7D04,yue1|yao1|yao4|di4,yuē|yāo|yào|dì
12038,紅,U+7D05,hong2|gong1|jiang4,hóng|gōng|jiàng
12039,紆,U+7D06,yu1|ou1,yū|ōu
12040,紇,U+7D07,he2|ge1|jie2,hé|gē|jié
12041,紈,U+7D08,wan2,wán
12042,紉,U+7D09,ren4,rèn
12043,紊,U+7D0A,wen3|wen4,wěn|wèn
12044,紋,U+7D0B,wen2|wen4,wén|wèn
12045,紌,U+7D0C,qiu2,qiú
12046,納,U+7D0D,na4,nà
12047,紎,U+7D0E,zi1,zī
12048,紏,U+7D0F,tou3,tǒu
12049,紐,U+7D10,niu3,niǔ
12050,紑,U+7D11,fou2,fóu
12051,紒,U+7D12,ji4|jie2|jie4,jì|jié|jiè
12052,紓,U+7D13,shu1,shū
12053,純,U+7D14,chun2|zhun3|tun2|quan2|zi1|zhun1,chún|zhǔn|tún|quán|zī|zhūn
12054,紕,U+7D15,pi1|pi2|bi3|bi1|bi4|chi3,pī|pí|bǐ|bī|bì|chǐ
12055,紖,U+7D16,zhen4,zhèn
12056,紗,U+7D17,sha1|miao3,shā|miǎo
12057,紘,U+7D18,hong2,hóng
12058,紙,U+7D19,zhi3,zhǐ
12059,級,U+7D1A,ji2,jí
12060,紛,U+7D1B,fen1,fēn
12061,紜,U+7D1C,yun2,yún
12062,紝,U+7D1D,ren4,rèn
12063,紞,U+7D1E,dan3,dǎn
12064,紟,U+7D1F,jin1|jin4,jīn|jìn
12065,素,U+7D20,su4,sù
12066,紡,U+7D21,fang3|bang3|fang4,fǎng|bǎng|fàng
12067,索,U+7D22,suo3,suǒ
12068,紣,U+7D23,cui4,cuì
12069,紤,U+7D24,jiu3,jiǔ
12070,紥,U+7D25,za1|zha1,zā|zhā
12071,紦,U+7D26,ba,ba
12072,紧,U+7D27,jin3,jǐn
12073,紨,U+7D28,fu1|fu4,fū|fù
12074,紩,U+7D29,zhi4,zhì
12075,紪,U+7D2A,qi1,qī
12076,紫,U+7D2B,zi3,zǐ
12077,紬,U+7D2C,chou2|chou1|zhou4,chóu|chōu|zhòu
12078,紭,U+7D2D,hong2,hóng
12079,紮,U+7D2E,za1|zha1,zā|zhā
12080,累,U+7D2F,lei4|lei2|lei3|lv4|lie4,lèi|léi|lěi|lǜ|liè
12081,細,U+7D30,xi4,xì
12082,紱,U+7D31,fu2,fú
12083,紲,U+7D32,xie4|yi4,xiè|yì
12084,紳,U+7D33,shen1,shēn
12085,紴,U+7D34,bo1|bi4,bō|bì
12086,紵,U+7D35,zhu4|shu1,zhù|shū
12087,紶,U+7D36,qu1|qu3,qū|qǔ
12088,紷,U+7D37,ling2,líng
12089,紸,U+7D38,zhu4,zhù
12090,紹,U+7D39,shao4|chao1,shào|chāo
12091,紺,U+7D3A,gan4,gàn
12092,紻,U+7D3B,yang3,yǎng
12093,紼,U+7D3C,fu2|fei4,fú|fèi
12094,紽,U+7D3D,tuo2,tuó
12095,紾,U+7D3E,zhen3|tian3|jin3,zhěn|tiǎn|jǐn
12096,紿,U+7D3F,dai4,dài
12097,絀,U+7D40,chu4,chù
12098,絁,U+7D41,shi1,shī
12099,終,U+7D42,zhong1,zhōng
12100,絃,U+7D43,xian2|xuan4,xián|xuàn
12101,組,U+7D44,zu3|qu1,zǔ|qū
12102,絅,U+7D45,jiong1|jiong3,jiōng|jiǒng
12103,絆,U+7D46,ban4,bàn
12104,絇,U+7D47,qu2,qú
12105,絈,U+7D48,mo4,mò
12106,絉,U+7D49,shu4,shù
12107,絊,U+7D4A,zui4,zuì
12108,絋,U+7D4B,kuang4,kuàng
12109,経,U+7D4C,jing1,jīng
12110,絍,U+7D4D,ren4,rèn
12111,絎,U+7D4E,hang2,háng
12112,絏,U+7D4F,xie4|yi4,xiè|yì
12113,結,U+7D50,jie2|ji4|jie1,jié|jì|jiē
12114,絑,U+7D51,zhu1,zhū
12115,絒,U+7D52,chou2,chóu
12116,絓,U+7D53,gua4|kua1,guà|kuā
12117,絔,U+7D54,bai3|mo4,bǎi|mò
12118,絕,U+7D55,jue2,jué
12119,絖,U+7D56,kuang4,kuàng
12120,絗,U+7D57,hu2,hú
12121,絘,U+7D58,ci4,cì
12122,絙,U+7D59,huan2|geng1,huán|gēng
12123,絚,U+7D5A,geng1,gēng
12124,絛,U+7D5B,tao1,tāo
12125,絜,U+7D5C,jie2|xie2|qia4|jia2|qi4,jié|xié|qià|jiá|qì
12126,絝,U+7D5D,ku4,kù
12127,絞,U+7D5E,jiao3|xiao2|jiao4,jiǎo|xiáo|jiào
12128,絟,U+7D5F,quan2,quán
12129,絠,U+7D60,gai3|ai3,gǎi|ǎi
12130,絡,U+7D61,luo4|lao4,luò|lào
12131,絢,U+7D62,xuan4|xun2,xuàn|xún
12132,絣,U+7D63,beng1|bing1|peng1,bēng|bīng|pēng
12133,絤,U+7D64,xian4,xiàn
12134,絥,U+7D65,fu2,fú
12135,給,U+7D66,gei3|ji3|xia2,gěi|jǐ|xiá
12136,絧,U+7D67,dong4|tong2|tong1,dòng|tóng|tōng
12137,絨,U+7D68,rong2,róng
12138,絩,U+7D69,tiao4|diao4|dao4,tiào|diào|dào
12139,絪,U+7D6A,yin1,yīn
12140,絫,U+7D6B,lei3,lěi
12141,絬,U+7D6C,xie4,xiè
12142,絭,U+7D6D,juan4,juàn
12143,絮,U+7D6E,xu4|chu4|nv4|na4,xù|chù|nǜ|nà
12144,絯,U+7D6F,gai1|hai4,gāi|hài
12145,絰,U+7D70,die2,dié
12146,統,U+7D71,tong3,tǒng
12147,絲,U+7D72,si1,sī
12148,絳,U+7D73,jiang4,jiàng
12149,絴,U+7D74,xiang2,xiáng
12150,絵,U+7D75,hui4,huì
12151,絶,U+7D76,jue2,jué
12152,絷,U+7D77,zhi2,zhí
12153,絸,U+7D78,jian3,jiǎn
12154,絹,U+7D79,juan4|xuan4,juàn|xuàn
12155,絺,U+7D7A,chi1|zhi3,chī|zhǐ
12156,絻,U+7D7B,mian3|wen4|man2|wan4,miǎn|wèn|mán|wàn
12157,絼,U+7D7C,zhen4,zhèn
12158,絽,U+7D7D,lv3,lǚ
12159,絾,U+7D7E,cheng2,chéng
12160,絿,U+7D7F,qiu2,qiú
12161,綀,U+7D80,shu1,shū
12162,綁,U+7D81,bang3,bǎng
12163,綂,U+7D82,tong3,tǒng
12164,綃,U+7D83,xiao1|shao1,xiāo|shāo
12165,綄,U+7D84,huan2|huan4|wan4,huán|huàn|wàn
12166,綅,U+7D85,qin1|xian1,qīn|xiān
12167,綆,U+7D86,geng3|bing3,gěng|bǐng
12168,綇,U+7D87,xiu3,xiǔ
12169,綈,U+7D88,ti2|ti4,tí|tì
12170,綉,U+7D89,tou4|xiu4,tòu|xiù
12171,綊,U+7D8A,xie2,xié
12172,綋,U+7D8B,hong2,hóng
12173,綌,U+7D8C,xi4,xì
12174,綍,U+7D8D,fu2,fú
12175,綎,U+7D8E,ting1,tīng
12176,綏,U+7D8F,sui1|sui2|shuai1|rui2|tuo3,suī|suí|shuāi|ruí|tuǒ
12177,綐,U+7D90,dui4,duì
12178,綑,U+7D91,kun3,kǔn
12179,綒,U+7D92,fu1,fū
12180,經,U+7D93,jing1|jing4,jīng|jìng
12181,綔,U+7D94,hu4,hù
12182,綕,U+7D95,zhi1,zhī
12183,綖,U+7D96,yan2|xian4,yán|xiàn
12184,綗,U+7D97,jiong3,jiǒng
12185,綘,U+7D98,feng2,féng
12186,継,U+7D99,ji4,jì
12187,続,U+7D9A,xu4,xù
12188,綛,U+7D9B,ren3,rěn
12189,綜,U+7D9C,zong1|zeng4|zong4,zōng|zèng|zòng
12190,綝,U+7D9D,chen1|shen1,chēn|shēn
12191,綞,U+7D9E,duo3,duǒ
12192,綟,U+7D9F,li4|lie4,lì|liè
12193,綠,U+7DA0,lv4,lǜ
12194,綡,U+7DA1,liang2,liáng
12195,綢,U+7DA2,chou2|tao1|diao4,chóu|tāo|diào
12196,綣,U+7DA3,quan3,quǎn
12197,綤,U+7DA4,shao4,shào
12198,綥,U+7DA5,qi2,qí
12199,綦,U+7DA6,qi2|qi4,qí|qì
12200,綧,U+7DA7,zhun3|zhun4,zhǔn|zhùn
12201,綨,U+7DA8,qi2,qí
12202,綩,U+7DA9,wan3,wǎn
12203,綪,U+7DAA,qian4|qing1|zheng1,qiàn|qīng|zhēng
12204,綫,U+7DAB,xian4,xiàn
12205,綬,U+7DAC,shou4,shòu
12206,維,U+7DAD,wei2|yi2,wéi|yí
12207,綮,U+7DAE,qi3|qing4|qing3,qǐ|qìng|qǐng
12208,綯,U+7DAF,tao2,táo
12209,綰,U+7DB0,wan3,wǎn
12210,綱,U+7DB1,gang1,gāng
12211,網,U+7DB2,wang3,wǎng
12212,綳,U+7DB3,beng1,bēng
12213,綴,U+7DB4,zhui4|chuo4,zhuì|chuò
12214,綵,U+7DB5,cai3,cǎi
12215,綶,U+7DB6,guo3,guǒ
12216,綷,U+7DB7,cui4|zu2,cuì|zú
12217,綸,U+7DB8,lun2|guan1,lún|guān
12218,綹,U+7DB9,liu3,liǔ
12219,綺,U+7DBA,qi3|yi3,qǐ|yǐ
12220,綻,U+7DBB,zhan4,zhàn
12221,綼,U+7DBC,bi4,bì
12222,綽,U+7DBD,chuo4|chao1,chuò|chāo
12223,綾,U+7DBE,ling2,líng
12224,綿,U+7DBF,mian2,mián
12225,緀,U+7DC0,qi1,qī
12226,緁,U+7DC1,qie4,qiè
12227,緂,U+7DC2,tian2|tan3|chan1,tián|tǎn|chān
12228,緃,U+7DC3,zong1,zōng
12229,緄,U+7DC4,gun3|hun4|hun2,gǔn|hùn|hún
12230,緅,U+7DC5,zou1,zōu
12231,緆,U+7DC6,xi1,xī
12232,緇,U+7DC7,zi1,zī
12233,緈,U+7DC8,xing4,xìng
12234,緉,U+7DC9,liang3,liǎng
12235,緊,U+7DCA,jin3,jǐn
12236,緋,U+7DCB,fei1,fēi
12237,緌,U+7DCC,rui2,ruí
12238,緍,U+7DCD,min2,mín
12239,緎,U+7DCE,yu4,yù
12240,総,U+7DCF,zong3|cong1,zǒng|cōng
12241,緐,U+7DD0,fan2,fán
12242,緑,U+7DD1,lv4|lu4,lǜ|lù
12243,緒,U+7DD2,xu4,xù
12244,緓,U+7DD3,ying1,yīng
12245,緔,U+7DD4,shang4,shàng
12246,緕,U+7DD5,qi,qi
12247,緖,U+7DD6,xu4,xù
12248,緗,U+7DD7,xiang1,xiāng
12249,緘,U+7DD8,jian1,jiān
12250,緙,U+7DD9,ke4,kè
12251,線,U+7DDA,xian4,xiàn
12252,緛,U+7DDB,ruan3|ruan4,ruǎn|ruàn
12253,緜,U+7DDC,mian2,mián
12254,緝,U+7DDD,ji1|qi4|qi1|ji2,jī|qì|qī|jí
12255,緞,U+7DDE,duan4,duàn
12256,緟,U+7DDF,chong2|zhong4,chóng|zhòng
12257,締,U+7DE0,di4,dì
12258,緡,U+7DE1,min2|min3|mian2|hun2,mín|mǐn|mián|hún
12259,緢,U+7DE2,miao2|mao2,miáo|máo
12260,緣,U+7DE3,yuan2|yuan4,yuán|yuàn
12261,緤,U+7DE4,xie4|ye4,xiè|yè
12262,緥,U+7DE5,bao3,bǎo
12263,緦,U+7DE6,si1,sī
12264,緧,U+7DE7,qiu1,qiū
12265,編,U+7DE8,bian1|bian3|bian4,biān|biǎn|biàn
12266,緩,U+7DE9,huan3,huǎn
12267,緪,U+7DEA,geng1|geng4,gēng|gèng
12268,緫,U+7DEB,cong1,cōng
12269,緬,U+7DEC,mian3,miǎn
12270,緭,U+7DED,wei4,wèi
12271,緮,U+7DEE,fu4,fù
12272,緯,U+7DEF,wei3,wěi
12273,緰,U+7DF0,tou2|xu1|yu2,tóu|xū|yú
12274,緱,U+7DF1,gou1,gōu
12275,緲,U+7DF2,miao3,miǎo
12276,緳,U+7DF3,xie2,xié
12277,練,U+7DF4,lian4,liàn
12278,緵,U+7DF5,zong1|zong4,zōng|zòng
12279,緶,U+7DF6,bian4|pian2|bian3,biàn|pián|biǎn
12280,緷,U+7DF7,yun4|gun3,yùn|gǔn
12281,緸,U+7DF8,yin1,yīn
12282,緹,U+7DF9,ti2,tí
12283,緺,U+7DFA,gua1,guā
12284,緻,U+7DFB,zhi4,zhì
12285,緼,U+7DFC,yun4|wen1,yùn|wēn
12286,緽,U+7DFD,cheng1,chēng
12287,緾,U+7DFE,chan2,chán
12288,緿,U+7DFF,dai4,dài
12289,縀,U+7E00,xia2,xiá
12290,縁,U+7E01,yuan2,yuán
12291,縂,U+7E02,zong3,zǒng
12292,縃,U+7E03,xu1,xū
12293,縄,U+7E04,sheng2,shéng
12294,縅,U+7E05,wei1,wēi
12295,縆,U+7E06,geng1,gēng
12296,縇,U+7E07,xuan1,xuān
12297,縈,U+7E08,ying2,yíng
12298,縉,U+7E09,jin4,jìn
12299,縊,U+7E0A,yi4,yì
12300,縋,U+7E0B,zhui4,zhuì
12301,縌,U+7E0C,ni4,nì
12302,縍,U+7E0D,bang1|bang4,bāng|bàng
12303,縎,U+7E0E,gu3|hu2,gǔ|hú
12304,縏,U+7E0F,pan2,pán
12305,縐,U+7E10,zhou4|chao4|cu4|zhou1,zhòu|chào|cù|zhōu
12306,縑,U+7E11,jian1,jiān
12307,縒,U+7E12,ci1|cuo4|suo3,cī|cuò|suǒ
12308,縓,U+7E13,quan2,quán
12309,縔,U+7E14,shuang3,shuǎng
12310,縕,U+7E15,yun4,yùn
12311,縖,U+7E16,xia2,xiá
12312,縗,U+7E17,cui1|sui1|shuai1,cuī|suī|shuāi
12313,縘,U+7E18,xi1,xī
12314,縙,U+7E19,rong2|rong3|rong4,róng|rǒng|ròng
12315,縚,U+7E1A,tao1,tāo
12316,縛,U+7E1B,fu4,fù
12317,縜,U+7E1C,yun2,yún
12318,縝,U+7E1D,chen1|zhen3,chēn|zhěn
12319,縞,U+7E1E,gao3,gǎo
12320,縟,U+7E1F,ru4|rong3,rù|rǒng
12321,縠,U+7E20,hu2,hú
12322,縡,U+7E21,zai4|zeng1,zài|zēng
12323,縢,U+7E22,teng2,téng
12324,縣,U+7E23,xian4|xuan2,xiàn|xuán
12325,縤,U+7E24,su4,sù
12326,縥,U+7E25,zhen3,zhěn
12327,縦,U+7E26,zong4,zòng
12328,縧,U+7E27,tao1,tāo
12329,縨,U+7E28,huang3,huǎng
12330,縩,U+7E29,cai4,cài
12331,縪,U+7E2A,bi4,bì
12332,縫,U+7E2B,feng4|feng2,fèng|féng
12333,縬,U+7E2C,cu4,cù
12334,縭,U+7E2D,li2,lí
12335,縮,U+7E2E,suo1|su4,suō|sù
12336,縯,U+7E2F,yan3|yin3,yǎn|yǐn
12337,縰,U+7E30,xi3,xǐ
12338,縱,U+7E31,zong4|cong2|zong3,zòng|cóng|zǒng
12339,縲,U+7E32,lei2,léi
12340,縳,U+7E33,juan4|zhuan4,juàn|zhuàn
12341,縴,U+7E34,qian4|qian1,qiàn|qiān
12342,縵,U+7E35,man4,màn
12343,縶,U+7E36,zhi2,zhí
12344,縷,U+7E37,lv3,lǚ
12345,縸,U+7E38,mu4|mo4,mù|mò
12346,縹,U+7E39,piao3|piao1,piǎo|piāo
12347,縺,U+7E3A,lian2,lián
12348,縻,U+7E3B,mi2,mí
12349,縼,U+7E3C,xuan4,xuàn
12350,總,U+7E3D,zong3|zong1|cong1,zǒng|zōng|cōng
12351,績,U+7E3E,ji1,jī
12352,縿,U+7E3F,shan1|xian1|xiao1|sao1|can3,shān|xiān|xiāo|sāo|cǎn
12353,繀,U+7E40,sui4|cui3,suì|cuǐ
12354,繁,U+7E41,fan2|po2|pan2,fán|pó|pán
12355,繂,U+7E42,lv4,lǜ
12356,繃,U+7E43,beng3|beng1|beng4,běng|bēng|bèng
12357,繄,U+7E44,yi1|yi4,yī|yì
12358,繅,U+7E45,sao1|zao3,sāo|zǎo
12359,繆,U+7E46,mou2|jiu1|miu4|mu4|miao4|liao2|liao3|liao4|lu4,móu|jiū|miù|mù|miào|liáo|liǎo|liào|lù
12360,繇,U+7E47,yao2|you2|zhou4,yáo|yóu|zhòu
12361,繈,U+7E48,qiang3,qiǎng
12362,繉,U+7E49,hun2,hún
12363,繊,U+7E4A,xian1,xiān
12364,繋,U+7E4B,ji4,jì
12365,繌,U+7E4C,sha,sha
12366,繍,U+7E4D,xiu4,xiù
12367,繎,U+7E4E,ran2,rán
12368,繏,U+7E4F,xuan4,xuàn
12369,繐,U+7E50,sui4,suì
12370,繑,U+7E51,qiao1|jue1,qiāo|juē
12371,繒,U+7E52,zeng1|zeng4|ceng2,zēng|zèng|céng
12372,繓,U+7E53,zuo3,zuǒ
12373,織,U+7E54,zhi1|zhi4,zhī|zhì
12374,繕,U+7E55,shan4,shàn
12375,繖,U+7E56,san3,sǎn
12376,繗,U+7E57,lin2,lín
12377,繘,U+7E58,yu4|jue2,yù|jué
12378,繙,U+7E59,fan1|fan2,fān|fán
12379,繚,U+7E5A,liao2|rao3,liáo|rǎo
12380,繛,U+7E5B,chuo4,chuò
12381,繜,U+7E5C,zun1,zūn
12382,繝,U+7E5D,jian4,jiàn
12383,繞,U+7E5E,rao4|rao3,rào|rǎo
12384,繟,U+7E5F,chan3|chan2,chǎn|chán
12385,繠,U+7E60,rui3,ruǐ
12386,繡,U+7E61,xiu4,xiù
12387,繢,U+7E62,hui4|hui2,huì|huí
12388,繣,U+7E63,hua4,huà
12389,繤,U+7E64,zuan3,zuǎn
12390,繥,U+7E65,xi1,xī
12391,繦,U+7E66,qiang3,qiǎng
12392,繧,U+7E67,yun,yun
12393,繨,U+7E68,da,da
12394,繩,U+7E69,sheng2|ying4|min3|sheng4,shéng|yìng|mǐn|shèng
12395,繪,U+7E6A,hui4|gui4,huì|guì
12396,繫,U+7E6B,xi4|ji4,xì|jì
12397,繬,U+7E6C,se4,sè
12398,繭,U+7E6D,jian3,jiǎn
12399,繮,U+7E6E,jiang1,jiāng
12400,繯,U+7E6F,huan2,huán
12401,繰,U+7E70,zao3|sao1|qiao1,zǎo|sāo|qiāo
12402,繱,U+7E71,cong1,cōng
12403,繲,U+7E72,xie4,xiè
12404,繳,U+7E73,jiao3|zhuo2|jiao4|he2,jiǎo|zhuó|jiào|hé
12405,繴,U+7E74,bi4,bì
12406,繵,U+7E75,dan4|tan2|chan2,dàn|tán|chán
12407,繶,U+7E76,yi4,yì
12408,繷,U+7E77,nong3,nǒng
12409,繸,U+7E78,sui4,suì
12410,繹,U+7E79,yi4|shi4,yì|shì
12411,繺,U+7E7A,shai3,shǎi
12412,繻,U+7E7B,xu1|ru2,xū|rú
12413,繼,U+7E7C,ji4,jì
12414,繽,U+7E7D,bin1,bīn
12415,繾,U+7E7E,qian3,qiǎn
12416,繿,U+7E7F,lan2,lán
12417,纀,U+7E80,pu2|fu2,pú|fú
12418,纁,U+7E81,xun1,xūn
12419,纂,U+7E82,zuan3,zuǎn
12420,纃,U+7E83,qi2,qí
12421,纄,U+7E84,peng2,péng
12422,纅,U+7E85,yao4|li4,yào|lì
12423,纆,U+7E86,mo4,mò
12424,纇,U+7E87,lei4,lèi
12425,纈,U+7E88,xie2,xié
12426,纉,U+7E89,zuan3,zuǎn
12427,纊,U+7E8A,kuang4,kuàng
12428,纋,U+7E8B,you1,yōu
12429,續,U+7E8C,xu4,xù
12430,纍,U+7E8D,lei2|lei3|lei4,léi|lěi|lèi
12431,纎,U+7E8E,xian1,xiān
12432,纏,U+7E8F,chan2,chán
12433,纐,U+7E90,jiao3,jiǎo
12434,纑,U+7E91,lu2,lú
12435,纒,U+7E92,chan2,chán
12436,纓,U+7E93,ying1,yīng
12437,纔,U+7E94,cai2|shan1,cái|shān
12438,纕,U+7E95,rang3|xiang1|sang1,rǎng|xiāng|sāng
12439,纖,U+7E96,xian1|jian1,xiān|jiān
12440,纗,U+7E97,zui1,zuī
12441,纘,U+7E98,zuan3,zuǎn
12442,纙,U+7E99,luo4,luò
12443,纚,U+7E9A,li2|xi3|li3|sa3,lí|xǐ|lǐ|sǎ
12444,纛,U+7E9B,dao4|du2,dào|dú
12445,纜,U+7E9C,lan3,lǎn
12446,纝,U+7E9D,lei2,léi
12447,纞,U+7E9E,lian4,liàn
12448,纟,U+7E9F,si1,sī
12449,纠,U+7EA0,jiu1,jiū
12450,纡,U+7EA1,yu1,yū
12451,红,U+7EA2,hong2|gong1,hóng|gōng
12452,纣,U+7EA3,zhou4,zhòu
12453,纤,U+7EA4,xian1|qian4,xiān|qiàn
12454,纥,U+7EA5,ge1|he2,gē|hé
12455,约,U+7EA6,yue1|yao1,yuē|yāo
12456,级,U+7EA7,ji2,jí
12457,纨,U+7EA8,wan2,wán
12458,纩,U+7EA9,kuang4,kuàng
12459,纪,U+7EAA,ji4|ji3,jì|jǐ
12460,纫,U+7EAB,ren4,rèn
12461,纬,U+7EAC,wei3,wěi
12462,纭,U+7EAD,yun2,yún
12463,纮,U+7EAE,hong2,hóng
12464,纯,U+7EAF,chun2,chún
12465,纰,U+7EB0,pi1,pī
12466,纱,U+7EB1,sha1,shā
12467,纲,U+7EB2,gang1,gāng
12468,纳,U+7EB3,na4,nà
12469,纴,U+7EB4,ren4,rèn
12470,纵,U+7EB5,zong4,zòng
12471,纶,U+7EB6,lun2|guan1,lún|guān
12472,纷,U+7EB7,fen1,fēn
12473,纸,U+7EB8,zhi3,zhǐ
12474,纹,U+7EB9,wen2|wen4,wén|wèn
12475,纺,U+7EBA,fang3,fǎng
12476,纻,U+7EBB,zhu4,zhù
12477,纼,U+7EBC,zhen4,zhèn
12478,纽,U+7EBD,niu3,niǔ
12479,纾,U+7EBE,shu1,shū
12480,线,U+7EBF,xian4,xiàn
12481,绀,U+7EC0,gan4,gàn
12482,绁,U+7EC1,xie4,xiè
12483,绂,U+7EC2,fu2,fú
12484,练,U+7EC3,lian4,liàn
12485,组,U+7EC4,zu3,zǔ
12486,绅,U+7EC5,shen1,shēn
12487,细,U+7EC6,xi4,xì
12488,织,U+7EC7,zhi1,zhī
12489,终,U+7EC8,zhong1,zhōng
12490,绉,U+7EC9,zhou4,zhòu
12491,绊,U+7ECA,ban4,bàn
12492,绋,U+7ECB,fu2,fú
12493,绌,U+7ECC,chu4,chù
12494,绍,U+7ECD,shao4,shào
12495,绎,U+7ECE,yi4,yì
12496,经,U+7ECF,jing1|jing4,jīng|jìng
12497,绐,U+7ED0,dai4,dài
12498,绑,U+7ED1,bang3,bǎng
12499,绒,U+7ED2,rong2,róng
12500,结,U+7ED3,jie2|jie1,jié|jiē
12501,绔,U+7ED4,ku4,kù
12502,绕,U+7ED5,rao4|rao3,rào|rǎo
12503,绖,U+7ED6,die2,dié
12504,绗,U+7ED7,hang2,háng
12505,绘,U+7ED8,hui4,huì
12506,给,U+7ED9,gei3|ji3,gěi|jǐ
12507,绚,U+7EDA,xuan4,xuàn
12508,绛,U+7EDB,jiang4,jiàng
12509,络,U+7EDC,luo4|lao4,luò|lào
12510,绝,U+7EDD,jue2,jué
12511,绞,U+7EDE,jiao3,jiǎo
12512,统,U+7EDF,tong3,tǒng
12513,绠,U+7EE0,geng3,gěng
12514,绡,U+7EE1,xiao1,xiāo
12515,绢,U+7EE2,juan4,juàn
12516,绣,U+7EE3,xiu4,xiù
12517,绤,U+7EE4,xi4,xì
12518,绥,U+7EE5,sui2,suí
12519,绦,U+7EE6,tao1,tāo
12520,继,U+7EE7,ji4,jì
12521,绨,U+7EE8,ti2|ti4,tí|tì
12522,绩,U+7EE9,ji4|ji1,jì|jī
12523,绪,U+7EEA,xu4,xù
12524,绫,U+7EEB,ling2,líng
12525,绬,U+7EEC,ying1,yīng
12526,续,U+7EED,xu4,xù
12527,绮,U+7EEE,qi3,qǐ
12528,绯,U+7EEF,fei1,fēi
12529,绰,U+7EF0,chuo4|chao1,chuò|chāo
12530,绱,U+7EF1,shang4,shàng
12531,绲,U+7EF2,gun3,gǔn
12532,绳,U+7EF3,sheng2,shéng
12533,维,U+7EF4,wei2,wéi
12534,绵,U+7EF5,mian2,mián
12535,绶,U+7EF6,shou4,shòu
12536,绷,U+7EF7,beng1|beng3|beng4,bēng|běng|bèng
12537,绸,U+7EF8,chou2,chóu
12538,绹,U+7EF9,tao2,táo
12539,绺,U+7EFA,liu3,liǔ
12540,绻,U+7EFB,quan3,quǎn
12541,综,U+7EFC,zong1|zeng4,zōng|zèng
12542,绽,U+7EFD,zhan4,zhàn
12543,绾,U+7EFE,wan3,wǎn
12544,绿,U+7EFF,lv4|lu4,lǜ|lù
12545,缀,U+7F00,zhui4,zhuì
12546,缁,U+7F01,zi1,zī
12547,缂,U+7F02,ke4,kè
12548,缃,U+7F03,xiang1,xiāng
12549,缄,U+7F04,jian1,jiān
12550,缅,U+7F05,mian3,miǎn
12551,缆,U+7F06,lan3,lǎn
12552,缇,U+7F07,ti2,tí
12553,缈,U+7F08,miao3,miǎo
12554,缉,U+7F09,ji1|qi1,jī|qī
12555,缊,U+7F0A,yun1|yun4,yūn|yùn
12556,缋,U+7F0B,hui4,huì
12557,缌,U+7F0C,si1,sī
12558,缍,U+7F0D,duo3,duǒ
12559,缎,U+7F0E,duan4,duàn
12560,缏,U+7F0F,bian4|pian2,biàn|pián
12561,缐,U+7F10,xian4,xiàn
12562,缑,U+7F11,gou1,gōu
12563,缒,U+7F12,zhui4,zhuì
12564,缓,U+7F13,huan3,huǎn
12565,缔,U+7F14,di4,dì
12566,缕,U+7F15,lv3,lǚ
12567,编,U+7F16,bian1,biān
12568,缗,U+7F17,min2,mín
12569,缘,U+7F18,yuan2,yuán
12570,缙,U+7F19,jin4,jìn
12571,缚,U+7F1A,fu4,fù
12572,缛,U+7F1B,ru4,rù
12573,缜,U+7F1C,zhen3,zhěn
12574,缝,U+7F1D,feng4|feng2,fèng|féng
12575,缞,U+7F1E,cui1,cuī
12576,缟,U+7F1F,gao3,gǎo
12577,缠,U+7F20,chan2,chán
12578,缡,U+7F21,li2,lí
12579,缢,U+7F22,yi4,yì
12580,缣,U+7F23,jian1,jiān
12581,缤,U+7F24,bin1,bīn
12582,缥,U+7F25,piao1|piao3,piāo|piǎo
12583,缦,U+7F26,man4,màn
12584,缧,U+7F27,lei2,léi
12585,缨,U+7F28,ying1,yīng
12586,缩,U+7F29,suo1|su4,suō|sù
12587,缪,U+7F2A,mou2|miao4|miu4,móu|miào|miù
12588,缫,U+7F2B,sao1,sāo
12589,缬,U+7F2C,xie2,xié
12590,缭,U+7F2D,liao2,liáo
12591,缮,U+7F2E,shan4,shàn
12592,缯,U+7F2F,zeng1|zeng4,zēng|zèng
12593,缰,U+7F30,jiang1,jiāng
12594,缱,U+7F31,qian3,qiǎn
12595,缲,U+7F32,qiao1|sao1,qiāo|sāo
12596,缳,U+7F33,huan2,huán
12597,缴,U+7F34,jiao3|zhuo2,jiǎo|zhuó
12598,缵,U+7F35,zuan3,zuǎn
12599,缶,U+7F36,fou3,fǒu
12600,缷,U+7F37,xie4,xiè
12601,缸,U+7F38,gang1,gāng
12602,缹,U+7F39,fou3,fǒu
12603,缺,U+7F3A,que1|kui3,quē|kuǐ
12604,缻,U+7F3B,fou3,fǒu
12605,缼,U+7F3C,qi,qi
12606,缽,U+7F3D,bo1,bō
12607,缾,U+7F3E,ping2,píng
12608,缿,U+7F3F,xiang4,xiàng
12609,罀,U+7F40,zhao,zhao
12610,罁,U+7F41,gang1,gāng
12611,罂,U+7F42,ying1,yīng
12612,罃,U+7F43,ying1,yīng
12613,罄,U+7F44,qing4,qìng
12614,罅,U+7F45,xia4,xià
12615,罆,U+7F46,guan4,guàn
12616,罇,U+7F47,zun1,zūn
12617,罈,U+7F48,tan2,tán
12618,罉,U+7F49,cheng1,chēng
12619,罊,U+7F4A,qi4,qì
12620,罋,U+7F4B,weng4,wèng
12621,罌,U+7F4C,ying1,yīng
12622,罍,U+7F4D,lei2,léi
12623,罎,U+7F4E,tan2,tán
12624,罏,U+7F4F,lu2,lú
12625,罐,U+7F50,guan4,guàn
12626,网,U+7F51,wang3,wǎng
12627,罒,U+7F52,wang3,wǎng
12628,罓,U+7F53,gang1,gāng
12629,罔,U+7F54,wang3|wang2,wǎng|wáng
12630,罕,U+7F55,han3|han4,hǎn|hàn
12631,罖,U+7F56,luo2,luó
12632,罗,U+7F57,luo2|luo1,luó|luō
12633,罘,U+7F58,fu2,fú
12634,罙,U+7F59,shen1,shēn
12635,罚,U+7F5A,fa2,fá
12636,罛,U+7F5B,gu1,gū
12637,罜,U+7F5C,zhu3|du2,zhǔ|dú
12638,罝,U+7F5D,ju1|jie1,jū|jiē
12639,罞,U+7F5E,mao2,máo
12640,罟,U+7F5F,gu3,gǔ
12641,罠,U+7F60,min2,mín
12642,罡,U+7F61,gang1,gāng
12643,罢,U+7F62,ba4|ba,bà|ba
12644,罣,U+7F63,gua4,guà
12645,罤,U+7F64,ti2|kun1,tí|kūn
12646,罥,U+7F65,juan4,juàn
12647,罦,U+7F66,fu2,fú
12648,罧,U+7F67,shen4,shèn
12649,罨,U+7F68,yan3,yǎn
12650,罩,U+7F69,zhao4,zhào
12651,罪,U+7F6A,zui4,zuì
12652,罫,U+7F6B,gua4|hua4|guai3,guà|huà|guǎi
12653,罬,U+7F6C,zhuo2,zhuó
12654,罭,U+7F6D,yu4,yù
12655,置,U+7F6E,zhi4,zhì
12656,罯,U+7F6F,an3,ǎn
12657,罰,U+7F70,fa2,fá
12658,罱,U+7F71,lan3|nan3,lǎn|nǎn
12659,署,U+7F72,shu3,shǔ
12660,罳,U+7F73,si1,sī
12661,罴,U+7F74,pi2,pí
12662,罵,U+7F75,ma4,mà
12663,罶,U+7F76,liu3,liǔ
12664,罷,U+7F77,ba4|pi2|pi4|bi3|ba|bai3,bà|pí|pì|bǐ|ba|bǎi
12665,罸,U+7F78,fa2,fá
12666,罹,U+7F79,li2,lí
12667,罺,U+7F7A,chao2,cháo
12668,罻,U+7F7B,wei4,wèi
12669,罼,U+7F7C,bi4,bì
12670,罽,U+7F7D,ji4,jì
12671,罾,U+7F7E,zeng1,zēng
12672,罿,U+7F7F,chong1,chōng
12673,羀,U+7F80,liu3,liǔ
12674,羁,U+7F81,ji1,jī
12675,羂,U+7F82,juan4,juàn
12676,羃,U+7F83,mi4,mì
12677,羄,U+7F84,zhao4,zhào
12678,羅,U+7F85,luo2|luo1|luo,luó|luō|luo
12679,羆,U+7F86,pi2,pí
12680,羇,U+7F87,ji1,jī
12681,羈,U+7F88,ji1,jī
12682,羉,U+7F89,luan2,luán
12683,羊,U+7F8A,yang2,yáng
12684,羋,U+7F8B,mi3|mie1,mǐ|miē
12685,羌,U+7F8C,qiang1,qiāng
12686,羍,U+7F8D,da2,dá
12687,美,U+7F8E,mei3,měi
12688,羏,U+7F8F,yang2|xiang2,yáng|xiáng
12689,羐,U+7F90,you3,yǒu
12690,羑,U+7F91,you3,yǒu
12691,羒,U+7F92,fen2,fén
12692,羓,U+7F93,ba1,bā
12693,羔,U+7F94,gao1,gāo
12694,羕,U+7F95,yang4,yàng
12695,羖,U+7F96,gu3,gǔ
12696,羗,U+7F97,qiang1|you3,qiāng|yǒu
12697,羘,U+7F98,zang1,zāng
12698,羙,U+7F99,gao1|mei3,gāo|měi
12699,羚,U+7F9A,ling2,líng
12700,羛,U+7F9B,yi4|xi1,yì|xī
12701,羜,U+7F9C,zhu4,zhù
12702,羝,U+7F9D,di1,dī
12703,羞,U+7F9E,xiu1,xiū
12704,羟,U+7F9F,qiang3,qiǎng
12705,羠,U+7FA0,yi2,yí
12706,羡,U+7FA1,xian4|yan2|yi2,xiàn|yán|yí
12707,羢,U+7FA2,rong2,róng
12708,羣,U+7FA3,qun2,qún
12709,群,U+7FA4,qun2,qún
12710,羥,U+7FA5,qiang3|qian1,qiǎng|qiān
12711,羦,U+7FA6,huan2,huán
12712,羧,U+7FA7,suo1|zui1,suō|zuī
12713,羨,U+7FA8,xian4,xiàn
12714,義,U+7FA9,yi4|yi2|xi1,yì|yí|xī
12715,羪,U+7FAA,yang,yang
12716,羫,U+7FAB,qiang1|kang4,qiāng|kàng
12717,羬,U+7FAC,qian2|xian2|yan2,qián|xián|yán
12718,羭,U+7FAD,yu2,yú
12719,羮,U+7FAE,geng1,gēng
12720,羯,U+7FAF,jie2,jié
12721,羰,U+7FB0,tang1,tāng
12722,羱,U+7FB1,yuan2,yuán
12723,羲,U+7FB2,xi1,xī
12724,羳,U+7FB3,fan2,fán
12725,羴,U+7FB4,shan1,shān
12726,羵,U+7FB5,fen2,fén
12727,羶,U+7FB6,shan1,shān
12728,羷,U+7FB7,lian3,liǎn
12729,羸,U+7FB8,lei2|lian2,léi|lián
12730,羹,U+7FB9,geng1|lang2,gēng|láng
12731,羺,U+7FBA,nou2,nóu
12732,羻,U+7FBB,qiang4,qiàng
12733,羼,U+7FBC,chan4,chàn
12734,羽,U+7FBD,yu3|hu4,yǔ|hù
12735,羾,U+7FBE,gong4,gòng
12736,羿,U+7FBF,yi4,yì
12737,翀,U+7FC0,chong1,chōng
12738,翁,U+7FC1,weng1|weng3,wēng|wěng
12739,翂,U+7FC2,fen1,fēn
12740,翃,U+7FC3,hong2,hóng
12741,翄,U+7FC4,chi4,chì
12742,翅,U+7FC5,chi4,chì
12743,翆,U+7FC6,cui4,cuì
12744,翇,U+7FC7,fu2,fú
12745,翈,U+7FC8,xia2,xiá
12746,翉,U+7FC9,ben3,běn
12747,翊,U+7FCA,yi4,yì
12748,翋,U+7FCB,la1,lā
12749,翌,U+7FCC,yi4,yì
12750,翍,U+7FCD,pi1|bi4|po1,pī|bì|pō
12751,翎,U+7FCE,ling2,líng
12752,翏,U+7FCF,liu4|lu4,liù|lù
12753,翐,U+7FD0,zhi4,zhì
12754,翑,U+7FD1,qu2,qú
12755,習,U+7FD2,xi2,xí
12756,翓,U+7FD3,xie2,xié
12757,翔,U+7FD4,xiang2,xiáng
12758,翕,U+7FD5,xi1,xī
12759,翖,U+7FD6,xi1,xī
12760,翗,U+7FD7,ke2,ké
12761,翘,U+7FD8,qiao4|qiao2,qiào|qiáo
12762,翙,U+7FD9,hui4,huì
12763,翚,U+7FDA,hui1,huī
12764,翛,U+7FDB,xiao1|shu1,xiāo|shū
12765,翜,U+7FDC,sha4,shà
12766,翝,U+7FDD,hong2,hóng
12767,翞,U+7FDE,jiang1,jiāng
12768,翟,U+7FDF,di2|zhai2,dí|zhái
12769,翠,U+7FE0,cui4,cuì
12770,翡,U+7FE1,fei3,fěi
12771,翢,U+7FE2,dao4|zhou1,dào|zhōu
12772,翣,U+7FE3,sha4,shà
12773,翤,U+7FE4,chi4,chì
12774,翥,U+7FE5,zhu4,zhù
12775,翦,U+7FE6,jian3,jiǎn
12776,翧,U+7FE7,xuan1,xuān
12777,翨,U+7FE8,chi4,chì
12778,翩,U+7FE9,pian1,piān
12779,翪,U+7FEA,zong1,zōng
12780,翫,U+7FEB,wan2|wan4,wán|wàn
12781,翬,U+7FEC,hui1,huī
12782,翭,U+7FED,hou2,hóu
12783,翮,U+7FEE,he2|li4,hé|lì
12784,翯,U+7FEF,he4|hao4,hè|hào
12785,翰,U+7FF0,han4,hàn
12786,翱,U+7FF1,ao2,áo
12787,翲,U+7FF2,piao1,piāo
12788,翳,U+7FF3,yi4,yì
12789,翴,U+7FF4,lian2,lián
12790,翵,U+7FF5,hou2|qu2,hóu|qú
12791,翶,U+7FF6,ao2,áo
12792,翷,U+7FF7,lin2,lín
12793,翸,U+7FF8,pen3,pěn
12794,翹,U+7FF9,qiao4|qiao2,qiào|qiáo
12795,翺,U+7FFA,ao2,áo
12796,翻,U+7FFB,fan1,fān
12797,翼,U+7FFC,yi4,yì
12798,翽,U+7FFD,hui4,huì
12799,翾,U+7FFE,xuan1,xuān
12800,翿,U+7FFF,dao4,dào
12801,耀,U+8000,yao4,yào
12802,老,U+8001,lao3,lǎo
12803,耂,U+8002,lao3,lǎo
12804,考,U+8003,kao3,kǎo
12805,耄,U+8004,mao4,mào
12806,者,U+8005,zhe3,zhě
12807,耆,U+8006,qi2|zhi3|shi4,qí|zhǐ|shì
12808,耇,U+8007,gou3,gǒu
12809,耈,U+8008,gou3,gǒu
12810,耉,U+8009,gou3,gǒu
12811,耊,U+800A,die2,dié
12812,耋,U+800B,die2,dié
12813,而,U+800C,er2|neng2,ér|néng
12814,耍,U+800D,shua3,shuǎ
12815,耎,U+800E,ruan3|nuo4,ruǎn|nuò
12816,耏,U+800F,nai4|er2,nài|ér
12817,耐,U+8010,nai4|neng2,nài|néng
12818,耑,U+8011,duan1|zhuan1,duān|zhuān
12819,耒,U+8012,lei3,lěi
12820,耓,U+8013,ting1,tīng
12821,耔,U+8014,zi3,zǐ
12822,耕,U+8015,geng1,gēng
12823,耖,U+8016,chao4,chào
12824,耗,U+8017,hao4|mao2|mao4,hào|máo|mào
12825,耘,U+8018,yun2,yún
12826,耙,U+8019,ba4|pa2,bà|pá
12827,耚,U+801A,pi1,pī
12828,耛,U+801B,yi2|chi2,yí|chí
12829,耜,U+801C,si4,sì
12830,耝,U+801D,qu4|chu2,qù|chú
12831,耞,U+801E,jia1,jiā
12832,耟,U+801F,ju4,jù
12833,耠,U+8020,huo1,huō
12834,耡,U+8021,chu2,chú
12835,耢,U+8022,lao4,lào
12836,耣,U+8023,lun3|lun2,lǔn|lún
12837,耤,U+8024,ji2|jie4,jí|jiè
12838,耥,U+8025,tang1|tang3,tāng|tǎng
12839,耦,U+8026,ou3,ǒu
12840,耧,U+8027,lou2,lóu
12841,耨,U+8028,nou4,nòu
12842,耩,U+8029,jiang3,jiǎng
12843,耪,U+802A,pang3,pǎng
12844,耫,U+802B,zha2|ze2,zhá|zé
12845,耬,U+802C,lou2|lou3,lóu|lǒu
12846,耭,U+802D,ji1,jī
12847,耮,U+802E,lao4,lào
12848,耯,U+802F,huo4,huò
12849,耰,U+8030,you1,yōu
12850,耱,U+8031,mo4,mò
12851,耲,U+8032,huai2,huái
12852,耳,U+8033,er3|reng2,ěr|réng
12853,耴,U+8034,yi4,yì
12854,耵,U+8035,ding1,dīng
12855,耶,U+8036,ye2|ye1|xie2,yé|yē|xié
12856,耷,U+8037,da1|zhe2,dā|zhé
12857,耸,U+8038,song3,sǒng
12858,耹,U+8039,qin2,qín
12859,耺,U+803A,yun2|ying2,yún|yíng
12860,耻,U+803B,chi3,chǐ
12861,耼,U+803C,dan1,dān
12862,耽,U+803D,dan1,dān
12863,耾,U+803E,hong2,hóng
12864,耿,U+803F,geng3,gěng
12865,聀,U+8040,zhi2,zhí
12866,聁,U+8041,pan4,pàn
12867,聂,U+8042,nie4,niè
12868,聃,U+8043,dan1,dān
12869,聄,U+8044,zhen3,zhěn
12870,聅,U+8045,che4,chè
12871,聆,U+8046,ling2,líng
12872,聇,U+8047,zheng1,zhēng
12873,聈,U+8048,you3,yǒu
12874,聉,U+8049,wa4|tui3|zhuo2,wà|tuǐ|zhuó
12875,聊,U+804A,liao2|liu2,liáo|liú
12876,聋,U+804B,long2,lóng
12877,职,U+804C,zhi2,zhí
12878,聍,U+804D,ning2,níng
12879,聎,U+804E,tiao1,tiāo
12880,聏,U+804F,er2|nv4,ér|nǜ
12881,聐,U+8050,ya4,yà
12882,聑,U+8051,tie1|zhe2,tiē|zhé
12883,聒,U+8052,gua1|guo1,guā|guō
12884,聓,U+8053,xu4,xù
12885,联,U+8054,lian2,lián
12886,聕,U+8055,hao4,hào
12887,聖,U+8056,sheng4,shèng
12888,聗,U+8057,lie4,liè
12889,聘,U+8058,pin4|ping4,pìn|pìng
12890,聙,U+8059,jing1,jīng
12891,聚,U+805A,ju4,jù
12892,聛,U+805B,bi3,bǐ
12893,聜,U+805C,di3,dǐ
12894,聝,U+805D,guo2,guó
12895,聞,U+805E,wen2|wen4,wén|wèn
12896,聟,U+805F,xu4,xù
12897,聠,U+8060,ping1,pīng
12898,聡,U+8061,cong1,cōng
12899,聢,U+8062,ding4,dìng
12900,聣,U+8063,ni2,ní
12901,聤,U+8064,ting2,tíng
12902,聥,U+8065,ju3,jǔ
12903,聦,U+8066,cong1,cōng
12904,聧,U+8067,kui1,kuī
12905,聨,U+8068,lian2,lián
12906,聩,U+8069,kui4,kuì
12907,聪,U+806A,cong1,cōng
12908,聫,U+806B,lian2,lián
12909,聬,U+806C,weng3,wěng
12910,聭,U+806D,kui4,kuì
12911,聮,U+806E,lian2,lián
12912,聯,U+806F,lian2,lián
12913,聰,U+8070,cong1,cōng
12914,聱,U+8071,ao2|you2,áo|yóu
12915,聲,U+8072,sheng1,shēng
12916,聳,U+8073,song3,sǒng
12917,聴,U+8074,ting1,tīng
12918,聵,U+8075,kui4,kuì
12919,聶,U+8076,nie4|zhe2|she4|ye4,niè|zhé|shè|yè
12920,職,U+8077,zhi2|te4,zhí|tè
12921,聸,U+8078,dan1,dān
12922,聹,U+8079,ning2,níng
12923,聺,U+807A,qie2,qié
12924,聻,U+807B,ni3|jian4,nǐ|jiàn
12925,聼,U+807C,ting1,tīng
12926,聽,U+807D,ting1,tīng
12927,聾,U+807E,long2,lóng
12928,聿,U+807F,yu4,yù
12929,肀,U+8080,yu4,yù
12930,肁,U+8081,zhao4,zhào
12931,肂,U+8082,si4,sì
12932,肃,U+8083,su4,sù
12933,肄,U+8084,yi4|si4,yì|sì
12934,肅,U+8085,su4,sù
12935,肆,U+8086,si4|ti4,sì|tì
12936,肇,U+8087,zhao4,zhào
12937,肈,U+8088,zhao4,zhào
12938,肉,U+8089,rou4|ru4,ròu|rù
12939,肊,U+808A,yi4,yì
12940,肋,U+808B,le1|lei4|le4|jin1,lē|lèi|lè|jīn
12941,肌,U+808C,ji1|ji4,jī|jì
12942,肍,U+808D,qiu2,qiú
12943,肎,U+808E,ken3,kěn
12944,肏,U+808F,cao4,cào
12945,肐,U+8090,ge1|qi4,gē|qì
12946,肑,U+8091,bo2|di2,bó|dí
12947,肒,U+8092,huan4,huàn
12948,肓,U+8093,huang1,huāng
12949,肔,U+8094,chi3,chǐ
12950,肕,U+8095,ren4,rèn
12951,肖,U+8096,xiao4|xiao1,xiào|xiāo
12952,肗,U+8097,ru3,rǔ
12953,肘,U+8098,zhou3,zhǒu
12954,肙,U+8099,yuan4,yuàn
12955,肚,U+809A,du4|du3,dù|dǔ
12956,肛,U+809B,gang1,gāng
12957,肜,U+809C,rong2|chen1,róng|chēn
12958,肝,U+809D,gan1,gān
12959,肞,U+809E,cha1,chā
12960,肟,U+809F,wo4,wò
12961,肠,U+80A0,chang2,cháng
12962,股,U+80A1,gu3,gǔ
12963,肢,U+80A2,zhi1|shi4,zhī|shì
12964,肣,U+80A3,han2|han4|qin2,hán|hàn|qín
12965,肤,U+80A4,fu1,fū
12966,肥,U+80A5,fei2|bi3,féi|bǐ
12967,肦,U+80A6,fen2,fén
12968,肧,U+80A7,pei1,pēi
12969,肨,U+80A8,pang4|pang1|feng1,pàng|pāng|fēng
12970,肩,U+80A9,jian1|xian2,jiān|xián
12971,肪,U+80AA,fang2,fáng
12972,肫,U+80AB,zhun1|chun2|tun2|zhuo1,zhūn|chún|tún|zhuō
12973,肬,U+80AC,you2,yóu
12974,肭,U+80AD,na4|nu4,nà|nù
12975,肮,U+80AE,ang1|hang2|gang1,āng|háng|gāng
12976,肯,U+80AF,ken3,kěn
12977,肰,U+80B0,ran2,rán
12978,肱,U+80B1,gong1,gōng
12979,育,U+80B2,yu4|zhou4|yo1,yù|zhòu|yō
12980,肳,U+80B3,wen3,wěn
12981,肴,U+80B4,yao2,yáo
12982,肵,U+80B5,qi2,qí
12983,肶,U+80B6,pi2|bi4,pí|bì
12984,肷,U+80B7,qian3|xu4,qiǎn|xù
12985,肸,U+80B8,xi1|bi4,xī|bì
12986,肹,U+80B9,xi1,xī
12987,肺,U+80BA,fei4|pei4,fèi|pèi
12988,肻,U+80BB,ken3,kěn
12989,肼,U+80BC,jing3,jǐng
12990,肽,U+80BD,tai4,tài
12991,肾,U+80BE,shen4,shèn
12992,肿,U+80BF,zhong3,zhǒng
12993,胀,U+80C0,zhang4,zhàng
12994,胁,U+80C1,xie2,xié
12995,胂,U+80C2,shen4|shen1|chen1,shèn|shēn|chēn
12996,胃,U+80C3,wei4,wèi
12997,胄,U+80C4,zhou4,zhòu
12998,胅,U+80C5,die2,dié
12999,胆,U+80C6,dan3|tan2|tan3|da2,dǎn|tán|tǎn|dá
13000,胇,U+80C7,fei4|bi4|fei3,fèi|bì|fěi
13001,胈,U+80C8,ba2,bá
13002,胉,U+80C9,bo2,bó
13003,胊,U+80CA,qu2,qú
13004,胋,U+80CB,tian2,tián
13005,背,U+80CC,bei4|bei1,bèi|bēi
13006,胍,U+80CD,gua1|gu1|hu4,guā|gū|hù
13007,胎,U+80CE,tai1,tāi
13008,胏,U+80CF,zi3|fei4,zǐ|fèi
13009,胐,U+80D0,fei3,fěi
13010,胑,U+80D1,zhi1,zhī
13011,胒,U+80D2,ni4,nì
13012,胓,U+80D3,ping2|peng1,píng|pēng
13013,胔,U+80D4,zi4|ci2|ji2,zì|cí|jí
13014,胕,U+80D5,fu3|fu1|fu2|zhou3,fǔ|fū|fú|zhǒu
13015,胖,U+80D6,pang4|pan2|pan4,pàng|pán|pàn
13016,胗,U+80D7,zhen1|zhen3|zhun1,zhēn|zhěn|zhūn
13017,胘,U+80D8,xian2,xián
13018,胙,U+80D9,zuo4,zuò
13019,胚,U+80DA,pei1,pēi
13020,胛,U+80DB,jia3,jiǎ
13021,胜,U+80DC,sheng4|xing1|qing4|sheng1,shèng|xīng|qìng|shēng
13022,胝,U+80DD,zhi1|chi1|di4,zhī|chī|dì
13023,胞,U+80DE,bao1|pao2|pao4,bāo|páo|pào
13024,胟,U+80DF,mu3,mǔ
13025,胠,U+80E0,qu1,qū
13026,胡,U+80E1,hu2,hú
13027,胢,U+80E2,ke1,kē
13028,胣,U+80E3,chi3,chǐ
13029,胤,U+80E4,yin4,yìn
13030,胥,U+80E5,xu1|xu3,xū|xǔ
13031,胦,U+80E6,yang1,yāng
13032,胧,U+80E7,long2,lóng
13033,胨,U+80E8,dong4,dòng
13034,胩,U+80E9,ka3,kǎ
13035,胪,U+80EA,lu2,lú
13036,胫,U+80EB,jing4,jìng
13037,胬,U+80EC,nu3|nv3,nǔ|nǚ
13038,胭,U+80ED,yan1,yān
13039,胮,U+80EE,pang1,pāng
13040,胯,U+80EF,kua4|kua3,kuà|kuǎ
13041,胰,U+80F0,yi2,yí
13042,胱,U+80F1,guang1,guāng
13043,胲,U+80F2,hai3|gai1|gai3,hǎi|gāi|gǎi
13044,胳,U+80F3,ge1|ge2|ga1,gē|gé|gā
13045,胴,U+80F4,dong4,dòng
13046,胵,U+80F5,chi1|zhi4,chī|zhì
13047,胶,U+80F6,jiao1|xiao2,jiāo|xiáo
13048,胷,U+80F7,xiong1,xiōng
13049,胸,U+80F8,xiong1,xiōng
13050,胹,U+80F9,er2,ér
13051,胺,U+80FA,an4|e4,àn|è
13052,胻,U+80FB,heng2,héng
13053,胼,U+80FC,pian2,pián
13054,能,U+80FD,neng2|tai2|nai2|nai4|xiong2,néng|tái|nái|nài|xióng
13055,胾,U+80FE,zi4,zì
13056,胿,U+80FF,gui1|kui4,guī|kuì
13057,脀,U+8100,cheng2|zheng1|zheng4,chéng|zhēng|zhèng
13058,脁,U+8101,tiao3,tiǎo
13059,脂,U+8102,zhi1|zhi3,zhī|zhǐ
13060,脃,U+8103,cui4,cuì
13061,脄,U+8104,mei2,méi
13062,脅,U+8105,xie2|xian4|xi1,xié|xiàn|xī
13063,脆,U+8106,cui4,cuì
13064,脇,U+8107,xie2,xié
13065,脈,U+8108,mai4|mo4,mài|mò
13066,脉,U+8109,mai4|mo4,mài|mò
13067,脊,U+810A,ji2|ji3,jí|jǐ
13068,脋,U+810B,xie2,xié
13069,脌,U+810C,nin,nin
13070,脍,U+810D,kuai4,kuài
13071,脎,U+810E,sa4,sà
13072,脏,U+810F,zang4|zang1,zàng|zāng
13073,脐,U+8110,qi2,qí
13074,脑,U+8111,nao3,nǎo
13075,脒,U+8112,mi3,mǐ
13076,脓,U+8113,nong2,nóng
13077,脔,U+8114,luan2|ji1,luán|jī
13078,脕,U+8115,wan4|wen4,wàn|wèn
13079,脖,U+8116,bo2|bo1,bó|bō
13080,脗,U+8117,wen3,wěn
13081,脘,U+8118,wan3|huan4,wǎn|huàn
13082,脙,U+8119,xiu1,xiū
13083,脚,U+811A,jiao3|jue2,jiǎo|jué
13084,脛,U+811B,jing4|keng1,jìng|kēng
13085,脜,U+811C,you3,yǒu
13086,脝,U+811D,heng1,hēng
13087,脞,U+811E,cuo3|qie1,cuǒ|qiē
13088,脟,U+811F,lie4|luan2|pao1,liè|luán|pāo
13089,脠,U+8120,shan1|chan1,shān|chān
13090,脡,U+8121,ting3,tǐng
13091,脢,U+8122,mei2,méi
13092,脣,U+8123,chun2,chún
13093,脤,U+8124,shen4,shèn
13094,脥,U+8125,qian3|qu1|jie2,qiǎn|qū|jié
13095,脦,U+8126,de|te4|te,de|tè|te
13096,脧,U+8127,juan1|zui1,juān|zuī
13097,脨,U+8128,cu4|ji2,cù|jí
13098,脩,U+8129,xiu1|you3|tiao2|xiao1,xiū|yǒu|tiáo|xiāo
13099,脪,U+812A,xin4|chi1,xìn|chī
13100,脫,U+812B,tuo1,tuō
13101,脬,U+812C,pao1,pāo
13102,脭,U+812D,cheng2,chéng
13103,脮,U+812E,nei3|tui3,něi|tuǐ
13104,脯,U+812F,pu2|fu3,pú|fǔ
13105,脰,U+8130,dou4,dòu
13106,脱,U+8131,tuo1|tui4,tuō|tuì
13107,脲,U+8132,niao4,niào
13108,脳,U+8133,nao3,nǎo
13109,脴,U+8134,pi3,pǐ
13110,脵,U+8135,gu3,gǔ
13111,脶,U+8136,luo2,luó
13112,脷,U+8137,li4,lì
13113,脸,U+8138,lian3,liǎn
13114,脹,U+8139,zhang4|chang2,zhàng|cháng
13115,脺,U+813A,cui4|sui4,cuì|suì
13116,脻,U+813B,jie1,jiē
13117,脼,U+813C,liang3|lang3,liǎng|lǎng
13118,脽,U+813D,shui2,shuí
13119,脾,U+813E,pi2|pai2|bi4|pi4,pí|pái|bì|pì
13120,脿,U+813F,biao1|biao3|biao4,biāo|biǎo|biào
13121,腀,U+8140,lun2,lún
13122,腁,U+8141,pian2,pián
13123,腂,U+8142,lei3|guo4|hua4,lěi|guò|huà
13124,腃,U+8143,kui4|quan1|quan2|juan4,kuì|quān|quán|juàn
13125,腄,U+8144,chui2|hou2|chuai2,chuí|hóu|chuái
13126,腅,U+8145,dan4,dàn
13127,腆,U+8146,tian3,tiǎn
13128,腇,U+8147,nei3,něi
13129,腈,U+8148,jing1,jīng
13130,腉,U+8149,nai2,nái
13131,腊,U+814A,la4|xi1,là|xī
13132,腋,U+814B,ye4,yè
13133,腌,U+814C,yan1|a1|ang1,yān|ā|āng
13134,腍,U+814D,ren4|dian4,rèn|diàn
13135,腎,U+814E,shen4,shèn
13136,腏,U+814F,chuo4|zhui4,chuò|zhuì
13137,腐,U+8150,fu3,fǔ
13138,腑,U+8151,fu3,fǔ
13139,腒,U+8152,ju1,jū
13140,腓,U+8153,fei2,féi
13141,腔,U+8154,qiang1|kong4,qiāng|kòng
13142,腕,U+8155,wan4,wàn
13143,腖,U+8156,dong4,dòng
13144,腗,U+8157,pi2,pí
13145,腘,U+8158,guo2,guó
13146,腙,U+8159,zong1,zōng
13147,腚,U+815A,ding4,dìng
13148,腛,U+815B,wo4,wò
13149,腜,U+815C,mei2,méi
13150,腝,U+815D,ni2|ruan3|nao4|nen4|er2,ní|ruǎn|nào|nèn|ér
13151,腞,U+815E,zhuan4|dun4|tu2,zhuàn|dùn|tú
13152,腟,U+815F,chi4,chì
13153,腠,U+8160,cou4,còu
13154,腡,U+8161,luo2,luó
13155,腢,U+8162,ou3,ǒu
13156,腣,U+8163,di4,dì
13157,腤,U+8164,an1,ān
13158,腥,U+8165,xing1,xīng
13159,腦,U+8166,nao3|nao4,nǎo|nào
13160,腧,U+8167,shu4|yu2,shù|yú
13161,腨,U+8168,shuan4,shuàn
13162,腩,U+8169,nan3,nǎn
13163,腪,U+816A,yun4,yùn
13164,腫,U+816B,zhong3,zhǒng
13165,腬,U+816C,rou2,róu
13166,腭,U+816D,e4,è
13167,腮,U+816E,sai1,sāi
13168,腯,U+816F,tu2|dun4,tú|dùn
13169,腰,U+8170,yao1,yāo
13170,腱,U+8171,jian4|qian2,jiàn|qián
13171,腲,U+8172,wei3,wěi
13172,腳,U+8173,jiao3|jue2,jiǎo|jué
13173,腴,U+8174,yu2,yú
13174,腵,U+8175,jia1,jiā
13175,腶,U+8176,duan4,duàn
13176,腷,U+8177,bi4,bì
13177,腸,U+8178,chang2,cháng
13178,腹,U+8179,fu4,fù
13179,腺,U+817A,xian4,xiàn
13180,腻,U+817B,ni4,nì
13181,腼,U+817C,mian3,miǎn
13182,腽,U+817D,wa4,wà
13183,腾,U+817E,teng2,téng
13184,腿,U+817F,tui3,tuǐ
13185,膀,U+8180,bang3|pang1|pang2|bang4|pang3,bǎng|pāng|páng|bàng|pǎng
13186,膁,U+8181,qian3|xian4|yan2,qiǎn|xiàn|yán
13187,膂,U+8182,lv3,lǚ
13188,膃,U+8183,wa4,wà
13189,膄,U+8184,shou4,shòu
13190,膅,U+8185,tang2,táng
13191,膆,U+8186,su4,sù
13192,膇,U+8187,zhui4,zhuì
13193,膈,U+8188,ge2,gé
13194,膉,U+8189,yi4,yì
13195,膊,U+818A,bo2|po4|lie4,bó|pò|liè
13196,膋,U+818B,liao2,liáo
13197,膌,U+818C,ji2,jí
13198,膍,U+818D,pi2,pí
13199,膎,U+818E,xie2,xié
13200,膏,U+818F,gao1|gao4,gāo|gào
13201,膐,U+8190,lv3,lǚ
13202,膑,U+8191,bin4,bìn
13203,膒,U+8192,ou1,ōu
13204,膓,U+8193,chang2,cháng
13205,膔,U+8194,lu4|biao1,lù|biāo
13206,膕,U+8195,guo2|huo4,guó|huò
13207,膖,U+8196,pang1,pāng
13208,膗,U+8197,chuai2,chuái
13209,膘,U+8198,biao1|piao3,biāo|piǎo
13210,膙,U+8199,jiang3,jiǎng
13211,膚,U+819A,fu1|lu2,fū|lú
13212,膛,U+819B,tang2|tang1,táng|tāng
13213,膜,U+819C,mo2,mó
13214,膝,U+819D,xi1,xī
13215,膞,U+819E,zhuan1|zhuan3|chuan3|chun2,zhuān|zhuǎn|chuǎn|chún
13216,膟,U+819F,lv4,lǜ
13217,膠,U+81A0,jiao1|jiao3|hao2|nao3,jiāo|jiǎo|háo|nǎo
13218,膡,U+81A1,ying4,yìng
13219,膢,U+81A2,lv2,lǘ
13220,膣,U+81A3,zhi4,zhì
13221,膤,U+81A4,xue3,xuě
13222,膥,U+81A5,cun1,cūn
13223,膦,U+81A6,lin4|lian3,lìn|liǎn
13224,膧,U+81A7,tong2,tóng
13225,膨,U+81A8,peng2|peng4,péng|pèng
13226,膩,U+81A9,ni4,nì
13227,膪,U+81AA,chuai4|zha4|zhai4,chuài|zhà|zhài
13228,膫,U+81AB,liao2|liao3,liáo|liǎo
13229,膬,U+81AC,cui4,cuì
13230,膭,U+81AD,gui1|kui4|dui4,guī|kuì|duì
13231,膮,U+81AE,xiao1,xiāo
13232,膯,U+81AF,teng1|tun2,tēng|tún
13233,膰,U+81B0,fan2|pan2,fán|pán
13234,膱,U+81B1,zhi2,zhí
13235,膲,U+81B2,jiao1,jiāo
13236,膳,U+81B3,shan4,shàn
13237,膴,U+81B4,hu1|wu3|mei2,hū|wǔ|méi
13238,膵,U+81B5,cui4,cuì
13239,膶,U+81B6,run4,rùn
13240,膷,U+81B7,xiang1,xiāng
13241,膸,U+81B8,sui3|wei3,suǐ|wěi
13242,膹,U+81B9,fen4,fèn
13243,膺,U+81BA,ying1,yīng
13244,膻,U+81BB,shan1|dan4,shān|dàn
13245,膼,U+81BC,zhua1,zhuā
13246,膽,U+81BD,dan3,dǎn
13247,膾,U+81BE,kuai4,kuài
13248,膿,U+81BF,nong2,nóng
13249,臀,U+81C0,tun2,tún
13250,臁,U+81C1,lian2,lián
13251,臂,U+81C2,bi4|bei,bì|bei
13252,臃,U+81C3,yong1,yōng
13253,臄,U+81C4,jue2|ju1,jué|jū
13254,臅,U+81C5,chu4,chù
13255,臆,U+81C6,yi4|yi3,yì|yǐ
13256,臇,U+81C7,juan3,juǎn
13257,臈,U+81C8,la4|ge2,là|gé
13258,臉,U+81C9,lian3,liǎn
13259,臊,U+81CA,sao1|sao4,sāo|sào
13260,臋,U+81CB,tun2,tún
13261,臌,U+81CC,gu3,gǔ
13262,臍,U+81CD,qi2,qí
13263,臎,U+81CE,cui4,cuì
13264,臏,U+81CF,bin4,bìn
13265,臐,U+81D0,xun1,xūn
13266,臑,U+81D1,nao4|ru2|er2|nen4|nuan3,nào|rú|ér|nèn|nuǎn
13267,臒,U+81D2,wo4|yue4,wò|yuè
13268,臓,U+81D3,zang4,zàng
13269,臔,U+81D4,xian4,xiàn
13270,臕,U+81D5,biao1,biāo
13271,臖,U+81D6,xing4,xìng
13272,臗,U+81D7,kuan1,kuān
13273,臘,U+81D8,la4|lie4,là|liè
13274,臙,U+81D9,yan1,yān
13275,臚,U+81DA,lu2|lv3,lú|lǚ
13276,臛,U+81DB,huo4,huò
13277,臜,U+81DC,za1,zā
13278,臝,U+81DD,luo3,luǒ
13279,臞,U+81DE,qu2,qú
13280,臟,U+81DF,zang4,zàng
13281,臠,U+81E0,luan2,luán
13282,臡,U+81E1,ni2|luan2,ní|luán
13283,臢,U+81E2,za1|zan1,zā|zān
13284,臣,U+81E3,chen2,chén
13285,臤,U+81E4,qian1|xian2|qin4,qiān|xián|qìn
13286,臥,U+81E5,wo4,wò
13287,臦,U+81E6,guang4|jiong3,guàng|jiǒng
13288,臧,U+81E7,zang1|cang2|zang4,zāng|cáng|zàng
13289,臨,U+81E8,lin2|lin4,lín|lìn
13290,臩,U+81E9,guang3|jiong3,guǎng|jiǒng
13291,自,U+81EA,zi4,zì
13292,臫,U+81EB,jiao3,jiǎo
13293,臬,U+81EC,nie4,niè
13294,臭,U+81ED,chou4|xiu4,chòu|xiù
13295,臮,U+81EE,ji4,jì
13296,臯,U+81EF,gao1,gāo
13297,臰,U+81F0,chou4,chòu
13298,臱,U+81F1,mian2|bian1,mián|biān
13299,臲,U+81F2,nie4,niè
13300,至,U+81F3,zhi4|die2,zhì|dié
13301,致,U+81F4,zhi4|zhui4,zhì|zhuì
13302,臵,U+81F5,ge2,gé
13303,臶,U+81F6,jian4,jiàn
13304,臷,U+81F7,die2|zhi2,dié|zhí
13305,臸,U+81F8,zhi1|jin4,zhī|jìn
13306,臹,U+81F9,xiu1,xiū
13307,臺,U+81FA,tai2,tái
13308,臻,U+81FB,zhen1,zhēn
13309,臼,U+81FC,jiu4,jiù
13310,臽,U+81FD,xian4,xiàn
13311,臾,U+81FE,yu2|yu3|yong3|kui4,yú|yǔ|yǒng|kuì
13312,臿,U+81FF,cha1,chā
13313,舀,U+8200,yao3,yǎo
13314,舁,U+8201,yu2,yú
13315,舂,U+8202,chong1|chuang1|zhong1,chōng|chuāng|zhōng
13316,舃,U+8203,xi4,xì
13317,舄,U+8204,xi4|que4|tuo1,xì|què|tuō
13318,舅,U+8205,jiu4,jiù
13319,舆,U+8206,yu2,yú
13320,與,U+8207,yu3|yu2|yu4,yǔ|yú|yù
13321,興,U+8208,xing4|xing1|xin4,xìng|xīng|xìn
13322,舉,U+8209,ju3,jǔ
13323,舊,U+820A,jiu4,jiù
13324,舋,U+820B,xin4,xìn
13325,舌,U+820C,she2|gua1,shé|guā
13326,舍,U+820D,she3|she4|shi4,shě|shè|shì
13327,舎,U+820E,she4,shè
13328,舏,U+820F,jiu3,jiǔ
13329,舐,U+8210,shi4,shì
13330,舑,U+8211,tan1,tān
13331,舒,U+8212,shu1|yu4,shū|yù
13332,舓,U+8213,shi4,shì
13333,舔,U+8214,tian3|tan1,tiǎn|tān
13334,舕,U+8215,tan4,tàn
13335,舖,U+8216,pu4,pù
13336,舗,U+8217,pu4,pù
13337,舘,U+8218,guan3,guǎn
13338,舙,U+8219,hua4|qi4,huà|qì
13339,舚,U+821A,tian4,tiàn
13340,舛,U+821B,chuan3,chuǎn
13341,舜,U+821C,shun4,shùn
13342,舝,U+821D,xia2,xiá
13343,舞,U+821E,wu3,wǔ
13344,舟,U+821F,zhou1,zhōu
13345,舠,U+8220,dao1,dāo
13346,舡,U+8221,chuan2|xiang1,chuán|xiāng
13347,舢,U+8222,shan1,shān
13348,舣,U+8223,yi3,yǐ
13349,舤,U+8224,fan2,fán
13350,舥,U+8225,pa1,pā
13351,舦,U+8226,tai4,tài
13352,舧,U+8227,fan2,fán
13353,舨,U+8228,ban3,bǎn
13354,舩,U+8229,chuan2|fan2,chuán|fán
13355,航,U+822A,hang2,háng
13356,舫,U+822B,fang3,fǎng
13357,般,U+822C,ban1|pan2|ban3|bo1,bān|pán|bǎn|bō
13358,舭,U+822D,bi3,bǐ
13359,舮,U+822E,lu2,lú
13360,舯,U+822F,zhong1,zhōng
13361,舰,U+8230,jian4,jiàn
13362,舱,U+8231,cang1,cāng
13363,舲,U+8232,ling2,líng
13364,舳,U+8233,zhu2|zhou3,zhú|zhǒu
13365,舴,U+8234,ze2,zé
13366,舵,U+8235,duo4,duò
13367,舶,U+8236,bo2,bó
13368,舷,U+8237,xian2,xián
13369,舸,U+8238,ge3,gě
13370,船,U+8239,chuan2,chuán
13371,舺,U+823A,xia2,xiá
13372,舻,U+823B,lu2,lú
13373,舼,U+823C,qiong2|hong2,qióng|hóng
13374,舽,U+823D,pang2|feng2,páng|féng
13375,舾,U+823E,xi1,xī
13376,舿,U+823F,kua1,kuā
13377,艀,U+8240,fu2,fú
13378,艁,U+8241,zao4,zào
13379,艂,U+8242,feng2,féng
13380,艃,U+8243,li2,lí
13381,艄,U+8244,shao1|shao4,shāo|shào
13382,艅,U+8245,yu2,yú
13383,艆,U+8246,lang2,láng
13384,艇,U+8247,ting3,tǐng
13385,艈,U+8248,yu4,yù
13386,艉,U+8249,wei3,wěi
13387,艊,U+824A,bo2,bó
13388,艋,U+824B,meng3,měng
13389,艌,U+824C,nian4|qian4,niàn|qiàn
13390,艍,U+824D,ju1,jū
13391,艎,U+824E,huang2,huáng
13392,艏,U+824F,shou3,shǒu
13393,艐,U+8250,ke4|jie4|zong1,kè|jiè|zōng
13394,艑,U+8251,bian4,biàn
13395,艒,U+8252,mu4|mo4,mù|mò
13396,艓,U+8253,die2,dié
13397,艔,U+8254,dao4,dào
13398,艕,U+8255,bang4,bàng
13399,艖,U+8256,cha1,chā
13400,艗,U+8257,yi4,yì
13401,艘,U+8258,sou1,sōu
13402,艙,U+8259,cang1,cāng
13403,艚,U+825A,cao2,cáo
13404,艛,U+825B,lou2,lóu
13405,艜,U+825C,dai4,dài
13406,艝,U+825D,xue3,xuě
13407,艞,U+825E,yao4|tiao4,yào|tiào
13408,艟,U+825F,chong1|zhuang4|tong2,chōng|zhuàng|tóng
13409,艠,U+8260,deng1,dēng
13410,艡,U+8261,dang1,dāng
13411,艢,U+8262,qiang2,qiáng
13412,艣,U+8263,lu3,lǔ
13413,艤,U+8264,yi3,yǐ
13414,艥,U+8265,ji2,jí
13415,艦,U+8266,jian4,jiàn
13416,艧,U+8267,huo4|wo4,huò|wò
13417,艨,U+8268,meng2,méng
13418,艩,U+8269,qi2,qí
13419,艪,U+826A,lu3,lǔ
13420,艫,U+826B,lu2,lú
13421,艬,U+826C,chan2,chán
13422,艭,U+826D,shuang1,shuāng
13423,艮,U+826E,gen3|gen4|hen2,gěn|gèn|hén
13424,良,U+826F,liang2|liang3,liáng|liǎng
13425,艰,U+8270,jian1,jiān
13426,艱,U+8271,jian1,jiān
13427,色,U+8272,se4|shai3,sè|shǎi
13428,艳,U+8273,yan4,yàn
13429,艴,U+8274,fu2|bo2|pei4,fú|bó|pèi
13430,艵,U+8275,ping1,pīng
13431,艶,U+8276,yan4,yàn
13432,艷,U+8277,yan4,yàn
13433,艸,U+8278,cao3,cǎo
13434,艹,U+8279,cao3,cǎo
13435,艺,U+827A,yi4,yì
13436,艻,U+827B,le4|ji2,lè|jí
13437,艼,U+827C,ting1|ding3,tīng|dǐng
13438,艽,U+827D,jiao1|qiu2,jiāo|qiú
13439,艾,U+827E,ai4|yi4,ài|yì
13440,艿,U+827F,nai3|reng2|reng4,nǎi|réng|rèng
13441,芀,U+8280,tiao2,tiáo
13442,芁,U+8281,jiao1,jiāo
13443,节,U+8282,jie2|jie1,jié|jiē
13444,芃,U+8283,peng2,péng
13445,芄,U+8284,wan2,wán
13446,芅,U+8285,yi4,yì
13447,芆,U+8286,chai1|cha1,chāi|chā
13448,芇,U+8287,mian2,mián
13449,芈,U+8288,mi3,mǐ
13450,芉,U+8289,gan1|gan3,gān|gǎn
13451,芊,U+828A,qian1|qian4,qiān|qiàn
13452,芋,U+828B,yu4|yu2|xu1|yu3,yù|yú|xū|yǔ
13453,芌,U+828C,yu4,yù
13454,芍,U+828D,shao2|xiao4|que4|di4,sháo|xiào|què|dì
13455,芎,U+828E,qiong1|xiong1,qiōng|xiōng
13456,芏,U+828F,du4,dù
13457,芐,U+8290,hu4|xia4,hù|xià
13458,芑,U+8291,qi3,qǐ
13459,芒,U+8292,mang2|huang1|huang3|wang2,máng|huāng|huǎng|wáng
13460,芓,U+8293,zi4|zi3|zi1,zì|zǐ|zī
13461,芔,U+8294,hui4|hu1,huì|hū
13462,芕,U+8295,sui1,suī
13463,芖,U+8296,zhi4,zhì
13464,芗,U+8297,xiang1,xiāng
13465,芘,U+8298,pi2|bi3|bi4,pí|bǐ|bì
13466,芙,U+8299,fu2,fú
13467,芚,U+829A,tun2|chun1,tún|chūn
13468,芛,U+829B,wei3,wěi
13469,芜,U+829C,wu2,wú
13470,芝,U+829D,zhi1,zhī
13471,芞,U+829E,qi4,qì
13472,芟,U+829F,shan1|wei3,shān|wěi
13473,芠,U+82A0,wen2,wén
13474,芡,U+82A1,qian4,qiàn
13475,芢,U+82A2,ren2,rén
13476,芣,U+82A3,fu2|fou3|fu1,fú|fǒu|fū
13477,芤,U+82A4,kou1,kōu
13478,芥,U+82A5,jie4|gai4,jiè|gài
13479,芦,U+82A6,lu2|lu3|hu4,lú|lǔ|hù
13480,芧,U+82A7,xu4|zhu4,xù|zhù
13481,芨,U+82A8,ji1,jī
13482,芩,U+82A9,qin2|yin2,qín|yín
13483,芪,U+82AA,qi2|chi2,qí|chí
13484,芫,U+82AB,yan2|yuan2,yán|yuán
13485,芬,U+82AC,fen1,fēn
13486,芭,U+82AD,ba1|pa1,bā|pā
13487,芮,U+82AE,rui4|ruo4,ruì|ruò
13488,芯,U+82AF,xin1|xin4,xīn|xìn
13489,芰,U+82B0,ji4,jì
13490,花,U+82B1,hua1,huā
13491,芲,U+82B2,hua1,huā
13492,芳,U+82B3,fang1,fāng
13493,芴,U+82B4,wu4|hu1,wù|hū
13494,芵,U+82B5,jue2,jué
13495,芶,U+82B6,gou3,gǒu
13496,芷,U+82B7,zhi3,zhǐ
13497,芸,U+82B8,yun2|yun4,yún|yùn
13498,芹,U+82B9,qin2,qín
13499,芺,U+82BA,ao3,ǎo
13500,芻,U+82BB,chu2|zou1,chú|zōu
13501,芼,U+82BC,mao4,mào
13502,芽,U+82BD,ya2,yá
13503,芾,U+82BE,fei4|fu2,fèi|fú
13504,芿,U+82BF,reng4,rèng
13505,苀,U+82C0,hang2,háng
13506,苁,U+82C1,cong1,cōng
13507,苂,U+82C2,yin2,yín
13508,苃,U+82C3,you3,yǒu
13509,苄,U+82C4,bian4,biàn
13510,苅,U+82C5,yi4,yì
13511,苆,U+82C6,qie1,qiē
13512,苇,U+82C7,wei3,wěi
13513,苈,U+82C8,li4,lì
13514,苉,U+82C9,pi3,pǐ
13515,苊,U+82CA,e4,è
13516,苋,U+82CB,xian4,xiàn
13517,苌,U+82CC,chang2,cháng
13518,苍,U+82CD,cang1,cāng
13519,苎,U+82CE,zhu4,zhù
13520,苏,U+82CF,su1,sū
13521,苐,U+82D0,ti2|di4,tí|dì
13522,苑,U+82D1,yuan4|yuan1|yu4|yun4,yuàn|yuān|yù|yùn
13523,苒,U+82D2,ran3,rǎn
13524,苓,U+82D3,ling2|lian2,líng|lián
13525,苔,U+82D4,tai2|tai1,tái|tāi
13526,苕,U+82D5,shao2|tiao2,sháo|tiáo
13527,苖,U+82D6,di2,dí
13528,苗,U+82D7,miao2,miáo
13529,苘,U+82D8,qing3,qǐng
13530,苙,U+82D9,li4|ji1,lì|jī
13531,苚,U+82DA,yong4,yòng
13532,苛,U+82DB,ke1|he1,kē|hē
13533,苜,U+82DC,mu4,mù
13534,苝,U+82DD,bei4,bèi
13535,苞,U+82DE,bao1|pao2|biao1,bāo|páo|biāo
13536,苟,U+82DF,gou3|gou1,gǒu|gōu
13537,苠,U+82E0,min2,mín
13538,苡,U+82E1,yi3,yǐ
13539,苢,U+82E2,yi3,yǐ
13540,苣,U+82E3,ju4|qu3,jù|qǔ
13541,苤,U+82E4,pie3|pi1,piě|pī
13542,若,U+82E5,ruo4|re2|re4|re3,ruò|ré|rè|rě
13543,苦,U+82E6,ku3|gu3|hu4,kǔ|gǔ|hù
13544,苧,U+82E7,ning2|zhu4,níng|zhù
13545,苨,U+82E8,ni3,nǐ
13546,苩,U+82E9,bo2|pa1,bó|pā
13547,苪,U+82EA,bing3,bǐng
13548,苫,U+82EB,shan1|shan4|tian1|chan1,shān|shàn|tiān|chān
13549,苬,U+82EC,xiu2,xiú
13550,苭,U+82ED,yao3,yǎo
13551,苮,U+82EE,xian1,xiān
13552,苯,U+82EF,ben3,běn
13553,苰,U+82F0,hong2,hóng
13554,英,U+82F1,ying1|yang1,yīng|yāng
13555,苲,U+82F2,zha3|zha4|zuo2,zhǎ|zhà|zuó
13556,苳,U+82F3,dong1,dōng
13557,苴,U+82F4,ju1|cha2|zha3|zu1|jie1|bao1|xie2,jū|chá|zhǎ|zū|jiē|bāo|xié
13558,苵,U+82F5,die2,dié
13559,苶,U+82F6,nie2|nie4,nié|niè
13560,苷,U+82F7,gan1,gān
13561,苸,U+82F8,hu1,hū
13562,苹,U+82F9,ping2|peng1,píng|pēng
13563,苺,U+82FA,mei2,méi
13564,苻,U+82FB,fu2|pu2,fú|pú
13565,苼,U+82FC,sheng1|rui2,shēng|ruí
13566,苽,U+82FD,gu1|gua1,gū|guā
13567,苾,U+82FE,bi4|bie2|mi4,bì|bié|mì
13568,苿,U+82FF,wei4,wèi
13569,茀,U+8300,fu2|bo2|fei4|bei4|bi4,fú|bó|fèi|bèi|bì
13570,茁,U+8301,zhuo2|zhu2,zhuó|zhú
13571,茂,U+8302,mao4,mào
13572,范,U+8303,fan4,fàn
13573,茄,U+8304,jia1|qie2,jiā|qié
13574,茅,U+8305,mao2,máo
13575,茆,U+8306,mao2|mao3,máo|mǎo
13576,茇,U+8307,ba2|pei4|fei4,bá|pèi|fèi
13577,茈,U+8308,ci2|zi3|ci3|chai2,cí|zǐ|cǐ|chái
13578,茉,U+8309,mo4,mò
13579,茊,U+830A,zi1,zī
13580,茋,U+830B,zhi3|di3,zhǐ|dǐ
13581,茌,U+830C,chi2,chí
13582,茍,U+830D,ji4,jì
13583,茎,U+830E,jing1,jīng
13584,茏,U+830F,long2,lóng
13585,茐,U+8310,cong1,cōng
13586,茑,U+8311,niao3,niǎo
13587,茒,U+8312,yuan2,yuán
13588,茓,U+8313,xue2,xué
13589,茔,U+8314,ying2,yíng
13590,茕,U+8315,qiong2,qióng
13591,茖,U+8316,ge2|luo4,gé|luò
13592,茗,U+8317,ming2,míng
13593,茘,U+8318,li4,lì
13594,茙,U+8319,rong2,róng
13595,茚,U+831A,yin4,yìn
13596,茛,U+831B,gen4|jian4,gèn|jiàn
13597,茜,U+831C,qian4|xi1,qiàn|xī
13598,茝,U+831D,chai3|zhi3,chǎi|zhǐ
13599,茞,U+831E,chen2,chén
13600,茟,U+831F,yu4|wei3,yù|wěi
13601,茠,U+8320,hao1|xiu1|kou4,hāo|xiū|kòu
13602,茡,U+8321,zi4,zì
13603,茢,U+8322,lie4,liè
13604,茣,U+8323,wu2,wú
13605,茤,U+8324,ji4|duo1,jì|duō
13606,茥,U+8325,gui1|gui4,guī|guì
13607,茦,U+8326,ci4,cì
13608,茧,U+8327,jian3|chong2,jiǎn|chóng
13609,茨,U+8328,ci2,cí
13610,茩,U+8329,gou4,gòu
13611,茪,U+832A,guang1,guāng
13612,茫,U+832B,mang2|huang3,máng|huǎng
13613,茬,U+832C,cha2|chi2,chá|chí
13614,茭,U+832D,jiao1|xiao4|qiao4,jiāo|xiào|qiào
13615,茮,U+832E,jiao1|niao3,jiāo|niǎo
13616,茯,U+832F,fu2,fú
13617,茰,U+8330,yu2,yú
13618,茱,U+8331,zhu1,zhū
13619,茲,U+8332,zi1|ci2,zī|cí
13620,茳,U+8333,jiang1,jiāng
13621,茴,U+8334,hui2,huí
13622,茵,U+8335,yin1,yīn
13623,茶,U+8336,cha2,chá
13624,茷,U+8337,fa2|pei4|bo2|ba2,fá|pèi|bó|bá
13625,茸,U+8338,rong1|rong2|rong3,rōng|róng|rǒng
13626,茹,U+8339,ru2,rú
13627,茺,U+833A,chong1,chōng
13628,茻,U+833B,mang3|mu3,mǎng|mǔ
13629,茼,U+833C,tong2,tóng
13630,茽,U+833D,zhong4,zhòng
13631,茾,U+833E,qian1,qiān
13632,茿,U+833F,zhu2,zhú
13633,荀,U+8340,xun2,xún
13634,荁,U+8341,huan2,huán
13635,荂,U+8342,fu1,fū
13636,荃,U+8343,quan2|chuo4,quán|chuò
13637,荄,U+8344,gai1,gāi
13638,荅,U+8345,da1|da2|ta4,dā|dá|tà
13639,荆,U+8346,jing1,jīng
13640,荇,U+8347,xing4,xìng
13641,荈,U+8348,chuan3,chuǎn
13642,草,U+8349,cao3|zao4,cǎo|zào
13643,荊,U+834A,jing1,jīng
13644,荋,U+834B,er2,ér
13645,荌,U+834C,an4,àn
13646,荍,U+834D,qiao2,qiáo
13647,荎,U+834E,chi2,chí
13648,荏,U+834F,ren3,rěn
13649,荐,U+8350,jian4,jiàn
13650,荑,U+8351,ti2|yi2,tí|yí
13651,荒,U+8352,huang1|huang3|kang1|huang2,huāng|huǎng|kāng|huáng
13652,荓,U+8353,ping2|peng1,píng|pēng
13653,荔,U+8354,li4,lì
13654,荕,U+8355,jin1,jīn
13655,荖,U+8356,lao3|cha1,lǎo|chā
13656,荗,U+8357,shu4,shù
13657,荘,U+8358,zhuang1,zhuāng
13658,荙,U+8359,da2,dá
13659,荚,U+835A,jia2,jiá
13660,荛,U+835B,rao2,ráo
13661,荜,U+835C,bi4,bì
13662,荝,U+835D,ce4,cè
13663,荞,U+835E,qiao2,qiáo
13664,荟,U+835F,hui4,huì
13665,荠,U+8360,ji4|qi2,jì|qí
13666,荡,U+8361,dang4,dàng
13667,荢,U+8362,zi4,zì
13668,荣,U+8363,rong2,róng
13669,荤,U+8364,hun1|xun1,hūn|xūn
13670,荥,U+8365,xing2|ying2,xíng|yíng
13671,荦,U+8366,luo4,luò
13672,荧,U+8367,ying2,yíng
13673,荨,U+8368,xun2|qian2,xún|qián
13674,荩,U+8369,jin4,jìn
13675,荪,U+836A,sun1,sūn
13676,荫,U+836B,yin1|yin4,yīn|yìn
13677,荬,U+836C,mai3,mǎi
13678,荭,U+836D,hong2,hóng
13679,荮,U+836E,zhou4,zhòu
13680,药,U+836F,yao4,yào
13681,荰,U+8370,du4,dù
13682,荱,U+8371,wei3|wei4,wěi|wèi
13683,荲,U+8372,li2,lí
13684,荳,U+8373,dou4,dòu
13685,荴,U+8374,fu1,fū
13686,荵,U+8375,ren3,rěn
13687,荶,U+8376,yin2,yín
13688,荷,U+8377,he2|he4|he1,hé|hè|hē
13689,荸,U+8378,bi2,bí
13690,荹,U+8379,bu4|pu2,bù|pú
13691,荺,U+837A,yun3|yun2,yǔn|yún
13692,荻,U+837B,di2,dí
13693,荼,U+837C,tu2|cha2|ye2|shu1,tú|chá|yé|shū
13694,荽,U+837D,sui1|wei3,suī|wěi
13695,荾,U+837E,sui1,suī
13696,荿,U+837F,cheng2,chéng
13697,莀,U+8380,chen2|nong2,chén|nóng
13698,莁,U+8381,wu2,wú
13699,莂,U+8382,bie2,bié
13700,莃,U+8383,xi1,xī
13701,莄,U+8384,geng3,gěng
13702,莅,U+8385,li4,lì
13703,莆,U+8386,pu2|fu3,pú|fǔ
13704,莇,U+8387,zhu4,zhù
13705,莈,U+8388,mo4,mò
13706,莉,U+8389,li4|li2|chi2,lì|lí|chí
13707,莊,U+838A,zhuang1,zhuāng
13708,莋,U+838B,zuo2|ji2,zuó|jí
13709,莌,U+838C,tuo1,tuō
13710,莍,U+838D,qiu2,qiú
13711,莎,U+838E,sha1|suo1|sui1,shā|suō|suī
13712,莏,U+838F,suo1,suō
13713,莐,U+8390,chen2,chén
13714,莑,U+8391,peng2|feng1,péng|fēng
13715,莒,U+8392,ju3,jǔ
13716,莓,U+8393,mei2,méi
13717,莔,U+8394,meng2|xi2|qing3,méng|xí|qǐng
13718,莕,U+8395,xing4,xìng
13719,莖,U+8396,jing1|ying1,jīng|yīng
13720,莗,U+8397,che1,chē
13721,莘,U+8398,shen1|xin1,shēn|xīn
13722,莙,U+8399,jun1,jūn
13723,莚,U+839A,yan2,yán
13724,莛,U+839B,ting2|ting3,tíng|tǐng
13725,莜,U+839C,you2|diao4|di2,yóu|diào|dí
13726,莝,U+839D,cuo4,cuò
13727,莞,U+839E,guan3|wan3|guan1,guǎn|wǎn|guān
13728,莟,U+839F,han4,hàn
13729,莠,U+83A0,you3|xiu4,yǒu|xiù
13730,莡,U+83A1,cuo4,cuò
13731,莢,U+83A2,jia2,jiá
13732,莣,U+83A3,wang2,wáng
13733,莤,U+83A4,su4|you2,sù|yóu
13734,莥,U+83A5,niu3|rou4,niǔ|ròu
13735,莦,U+83A6,shao1|xiao1,shāo|xiāo
13736,莧,U+83A7,xian4|wan4,xiàn|wàn
13737,莨,U+83A8,lang4|liang2|lang2,làng|liáng|láng
13738,莩,U+83A9,fu2|piao3,fú|piǎo
13739,莪,U+83AA,e2,é
13740,莫,U+83AB,mo4|mu4,mò|mù
13741,莬,U+83AC,wen4|wan3|mian3,wèn|wǎn|miǎn
13742,莭,U+83AD,jie2,jié
13743,莮,U+83AE,nan2,nán
13744,莯,U+83AF,mu4,mù
13745,莰,U+83B0,kan3,kǎn
13746,莱,U+83B1,lai2,lái
13747,莲,U+83B2,lian2,lián
13748,莳,U+83B3,shi2|shi4,shí|shì
13749,莴,U+83B4,wo1,wō
13750,莵,U+83B5,tu4,tù
13751,莶,U+83B6,xian1,xiān
13752,获,U+83B7,huo4,huò
13753,莸,U+83B8,you2,yóu
13754,莹,U+83B9,ying2,yíng
13755,莺,U+83BA,ying1,yīng
13756,莻,U+83BB,gong4,gòng
13757,莼,U+83BC,chun2,chún
13758,莽,U+83BD,mang3|mang2,mǎng|máng
13759,莾,U+83BE,mang3,mǎng
13760,莿,U+83BF,ci4,cì
13761,菀,U+83C0,wan3|yu4|yun4,wǎn|yù|yùn
13762,菁,U+83C1,jing1,jīng
13763,菂,U+83C2,di4,dì
13764,菃,U+83C3,qu2,qú
13765,菄,U+83C4,dong1,dōng
13766,菅,U+83C5,jian1|guan1,jiān|guān
13767,菆,U+83C6,zou1|cuan2|chu4|cong2,zōu|cuán|chù|cóng
13768,菇,U+83C7,gu1,gū
13769,菈,U+83C8,la1,lā
13770,菉,U+83C9,lu4|lv4,lù|lǜ
13771,菊,U+83CA,ju2,jú
13772,菋,U+83CB,wei4,wèi
13773,菌,U+83CC,jun1|jun4,jūn|jùn
13774,菍,U+83CD,nie4|ren3,niè|rěn
13775,菎,U+83CE,kun1,kūn
13776,菏,U+83CF,he2|ge1,hé|gē
13777,菐,U+83D0,pu2,pú
13778,菑,U+83D1,zai1|zi1|zi4,zāi|zī|zì
13779,菒,U+83D2,gao3,gǎo
13780,菓,U+83D3,guo3,guǒ
13781,菔,U+83D4,fu2,fú
13782,菕,U+83D5,lun2,lún
13783,菖,U+83D6,chang1,chāng
13784,菗,U+83D7,chou2,chóu
13785,菘,U+83D8,song1,sōng
13786,菙,U+83D9,chui2,chuí
13787,菚,U+83DA,zhan4,zhàn
13788,菛,U+83DB,men2,mén
13789,菜,U+83DC,cai4,cài
13790,菝,U+83DD,ba2,bá
13791,菞,U+83DE,li2,lí
13792,菟,U+83DF,tu2|tu4,tú|tù
13793,菠,U+83E0,bo1,bō
13794,菡,U+83E1,han4,hàn
13795,菢,U+83E2,bao4,bào
13796,菣,U+83E3,qin4,qìn
13797,菤,U+83E4,juan3,juǎn
13798,菥,U+83E5,xi1|si1,xī|sī
13799,菦,U+83E6,qin2,qín
13800,菧,U+83E7,di3,dǐ
13801,菨,U+83E8,jie1|sha4,jiē|shà
13802,菩,U+83E9,pu2|bei4|bo2,pú|bèi|bó
13803,菪,U+83EA,dang4,dàng
13804,菫,U+83EB,jin3,jǐn
13805,菬,U+83EC,qiao2|zhao3,qiáo|zhǎo
13806,菭,U+83ED,tai2|zhi1|chi2,tái|zhī|chí
13807,菮,U+83EE,geng1,gēng
13808,華,U+83EF,hua2|hua1|hua4|kua1,huá|huā|huà|kuā
13809,菰,U+83F0,gu1,gū
13810,菱,U+83F1,ling2,líng
13811,菲,U+83F2,fei1|fei3|fei4,fēi|fěi|fèi
13812,菳,U+83F3,qin2|qin1|jin1,qín|qīn|jīn
13813,菴,U+83F4,an1|yan3,ān|yǎn
13814,菵,U+83F5,wang3,wǎng
13815,菶,U+83F6,beng3,běng
13816,菷,U+83F7,zhou3,zhǒu
13817,菸,U+83F8,yan1|yu1|yu4,yān|yū|yù
13818,菹,U+83F9,ju1|zu1|ju4,jū|zū|jù
13819,菺,U+83FA,jian1,jiān
13820,菻,U+83FB,lin3,lǐn
13821,菼,U+83FC,tan3,tǎn
13822,菽,U+83FD,shu1|jiao1,shū|jiāo
13823,菾,U+83FE,tian2|tian4,tián|tiàn
13824,菿,U+83FF,dao4|dao3,dào|dǎo
13825,萀,U+8400,hu3,hǔ
13826,萁,U+8401,qi2|ji1,qí|jī
13827,萂,U+8402,he2,hé
13828,萃,U+8403,cui4,cuì
13829,萄,U+8404,tao2,táo
13830,萅,U+8405,chun1,chūn
13831,萆,U+8406,bi4|pi4|bei1|ba2,bì|pì|bēi|bá
13832,萇,U+8407,chang2,cháng
13833,萈,U+8408,huan2,huán
13834,萉,U+8409,fei4|fei2|fu2,fèi|féi|fú
13835,萊,U+840A,lai2,lái
13836,萋,U+840B,qi1,qī
13837,萌,U+840C,meng2|ming2,méng|míng
13838,萍,U+840D,ping2,píng
13839,萎,U+840E,wei1|wei3|wei4,wēi|wěi|wèi
13840,萏,U+840F,dan4,dàn
13841,萐,U+8410,sha4,shà
13842,萑,U+8411,huan2|zhui1,huán|zhuī
13843,萒,U+8412,yan3|juan4,yǎn|juàn
13844,萓,U+8413,yi2,yí
13845,萔,U+8414,tiao2,tiáo
13846,萕,U+8415,qi2,qí
13847,萖,U+8416,wan3,wǎn
13848,萗,U+8417,ce4,cè
13849,萘,U+8418,nai4,nài
13850,萙,U+8419,zhen3,zhěn
13851,萚,U+841A,tuo4,tuò
13852,萛,U+841B,jiu1,jiū
13853,萜,U+841C,tie1,tiē
13854,萝,U+841D,luo2,luó
13855,萞,U+841E,bi4,bì
13856,萟,U+841F,yi4,yì
13857,萠,U+8420,pan1,pān
13858,萡,U+8421,bo,bo
13859,萢,U+8422,pao1,pāo
13860,萣,U+8423,ding4,dìng
13861,萤,U+8424,ying2,yíng
13862,营,U+8425,ying2,yíng
13863,萦,U+8426,ying2,yíng
13864,萧,U+8427,xiao1,xiāo
13865,萨,U+8428,sa4,sà
13866,萩,U+8429,qiu1|jiao1,qiū|jiāo
13867,萪,U+842A,ke1,kē
13868,萫,U+842B,xiang4,xiàng
13869,萬,U+842C,wan4,wàn
13870,萭,U+842D,yu3|ju3,yǔ|jǔ
13871,萮,U+842E,yu2|yu3|yu4,yú|yǔ|yù
13872,萯,U+842F,fu4|bei4,fù|bèi
13873,萰,U+8430,lian4,liàn
13874,萱,U+8431,xuan1,xuān
13875,萲,U+8432,xuan1,xuān
13876,萳,U+8433,nan3|nan2,nǎn|nán
13877,萴,U+8434,ce4,cè
13878,萵,U+8435,wo1,wō
13879,萶,U+8436,chun3,chǔn
13880,萷,U+8437,xiao1|shao1|shuo4,xiāo|shāo|shuò
13881,萸,U+8438,yu2,yú
13882,萹,U+8439,bian3|bian1|pian2,biǎn|biān|pián
13883,萺,U+843A,mao4|mu4,mào|mù
13884,萻,U+843B,an1,ān
13885,萼,U+843C,e4,è
13886,落,U+843D,luo4|la4|lao4|luo1,luò|là|lào|luō
13887,萾,U+843E,ying2,yíng
13888,萿,U+843F,kuo4|huo2,kuò|huó
13889,葀,U+8440,kuo4,kuò
13890,葁,U+8441,jiang1,jiāng
13891,葂,U+8442,mian3,miǎn
13892,葃,U+8443,zuo4|ze2,zuò|zé
13893,葄,U+8444,zuo4,zuò
13894,葅,U+8445,zu1,zū
13895,葆,U+8446,bao3|bao1,bǎo|bāo
13896,葇,U+8447,rou2|rou3,róu|rǒu
13897,葈,U+8448,xi3,xǐ
13898,葉,U+8449,ye4|she4,yè|shè
13899,葊,U+844A,an1,ān
13900,葋,U+844B,qu2,qú
13901,葌,U+844C,jian1,jiān
13902,葍,U+844D,fu2,fú
13903,葎,U+844E,lv4,lǜ
13904,葏,U+844F,jing1,jīng
13905,葐,U+8450,pen2|fen2,pén|fén
13906,葑,U+8451,feng1|feng4,fēng|fèng
13907,葒,U+8452,hong2,hóng
13908,葓,U+8453,hong2,hóng
13909,葔,U+8454,hou2,hóu
13910,葕,U+8455,yan4,yàn
13911,葖,U+8456,tu1,tū
13912,著,U+8457,zhu4|zhuo2|chu2|zhao1|zhao2|zhe,zhù|zhuó|chú|zhāo|zháo|zhe
13913,葘,U+8458,zi1,zī
13914,葙,U+8459,xiang1,xiāng
13915,葚,U+845A,ren4|shen4,rèn|shèn
13916,葛,U+845B,ge2|ge3,gé|gě
13917,葜,U+845C,qia1,qiā
13918,葝,U+845D,qing2|jing4,qíng|jìng
13919,葞,U+845E,mi3,mǐ
13920,葟,U+845F,huang2,huáng
13921,葠,U+8460,shen1|shan1,shēn|shān
13922,葡,U+8461,pu2|bei4,pú|bèi
13923,葢,U+8462,gai4,gài
13924,董,U+8463,dong3|zhong3,dǒng|zhǒng
13925,葤,U+8464,zhou4,zhòu
13926,葥,U+8465,jian4|qian2,jiàn|qián
13927,葦,U+8466,wei3,wěi
13928,葧,U+8467,bo2,bó
13929,葨,U+8468,wei1,wēi
13930,葩,U+8469,pa1,pā
13931,葪,U+846A,ji4,jì
13932,葫,U+846B,hu2,hú
13933,葬,U+846C,zang4,zàng
13934,葭,U+846D,jia1|xia2,jiā|xiá
13935,葮,U+846E,duan4,duàn
13936,葯,U+846F,yao4,yào
13937,葰,U+8470,sui1|jun4|suo3,suī|jùn|suǒ
13938,葱,U+8471,cong1|chuang1,cōng|chuāng
13939,葲,U+8472,quan2,quán
13940,葳,U+8473,wei1,wēi
13941,葴,U+8474,zhen1|qian2,zhēn|qián
13942,葵,U+8475,kui2,kuí
13943,葶,U+8476,ting2|ding3,tíng|dǐng
13944,葷,U+8477,hun1|xun1,hūn|xūn
13945,葸,U+8478,xi3,xǐ
13946,葹,U+8479,shi1,shī
13947,葺,U+847A,qi4,qì
13948,葻,U+847B,lan2,lán
13949,葼,U+847C,zong1,zōng
13950,葽,U+847D,yao1|yao3,yāo|yǎo
13951,葾,U+847E,yuan1,yuān
13952,葿,U+847F,mei2,méi
13953,蒀,U+8480,yun1,yūn
13954,蒁,U+8481,shu4,shù
13955,蒂,U+8482,di4,dì
13956,蒃,U+8483,zhuan4,zhuàn
13957,蒄,U+8484,guan1,guān
13958,蒅,U+8485,ran3,rǎn
13959,蒆,U+8486,xue1,xuē
13960,蒇,U+8487,chan3,chǎn
13961,蒈,U+8488,kai3,kǎi
13962,蒉,U+8489,kui4,kuì
13963,蒊,U+848A,hua1,huā
13964,蒋,U+848B,jiang3,jiǎng
13965,蒌,U+848C,lou2,lóu
13966,蒍,U+848D,wei3|hua1|kui1|e2,wěi|huā|kuī|é
13967,蒎,U+848E,pai4,pài
13968,蒏,U+848F,you,you
13969,蒐,U+8490,sou1|hui4,sōu|huì
13970,蒑,U+8491,yin1,yīn
13971,蒒,U+8492,shi1,shī
13972,蒓,U+8493,chun2,chún
13973,蒔,U+8494,shi2|shi4,shí|shì
13974,蒕,U+8495,yun1,yūn
13975,蒖,U+8496,zhen1,zhēn
13976,蒗,U+8497,lang4,làng
13977,蒘,U+8498,ru2|na2,rú|ná
13978,蒙,U+8499,meng2|meng1|meng3,méng|mēng|měng
13979,蒚,U+849A,li4,lì
13980,蒛,U+849B,que1,quē
13981,蒜,U+849C,suan4,suàn
13982,蒝,U+849D,yuan2|huan2,yuán|huán
13983,蒞,U+849E,li4,lì
13984,蒟,U+849F,ju3,jǔ
13985,蒠,U+84A0,xi1,xī
13986,蒡,U+84A1,bang4|pang2,bàng|páng
13987,蒢,U+84A2,chu2,chú
13988,蒣,U+84A3,xu2|shu2,xú|shú
13989,蒤,U+84A4,tu2,tú
13990,蒥,U+84A5,liu2,liú
13991,蒦,U+84A6,huo4|wo4,huò|wò
13992,蒧,U+84A7,dian3,diǎn
13993,蒨,U+84A8,qian4,qiàn
13994,蒩,U+84A9,zu1|ju4|ji2,zū|jù|jí
13995,蒪,U+84AA,po4,pò
13996,蒫,U+84AB,cuo2,cuó
13997,蒬,U+84AC,yuan1,yuān
13998,蒭,U+84AD,chu2,chú
13999,蒮,U+84AE,yu4,yù
14000,蒯,U+84AF,kuai3|kuai4,kuǎi|kuài
14001,蒰,U+84B0,pan2,pán
14002,蒱,U+84B1,pu2,pú
14003,蒲,U+84B2,pu2|bo2,pú|bó
14004,蒳,U+84B3,na4,nà
14005,蒴,U+84B4,shuo4,shuò
14006,蒵,U+84B5,xi2|xi4,xí|xì
14007,蒶,U+84B6,fen2,fén
14008,蒷,U+84B7,yun2,yún
14009,蒸,U+84B8,zheng1,zhēng
14010,蒹,U+84B9,jian1,jiān
14011,蒺,U+84BA,ji2,jí
14012,蒻,U+84BB,ruo4,ruò
14013,蒼,U+84BC,cang1|cang3,cāng|cǎng
14014,蒽,U+84BD,en1,ēn
14015,蒾,U+84BE,mi2,mí
14016,蒿,U+84BF,hao1|gao3,hāo|gǎo
14017,蓀,U+84C0,sun1,sūn
14018,蓁,U+84C1,zhen1|qin2,zhēn|qín
14019,蓂,U+84C2,ming2|mi4,míng|mì
14020,蓃,U+84C3,sou1|sou3,sōu|sǒu
14021,蓄,U+84C4,xu4,xù
14022,蓅,U+84C5,liu2,liú
14023,蓆,U+84C6,xi2,xí
14024,蓇,U+84C7,gu3|gu1,gǔ|gū
14025,蓈,U+84C8,lang2,láng
14026,蓉,U+84C9,rong2,róng
14027,蓊,U+84CA,weng3,wěng
14028,蓋,U+84CB,gai4|ge3,gài|gě
14029,蓌,U+84CC,cuo4,cuò
14030,蓍,U+84CD,shi1,shī
14031,蓎,U+84CE,tang2,táng
14032,蓏,U+84CF,luo3,luǒ
14033,蓐,U+84D0,ru4,rù
14034,蓑,U+84D1,suo1|sui1,suō|suī
14035,蓒,U+84D2,xuan1,xuān
14036,蓓,U+84D3,bei4,bèi
14037,蓔,U+84D4,yao3|zhuo2,yǎo|zhuó
14038,蓕,U+84D5,gui4,guì
14039,蓖,U+84D6,bi4,bì
14040,蓗,U+84D7,zong3,zǒng
14041,蓘,U+84D8,gun3,gǔn
14042,蓙,U+84D9,zuo4,zuò
14043,蓚,U+84DA,tiao2,tiáo
14044,蓛,U+84DB,ce4,cè
14045,蓜,U+84DC,pei4,pèi
14046,蓝,U+84DD,lan2|la,lán|la
14047,蓞,U+84DE,dan4,dàn
14048,蓟,U+84DF,ji4,jì
14049,蓠,U+84E0,li2,lí
14050,蓡,U+84E1,shen1,shēn
14051,蓢,U+84E2,lang3,lǎng
14052,蓣,U+84E3,yu4,yù
14053,蓤,U+84E4,ling2,líng
14054,蓥,U+84E5,ying2,yíng
14055,蓦,U+84E6,mo4,mò
14056,蓧,U+84E7,diao4|tiao2|di2,diào|tiáo|dí
14057,蓨,U+84E8,tiao2|xiu1,tiáo|xiū
14058,蓩,U+84E9,mao3,mǎo
14059,蓪,U+84EA,tong1,tōng
14060,蓫,U+84EB,chu4|zhu2,chù|zhú
14061,蓬,U+84EC,peng2|peng4,péng|pèng
14062,蓭,U+84ED,an1,ān
14063,蓮,U+84EE,lian2|lian3,lián|liǎn
14064,蓯,U+84EF,cong1|zong3|song3,cōng|zǒng|sǒng
14065,蓰,U+84F0,xi3,xǐ
14066,蓱,U+84F1,ping2,píng
14067,蓲,U+84F2,qiu1|ou1|xu1|fu1,qiū|ōu|xū|fū
14068,蓳,U+84F3,jin3,jǐn
14069,蓴,U+84F4,chun2|tuan2,chún|tuán
14070,蓵,U+84F5,jie2,jié
14071,蓶,U+84F6,wei2,wéi
14072,蓷,U+84F7,tui1,tuī
14073,蓸,U+84F8,cao2,cáo
14074,蓹,U+84F9,yu4,yù
14075,蓺,U+84FA,yi4,yì
14076,蓻,U+84FB,zi2|ji2|ju2,zí|jí|jú
14077,蓼,U+84FC,liao3|lu4|lao3|liu3,liǎo|lù|lǎo|liǔ
14078,蓽,U+84FD,bi4,bì
14079,蓾,U+84FE,lu3,lǔ
14080,蓿,U+84FF,xu|su4,xu|sù
14081,蔀,U+8500,bu4,bù
14082,蔁,U+8501,zhang1,zhāng
14083,蔂,U+8502,lei2,léi
14084,蔃,U+8503,qiang2|jiang4,qiáng|jiàng
14085,蔄,U+8504,man4,màn
14086,蔅,U+8505,yan2,yán
14087,蔆,U+8506,ling2,líng
14088,蔇,U+8507,ji4|xi4,jì|xì
14089,蔈,U+8508,biao1|piao4|piao3|biao4,biāo|piào|piǎo|biào
14090,蔉,U+8509,gun3,gǔn
14091,蔊,U+850A,han3|han4,hǎn|hàn
14092,蔋,U+850B,di2,dí
14093,蔌,U+850C,su4,sù
14094,蔍,U+850D,lu4|cu1,lù|cū
14095,蔎,U+850E,she4,shè
14096,蔏,U+850F,shang1,shāng
14097,蔐,U+8510,di2,dí
14098,蔑,U+8511,mie4,miè
14099,蔒,U+8512,xun1,xūn
14100,蔓,U+8513,man4|man2|wan4,màn|mán|wàn
14101,蔔,U+8514,bo2|bo,bó|bo
14102,蔕,U+8515,di4|dai4|chai4,dì|dài|chài
14103,蔖,U+8516,cuo2|cu3|zha1,cuó|cǔ|zhā
14104,蔗,U+8517,zhe4,zhè
14105,蔘,U+8518,shen1|san1|san3,shēn|sān|sǎn
14106,蔙,U+8519,xuan4,xuàn
14107,蔚,U+851A,wei4|yu4,wèi|yù
14108,蔛,U+851B,hu2,hú
14109,蔜,U+851C,ao2,áo
14110,蔝,U+851D,mi3,mǐ
14111,蔞,U+851E,lou2|lv3|ju4|liu3,lóu|lǚ|jù|liǔ
14112,蔟,U+851F,cu4|cou4|chuo4,cù|còu|chuò
14113,蔠,U+8520,zhong1,zhōng
14114,蔡,U+8521,cai4|sa4|ca1,cài|sà|cā
14115,蔢,U+8522,po2|bo4,pó|bò
14116,蔣,U+8523,jiang3|jiang1,jiǎng|jiāng
14117,蔤,U+8524,mi4,mì
14118,蔥,U+8525,cong1,cōng
14119,蔦,U+8526,niao3,niǎo
14120,蔧,U+8527,hui4,huì
14121,蔨,U+8528,juan4|jun4,juàn|jùn
14122,蔩,U+8529,yin2,yín
14123,蔪,U+852A,jian4|jian1|shan1,jiàn|jiān|shān
14124,蔫,U+852B,nian1|yan1|yan4,niān|yān|yàn
14125,蔬,U+852C,shu1|shu3,shū|shǔ
14126,蔭,U+852D,yin1|yin4,yīn|yìn
14127,蔮,U+852E,guo2,guó
14128,蔯,U+852F,chen2,chén
14129,蔰,U+8530,hu4,hù
14130,蔱,U+8531,sha1,shā
14131,蔲,U+8532,kou4,kòu
14132,蔳,U+8533,qian4,qiàn
14133,蔴,U+8534,ma2,má
14134,蔵,U+8535,zang1|cang2,zāng|cáng
14135,蔶,U+8536,ze2,zé
14136,蔷,U+8537,qiang2,qiáng
14137,蔸,U+8538,dou1,dōu
14138,蔹,U+8539,lian3,liǎn
14139,蔺,U+853A,lin4,lìn
14140,蔻,U+853B,kou4,kòu
14141,蔼,U+853C,ai3,ǎi
14142,蔽,U+853D,bi4|bie1|pie1,bì|biē|piē
14143,蔾,U+853E,li2,lí
14144,蔿,U+853F,wei3,wěi
14145,蕀,U+8540,ji2,jí
14146,蕁,U+8541,qian2|tan2|xun2,qián|tán|xún
14147,蕂,U+8542,sheng4,shèng
14148,蕃,U+8543,fan1|bo1|fan2|pi2,fān|bō|fán|pí
14149,蕄,U+8544,meng2,méng
14150,蕅,U+8545,ou3,ǒu
14151,蕆,U+8546,chan3,chǎn
14152,蕇,U+8547,dian3,diǎn
14153,蕈,U+8548,xun4|tan2,xùn|tán
14154,蕉,U+8549,jiao1|qiao2|qiao1,jiāo|qiáo|qiāo
14155,蕊,U+854A,rui3|juan3,ruǐ|juǎn
14156,蕋,U+854B,rui3,ruǐ
14157,蕌,U+854C,lei3,lěi
14158,蕍,U+854D,yu2,yú
14159,蕎,U+854E,qiao2|jiao1,qiáo|jiāo
14160,蕏,U+854F,chu2,chú
14161,蕐,U+8550,hua2,huá
14162,蕑,U+8551,jian1,jiān
14163,蕒,U+8552,mai3,mǎi
14164,蕓,U+8553,yun2,yún
14165,蕔,U+8554,bao1,bāo
14166,蕕,U+8555,you2,yóu
14167,蕖,U+8556,qu2,qú
14168,蕗,U+8557,lu4,lù
14169,蕘,U+8558,rao2|yao2,ráo|yáo
14170,蕙,U+8559,hui4,huì
14171,蕚,U+855A,e4,è
14172,蕛,U+855B,ti2,tí
14173,蕜,U+855C,fei3,fěi
14174,蕝,U+855D,jue2|zui4,jué|zuì
14175,蕞,U+855E,zui4|jue2|zhuo2,zuì|jué|zhuó
14176,蕟,U+855F,fa4|fei4,fà|fèi
14177,蕠,U+8560,ru2,rú
14178,蕡,U+8561,fen2|fei4,fén|fèi
14179,蕢,U+8562,kui4|kuai4,kuì|kuài
14180,蕣,U+8563,shun4,shùn
14181,蕤,U+8564,rui2,ruí
14182,蕥,U+8565,ya3,yǎ
14183,蕦,U+8566,xu1,xū
14184,蕧,U+8567,fu4,fù
14185,蕨,U+8568,jue2,jué
14186,蕩,U+8569,dang4|tang1|tang4,dàng|tāng|tàng
14187,蕪,U+856A,wu2|wu3,wú|wǔ
14188,蕫,U+856B,dong3,dǒng
14189,蕬,U+856C,si1,sī
14190,蕭,U+856D,xiao1,xiāo
14191,蕮,U+856E,xi4,xì
14192,蕯,U+856F,long2,lóng
14193,蕰,U+8570,wen1|yun4,wēn|yùn
14194,蕱,U+8571,shao1,shāo
14195,蕲,U+8572,qi2,qí
14196,蕳,U+8573,jian1,jiān
14197,蕴,U+8574,yun4,yùn
14198,蕵,U+8575,sun1,sūn
14199,蕶,U+8576,ling2,líng
14200,蕷,U+8577,yu4,yù
14201,蕸,U+8578,xia2,xiá
14202,蕹,U+8579,weng4|yong1,wèng|yōng
14203,蕺,U+857A,ji2|qie4,jí|qiè
14204,蕻,U+857B,hong2|hong4,hóng|hòng
14205,蕼,U+857C,si4,sì
14206,蕽,U+857D,nong2,nóng
14207,蕾,U+857E,lei3,lěi
14208,蕿,U+857F,xuan1,xuān
14209,薀,U+8580,yun4,yùn
14210,薁,U+8581,yu4|ao4,yù|ào
14211,薂,U+8582,xi2|xiao4,xí|xiào
14212,薃,U+8583,hao4,hào
14213,薄,U+8584,bao2|bo2|bo4|bu4,báo|bó|bò|bù
14214,薅,U+8585,hao1,hāo
14215,薆,U+8586,ai4,ài
14216,薇,U+8587,wei1,wēi
14217,薈,U+8588,hui4,huì
14218,薉,U+8589,hui4,huì
14219,薊,U+858A,ji4,jì
14220,薋,U+858B,ci2|zi1,cí|zī
14221,薌,U+858C,xiang1|xiang3,xiāng|xiǎng
14222,薍,U+858D,wan4|luan4,wàn|luàn
14223,薎,U+858E,mie4,miè
14224,薏,U+858F,yi4,yì
14225,薐,U+8590,leng2,léng
14226,薑,U+8591,jiang1,jiāng
14227,薒,U+8592,can4,càn
14228,薓,U+8593,shen1,shēn
14229,薔,U+8594,qiang2|se4,qiáng|sè
14230,薕,U+8595,lian2,lián
14231,薖,U+8596,ke1,kē
14232,薗,U+8597,yuan2,yuán
14233,薘,U+8598,da2,dá
14234,薙,U+8599,ti4|zhi4,tì|zhì
14235,薚,U+859A,tang1,tāng
14236,薛,U+859B,xue1,xuē
14237,薜,U+859C,bi4|bo4|bo2|bai4|pi4,bì|bò|bó|bài|pì
14238,薝,U+859D,zhan1,zhān
14239,薞,U+859E,sun1,sūn
14240,薟,U+859F,xian1|lian3|yan2|kan4,xiān|liǎn|yán|kàn
14241,薠,U+85A0,fan2,fán
14242,薡,U+85A1,ding3,dǐng
14243,薢,U+85A2,xie4,xiè
14244,薣,U+85A3,gu3,gǔ
14245,薤,U+85A4,xie4,xiè
14246,薥,U+85A5,shu3|zhu2,shǔ|zhú
14247,薦,U+85A6,jian4,jiàn
14248,薧,U+85A7,hao1|kao3,hāo|kǎo
14249,薨,U+85A8,hong1,hōng
14250,薩,U+85A9,sa4,sà
14251,薪,U+85AA,xin1,xīn
14252,薫,U+85AB,xun1,xūn
14253,薬,U+85AC,yao4,yào
14254,薭,U+85AD,bai4,bài
14255,薮,U+85AE,sou3,sǒu
14256,薯,U+85AF,shu3,shǔ
14257,薰,U+85B0,xun1,xūn
14258,薱,U+85B1,dui4,duì
14259,薲,U+85B2,pin2,pín
14260,薳,U+85B3,wei3|yuan3,wěi|yuǎn
14261,薴,U+85B4,ning2,níng
14262,薵,U+85B5,chou2|zhou4|dao4,chóu|zhòu|dào
14263,薶,U+85B6,mai2|wo1,mái|wō
14264,薷,U+85B7,ru2,rú
14265,薸,U+85B8,piao2,piáo
14266,薹,U+85B9,tai2,tái
14267,薺,U+85BA,ji4|ci2|qi4|qi2,jì|cí|qì|qí
14268,薻,U+85BB,zao3,zǎo
14269,薼,U+85BC,chen2,chén
14270,薽,U+85BD,zhen1,zhēn
14271,薾,U+85BE,er3,ěr
14272,薿,U+85BF,ni3,nǐ
14273,藀,U+85C0,ying2,yíng
14274,藁,U+85C1,gao3,gǎo
14275,藂,U+85C2,cong2|cong4,cóng|còng
14276,藃,U+85C3,xiao1|hao4|he4,xiāo|hào|hè
14277,藄,U+85C4,qi2,qí
14278,藅,U+85C5,fa2,fá
14279,藆,U+85C6,jian3,jiǎn
14280,藇,U+85C7,xu4|yu3|yu2|yu4|xu1,xù|yǔ|yú|yù|xū
14281,藈,U+85C8,kui2,kuí
14282,藉,U+85C9,ji2|jie4,jí|jiè
14283,藊,U+85CA,bian3,biǎn
14284,藋,U+85CB,diao4|di2|zhuo2,diào|dí|zhuó
14285,藌,U+85CC,mi4,mì
14286,藍,U+85CD,lan2|la,lán|la
14287,藎,U+85CE,jin4,jìn
14288,藏,U+85CF,cang2|zang4|zang1,cáng|zàng|zāng
14289,藐,U+85D0,miao3|mo4,miǎo|mò
14290,藑,U+85D1,qiong2,qióng
14291,藒,U+85D2,qie4,qiè
14292,藓,U+85D3,xian3,xiǎn
14293,藔,U+85D4,liao2,liáo
14294,藕,U+85D5,ou3,ǒu
14295,藖,U+85D6,xian2|qian1,xián|qiān
14296,藗,U+85D7,su4,sù
14297,藘,U+85D8,lv2,lǘ
14298,藙,U+85D9,yi4,yì
14299,藚,U+85DA,xu4,xù
14300,藛,U+85DB,xie3,xiě
14301,藜,U+85DC,li2,lí
14302,藝,U+85DD,yi4,yì
14303,藞,U+85DE,la3,lǎ
14304,藟,U+85DF,lei3,lěi
14305,藠,U+85E0,jiao4,jiào
14306,藡,U+85E1,di2,dí
14307,藢,U+85E2,zhi3,zhǐ
14308,藣,U+85E3,bei1,bēi
14309,藤,U+85E4,teng2,téng
14310,藥,U+85E5,yao4|shuo4|lve4,yào|shuò|lüè
14311,藦,U+85E6,mo4|mo2,mò|mó
14312,藧,U+85E7,huan4,huàn
14313,藨,U+85E8,biao1|pao1,biāo|pāo
14314,藩,U+85E9,fan1|fan2,fān|fán
14315,藪,U+85EA,sou3|shu3|cou4,sǒu|shǔ|còu
14316,藫,U+85EB,tan2,tán
14317,藬,U+85EC,tui1,tuī
14318,藭,U+85ED,qiong2,qióng
14319,藮,U+85EE,qiao2,qiáo
14320,藯,U+85EF,wei4,wèi
14321,藰,U+85F0,liu2|liu3,liú|liǔ
14322,藱,U+85F1,hui4|hui2,huì|huí
14323,藲,U+85F2,ou1,ōu
14324,藳,U+85F3,gao3,gǎo
14325,藴,U+85F4,yun4|wen1,yùn|wēn
14326,藵,U+85F5,bao3,bǎo
14327,藶,U+85F6,li4,lì
14328,藷,U+85F7,shu3|zhu1,shǔ|zhū
14329,藸,U+85F8,chu2|zhu1|zha1,chú|zhū|zhā
14330,藹,U+85F9,ai3,ǎi
14331,藺,U+85FA,lin4,lìn
14332,藻,U+85FB,zao3,zǎo
14333,藼,U+85FC,xuan1,xuān
14334,藽,U+85FD,qin4,qìn
14335,藾,U+85FE,lai4,lài
14336,藿,U+85FF,huo4|he2,huò|hé
14337,蘀,U+8600,tuo4|ze2,tuò|zé
14338,蘁,U+8601,wu4|e4,wù|è
14339,蘂,U+8602,rui3,ruǐ
14340,蘃,U+8603,rui3,ruǐ
14341,蘄,U+8604,qi2|ji1|qin2,qí|jī|qín
14342,蘅,U+8605,heng2,héng
14343,蘆,U+8606,lu2|lu3,lú|lǔ
14344,蘇,U+8607,su1,sū
14345,蘈,U+8608,tui2,tuí
14346,蘉,U+8609,meng2|mang2,méng|máng
14347,蘊,U+860A,yun4,yùn
14348,蘋,U+860B,ping2|pin2,píng|pín
14349,蘌,U+860C,yu3,yǔ
14350,蘍,U+860D,xun1,xūn
14351,蘎,U+860E,ji4,jì
14352,蘏,U+860F,jiong1,jiōng
14353,蘐,U+8610,xuan1,xuān
14354,蘑,U+8611,mo2,mó
14355,蘒,U+8612,qiu1,qiū
14356,蘓,U+8613,su1,sū
14357,蘔,U+8614,jiong1,jiōng
14358,蘕,U+8615,peng2,péng
14359,蘖,U+8616,nie4|bo4,niè|bò
14360,蘗,U+8617,bo4|bi4,bò|bì
14361,蘘,U+8618,rang2|xiang1|nang1,ráng|xiāng|nāng
14362,蘙,U+8619,yi4,yì
14363,蘚,U+861A,xian3,xiǎn
14364,蘛,U+861B,yu2,yú
14365,蘜,U+861C,ju2,jú
14366,蘝,U+861D,lian3,liǎn
14367,蘞,U+861E,lian3|xian1,liǎn|xiān
14368,蘟,U+861F,yin3,yǐn
14369,蘠,U+8620,qiang2,qiáng
14370,蘡,U+8621,ying1,yīng
14371,蘢,U+8622,long2|long3|long4,lóng|lǒng|lòng
14372,蘣,U+8623,tou3,tǒu
14373,蘤,U+8624,hua1,huā
14374,蘥,U+8625,yue4,yuè
14375,蘦,U+8626,ling2,líng
14376,蘧,U+8627,qu2|ju4,qú|jù
14377,蘨,U+8628,yao2,yáo
14378,蘩,U+8629,fan2,fán
14379,蘪,U+862A,mei2,méi
14380,蘫,U+862B,han4|lan4,hàn|làn
14381,蘬,U+862C,kui1|hui3|gui1,kuī|huǐ|guī
14382,蘭,U+862D,lan2,lán
14383,蘮,U+862E,ji4,jì
14384,蘯,U+862F,dang4,dàng
14385,蘰,U+8630,man4,màn
14386,蘱,U+8631,lei4,lèi
14387,蘲,U+8632,lei2,léi
14388,蘳,U+8633,hui1,huī
14389,蘴,U+8634,feng1|song1,fēng|sōng
14390,蘵,U+8635,zhi1,zhī
14391,蘶,U+8636,wei4,wèi
14392,蘷,U+8637,kui2,kuí
14393,蘸,U+8638,zhan4,zhàn
14394,蘹,U+8639,huai2,huái
14395,蘺,U+863A,li2,lí
14396,蘻,U+863B,ji4,jì
14397,蘼,U+863C,mi2,mí
14398,蘽,U+863D,lei3,lěi
14399,蘾,U+863E,huai4,huài
14400,蘿,U+863F,luo2,luó
14401,虀,U+8640,ji1,jī
14402,虁,U+8641,kui2,kuí
14403,虂,U+8642,lu4,lù
14404,虃,U+8643,jian1,jiān
14405,虄,U+8644,sa4,sà
14406,虅,U+8645,teng2,téng
14407,虆,U+8646,lei2,léi
14408,虇,U+8647,quan3,quǎn
14409,虈,U+8648,xiao1,xiāo
14410,虉,U+8649,yi4,yì
14411,虊,U+864A,luan2,luán
14412,虋,U+864B,men2,mén
14413,虌,U+864C,bie1,biē
14414,虍,U+864D,hu1,hū
14415,虎,U+864E,hu3|hu4,hǔ|hù
14416,虏,U+864F,lu3,lǔ
14417,虐,U+8650,nve4,nüè
14418,虑,U+8651,lv4|bi4,lǜ|bì
14419,虒,U+8652,si1|xi1|ti2|zhi4,sī|xī|tí|zhì
14420,虓,U+8653,xiao1,xiāo
14421,虔,U+8654,qian2,qián
14422,處,U+8655,chu4|chu3|ju4,chù|chǔ|jù
14423,虖,U+8656,hu1|hu2|hu4,hū|hú|hù
14424,虗,U+8657,xu1,xū
14425,虘,U+8658,cuo2,cuó
14426,虙,U+8659,fu2,fú
14427,虚,U+865A,xu1,xū
14428,虛,U+865B,xu1,xū
14429,虜,U+865C,lu3,lǔ
14430,虝,U+865D,hu3,hǔ
14431,虞,U+865E,yu2,yú
14432,號,U+865F,hao4|hao2,hào|háo
14433,虠,U+8660,jiao1|hao2,jiāo|háo
14434,虡,U+8661,ju4,jù
14435,虢,U+8662,guo2,guó
14436,虣,U+8663,bao4,bào
14437,虤,U+8664,yan2,yán
14438,虥,U+8665,zhan4,zhàn
14439,虦,U+8666,zhan4,zhàn
14440,虧,U+8667,kui1,kuī
14441,虨,U+8668,bin1,bīn
14442,虩,U+8669,xi4|se4,xì|sè
14443,虪,U+866A,shu4,shù
14444,虫,U+866B,chong2|hui3,chóng|huǐ
14445,虬,U+866C,qiu2,qiú
14446,虭,U+866D,diao1|dao1,diāo|dāo
14447,虮,U+866E,ji3|ji1,jǐ|jī
14448,虯,U+866F,qiu2,qiú
14449,虰,U+8670,ding1|cheng1,dīng|chēng
14450,虱,U+8671,shi1,shī
14451,虲,U+8672,xia1,xiā
14452,虳,U+8673,jue2,jué
14453,虴,U+8674,zhe2,zhé
14454,虵,U+8675,she2|ye3,shé|yě
14455,虶,U+8676,yu1,yū
14456,虷,U+8677,han2|gan1,hán|gān
14457,虸,U+8678,zi3,zǐ
14458,虹,U+8679,hong2|jiang4|hong4|gong4,hóng|jiàng|hòng|gòng
14459,虺,U+867A,hui1|hui3,huī|huǐ
14460,虻,U+867B,meng2,méng
14461,虼,U+867C,ge4,gè
14462,虽,U+867D,sui1,suī
14463,虾,U+867E,xia1|ha2,xiā|há
14464,虿,U+867F,chai4,chài
14465,蚀,U+8680,shi2,shí
14466,蚁,U+8681,yi3,yǐ
14467,蚂,U+8682,ma3|ma4|ma1,mǎ|mà|mā
14468,蚃,U+8683,xiang3,xiǎng
14469,蚄,U+8684,fang1|bang4,fāng|bàng
14470,蚅,U+8685,e4,è
14471,蚆,U+8686,ba1,bā
14472,蚇,U+8687,chi3,chǐ
14473,蚈,U+8688,qian1,qiān
14474,蚉,U+8689,wen2,wén
14475,蚊,U+868A,wen2,wén
14476,蚋,U+868B,rui4,ruì
14477,蚌,U+868C,bang4|beng4|pi2|feng1,bàng|bèng|pí|fēng
14478,蚍,U+868D,pi2,pí
14479,蚎,U+868E,yue4,yuè
14480,蚏,U+868F,yue4,yuè
14481,蚐,U+8690,jun1,jūn
14482,蚑,U+8691,qi2,qí
14483,蚒,U+8692,tong2,tóng
14484,蚓,U+8693,yin3,yǐn
14485,蚔,U+8694,qi2|zhi3,qí|zhǐ
14486,蚕,U+8695,can2|tian3,cán|tiǎn
14487,蚖,U+8696,yuan2|wan2,yuán|wán
14488,蚗,U+8697,jue2|que1,jué|quē
14489,蚘,U+8698,hui2|hui4|you2,huí|huì|yóu
14490,蚙,U+8699,qin2|qian2,qín|qián
14491,蚚,U+869A,qi2,qí
14492,蚛,U+869B,zhong4,zhòng
14493,蚜,U+869C,ya2,yá
14494,蚝,U+869D,hao2|ci4,háo|cì
14495,蚞,U+869E,mu4,mù
14496,蚟,U+869F,wang2,wáng
14497,蚠,U+86A0,fen2,fén
14498,蚡,U+86A1,fen2,fén
14499,蚢,U+86A2,hang2,háng
14500,蚣,U+86A3,gong1|zhong1,gōng|zhōng
14501,蚤,U+86A4,zao3|zhao3,zǎo|zhǎo
14502,蚥,U+86A5,fu4|fu3,fù|fǔ
14503,蚦,U+86A6,ran2,rán
14504,蚧,U+86A7,jie4,jiè
14505,蚨,U+86A8,fu2,fú
14506,蚩,U+86A9,chi1,chī
14507,蚪,U+86AA,dou3,dǒu
14508,蚫,U+86AB,bao4|pao2,bào|páo
14509,蚬,U+86AC,xian3,xiǎn
14510,蚭,U+86AD,ni2,ní
14511,蚮,U+86AE,dai4,dài
14512,蚯,U+86AF,qiu1,qiū
14513,蚰,U+86B0,you2|zhu2,yóu|zhú
14514,蚱,U+86B1,zha4,zhà
14515,蚲,U+86B2,ping2,píng
14516,蚳,U+86B3,chi2|chi1|di4,chí|chī|dì
14517,蚴,U+86B4,you4|you3|niu4,yòu|yǒu|niù
14518,蚵,U+86B5,he2|ke4,hé|kè
14519,蚶,U+86B6,han1|han2,hān|hán
14520,蚷,U+86B7,ju4,jù
14521,蚸,U+86B8,li4,lì
14522,蚹,U+86B9,fu4,fù
14523,蚺,U+86BA,ran2|tian4,rán|tiàn
14524,蚻,U+86BB,zha2,zhá
14525,蚼,U+86BC,gou3|qu2|xu4,gǒu|qú|xù
14526,蚽,U+86BD,pi2,pí
14527,蚾,U+86BE,pi2|bo3,pí|bǒ
14528,蚿,U+86BF,xian2,xián
14529,蛀,U+86C0,zhu4,zhù
14530,蛁,U+86C1,diao1,diāo
14531,蛂,U+86C2,bie2,bié
14532,蛃,U+86C3,bing3,bǐng
14533,蛄,U+86C4,gu1|gu3,gū|gǔ
14534,蛅,U+86C5,zhan1,zhān
14535,蛆,U+86C6,qu1|ju1,qū|jū
14536,蛇,U+86C7,she2|yi2|tuo2|chi2,shé|yí|tuó|chí
14537,蛈,U+86C8,tie3,tiě
14538,蛉,U+86C9,ling2,líng
14539,蛊,U+86CA,gu3,gǔ
14540,蛋,U+86CB,dan4,dàn
14541,蛌,U+86CC,gu3,gǔ
14542,蛍,U+86CD,ying2,yíng
14543,蛎,U+86CE,li4,lì
14544,蛏,U+86CF,cheng1,chēng
14545,蛐,U+86D0,qu1,qū
14546,蛑,U+86D1,mou2|mao2,móu|máo
14547,蛒,U+86D2,ge2|luo4,gé|luò
14548,蛓,U+86D3,ci4,cì
14549,蛔,U+86D4,hui2,huí
14550,蛕,U+86D5,hui2|hui3,huí|huǐ
14551,蛖,U+86D6,mang2|bang4,máng|bàng
14552,蛗,U+86D7,fu4,fù
14553,蛘,U+86D8,yang2|yang3,yáng|yǎng
14554,蛙,U+86D9,wa1|jue2,wā|jué
14555,蛚,U+86DA,lie4,liè
14556,蛛,U+86DB,zhu1,zhū
14557,蛜,U+86DC,yi1,yī
14558,蛝,U+86DD,xian2,xián
14559,蛞,U+86DE,kuo4|she2,kuò|shé
14560,蛟,U+86DF,jiao1,jiāo
14561,蛠,U+86E0,li4,lì
14562,蛡,U+86E1,yi4|xu3,yì|xǔ
14563,蛢,U+86E2,ping2,píng
14564,蛣,U+86E3,qi1|jie2|qie4,qī|jié|qiè
14565,蛤,U+86E4,ha2|ge2|ha1|e2,há|gé|hā|é
14566,蛥,U+86E5,she2,shé
14567,蛦,U+86E6,yi2,yí
14568,蛧,U+86E7,wang3,wǎng
14569,蛨,U+86E8,mo4,mò
14570,蛩,U+86E9,qiong2|gong3,qióng|gǒng
14571,蛪,U+86EA,qie4|ni2,qiè|ní
14572,蛫,U+86EB,gui3,guǐ
14573,蛬,U+86EC,qiong2,qióng
14574,蛭,U+86ED,zhi4,zhì
14575,蛮,U+86EE,man2,mán
14576,蛯,U+86EF,lao3,lǎo
14577,蛰,U+86F0,zhe2,zhé
14578,蛱,U+86F1,jia2,jiá
14579,蛲,U+86F2,nao2,náo
14580,蛳,U+86F3,si1,sī
14581,蛴,U+86F4,qi2,qí
14582,蛵,U+86F5,xing1,xīng
14583,蛶,U+86F6,jie4,jiè
14584,蛷,U+86F7,qiu2,qiú
14585,蛸,U+86F8,shao1|xiao1,shāo|xiāo
14586,蛹,U+86F9,yong3,yǒng
14587,蛺,U+86FA,jia2,jiá
14588,蛻,U+86FB,tui4,tuì
14589,蛼,U+86FC,che1,chē
14590,蛽,U+86FD,bei4,bèi
14591,蛾,U+86FE,e2|yi3,é|yǐ
14592,蛿,U+86FF,han4,hàn
14593,蜀,U+8700,shu3,shǔ
14594,蜁,U+8701,xuan2,xuán
14595,蜂,U+8702,feng1,fēng
14596,蜃,U+8703,shen4,shèn
14597,蜄,U+8704,shen4|zhen4,shèn|zhèn
14598,蜅,U+8705,fu3|pu2,fǔ|pú
14599,蜆,U+8706,xian4|xian3,xiàn|xiǎn
14600,蜇,U+8707,zhe1|zhe2,zhē|zhé
14601,蜈,U+8708,wu2,wú
14602,蜉,U+8709,fu2,fú
14603,蜊,U+870A,li2,lí
14604,蜋,U+870B,lang2|liang2,láng|liáng
14605,蜌,U+870C,bi4,bì
14606,蜍,U+870D,chu2|yu2,chú|yú
14607,蜎,U+870E,yuan1|xuan1,yuān|xuān
14608,蜏,U+870F,you3,yǒu
14609,蜐,U+8710,jie2,jié
14610,蜑,U+8711,dan4,dàn
14611,蜒,U+8712,yan2|yan4|dan4,yán|yàn|dàn
14612,蜓,U+8713,ting2|dian4,tíng|diàn
14613,蜔,U+8714,dian4,diàn
14614,蜕,U+8715,tui4|yue4,tuì|yuè
14615,蜖,U+8716,hui2,huí
14616,蜗,U+8717,wo1,wō
14617,蜘,U+8718,zhi1,zhī
14618,蜙,U+8719,song1,sōng
14619,蜚,U+871A,fei1|fei3|pei4|bei4,fēi|fěi|pèi|bèi
14620,蜛,U+871B,ju1,jū
14621,蜜,U+871C,mi4,mì
14622,蜝,U+871D,qi2,qí
14623,蜞,U+871E,qi2,qí
14624,蜟,U+871F,yu4,yù
14625,蜠,U+8720,jun4,jùn
14626,蜡,U+8721,la4|qu4|zha4|ji2,là|qù|zhà|jí
14627,蜢,U+8722,meng3|meng4,měng|mèng
14628,蜣,U+8723,qiang1,qiāng
14629,蜤,U+8724,si1|xi1,sī|xī
14630,蜥,U+8725,xi1,xī
14631,蜦,U+8726,lun2|lun3,lún|lǔn
14632,蜧,U+8727,li4,lì
14633,蜨,U+8728,die2,dié
14634,蜩,U+8729,tiao2|diao4,tiáo|diào
14635,蜪,U+872A,tao2,táo
14636,蜫,U+872B,kun1,kūn
14637,蜬,U+872C,han2,hán
14638,蜭,U+872D,han4,hàn
14639,蜮,U+872E,yu4|guo1,yù|guō
14640,蜯,U+872F,bang4,bàng
14641,蜰,U+8730,fei2|fei4,féi|fèi
14642,蜱,U+8731,pi2|miao2,pí|miáo
14643,蜲,U+8732,wei1|wei3,wēi|wěi
14644,蜳,U+8733,dun1|tun1,dūn|tūn
14645,蜴,U+8734,yi4|xi2,yì|xí
14646,蜵,U+8735,yuan1|yun1,yuān|yūn
14647,蜶,U+8736,suo4,suò
14648,蜷,U+8737,quan2|juan3,quán|juǎn
14649,蜸,U+8738,qian3,qiǎn
14650,蜹,U+8739,rui4|wei4,ruì|wèi
14651,蜺,U+873A,ni2,ní
14652,蜻,U+873B,qing1|jing1,qīng|jīng
14653,蜼,U+873C,wei4|wei3|tong2,wèi|wěi|tóng
14654,蜽,U+873D,liang3,liǎng
14655,蜾,U+873E,guo3|luo3,guǒ|luǒ
14656,蜿,U+873F,wan1|wan3,wān|wǎn
14657,蝀,U+8740,dong1,dōng
14658,蝁,U+8741,e4,è
14659,蝂,U+8742,ban3,bǎn
14660,蝃,U+8743,di4|zhuo1,dì|zhuō
14661,蝄,U+8744,wang3,wǎng
14662,蝅,U+8745,can2,cán
14663,蝆,U+8746,yang3,yǎng
14664,蝇,U+8747,ying2,yíng
14665,蝈,U+8748,guo1,guō
14666,蝉,U+8749,chan2,chán
14667,蝊,U+874A,ding4,dìng
14668,蝋,U+874B,la4,là
14669,蝌,U+874C,ke1,kē
14670,蝍,U+874D,jie2|ji2,jié|jí
14671,蝎,U+874E,xie1|he2,xiē|hé
14672,蝏,U+874F,ting2,tíng
14673,蝐,U+8750,mao4,mào
14674,蝑,U+8751,xu1|xie4,xū|xiè
14675,蝒,U+8752,mian2,mián
14676,蝓,U+8753,yu2,yú
14677,蝔,U+8754,jie1,jiē
14678,蝕,U+8755,shi2|li4|long2,shí|lì|lóng
14679,蝖,U+8756,xuan1,xuān
14680,蝗,U+8757,huang2,huáng
14681,蝘,U+8758,yan3,yǎn
14682,蝙,U+8759,bian1|pian2,biān|pián
14683,蝚,U+875A,rou2|nao2,róu|náo
14684,蝛,U+875B,wei1,wēi
14685,蝜,U+875C,fu4,fù
14686,蝝,U+875D,yuan2|yuan1,yuán|yuān
14687,蝞,U+875E,mei4,mèi
14688,蝟,U+875F,wei4,wèi
14689,蝠,U+8760,fu2,fú
14690,蝡,U+8761,ru2|ruan3,rú|ruǎn
14691,蝢,U+8762,xie2,xié
14692,蝣,U+8763,you2,yóu
14693,蝤,U+8764,qiu2|you2|jiu1,qiú|yóu|jiū
14694,蝥,U+8765,mao2|wu2|wu4,máo|wú|wù
14695,蝦,U+8766,xia1|ha2|jia3,xiā|há|jiǎ
14696,蝧,U+8767,ying1,yīng
14697,蝨,U+8768,shi1,shī
14698,蝩,U+8769,chong2|zhong1,chóng|zhōng
14699,蝪,U+876A,tang1,tāng
14700,蝫,U+876B,zhu1,zhū
14701,蝬,U+876C,zong1,zōng
14702,蝭,U+876D,ti2|chi2,tí|chí
14703,蝮,U+876E,fu4,fù
14704,蝯,U+876F,yuan2,yuán
14705,蝰,U+8770,kui2,kuí
14706,蝱,U+8771,meng2,méng
14707,蝲,U+8772,la4,là
14708,蝳,U+8773,du2|dai4,dú|dài
14709,蝴,U+8774,hu2,hú
14710,蝵,U+8775,qiu1,qiū
14711,蝶,U+8776,die2|tie1,dié|tiē
14712,蝷,U+8777,li4|xi2,lì|xí
14713,蝸,U+8778,wo1|luo2|guo3,wō|luó|guǒ
14714,蝹,U+8779,yun1|ao3,yūn|ǎo
14715,蝺,U+877A,qu3|yu3,qǔ|yǔ
14716,蝻,U+877B,nan3,nǎn
14717,蝼,U+877C,lou2,lóu
14718,蝽,U+877D,chun1,chūn
14719,蝾,U+877E,rong2,róng
14720,蝿,U+877F,ying2,yíng
14721,螀,U+8780,jiang1,jiāng
14722,螁,U+8781,ban,ban
14723,螂,U+8782,lang2,láng
14724,螃,U+8783,pang2|bang3,páng|bǎng
14725,螄,U+8784,si1,sī
14726,螅,U+8785,xi1|ci4,xī|cì
14727,螆,U+8786,ci4,cì
14728,螇,U+8787,xi1|qi1,xī|qī
14729,螈,U+8788,yuan2,yuán
14730,螉,U+8789,weng1,wēng
14731,螊,U+878A,lian2,lián
14732,螋,U+878B,sou1,sōu
14733,螌,U+878C,ban1|pan2|huan4,bān|pán|huàn
14734,融,U+878D,rong2,róng
14735,螎,U+878E,rong2,róng
14736,螏,U+878F,ji2,jí
14737,螐,U+8790,wu1,wū
14738,螑,U+8791,xiu4,xiù
14739,螒,U+8792,han4,hàn
14740,螓,U+8793,qin2,qín
14741,螔,U+8794,yi2|si1,yí|sī
14742,螕,U+8795,bi1|pi1,bī|pī
14743,螖,U+8796,hua2,huá
14744,螗,U+8797,tang2,táng
14745,螘,U+8798,yi3,yǐ
14746,螙,U+8799,du4,dù
14747,螚,U+879A,nai4|nai2|neng3,nài|nái|něng
14748,螛,U+879B,he2|xia2,hé|xiá
14749,螜,U+879C,hu2,hú
14750,螝,U+879D,gui1|hui3,guī|huǐ
14751,螞,U+879E,ma3|ma1|ma4,mǎ|mā|mà
14752,螟,U+879F,ming2,míng
14753,螠,U+87A0,yi4,yì
14754,螡,U+87A1,wen2,wén
14755,螢,U+87A2,ying2,yíng
14756,螣,U+87A3,te4|teng2,tè|téng
14757,螤,U+87A4,zhong1,zhōng
14758,螥,U+87A5,cang1,cāng
14759,螦,U+87A6,sao1,sāo
14760,螧,U+87A7,qi2,qí
14761,螨,U+87A8,man3,mǎn
14762,螩,U+87A9,tiao,tiao
14763,螪,U+87AA,shang1,shāng
14764,螫,U+87AB,shi4|zhe1,shì|zhē
14765,螬,U+87AC,cao2,cáo
14766,螭,U+87AD,chi1,chī
14767,螮,U+87AE,di4|dai4,dì|dài
14768,螯,U+87AF,ao2,áo
14769,螰,U+87B0,lu4,lù
14770,螱,U+87B1,wei4,wèi
14771,螲,U+87B2,zhi4|die2,zhì|dié
14772,螳,U+87B3,tang2,táng
14773,螴,U+87B4,chen2,chén
14774,螵,U+87B5,piao1,piāo
14775,螶,U+87B6,qu2|ju4,qú|jù
14776,螷,U+87B7,pi2,pí
14777,螸,U+87B8,yu2,yú
14778,螹,U+87B9,jian4|chan2,jiàn|chán
14779,螺,U+87BA,luo2,luó
14780,螻,U+87BB,lou2,lóu
14781,螼,U+87BC,qin3,qǐn
14782,螽,U+87BD,zhong1,zhōng
14783,螾,U+87BE,yin3|yin2,yǐn|yín
14784,螿,U+87BF,jiang1,jiāng
14785,蟀,U+87C0,shuai4,shuài
14786,蟁,U+87C1,wen2,wén
14787,蟂,U+87C2,xiao1,xiāo
14788,蟃,U+87C3,wan4,wàn
14789,蟄,U+87C4,zhe2,zhé
14790,蟅,U+87C5,zhe4,zhè
14791,蟆,U+87C6,ma2|mo4,má|mò
14792,蟇,U+87C7,ma2,má
14793,蟈,U+87C8,guo1|yu4,guō|yù
14794,蟉,U+87C9,liu2|liao4,liú|liào
14795,蟊,U+87CA,mao2|meng2,máo|méng
14796,蟋,U+87CB,xi1,xī
14797,蟌,U+87CC,cong1,cōng
14798,蟍,U+87CD,li2,lí
14799,蟎,U+87CE,man3,mǎn
14800,蟏,U+87CF,xiao1,xiāo
14801,蟐,U+87D0,chang,chang
14802,蟑,U+87D1,zhang1,zhāng
14803,蟒,U+87D2,mang3|meng3,mǎng|měng
14804,蟓,U+87D3,xiang4,xiàng
14805,蟔,U+87D4,mo4,mò
14806,蟕,U+87D5,zui1,zuī
14807,蟖,U+87D6,si1,sī
14808,蟗,U+87D7,qiu1,qiū
14809,蟘,U+87D8,te4,tè
14810,蟙,U+87D9,zhi2,zhí
14811,蟚,U+87DA,peng2,péng
14812,蟛,U+87DB,peng2,péng
14813,蟜,U+87DC,jiao3|qiao2,jiǎo|qiáo
14814,蟝,U+87DD,qu2,qú
14815,蟞,U+87DE,bie1|bie2,biē|bié
14816,蟟,U+87DF,liao2,liáo
14817,蟠,U+87E0,pan2|fan2,pán|fán
14818,蟡,U+87E1,gui3,guǐ
14819,蟢,U+87E2,xi3,xǐ
14820,蟣,U+87E3,ji3|qi2,jǐ|qí
14821,蟤,U+87E4,zhuan1,zhuān
14822,蟥,U+87E5,huang2,huáng
14823,蟦,U+87E6,fei2|ben1,féi|bēn
14824,蟧,U+87E7,lao2|liao2,láo|liáo
14825,蟨,U+87E8,jue2,jué
14826,蟩,U+87E9,jue2,jué
14827,蟪,U+87EA,hui4,huì
14828,蟫,U+87EB,yin2|xun2,yín|xún
14829,蟬,U+87EC,chan2|ti2|shan4,chán|tí|shàn
14830,蟭,U+87ED,jiao1,jiāo
14831,蟮,U+87EE,shan4,shàn
14832,蟯,U+87EF,nao2|rao4,náo|rào
14833,蟰,U+87F0,xiao1,xiāo
14834,蟱,U+87F1,wu2|mou2,wú|móu
14835,蟲,U+87F2,chong2|zhong4|tong2,chóng|zhòng|tóng
14836,蟳,U+87F3,xun2,xún
14837,蟴,U+87F4,si1,sī
14838,蟵,U+87F5,chu2,chú
14839,蟶,U+87F6,cheng1,chēng
14840,蟷,U+87F7,dang1,dāng
14841,蟸,U+87F8,li3,lǐ
14842,蟹,U+87F9,xie4,xiè
14843,蟺,U+87FA,shan4|dan4|chan2|tuo2,shàn|dàn|chán|tuó
14844,蟻,U+87FB,yi3|ji3,yǐ|jǐ
14845,蟼,U+87FC,jing3,jǐng
14846,蟽,U+87FD,da2,dá
14847,蟾,U+87FE,chan2,chán
14848,蟿,U+87FF,qi4|ji4,qì|jì
14849,蠀,U+8800,ci1|ji2,cī|jí
14850,蠁,U+8801,xiang3,xiǎng
14851,蠂,U+8802,she4,shè
14852,蠃,U+8803,luo3|luo2|guo3,luǒ|luó|guǒ
14853,蠄,U+8804,qin2,qín
14854,蠅,U+8805,ying2,yíng
14855,蠆,U+8806,chai4,chài
14856,蠇,U+8807,li4,lì
14857,蠈,U+8808,zei2,zéi
14858,蠉,U+8809,xuan1,xuān
14859,蠊,U+880A,lian2,lián
14860,蠋,U+880B,zhu2,zhú
14861,蠌,U+880C,ze2,zé
14862,蠍,U+880D,xie1,xiē
14863,蠎,U+880E,mang3,mǎng
14864,蠏,U+880F,xie4,xiè
14865,蠐,U+8810,qi2,qí
14866,蠑,U+8811,rong2,róng
14867,蠒,U+8812,jian3,jiǎn
14868,蠓,U+8813,meng3,měng
14869,蠔,U+8814,hao2,háo
14870,蠕,U+8815,ru2,rú
14871,蠖,U+8816,huo4|yue4,huò|yuè
14872,蠗,U+8817,zhuo2,zhuó
14873,蠘,U+8818,jie2,jié
14874,蠙,U+8819,pin2,pín
14875,蠚,U+881A,he1,hē
14876,蠛,U+881B,mie4,miè
14877,蠜,U+881C,fan2,fán
14878,蠝,U+881D,lei3,lěi
14879,蠞,U+881E,jie2,jié
14880,蠟,U+881F,la4,là
14881,蠠,U+8820,min3|mian2,mǐn|mián
14882,蠡,U+8821,li2|li3|luo3|luo2|li4,lí|lǐ|luǒ|luó|lì
14883,蠢,U+8822,chun3,chǔn
14884,蠣,U+8823,li4,lì
14885,蠤,U+8824,qiu1,qiū
14886,蠥,U+8825,nie4,niè
14887,蠦,U+8826,lu2,lú
14888,蠧,U+8827,du4,dù
14889,蠨,U+8828,xiao1,xiāo
14890,蠩,U+8829,zhu1|chu2,zhū|chú
14891,蠪,U+882A,long2,lóng
14892,蠫,U+882B,li2,lí
14893,蠬,U+882C,long2,lóng
14894,蠭,U+882D,feng1|pang2,fēng|páng
14895,蠮,U+882E,ye1,yē
14896,蠯,U+882F,pi2,pí
14897,蠰,U+8830,nang2|shang4|rang3,náng|shàng|rǎng
14898,蠱,U+8831,gu3|ye3,gǔ|yě
14899,蠲,U+8832,juan1,juān
14900,蠳,U+8833,ying1,yīng
14901,蠴,U+8834,shu3,shǔ
14902,蠵,U+8835,xi1,xī
14903,蠶,U+8836,can2,cán
14904,蠷,U+8837,qu2,qú
14905,蠸,U+8838,quan2|huan4,quán|huàn
14906,蠹,U+8839,du4,dù
14907,蠺,U+883A,can2,cán
14908,蠻,U+883B,man2,mán
14909,蠼,U+883C,qu2|jue2,qú|jué
14910,蠽,U+883D,jie2,jié
14911,蠾,U+883E,zhu2|shu2,zhú|shú
14912,蠿,U+883F,zhuo1,zhuō
14913,血,U+8840,xue4|xie3,xuè|xiě
14914,衁,U+8841,huang1,huāng
14915,衂,U+8842,nv4,nǜ
14916,衃,U+8843,pei1|fou3,pēi|fǒu
14917,衄,U+8844,nv4,nǜ
14918,衅,U+8845,xin4,xìn
14919,衆,U+8846,zhong4|zhong1,zhòng|zhōng
14920,衇,U+8847,mai4,mài
14921,衈,U+8848,er4,èr
14922,衉,U+8849,ka1,kā
14923,衊,U+884A,mie4,miè
14924,衋,U+884B,xi4,xì
14925,行,U+884C,xing2|hang2|heng2|xing4|hang4,xíng|háng|héng|xìng|hàng
14926,衍,U+884D,yan3|yan2,yǎn|yán
14927,衎,U+884E,kan4|kan3,kàn|kǎn
14928,衏,U+884F,yuan4,yuàn
14929,衐,U+8850,qu2,qú
14930,衑,U+8851,ling2,líng
14931,衒,U+8852,xuan4,xuàn
14932,術,U+8853,shu4,shù
14933,衔,U+8854,xian2,xián
14934,衕,U+8855,tong4|tong2|dong4,tòng|tóng|dòng
14935,衖,U+8856,xiang4|long4,xiàng|lòng
14936,街,U+8857,jie1,jiē
14937,衘,U+8858,xian2|yu4,xián|yù
14938,衙,U+8859,ya2|yu2|yu4,yá|yú|yù
14939,衚,U+885A,hu2,hú
14940,衛,U+885B,wei4,wèi
14941,衜,U+885C,dao4,dào
14942,衝,U+885D,chong1|chong3|chong4,chōng|chǒng|chòng
14943,衞,U+885E,wei4,wèi
14944,衟,U+885F,dao4,dào
14945,衠,U+8860,zhun1,zhūn
14946,衡,U+8861,heng2,héng
14947,衢,U+8862,qu2,qú
14948,衣,U+8863,yi1|yi4,yī|yì
14949,衤,U+8864,yi1,yī
14950,补,U+8865,bu3,bǔ
14951,衦,U+8866,gan3,gǎn
14952,衧,U+8867,yu2,yú
14953,表,U+8868,biao3,biǎo
14954,衩,U+8869,cha3|cha4,chǎ|chà
14955,衪,U+886A,yi2,yí
14956,衫,U+886B,shan1,shān
14957,衬,U+886C,chen4,chèn
14958,衭,U+886D,fu1,fū
14959,衮,U+886E,gun3,gǔn
14960,衯,U+886F,fen1|pen2,fēn|pén
14961,衰,U+8870,shuai1|suo1|cui1,shuāi|suō|cuī
14962,衱,U+8871,jie2,jié
14963,衲,U+8872,na4,nà
14964,衳,U+8873,zhong1,zhōng
14965,衴,U+8874,dan3,dǎn
14966,衵,U+8875,yi4,yì
14967,衶,U+8876,zhong4,zhòng
14968,衷,U+8877,zhong1|zhong4,zhōng|zhòng
14969,衸,U+8878,jie4,jiè
14970,衹,U+8879,zhi3|ti3|zhi1|qi2,zhǐ|tǐ|zhī|qí
14971,衺,U+887A,xie2,xié
14972,衻,U+887B,ran2,rán
14973,衼,U+887C,zhi1,zhī
14974,衽,U+887D,ren4,rèn
14975,衾,U+887E,qin1,qīn
14976,衿,U+887F,jin1|qin4,jīn|qìn
14977,袀,U+8880,jun1,jūn
14978,袁,U+8881,yuan2,yuán
14979,袂,U+8882,mei4|yi4,mèi|yì
14980,袃,U+8883,chai4,chài
14981,袄,U+8884,ao3,ǎo
14982,袅,U+8885,niao3,niǎo
14983,袆,U+8886,hui1,huī
14984,袇,U+8887,ran2,rán
14985,袈,U+8888,jia1,jiā
14986,袉,U+8889,tuo2|tuo3,tuó|tuǒ
14987,袊,U+888A,ling3|ling2,lǐng|líng
14988,袋,U+888B,dai4,dài
14989,袌,U+888C,bao4|pao2|pao4,bào|páo|pào
14990,袍,U+888D,pao2|bao4,páo|bào
14991,袎,U+888E,yao4,yào
14992,袏,U+888F,zuo4,zuò
14993,袐,U+8890,bi4,bì
14994,袑,U+8891,shao4,shào
14995,袒,U+8892,tan3|zhan4,tǎn|zhàn
14996,袓,U+8893,ju4|jie3,jù|jiě
14997,袔,U+8894,he4|ke4|kua3,hè|kè|kuǎ
14998,袕,U+8895,xue2,xué
14999,袖,U+8896,xiu4,xiù
15000,袗,U+8897,zhen3,zhěn
15001,袘,U+8898,yi2|yi4|tuo2,yí|yì|tuó
15002,袙,U+8899,pa4,pà
15003,袚,U+889A,bo1|fu2,bō|fú
15004,袛,U+889B,di1,dī
15005,袜,U+889C,wa4|mo4,wà|mò
15006,袝,U+889D,fu4,fù
15007,袞,U+889E,gun3,gǔn
15008,袟,U+889F,zhi4,zhì
15009,袠,U+88A0,zhi4,zhì
15010,袡,U+88A1,ran2,rán
15011,袢,U+88A2,pan4|fan2,pàn|fán
15012,袣,U+88A3,yi4,yì
15013,袤,U+88A4,mao4|mou2,mào|móu
15014,袥,U+88A5,tuo1,tuō
15015,袦,U+88A6,na4|jue2,nà|jué
15016,袧,U+88A7,gou1|gou4,gōu|gòu
15017,袨,U+88A8,xuan4,xuàn
15018,袩,U+88A9,zhe2|chan1,zhé|chān
15019,袪,U+88AA,qu1,qū
15020,被,U+88AB,bei4|bi4|pi1|pi4,bèi|bì|pī|pì
15021,袬,U+88AC,yu4,yù
15022,袭,U+88AD,xi2,xí
15023,袮,U+88AE,mi2,mí
15024,袯,U+88AF,bo2,bó
15025,袰,U+88B0,bo1,bō
15026,袱,U+88B1,fu2,fú
15027,袲,U+88B2,chi3|nuo3,chǐ|nuǒ
15028,袳,U+88B3,chi3|qi3|duo3|nuo3,chǐ|qǐ|duǒ|nuǒ
15029,袴,U+88B4,ku4,kù
15030,袵,U+88B5,ren4,rèn
15031,袶,U+88B6,jiang4,jiàng
15032,袷,U+88B7,jia2|qia1|jia1|jie2,jiá|qiā|jiā|jié
15033,袸,U+88B8,jian4|zun4,jiàn|zùn
15034,袹,U+88B9,bo2|mo4,bó|mò
15035,袺,U+88BA,jie2,jié
15036,袻,U+88BB,er2,ér
15037,袼,U+88BC,ge1|luo4,gē|luò
15038,袽,U+88BD,ru2,rú
15039,袾,U+88BE,zhu1,zhū
15040,袿,U+88BF,gui1|gua4,guī|guà
15041,裀,U+88C0,yin1,yīn
15042,裁,U+88C1,cai2,cái
15043,裂,U+88C2,lie4|lie3,liè|liě
15044,裃,U+88C3,ka3,kǎ
15045,裄,U+88C4,xing,xing
15046,装,U+88C5,zhuang1,zhuāng
15047,裆,U+88C6,dang1,dāng
15048,裇,U+88C7,xu1,xū
15049,裈,U+88C8,kun1,kūn
15050,裉,U+88C9,ken4,kèn
15051,裊,U+88CA,niao3,niǎo
15052,裋,U+88CB,shu4,shù
15053,裌,U+88CC,jia2|jia1|xie2,jiá|jiā|xié
15054,裍,U+88CD,kun3,kǔn
15055,裎,U+88CE,cheng2|cheng3,chéng|chěng
15056,裏,U+88CF,li3,lǐ
15057,裐,U+88D0,juan1,juān
15058,裑,U+88D1,shen1,shēn
15059,裒,U+88D2,pou2|bao1,póu|bāo
15060,裓,U+88D3,ge2|jie1,gé|jiē
15061,裔,U+88D4,yi4,yì
15062,裕,U+88D5,yu4,yù
15063,裖,U+88D6,zhen3,zhěn
15064,裗,U+88D7,liu2,liú
15065,裘,U+88D8,qiu2,qiú
15066,裙,U+88D9,qun2,qún
15067,裚,U+88DA,ji4,jì
15068,裛,U+88DB,yi4,yì
15069,補,U+88DC,bu3,bǔ
15070,裝,U+88DD,zhuang1,zhuāng
15071,裞,U+88DE,shui4,shuì
15072,裟,U+88DF,sha1,shā
15073,裠,U+88E0,qun2,qún
15074,裡,U+88E1,li3,lǐ
15075,裢,U+88E2,lian2|shao1,lián|shāo
15076,裣,U+88E3,lian3,liǎn
15077,裤,U+88E4,ku4,kù
15078,裥,U+88E5,jian3,jiǎn
15079,裦,U+88E6,fou2,fóu
15080,裧,U+88E7,chan1|chan4|tan3,chān|chàn|tǎn
15081,裨,U+88E8,bi4|pi2,bì|pí
15082,裩,U+88E9,kun1,kūn
15083,裪,U+88EA,tao2,táo
15084,裫,U+88EB,yuan4,yuàn
15085,裬,U+88EC,ling2,líng
15086,裭,U+88ED,chi3,chǐ
15087,裮,U+88EE,chang1,chāng
15088,裯,U+88EF,chou2|dao1,chóu|dāo
15089,裰,U+88F0,duo1,duō
15090,裱,U+88F1,biao3,biǎo
15091,裲,U+88F2,liang3,liǎng
15092,裳,U+88F3,shang|chang2,shang|cháng
15093,裴,U+88F4,pei2|fei2,péi|féi
15094,裵,U+88F5,pei2,péi
15095,裶,U+88F6,fei1,fēi
15096,裷,U+88F7,yuan1|gun3,yuān|gǔn
15097,裸,U+88F8,luo3,luǒ
15098,裹,U+88F9,guo3,guǒ
15099,裺,U+88FA,yan3|an1|yan4,yǎn|ān|yàn
15100,裻,U+88FB,du2,dú
15101,裼,U+88FC,ti4|xi1,tì|xī
15102,製,U+88FD,zhi4,zhì
15103,裾,U+88FE,ju1|ju4,jū|jù
15104,裿,U+88FF,yi3|qi3,yǐ|qǐ
15105,褀,U+8900,qi2,qí
15106,褁,U+8901,guo3,guǒ
15107,褂,U+8902,gua4,guà
15108,褃,U+8903,ken4,kèn
15109,褄,U+8904,qi1,qī
15110,褅,U+8905,ti4,tì
15111,褆,U+8906,ti2|shi4,tí|shì
15112,複,U+8907,fu4|fu2,fù|fú
15113,褈,U+8908,chong2|chong1|zhong4,chóng|chōng|zhòng
15114,褉,U+8909,xie4,xiè
15115,褊,U+890A,bian3|pian2,biǎn|pián
15116,褋,U+890B,die2,dié
15117,褌,U+890C,kun1,kūn
15118,褍,U+890D,duan1|tuan1,duān|tuān
15119,褎,U+890E,xiu4|you4,xiù|yòu
15120,褏,U+890F,xiu4,xiù
15121,褐,U+8910,he4,hè
15122,褑,U+8911,yuan4|yuan2,yuàn|yuán
15123,褒,U+8912,bao1,bāo
15124,褓,U+8913,bao3,bǎo
15125,褔,U+8914,fu4,fù
15126,褕,U+8915,yu2|tou2,yú|tóu
15127,褖,U+8916,tuan4,tuàn
15128,褗,U+8917,yan3,yǎn
15129,褘,U+8918,hui1|yi1,huī|yī
15130,褙,U+8919,bei4,bèi
15131,褚,U+891A,chu3|zhe3|zhu3,chǔ|zhě|zhǔ
15132,褛,U+891B,lv3,lǚ
15133,褜,U+891C,pao2,páo
15134,褝,U+891D,dan1,dān
15135,褞,U+891E,yun3|wen1,yǔn|wēn
15136,褟,U+891F,ta1,tā
15137,褠,U+8920,gou1,gōu
15138,褡,U+8921,da1,dā
15139,褢,U+8922,huai2,huái
15140,褣,U+8923,rong2,róng
15141,褤,U+8924,yuan4,yuàn
15142,褥,U+8925,ru4|nu4,rù|nù
15143,褦,U+8926,nai4,nài
15144,褧,U+8927,jiong3,jiǒng
15145,褨,U+8928,suo3|cha2,suǒ|chá
15146,褩,U+8929,ban1|pan2,bān|pán
15147,褪,U+892A,tui4|tun4,tuì|tùn
15148,褫,U+892B,chi3,chǐ
15149,褬,U+892C,sang3,sǎng
15150,褭,U+892D,niao3,niǎo
15151,褮,U+892E,ying1|ying4,yīng|yìng
15152,褯,U+892F,jie4,jiè
15153,褰,U+8930,qian1,qiān
15154,褱,U+8931,huai2,huái
15155,褲,U+8932,ku4,kù
15156,褳,U+8933,lian2,lián
15157,褴,U+8934,lan2,lán
15158,褵,U+8935,li2,lí
15159,褶,U+8936,zhe3|die2|xi2,zhě|dié|xí
15160,褷,U+8937,shi1,shī
15161,褸,U+8938,lv3,lǚ
15162,褹,U+8939,yi4|nie4,yì|niè
15163,褺,U+893A,die1,diē
15164,褻,U+893B,xie4,xiè
15165,褼,U+893C,xian1,xiān
15166,褽,U+893D,wei4,wèi
15167,褾,U+893E,biao3,biǎo
15168,褿,U+893F,cao2,cáo
15169,襀,U+8940,ji1|ji4,jī|jì
15170,襁,U+8941,qiang3,qiǎng
15171,襂,U+8942,sen1|shan1,sēn|shān
15172,襃,U+8943,bao1|pou2,bāo|póu
15173,襄,U+8944,xiang1,xiāng
15174,襅,U+8945,bi4,bì
15175,襆,U+8946,fu2|pu2,fú|pú
15176,襇,U+8947,jian3,jiǎn
15177,襈,U+8948,zhuan4|juan4,zhuàn|juàn
15178,襉,U+8949,jian3,jiǎn
15179,襊,U+894A,cui4|cuo1,cuì|cuō
15180,襋,U+894B,ji2,jí
15181,襌,U+894C,dan1,dān
15182,襍,U+894D,za2,zá
15183,襎,U+894E,fan2|bo4,fán|bò
15184,襏,U+894F,bo2|fei4,bó|fèi
15185,襐,U+8950,xiang4,xiàng
15186,襑,U+8951,xin2,xín
15187,襒,U+8952,bie2,bié
15188,襓,U+8953,rao2,ráo
15189,襔,U+8954,man3,mǎn
15190,襕,U+8955,lan2,lán
15191,襖,U+8956,ao3,ǎo
15192,襗,U+8957,ze2|duo2|yi4,zé|duó|yì
15193,襘,U+8958,gui4|hui4,guì|huì
15194,襙,U+8959,cao4,cào
15195,襚,U+895A,sui4,suì
15196,襛,U+895B,nong2,nóng
15197,襜,U+895C,chan1|chan4|dan1,chān|chàn|dān
15198,襝,U+895D,lian3|chan1,liǎn|chān
15199,襞,U+895E,bi4,bì
15200,襟,U+895F,jin1,jīn
15201,襠,U+8960,dang1,dāng
15202,襡,U+8961,shu3|du2,shǔ|dú
15203,襢,U+8962,tan3|zhan4|chan2|zhan1,tǎn|zhàn|chán|zhān
15204,襣,U+8963,bi4,bì
15205,襤,U+8964,lan2,lán
15206,襥,U+8965,fu2,fú
15207,襦,U+8966,ru2,rú
15208,襧,U+8967,zhi3,zhǐ
15209,襨,U+8968,dui4,duì
15210,襩,U+8969,shu3,shǔ
15211,襪,U+896A,wa4,wà
15212,襫,U+896B,shi4,shì
15213,襬,U+896C,bai3|bei1,bǎi|bēi
15214,襭,U+896D,xie2,xié
15215,襮,U+896E,bo2,bó
15216,襯,U+896F,chen4,chèn
15217,襰,U+8970,lai4,lài
15218,襱,U+8971,long2|long4,lóng|lòng
15219,襲,U+8972,xi2,xí
15220,襳,U+8973,xian1|shan1,xiān|shān
15221,襴,U+8974,lan2,lán
15222,襵,U+8975,zhe3|zhe2,zhě|zhé
15223,襶,U+8976,dai4,dài
15224,襷,U+8977,ju3,jǔ
15225,襸,U+8978,zan4|cuan2,zàn|cuán
15226,襹,U+8979,shi1,shī
15227,襺,U+897A,jian3,jiǎn
15228,襻,U+897B,pan4,pàn
15229,襼,U+897C,yi4,yì
15230,襽,U+897D,lan2,lán
15231,襾,U+897E,ya4,yà
15232,西,U+897F,xi1,xī
15233,覀,U+8980,xi1,xī
15234,要,U+8981,yao4|yao1|yao3,yào|yāo|yǎo
15235,覂,U+8982,feng3|ban3,fěng|bǎn
15236,覃,U+8983,tan2|qin2|yan3,tán|qín|yǎn
15237,覄,U+8984,fu4,fù
15238,覅,U+8985,fiao4,fiào
15239,覆,U+8986,fu4,fù
15240,覇,U+8987,ba4,bà
15241,覈,U+8988,he2,hé
15242,覉,U+8989,ji1,jī
15243,覊,U+898A,ji1,jī
15244,見,U+898B,jian4|xian4,jiàn|xiàn
15245,覌,U+898C,guan1,guān
15246,覍,U+898D,bian4,biàn
15247,覎,U+898E,yan4,yàn
15248,規,U+898F,gui1|gui4|xu4,guī|guì|xù
15249,覐,U+8990,jue2,jué
15250,覑,U+8991,pian3,piǎn
15251,覒,U+8992,mao4,mào
15252,覓,U+8993,mi4,mì
15253,覔,U+8994,mi4,mì
15254,覕,U+8995,mie4|pie1,miè|piē
15255,視,U+8996,shi4,shì
15256,覗,U+8997,si4,sì
15257,覘,U+8998,chan1|dan1|ji1,chān|dān|jī
15258,覙,U+8999,luo2,luó
15259,覚,U+899A,jue2,jué
15260,覛,U+899B,mi4,mì
15261,覜,U+899C,tiao4,tiào
15262,覝,U+899D,lian2,lián
15263,覞,U+899E,yao4,yào
15264,覟,U+899F,zhi4,zhì
15265,覠,U+89A0,jun1,jūn
15266,覡,U+89A1,xi2,xí
15267,覢,U+89A2,shan3,shǎn
15268,覣,U+89A3,wei1,wēi
15269,覤,U+89A4,xi4,xì
15270,覥,U+89A5,tian3,tiǎn
15271,覦,U+89A6,yu2,yú
15272,覧,U+89A7,lan3,lǎn
15273,覨,U+89A8,e4,è
15274,覩,U+89A9,du3,dǔ
15275,親,U+89AA,qin1|qing4,qīn|qìng
15276,覫,U+89AB,pang3,pǎng
15277,覬,U+89AC,ji4,jì
15278,覭,U+89AD,ming2,míng
15279,覮,U+89AE,ying2,yíng
15280,覯,U+89AF,gou4,gòu
15281,覰,U+89B0,qu1|qu4,qū|qù
15282,覱,U+89B1,zhan4|zhan1,zhàn|zhān
15283,覲,U+89B2,jin4,jìn
15284,観,U+89B3,guan1,guān
15285,覴,U+89B4,deng1,dēng
15286,覵,U+89B5,jian4|bian3,jiàn|biǎn
15287,覶,U+89B6,luo2|luan3,luó|luǎn
15288,覷,U+89B7,qu4,qù
15289,覸,U+89B8,jian1,jiān
15290,覹,U+89B9,wei2,wéi
15291,覺,U+89BA,jue2|jiao4,jué|jiào
15292,覻,U+89BB,qu1|qu4,qū|qù
15293,覼,U+89BC,luo2,luó
15294,覽,U+89BD,lan3|lan4,lǎn|làn
15295,覾,U+89BE,shen3,shěn
15296,覿,U+89BF,di2|ji2,dí|jí
15297,觀,U+89C0,guan1|guan4,guān|guàn
15298,见,U+89C1,jian4|xian4,jiàn|xiàn
15299,观,U+89C2,guan1|guan4,guān|guàn
15300,觃,U+89C3,yan4,yàn
15301,规,U+89C4,gui1,guī
15302,觅,U+89C5,mi4,mì
15303,视,U+89C6,shi4,shì
15304,觇,U+89C7,chan1,chān
15305,览,U+89C8,lan3,lǎn
15306,觉,U+89C9,jue2|jiao4,jué|jiào
15307,觊,U+89CA,ji4,jì
15308,觋,U+89CB,xi2,xí
15309,觌,U+89CC,di2,dí
15310,觍,U+89CD,tian3,tiǎn
15311,觎,U+89CE,yu2,yú
15312,觏,U+89CF,gou4,gòu
15313,觐,U+89D0,jin4,jìn
15314,觑,U+89D1,qu4|qu1,qù|qū
15315,角,U+89D2,jiao3|jue2|lu4|gu3,jiǎo|jué|lù|gǔ
15316,觓,U+89D3,qiu2,qiú
15317,觔,U+89D4,jin1,jīn
15318,觕,U+89D5,cu1|chu4|cheng2,cū|chù|chéng
15319,觖,U+89D6,jue2|kui4|gui4,jué|kuì|guì
15320,觗,U+89D7,zhi4,zhì
15321,觘,U+89D8,chao4,chào
15322,觙,U+89D9,ji2,jí
15323,觚,U+89DA,gu1,gū
15324,觛,U+89DB,dan4,dàn
15325,觜,U+89DC,zi1|zui3,zī|zuǐ
15326,觝,U+89DD,di3|zhi3,dǐ|zhǐ
15327,觞,U+89DE,shang1,shāng
15328,觟,U+89DF,hua4|xie4,huà|xiè
15329,觠,U+89E0,quan2,quán
15330,觡,U+89E1,ge2,gé
15331,觢,U+89E2,shi4,shì
15332,解,U+89E3,jie3|jie4|xie4,jiě|jiè|xiè
15333,觤,U+89E4,gui3,guǐ
15334,觥,U+89E5,gong1,gōng
15335,触,U+89E6,chu4,chù
15336,觧,U+89E7,jie3|jie4,jiě|jiè
15337,觨,U+89E8,hun4,hùn
15338,觩,U+89E9,qiu2,qiú
15339,觪,U+89EA,xing1,xīng
15340,觫,U+89EB,su4,sù
15341,觬,U+89EC,ni2,ní
15342,觭,U+89ED,ji1|qi3|qi2,jī|qǐ|qí
15343,觮,U+89EE,lu4,lù
15344,觯,U+89EF,zhi4,zhì
15345,觰,U+89F0,zha1|da3|zha3,zhā|dǎ|zhǎ
15346,觱,U+89F1,bi4,bì
15347,觲,U+89F2,xing1,xīng
15348,觳,U+89F3,hu2|que4|jue2,hú|què|jué
15349,觴,U+89F4,shang1,shāng
15350,觵,U+89F5,gong1,gōng
15351,觶,U+89F6,zhi4,zhì
15352,觷,U+89F7,xue2|hu4,xué|hù
15353,觸,U+89F8,chu4,chù
15354,觹,U+89F9,xi1,xī
15355,觺,U+89FA,yi2,yí
15356,觻,U+89FB,li4|lu4,lì|lù
15357,觼,U+89FC,jue2,jué
15358,觽,U+89FD,xi1,xī
15359,觾,U+89FE,yan4,yàn
15360,觿,U+89FF,xi1|wei2,xī|wéi
15361,言,U+8A00,yan2|yan4|yin2,yán|yàn|yín
15362,訁,U+8A01,yan2,yán
15363,訂,U+8A02,ding4,dìng
15364,訃,U+8A03,fu4,fù
15365,訄,U+8A04,qiu2|kao1,qiú|kāo
15366,訅,U+8A05,qiu2,qiú
15367,訆,U+8A06,jiao4,jiào
15368,訇,U+8A07,hong1|jun4|heng1,hōng|jùn|hēng
15369,計,U+8A08,ji4,jì
15370,訉,U+8A09,fan4,fàn
15371,訊,U+8A0A,xun4,xùn
15372,訋,U+8A0B,diao4,diào
15373,訌,U+8A0C,hong4,hòng
15374,訍,U+8A0D,chai4|cha1|cha4,chài|chā|chà
15375,討,U+8A0E,tao3,tǎo
15376,訏,U+8A0F,xu1|xu3,xū|xǔ
15377,訐,U+8A10,jie2|ji4,jié|jì
15378,訑,U+8A11,yi2|dan4|shi1|tuo2|tuo3,yí|dàn|shī|tuó|tuǒ
15379,訒,U+8A12,ren4,rèn
15380,訓,U+8A13,xun4,xùn
15381,訔,U+8A14,yin2,yín
15382,訕,U+8A15,shan4,shàn
15383,訖,U+8A16,qi4,qì
15384,託,U+8A17,tuo1,tuō
15385,記,U+8A18,ji4,jì
15386,訙,U+8A19,xun4,xùn
15387,訚,U+8A1A,yin2,yín
15388,訛,U+8A1B,e2,é
15389,訜,U+8A1C,fen1|bin1,fēn|bīn
15390,訝,U+8A1D,ya4,yà
15391,訞,U+8A1E,yao1,yāo
15392,訟,U+8A1F,song4,sòng
15393,訠,U+8A20,shen3,shěn
15394,訡,U+8A21,yin2,yín
15395,訢,U+8A22,xin1|xi1|yin2,xīn|xī|yín
15396,訣,U+8A23,jue2,jué
15397,訤,U+8A24,xiao2|na2,xiáo|ná
15398,訥,U+8A25,ne4,nè
15399,訦,U+8A26,chen2,chén
15400,訧,U+8A27,you2,yóu
15401,訨,U+8A28,zhi3,zhǐ
15402,訩,U+8A29,xiong1,xiōng
15403,訪,U+8A2A,fang3,fǎng
15404,訫,U+8A2B,xin4,xìn
15405,訬,U+8A2C,chao1|miao3|chao3,chāo|miǎo|chǎo
15406,設,U+8A2D,she4,shè
15407,訮,U+8A2E,yan2,yán
15408,訯,U+8A2F,sa3|sa4,sǎ|sà
15409,訰,U+8A30,zhun4|zhun1,zhùn|zhūn
15410,許,U+8A31,xu3|hu3,xǔ|hǔ
15411,訲,U+8A32,yi4,yì
15412,訳,U+8A33,yi4,yì
15413,訴,U+8A34,su4,sù
15414,訵,U+8A35,chi1|chi4,chī|chì
15415,訶,U+8A36,he1,hē
15416,訷,U+8A37,shen1,shēn
15417,訸,U+8A38,he2,hé
15418,訹,U+8A39,xu4,xù
15419,診,U+8A3A,zhen3,zhěn
15420,註,U+8A3B,zhu4,zhù
15421,証,U+8A3C,zheng4,zhèng
15422,訽,U+8A3D,gou4,gòu
15423,訾,U+8A3E,zi1|zi3,zī|zǐ
15424,訿,U+8A3F,zi3,zǐ
15425,詀,U+8A40,zhan1|che4|dian1|zhan4|tie1,zhān|chè|diān|zhàn|tiē
15426,詁,U+8A41,gu3,gǔ
15427,詂,U+8A42,fu4,fù
15428,詃,U+8A43,jian3,jiǎn
15429,詄,U+8A44,die2,dié
15430,詅,U+8A45,ling2,líng
15431,詆,U+8A46,di3|ti4,dǐ|tì
15432,詇,U+8A47,yang4,yàng
15433,詈,U+8A48,li4,lì
15434,詉,U+8A49,nao2|na2|nu4,náo|ná|nù
15435,詊,U+8A4A,pan4,pàn
15436,詋,U+8A4B,zhou4,zhòu
15437,詌,U+8A4C,gan4,gàn
15438,詍,U+8A4D,yi4,yì
15439,詎,U+8A4E,ju4,jù
15440,詏,U+8A4F,yao4,yào
15441,詐,U+8A50,zha4,zhà
15442,詑,U+8A51,yi2|tuo2|duo4|yi1|xi1,yí|tuó|duò|yī|xī
15443,詒,U+8A52,yi2|dai4|tai2,yí|dài|tái
15444,詓,U+8A53,qu3,qǔ
15445,詔,U+8A54,zhao4|zhao1,zhào|zhāo
15446,評,U+8A55,ping2,píng
15447,詖,U+8A56,bi4,bì
15448,詗,U+8A57,xiong4,xiòng
15449,詘,U+8A58,qu1|chu4,qū|chù
15450,詙,U+8A59,ba2|bo2,bá|bó
15451,詚,U+8A5A,da2,dá
15452,詛,U+8A5B,zu3,zǔ
15453,詜,U+8A5C,tao1,tāo
15454,詝,U+8A5D,zhu3,zhǔ
15455,詞,U+8A5E,ci2,cí
15456,詟,U+8A5F,zhe2,zhé
15457,詠,U+8A60,yong3,yǒng
15458,詡,U+8A61,xu3,xǔ
15459,詢,U+8A62,xun2,xún
15460,詣,U+8A63,yi4,yì
15461,詤,U+8A64,huang3,huǎng
15462,詥,U+8A65,he2|ge2,hé|gé
15463,試,U+8A66,shi4,shì
15464,詧,U+8A67,cha2|qie4,chá|qiè
15465,詨,U+8A68,xiao4,xiào
15466,詩,U+8A69,shi1,shī
15467,詪,U+8A6A,hen3,hěn
15468,詫,U+8A6B,cha4|du4,chà|dù
15469,詬,U+8A6C,gou4|hou4,gòu|hòu
15470,詭,U+8A6D,gui3,guǐ
15471,詮,U+8A6E,quan2,quán
15472,詯,U+8A6F,hui4,huì
15473,詰,U+8A70,jie2,jié
15474,話,U+8A71,hua4,huà
15475,該,U+8A72,gai1,gāi
15476,詳,U+8A73,xiang2|yang2,xiáng|yáng
15477,詴,U+8A74,wei1,wēi
15478,詵,U+8A75,shen1,shēn
15479,詶,U+8A76,zhou4|chou2,zhòu|chóu
15480,詷,U+8A77,tong2|dong4,tóng|dòng
15481,詸,U+8A78,mi2,mí
15482,詹,U+8A79,zhan1|dan4,zhān|dàn
15483,詺,U+8A7A,ming4,mìng
15484,詻,U+8A7B,e4|lve4|luo4,è|lüè|luò
15485,詼,U+8A7C,hui1,huī
15486,詽,U+8A7D,yan2,yán
15487,詾,U+8A7E,xiong1,xiōng
15488,詿,U+8A7F,gua4,guà
15489,誀,U+8A80,er4|chi3,èr|chǐ
15490,誁,U+8A81,bing4,bìng
15491,誂,U+8A82,tiao3|diao4,tiǎo|diào
15492,誃,U+8A83,yi2|chi3|chi4|duo4,yí|chǐ|chì|duò
15493,誄,U+8A84,lei3,lěi
15494,誅,U+8A85,zhu1,zhū
15495,誆,U+8A86,kuang1,kuāng
15496,誇,U+8A87,kua1|qu4,kuā|qù
15497,誈,U+8A88,wu1,wū
15498,誉,U+8A89,yu4,yù
15499,誊,U+8A8A,teng2,téng
15500,誋,U+8A8B,ji4,jì
15501,誌,U+8A8C,zhi4,zhì
15502,認,U+8A8D,ren4,rèn
15503,誎,U+8A8E,cu4,cù
15504,誏,U+8A8F,lang3|lang4,lǎng|làng
15505,誐,U+8A90,e2|e3,é|ě
15506,誑,U+8A91,kuang2,kuáng
15507,誒,U+8A92,ei2|xi1|yi4|ê1|ê2|ê3|ei3|ê4|ei4|ei1,éi|xī|yì|ê̄|ế|ê̌|ěi|ề|èi|ēi
15508,誓,U+8A93,shi4,shì
15509,誔,U+8A94,ting3,tǐng
15510,誕,U+8A95,dan4,dàn
15511,誖,U+8A96,bei4,bèi
15512,誗,U+8A97,chan2,chán
15513,誘,U+8A98,you4,yòu
15514,誙,U+8A99,keng1,kēng
15515,誚,U+8A9A,qiao4,qiào
15516,誛,U+8A9B,qin1,qīn
15517,誜,U+8A9C,shua4,shuà
15518,誝,U+8A9D,an1,ān
15519,語,U+8A9E,yu3|yu4,yǔ|yù
15520,誟,U+8A9F,xiao4,xiào
15521,誠,U+8AA0,cheng2,chéng
15522,誡,U+8AA1,jie4,jiè
15523,誢,U+8AA2,xian4,xiàn
15524,誣,U+8AA3,wu1,wū
15525,誤,U+8AA4,wu4,wù
15526,誥,U+8AA5,gao4,gào
15527,誦,U+8AA6,song4,sòng
15528,誧,U+8AA7,bu1,bū
15529,誨,U+8AA8,hui4,huì
15530,誩,U+8AA9,jing4,jìng
15531,說,U+8AAA,shuo1,shuō
15532,誫,U+8AAB,zhen4,zhèn
15533,説,U+8AAC,shuo1|shui4|yue4|tuo1,shuō|shuì|yuè|tuō
15534,読,U+8AAD,du2,dú
15535,誮,U+8AAE,hua1,huā
15536,誯,U+8AAF,chang4,chàng
15537,誰,U+8AB0,shui2|shei2,shuí|shéi
15538,誱,U+8AB1,jie2,jié
15539,課,U+8AB2,ke4,kè
15540,誳,U+8AB3,qu1|jue4,qū|juè
15541,誴,U+8AB4,cong2,cóng
15542,誵,U+8AB5,xiao2,xiáo
15543,誶,U+8AB6,sui4,suì
15544,誷,U+8AB7,wang3,wǎng
15545,誸,U+8AB8,xian2,xián
15546,誹,U+8AB9,fei3,fěi
15547,誺,U+8ABA,chi1|lai4,chī|lài
15548,誻,U+8ABB,ta4,tà
15549,誼,U+8ABC,yi4,yì
15550,誽,U+8ABD,ni4|na2,nì|ná
15551,誾,U+8ABE,yin2,yín
15552,調,U+8ABF,diao4|tiao2|zhou1,diào|tiáo|zhōu
15553,諀,U+8AC0,pi3|bei1,pǐ|bēi
15554,諁,U+8AC1,zhuo2,zhuó
15555,諂,U+8AC2,chan3,chǎn
15556,諃,U+8AC3,chen1,chēn
15557,諄,U+8AC4,zhun1,zhūn
15558,諅,U+8AC5,ji4|ji1,jì|jī
15559,諆,U+8AC6,qi1,qī
15560,談,U+8AC7,tan2,tán
15561,諈,U+8AC8,zhui4,zhuì
15562,諉,U+8AC9,wei3,wěi
15563,諊,U+8ACA,ju1,jū
15564,請,U+8ACB,qing3|qing4|qing2,qǐng|qìng|qíng
15565,諌,U+8ACC,dong3,dǒng
15566,諍,U+8ACD,zheng4|zheng1,zhèng|zhēng
15567,諎,U+8ACE,ze2|cuo4|zuo4|zha3|jie4,zé|cuò|zuò|zhǎ|jiè
15568,諏,U+8ACF,zou1|zhou1,zōu|zhōu
15569,諐,U+8AD0,qian1,qiān
15570,諑,U+8AD1,zhuo2,zhuó
15571,諒,U+8AD2,liang4|liang2,liàng|liáng
15572,諓,U+8AD3,jian4,jiàn
15573,諔,U+8AD4,chu4|ji2,chù|jí
15574,諕,U+8AD5,hao2|xia4|huo4,háo|xià|huò
15575,論,U+8AD6,lun4|lun2,lùn|lún
15576,諗,U+8AD7,shen3|nie4,shěn|niè
15577,諘,U+8AD8,biao3,biǎo
15578,諙,U+8AD9,hua4,huà
15579,諚,U+8ADA,pian2,pián
15580,諛,U+8ADB,yu2,yú
15581,諜,U+8ADC,die2|xie4,dié|xiè
15582,諝,U+8ADD,xu1,xū
15583,諞,U+8ADE,pian3|pian2,piǎn|pián
15584,諟,U+8ADF,shi4|di4,shì|dì
15585,諠,U+8AE0,xuan1,xuān
15586,諡,U+8AE1,shi4,shì
15587,諢,U+8AE2,hun4,hùn
15588,諣,U+8AE3,hua4|gua1,huà|guā
15589,諤,U+8AE4,e4,è
15590,諥,U+8AE5,zhong4,zhòng
15591,諦,U+8AE6,di4|ti2,dì|tí
15592,諧,U+8AE7,xie2,xié
15593,諨,U+8AE8,fu2,fú
15594,諩,U+8AE9,pu3,pǔ
15595,諪,U+8AEA,ting2,tíng
15596,諫,U+8AEB,jian4|lan4,jiàn|làn
15597,諬,U+8AEC,qi3,qǐ
15598,諭,U+8AED,yu4|tou3,yù|tǒu
15599,諮,U+8AEE,zi1,zī
15600,諯,U+8AEF,zhuan1,zhuān
15601,諰,U+8AF0,xi3|shai1|ai1,xǐ|shāi|āi
15602,諱,U+8AF1,hui4,huì
15603,諲,U+8AF2,yin1,yīn
15604,諳,U+8AF3,an1|tou3,ān|tǒu
15605,諴,U+8AF4,xian2|gan1,xián|gān
15606,諵,U+8AF5,nan2|nan4,nán|nàn
15607,諶,U+8AF6,chen2,chén
15608,諷,U+8AF7,feng3|feng4,fěng|fèng
15609,諸,U+8AF8,zhu1|chu2,zhū|chú
15610,諹,U+8AF9,yang2,yáng
15611,諺,U+8AFA,yan4,yàn
15612,諻,U+8AFB,huang2,huáng
15613,諼,U+8AFC,xuan1,xuān
15614,諽,U+8AFD,ge2,gé
15615,諾,U+8AFE,nuo4,nuò
15616,諿,U+8AFF,qi1|xu3,qī|xǔ
15617,謀,U+8B00,mou2,móu
15618,謁,U+8B01,ye4|ai3,yè|ǎi
15619,謂,U+8B02,wei4,wèi
15620,謃,U+8B03,xing1,xīng
15621,謄,U+8B04,teng2,téng
15622,謅,U+8B05,zhou1|chou1|chao3,zhōu|chōu|chǎo
15623,謆,U+8B06,shan4,shàn
15624,謇,U+8B07,jian3,jiǎn
15625,謈,U+8B08,po2|pao2,pó|páo
15626,謉,U+8B09,kui4|dui3|tui2|gui3,kuì|duǐ|tuí|guǐ
15627,謊,U+8B0A,huang3,huǎng
15628,謋,U+8B0B,huo4,huò
15629,謌,U+8B0C,ge1,gē
15630,謍,U+8B0D,ying2|ying1|hong1,yíng|yīng|hōng
15631,謎,U+8B0E,mi2,mí
15632,謏,U+8B0F,xiao3|sou3|sou4,xiǎo|sǒu|sòu
15633,謐,U+8B10,mi4,mì
15634,謑,U+8B11,xi3|xia4|xi2,xǐ|xià|xí
15635,謒,U+8B12,qiang1,qiāng
15636,謓,U+8B13,chen1|zhen4,chēn|zhèn
15637,謔,U+8B14,xue4,xuè
15638,謕,U+8B15,ti2|si1,tí|sī
15639,謖,U+8B16,su4,sù
15640,謗,U+8B17,bang4,bàng
15641,謘,U+8B18,chi2,chí
15642,謙,U+8B19,qian1|zhan4,qiān|zhàn
15643,謚,U+8B1A,shi4|yi4|xi4,shì|yì|xì
15644,講,U+8B1B,jiang3,jiǎng
15645,謜,U+8B1C,yuan2|quan2,yuán|quán
15646,謝,U+8B1D,xie4,xiè
15647,謞,U+8B1E,he4|xiao1,hè|xiāo
15648,謟,U+8B1F,tao1,tāo
15649,謠,U+8B20,yao2,yáo
15650,謡,U+8B21,yao2,yáo
15651,謢,U+8B22,lu1,lū
15652,謣,U+8B23,yu2|xu1,yú|xū
15653,謤,U+8B24,biao1|piao1,biāo|piāo
15654,謥,U+8B25,cong4,còng
15655,謦,U+8B26,qing3|qing4,qǐng|qìng
15656,謧,U+8B27,li2,lí
15657,謨,U+8B28,mo2,mó
15658,謩,U+8B29,mo2,mó
15659,謪,U+8B2A,shang1,shāng
15660,謫,U+8B2B,zhe2|ze2,zhé|zé
15661,謬,U+8B2C,miu4,miù
15662,謭,U+8B2D,jian3,jiǎn
15663,謮,U+8B2E,ze2,zé
15664,謯,U+8B2F,jie1|zha1|zha3|zu3,jiē|zhā|zhǎ|zǔ
15665,謰,U+8B30,lian2,lián
15666,謱,U+8B31,lou2|lv3,lóu|lǚ
15667,謲,U+8B32,can4|zao4|san1|chen3,càn|zào|sān|chěn
15668,謳,U+8B33,ou1|xu2,ōu|xú
15669,謴,U+8B34,gun4,gùn
15670,謵,U+8B35,xi2|che4,xí|chè
15671,謶,U+8B36,zhuo2|shu4|zhe1,zhuó|shù|zhē
15672,謷,U+8B37,ao2|ao4,áo|ào
15673,謸,U+8B38,ao2,áo
15674,謹,U+8B39,jin3,jǐn
15675,謺,U+8B3A,zhe2,zhé
15676,謻,U+8B3B,yi2|chi2,yí|chí
15677,謼,U+8B3C,hu1|xiao1,hū|xiāo
15678,謽,U+8B3D,jiang4,jiàng
15679,謾,U+8B3E,man2|man4,mán|màn
15680,謿,U+8B3F,chao2,cháo
15681,譀,U+8B40,han4|xian4,hàn|xiàn
15682,譁,U+8B41,hua2|wa4,huá|wà
15683,譂,U+8B42,chan3|dan4,chǎn|dàn
15684,譃,U+8B43,xu1,xū
15685,譄,U+8B44,zeng1,zēng
15686,譅,U+8B45,se4,sè
15687,譆,U+8B46,xi1,xī
15688,譇,U+8B47,zha1,zhā
15689,譈,U+8B48,dui4,duì
15690,證,U+8B49,zheng4,zhèng
15691,譊,U+8B4A,nao2|xiao1,náo|xiāo
15692,譋,U+8B4B,lan2,lán
15693,譌,U+8B4C,e2|wa2|gui3,é|wá|guǐ
15694,譍,U+8B4D,ying1|ying4,yīng|yìng
15695,譎,U+8B4E,jue2,jué
15696,譏,U+8B4F,ji1,jī
15697,譐,U+8B50,zun3,zǔn
15698,譑,U+8B51,jiao3|qiao4,jiǎo|qiào
15699,譒,U+8B52,bo4,bò
15700,譓,U+8B53,hui4,huì
15701,譔,U+8B54,zhuan4|quan2,zhuàn|quán
15702,譕,U+8B55,wu2|mo2,wú|mó
15703,譖,U+8B56,zen4|jian4,zèn|jiàn
15704,譗,U+8B57,zha2,zhá
15705,識,U+8B58,shi2|shi4|zhi4,shí|shì|zhì
15706,譙,U+8B59,qiao4|qiao2,qiào|qiáo
15707,譚,U+8B5A,tan2,tán
15708,譛,U+8B5B,zen4,zèn
15709,譜,U+8B5C,pu3,pǔ
15710,譝,U+8B5D,sheng2,shéng
15711,譞,U+8B5E,xuan1,xuān
15712,譟,U+8B5F,zao4,zào
15713,譠,U+8B60,tan2,tán
15714,譡,U+8B61,dang3,dǎng
15715,譢,U+8B62,sui4,suì
15716,譣,U+8B63,xian3,xiǎn
15717,譤,U+8B64,ji1,jī
15718,譥,U+8B65,jiao4,jiào
15719,警,U+8B66,jing3,jǐng
15720,譧,U+8B67,zhan4|lian2,zhàn|lián
15721,譨,U+8B68,nang2|nou2,náng|nóu
15722,譩,U+8B69,yi1,yī
15723,譪,U+8B6A,ai3,ǎi
15724,譫,U+8B6B,zhan1,zhān
15725,譬,U+8B6C,pi4,pì
15726,譭,U+8B6D,hui3,huǐ
15727,譮,U+8B6E,hua4|xie4|hui4,huà|xiè|huì
15728,譯,U+8B6F,yi4,yì
15729,議,U+8B70,yi4,yì
15730,譱,U+8B71,shan4,shàn
15731,譲,U+8B72,rang4,ràng
15732,譳,U+8B73,nou4,nòu
15733,譴,U+8B74,qian3,qiǎn
15734,譵,U+8B75,dui4,duì
15735,譶,U+8B76,ta4,tà
15736,護,U+8B77,hu4,hù
15737,譸,U+8B78,zhou1|chou2,zhōu|chóu
15738,譹,U+8B79,hao2,háo
15739,譺,U+8B7A,ai4|yi3|ni3|yi4|yi2,ài|yǐ|nǐ|yì|yí
15740,譻,U+8B7B,ying1,yīng
15741,譼,U+8B7C,jian4,jiàn
15742,譽,U+8B7D,yu4,yù
15743,譾,U+8B7E,jian3,jiǎn
15744,譿,U+8B7F,hui4,huì
15745,讀,U+8B80,du2|dou4,dú|dòu
15746,讁,U+8B81,zhe2,zhé
15747,讂,U+8B82,xuan4,xuàn
15748,讃,U+8B83,zan4,zàn
15749,讄,U+8B84,lei3,lěi
15750,讅,U+8B85,shen3,shěn
15751,讆,U+8B86,wei4,wèi
15752,讇,U+8B87,chan3,chǎn
15753,讈,U+8B88,li4,lì
15754,讉,U+8B89,yi2|tui1,yí|tuī
15755,變,U+8B8A,bian4,biàn
15756,讋,U+8B8B,zhe2,zhé
15757,讌,U+8B8C,yan4,yàn
15758,讍,U+8B8D,e4,è
15759,讎,U+8B8E,chou2,chóu
15760,讏,U+8B8F,wei4,wèi
15761,讐,U+8B90,chou2,chóu
15762,讑,U+8B91,yao4,yào
15763,讒,U+8B92,chan2,chán
15764,讓,U+8B93,rang4,ràng
15765,讔,U+8B94,yin3,yǐn
15766,讕,U+8B95,lan2,lán
15767,讖,U+8B96,chen4|chan4,chèn|chàn
15768,讗,U+8B97,xie2,xié
15769,讘,U+8B98,nie4,niè
15770,讙,U+8B99,huan1|huan4,huān|huàn
15771,讚,U+8B9A,zan4,zàn
15772,讛,U+8B9B,yi4,yì
15773,讜,U+8B9C,dang3|dang4,dǎng|dàng
15774,讝,U+8B9D,zhan2|zhan1,zhán|zhān
15775,讞,U+8B9E,yan4,yàn
15776,讟,U+8B9F,du2,dú
15777,讠,U+8BA0,yan2,yán
15778,计,U+8BA1,ji4,jì
15779,订,U+8BA2,ding4,dìng
15780,讣,U+8BA3,fu4,fù
15781,认,U+8BA4,ren4,rèn
15782,讥,U+8BA5,ji1,jī
15783,讦,U+8BA6,jie2,jié
15784,讧,U+8BA7,hong4,hòng
15785,讨,U+8BA8,tao3,tǎo
15786,让,U+8BA9,rang4,ràng
15787,讪,U+8BAA,shan4,shàn
15788,讫,U+8BAB,qi4,qì
15789,讬,U+8BAC,tuo1,tuō
15790,训,U+8BAD,xun4,xùn
15791,议,U+8BAE,yi4,yì
15792,讯,U+8BAF,xun4,xùn
15793,记,U+8BB0,ji4,jì
15794,讱,U+8BB1,ren4,rèn
15795,讲,U+8BB2,jiang3,jiǎng
15796,讳,U+8BB3,hui4,huì
15797,讴,U+8BB4,ou1,ōu
15798,讵,U+8BB5,ju4,jù
15799,讶,U+8BB6,ya4,yà
15800,讷,U+8BB7,ne4,nè
15801,许,U+8BB8,xu3|hu3,xǔ|hǔ
15802,讹,U+8BB9,e2,é
15803,论,U+8BBA,lun4|lun2,lùn|lún
15804,讻,U+8BBB,xiong1,xiōng
15805,讼,U+8BBC,song4,sòng
15806,讽,U+8BBD,feng3|feng4,fěng|fèng
15807,设,U+8BBE,she4,shè
15808,访,U+8BBF,fang3,fǎng
15809,诀,U+8BC0,jue2,jué
15810,证,U+8BC1,zheng4,zhèng
15811,诂,U+8BC2,gu3,gǔ
15812,诃,U+8BC3,he1,hē
15813,评,U+8BC4,ping2,píng
15814,诅,U+8BC5,zu3,zǔ
15815,识,U+8BC6,shi2|shi4|zhi4,shí|shì|zhì
15816,诇,U+8BC7,xiong4,xiòng
15817,诈,U+8BC8,zha4,zhà
15818,诉,U+8BC9,su4,sù
15819,诊,U+8BCA,zhen3,zhěn
15820,诋,U+8BCB,di3,dǐ
15821,诌,U+8BCC,zhou1,zhōu
15822,词,U+8BCD,ci2,cí
15823,诎,U+8BCE,qu1,qū
15824,诏,U+8BCF,zhao4,zhào
15825,诐,U+8BD0,bi4,bì
15826,译,U+8BD1,yi4,yì
15827,诒,U+8BD2,yi2,yí
15828,诓,U+8BD3,kuang1,kuāng
15829,诔,U+8BD4,lei3,lěi
15830,试,U+8BD5,shi4,shì
15831,诖,U+8BD6,gua4,guà
15832,诗,U+8BD7,shi1,shī
15833,诘,U+8BD8,ji2|jie2,jí|jié
15834,诙,U+8BD9,hui1,huī
15835,诚,U+8BDA,cheng2,chéng
15836,诛,U+8BDB,zhu1,zhū
15837,诜,U+8BDC,shen1,shēn
15838,话,U+8BDD,hua4,huà
15839,诞,U+8BDE,dan4,dàn
15840,诟,U+8BDF,gou4,gòu
15841,诠,U+8BE0,quan2,quán
15842,诡,U+8BE1,gui3,guǐ
15843,询,U+8BE2,xun2,xún
15844,诣,U+8BE3,yi4,yì
15845,诤,U+8BE4,zheng4,zhèng
15846,该,U+8BE5,gai1,gāi
15847,详,U+8BE6,xiang2,xiáng
15848,诧,U+8BE7,cha4,chà
15849,诨,U+8BE8,hun4,hùn
15850,诩,U+8BE9,xu3,xǔ
15851,诪,U+8BEA,zhou1,zhōu
15852,诫,U+8BEB,jie4,jiè
15853,诬,U+8BEC,wu1,wū
15854,语,U+8BED,yu3|yu4,yǔ|yù
15855,诮,U+8BEE,qiao4,qiào
15856,误,U+8BEF,wu4,wù
15857,诰,U+8BF0,gao4,gào
15858,诱,U+8BF1,you4,yòu
15859,诲,U+8BF2,hui4,huì
15860,诳,U+8BF3,kuang2,kuáng
15861,说,U+8BF4,shuo1|shui4|yue4,shuō|shuì|yuè
15862,诵,U+8BF5,song4,sòng
15863,诶,U+8BF6,ei2,éi
15864,请,U+8BF7,qing3,qǐng
15865,诸,U+8BF8,zhu1,zhū
15866,诹,U+8BF9,zou1,zōu
15867,诺,U+8BFA,nuo4,nuò
15868,读,U+8BFB,du2|dou4,dú|dòu
15869,诼,U+8BFC,zhuo2,zhuó
15870,诽,U+8BFD,fei3,fěi
15871,课,U+8BFE,ke4,kè
15872,诿,U+8BFF,wei3,wěi
15873,谀,U+8C00,yu2,yú
15874,谁,U+8C01,shui2|shei2,shuí|shéi
15875,谂,U+8C02,shen3,shěn
15876,调,U+8C03,diao4|tiao2,diào|tiáo
15877,谄,U+8C04,chan3,chǎn
15878,谅,U+8C05,liang4,liàng
15879,谆,U+8C06,zhun1,zhūn
15880,谇,U+8C07,sui4,suì
15881,谈,U+8C08,tan2,tán
15882,谉,U+8C09,shen3,shěn
15883,谊,U+8C0A,yi4,yì
15884,谋,U+8C0B,mou2,móu
15885,谌,U+8C0C,chen2,chén
15886,谍,U+8C0D,die2,dié
15887,谎,U+8C0E,huang3,huǎng
15888,谏,U+8C0F,jian4,jiàn
15889,谐,U+8C10,xie2,xié
15890,谑,U+8C11,xue4,xuè
15891,谒,U+8C12,ye4,yè
15892,谓,U+8C13,wei4,wèi
15893,谔,U+8C14,e4,è
15894,谕,U+8C15,yu4,yù
15895,谖,U+8C16,xuan1,xuān
15896,谗,U+8C17,chan2,chán
15897,谘,U+8C18,zi1,zī
15898,谙,U+8C19,an1,ān
15899,谚,U+8C1A,yan4,yàn
15900,谛,U+8C1B,di4,dì
15901,谜,U+8C1C,mi2|mei4,mí|mèi
15902,谝,U+8C1D,pian2|pian3,pián|piǎn
15903,谞,U+8C1E,xu1,xū
15904,谟,U+8C1F,mo2,mó
15905,谠,U+8C20,dang3,dǎng
15906,谡,U+8C21,su4,sù
15907,谢,U+8C22,xie4,xiè
15908,谣,U+8C23,yao2,yáo
15909,谤,U+8C24,bang4,bàng
15910,谥,U+8C25,shi4,shì
15911,谦,U+8C26,qian1,qiān
15912,谧,U+8C27,mi4,mì
15913,谨,U+8C28,jin3,jǐn
15914,谩,U+8C29,man2|man4,mán|màn
15915,谪,U+8C2A,zhe2,zhé
15916,谫,U+8C2B,jian3,jiǎn
15917,谬,U+8C2C,miu4,miù
15918,谭,U+8C2D,tan2,tán
15919,谮,U+8C2E,zen4,zèn
15920,谯,U+8C2F,qiao2|qiao4,qiáo|qiào
15921,谰,U+8C30,lan2,lán
15922,谱,U+8C31,pu3,pǔ
15923,谲,U+8C32,jue2,jué
15924,谳,U+8C33,yan4,yàn
15925,谴,U+8C34,qian3,qiǎn
15926,谵,U+8C35,zhan1,zhān
15927,谶,U+8C36,chen4,chèn
15928,谷,U+8C37,gu3|lu4|yu4,gǔ|lù|yù
15929,谸,U+8C38,qian1,qiān
15930,谹,U+8C39,hong2,hóng
15931,谺,U+8C3A,xia1,xiā
15932,谻,U+8C3B,ji2,jí
15933,谼,U+8C3C,hong2,hóng
15934,谽,U+8C3D,han1,hān
15935,谾,U+8C3E,hong1|long2,hōng|lóng
15936,谿,U+8C3F,xi1|ji1,xī|jī
15937,豀,U+8C40,xi1,xī
15938,豁,U+8C41,huo1|huo4|hua2,huō|huò|huá
15939,豂,U+8C42,liao2,liáo
15940,豃,U+8C43,han3|gan3,hǎn|gǎn
15941,豄,U+8C44,du2,dú
15942,豅,U+8C45,long2|long4,lóng|lòng
15943,豆,U+8C46,dou4,dòu
15944,豇,U+8C47,jiang1,jiāng
15945,豈,U+8C48,qi3|kai3,qǐ|kǎi
15946,豉,U+8C49,shi4|chi3,shì|chǐ
15947,豊,U+8C4A,li3|feng1,lǐ|fēng
15948,豋,U+8C4B,deng1,dēng
15949,豌,U+8C4C,wan1,wān
15950,豍,U+8C4D,bi1|bian3,bī|biǎn
15951,豎,U+8C4E,shu4,shù
15952,豏,U+8C4F,xian4,xiàn
15953,豐,U+8C50,feng1,fēng
15954,豑,U+8C51,zhi4,zhì
15955,豒,U+8C52,zhi4,zhì
15956,豓,U+8C53,yan4,yàn
15957,豔,U+8C54,yan4,yàn
15958,豕,U+8C55,shi3,shǐ
15959,豖,U+8C56,chu4,chù
15960,豗,U+8C57,hui1,huī
15961,豘,U+8C58,tun2,tún
15962,豙,U+8C59,yi4,yì
15963,豚,U+8C5A,tun2|dun1|dun4,tún|dūn|dùn
15964,豛,U+8C5B,yi4,yì
15965,豜,U+8C5C,jian1,jiān
15966,豝,U+8C5D,ba1,bā
15967,豞,U+8C5E,hou4,hòu
15968,豟,U+8C5F,e4,è
15969,豠,U+8C60,chu2,chú
15970,象,U+8C61,xiang4,xiàng
15971,豢,U+8C62,huan4,huàn
15972,豣,U+8C63,jian1|yan4,jiān|yàn
15973,豤,U+8C64,ken3|kun1,kěn|kūn
15974,豥,U+8C65,gai1,gāi
15975,豦,U+8C66,ju4,jù
15976,豧,U+8C67,fu1|fu4|pu1,fū|fù|pū
15977,豨,U+8C68,xi1,xī
15978,豩,U+8C69,bin1|huan1,bīn|huān
15979,豪,U+8C6A,hao2,háo
15980,豫,U+8C6B,yu4|xie4|shu1,yù|xiè|shū
15981,豬,U+8C6C,zhu1,zhū
15982,豭,U+8C6D,jia1,jiā
15983,豮,U+8C6E,fen2,fén
15984,豯,U+8C6F,xi1,xī
15985,豰,U+8C70,bo2|hu4|huo4|gou4,bó|hù|huò|gòu
15986,豱,U+8C71,wen1,wēn
15987,豲,U+8C72,huan2,huán
15988,豳,U+8C73,bin1|ban1,bīn|bān
15989,豴,U+8C74,di2,dí
15990,豵,U+8C75,zong1,zōng
15991,豶,U+8C76,fen2,fén
15992,豷,U+8C77,yi4,yì
15993,豸,U+8C78,zhi4|zhai4,zhì|zhài
15994,豹,U+8C79,bao4,bào
15995,豺,U+8C7A,chai2,chái
15996,豻,U+8C7B,an4,àn
15997,豼,U+8C7C,pi2,pí
15998,豽,U+8C7D,na4,nà
15999,豾,U+8C7E,pi1,pī
16000,豿,U+8C7F,gou3,gǒu
16001,貀,U+8C80,na4|duo4,nà|duò
16002,貁,U+8C81,you4,yòu
16003,貂,U+8C82,diao1,diāo
16004,貃,U+8C83,mo4,mò
16005,貄,U+8C84,si4,sì
16006,貅,U+8C85,xiu1,xiū
16007,貆,U+8C86,huan2|huan1,huán|huān
16008,貇,U+8C87,kun1|mao4|ken3,kūn|mào|kěn
16009,貈,U+8C88,he2|mo4,hé|mò
16010,貉,U+8C89,hao2|he2|mo4|ma4,háo|hé|mò|mà
16011,貊,U+8C8A,mo4|ma2,mò|má
16012,貋,U+8C8B,an4,àn
16013,貌,U+8C8C,mao4|mo4,mào|mò
16014,貍,U+8C8D,li2|mai2|yu4,lí|mái|yù
16015,貎,U+8C8E,ni2,ní
16016,貏,U+8C8F,bi3,bǐ
16017,貐,U+8C90,yu3,yǔ
16018,貑,U+8C91,jia1,jiā
16019,貒,U+8C92,tuan1|tuan4,tuān|tuàn
16020,貓,U+8C93,mao1|mao2,māo|máo
16021,貔,U+8C94,pi2,pí
16022,貕,U+8C95,xi1,xī
16023,貖,U+8C96,yi4,yì
16024,貗,U+8C97,ju4|yu2,jù|yú
16025,貘,U+8C98,mo4,mò
16026,貙,U+8C99,chu1,chū
16027,貚,U+8C9A,tan2,tán
16028,貛,U+8C9B,huan1,huān
16029,貜,U+8C9C,jue2,jué
16030,貝,U+8C9D,bei4,bèi
16031,貞,U+8C9E,zhen1|zheng1,zhēn|zhēng
16032,貟,U+8C9F,yuan2,yuán
16033,負,U+8CA0,fu4,fù
16034,財,U+8CA1,cai2,cái
16035,貢,U+8CA2,gong4,gòng
16036,貣,U+8CA3,te4,tè
16037,貤,U+8CA4,yi2|yi4,yí|yì
16038,貥,U+8CA5,hang2,háng
16039,貦,U+8CA6,wan2,wán
16040,貧,U+8CA7,pin2,pín
16041,貨,U+8CA8,huo4,huò
16042,販,U+8CA9,fan4,fàn
16043,貪,U+8CAA,tan1,tān
16044,貫,U+8CAB,guan4|wan1,guàn|wān
16045,責,U+8CAC,ze2|zhai4,zé|zhài
16046,貭,U+8CAD,zhi4,zhì
16047,貮,U+8CAE,er4,èr
16048,貯,U+8CAF,zhu4,zhù
16049,貰,U+8CB0,shi4,shì
16050,貱,U+8CB1,bi4,bì
16051,貲,U+8CB2,zi1,zī
16052,貳,U+8CB3,er4,èr
16053,貴,U+8CB4,gui4,guì
16054,貵,U+8CB5,pian3,piǎn
16055,貶,U+8CB6,bian3|fa2,biǎn|fá
16056,買,U+8CB7,mai3,mǎi
16057,貸,U+8CB8,dai4|te4,dài|tè
16058,貹,U+8CB9,sheng4,shèng
16059,貺,U+8CBA,kuang4,kuàng
16060,費,U+8CBB,fei4|fu2|bi4,fèi|fú|bì
16061,貼,U+8CBC,tie1,tiē
16062,貽,U+8CBD,yi2,yí
16063,貾,U+8CBE,chi2,chí
16064,貿,U+8CBF,mao4,mào
16065,賀,U+8CC0,he4,hè
16066,賁,U+8CC1,bi4|fen2|ben1|fen4|fei2|ban1|lu4|pan1,bì|fén|bēn|fèn|féi|bān|lù|pān
16067,賂,U+8CC2,lu4,lù
16068,賃,U+8CC3,lin4,lìn
16069,賄,U+8CC4,hui4,huì
16070,賅,U+8CC5,gai1,gāi
16071,賆,U+8CC6,pian2,pián
16072,資,U+8CC7,zi1|zi4,zī|zì
16073,賈,U+8CC8,jia3|gu3|jia4,jiǎ|gǔ|jià
16074,賉,U+8CC9,xu4,xù
16075,賊,U+8CCA,zei2,zéi
16076,賋,U+8CCB,jiao3,jiǎo
16077,賌,U+8CCC,gai1,gāi
16078,賍,U+8CCD,zang1,zāng
16079,賎,U+8CCE,jian4,jiàn
16080,賏,U+8CCF,ying1,yīng
16081,賐,U+8CD0,xun4,xùn
16082,賑,U+8CD1,zhen4,zhèn
16083,賒,U+8CD2,she1|sha1,shē|shā
16084,賓,U+8CD3,bin1,bīn
16085,賔,U+8CD4,bin1,bīn
16086,賕,U+8CD5,qiu2,qiú
16087,賖,U+8CD6,she1,shē
16088,賗,U+8CD7,chuan4,chuàn
16089,賘,U+8CD8,zang1,zāng
16090,賙,U+8CD9,zhou1,zhōu
16091,賚,U+8CDA,lai4,lài
16092,賛,U+8CDB,zan4,zàn
16093,賜,U+8CDC,ci4,cì
16094,賝,U+8CDD,chen1,chēn
16095,賞,U+8CDE,shang3,shǎng
16096,賟,U+8CDF,tian3,tiǎn
16097,賠,U+8CE0,pei2,péi
16098,賡,U+8CE1,geng1,gēng
16099,賢,U+8CE2,xian2|xian4,xián|xiàn
16100,賣,U+8CE3,mai4,mài
16101,賤,U+8CE4,jian4,jiàn
16102,賥,U+8CE5,sui4,suì
16103,賦,U+8CE6,fu4,fù
16104,賧,U+8CE7,tan4,tàn
16105,賨,U+8CE8,cong2,cóng
16106,賩,U+8CE9,cong2,cóng
16107,質,U+8CEA,zhi4,zhì
16108,賫,U+8CEB,ji1,jī
16109,賬,U+8CEC,zhang4,zhàng
16110,賭,U+8CED,du3,dǔ
16111,賮,U+8CEE,jin4,jìn
16112,賯,U+8CEF,xiong1,xiōng
16113,賰,U+8CF0,chun3,chǔn
16114,賱,U+8CF1,yun3,yǔn
16115,賲,U+8CF2,bao3,bǎo
16116,賳,U+8CF3,zai1,zāi
16117,賴,U+8CF4,lai4,lài
16118,賵,U+8CF5,feng4,fèng
16119,賶,U+8CF6,cang4,càng
16120,賷,U+8CF7,ji1,jī
16121,賸,U+8CF8,sheng4,shèng
16122,賹,U+8CF9,yi4|ai4,yì|ài
16123,賺,U+8CFA,zhuan4|zuan4,zhuàn|zuàn
16124,賻,U+8CFB,fu4,fù
16125,購,U+8CFC,gou4,gòu
16126,賽,U+8CFD,sai4,sài
16127,賾,U+8CFE,ze2,zé
16128,賿,U+8CFF,liao2,liáo
16129,贀,U+8D00,yi4,yì
16130,贁,U+8D01,bai4,bài
16131,贂,U+8D02,chen3,chěn
16132,贃,U+8D03,wan4,wàn
16133,贄,U+8D04,zhi4|zhi2,zhì|zhí
16134,贅,U+8D05,zhui4,zhuì
16135,贆,U+8D06,biao1,biāo
16136,贇,U+8D07,yun1|bin1,yūn|bīn
16137,贈,U+8D08,zeng4,zèng
16138,贉,U+8D09,dan4,dàn
16139,贊,U+8D0A,zan4,zàn
16140,贋,U+8D0B,yan4,yàn
16141,贌,U+8D0C,pu2,pú
16142,贍,U+8D0D,shan4|dan4,shàn|dàn
16143,贎,U+8D0E,wan4,wàn
16144,贏,U+8D0F,ying2,yíng
16145,贐,U+8D10,jin4,jìn
16146,贑,U+8D11,gan4,gàn
16147,贒,U+8D12,xian2,xián
16148,贓,U+8D13,zang1,zāng
16149,贔,U+8D14,bi4,bì
16150,贕,U+8D15,du2,dú
16151,贖,U+8D16,shu2|shu4,shú|shù
16152,贗,U+8D17,yan4|yan2,yàn|yán
16153,贘,U+8D18,shang3,shǎng
16154,贙,U+8D19,xuan4,xuàn
16155,贚,U+8D1A,long4,lòng
16156,贛,U+8D1B,gan4|gong4|zhuang4,gàn|gòng|zhuàng
16157,贜,U+8D1C,zang1,zāng
16158,贝,U+8D1D,bei4,bèi
16159,贞,U+8D1E,zhen1,zhēn
16160,负,U+8D1F,fu4,fù
16161,贠,U+8D20,yuan2,yuán
16162,贡,U+8D21,gong4,gòng
16163,财,U+8D22,cai2,cái
16164,责,U+8D23,ze2,zé
16165,贤,U+8D24,xian2,xián
16166,败,U+8D25,bai4,bài
16167,账,U+8D26,zhang4,zhàng
16168,货,U+8D27,huo4,huò
16169,质,U+8D28,zhi4,zhì
16170,贩,U+8D29,fan4,fàn
16171,贪,U+8D2A,tan1,tān
16172,贫,U+8D2B,pin2,pín
16173,贬,U+8D2C,bian3,biǎn
16174,购,U+8D2D,gou4,gòu
16175,贮,U+8D2E,zhu4,zhù
16176,贯,U+8D2F,guan4,guàn
16177,贰,U+8D30,er4,èr
16178,贱,U+8D31,jian4,jiàn
16179,贲,U+8D32,ben1|bi4,bēn|bì
16180,贳,U+8D33,shi4,shì
16181,贴,U+8D34,tie1,tiē
16182,贵,U+8D35,gui4,guì
16183,贶,U+8D36,kuang4,kuàng
16184,贷,U+8D37,dai4,dài
16185,贸,U+8D38,mao4,mào
16186,费,U+8D39,fei4,fèi
16187,贺,U+8D3A,he4,hè
16188,贻,U+8D3B,yi2,yí
16189,贼,U+8D3C,zei2,zéi
16190,贽,U+8D3D,zhi4,zhì
16191,贾,U+8D3E,jia3|gu3,jiǎ|gǔ
16192,贿,U+8D3F,hui4,huì
16193,赀,U+8D40,zi1,zī
16194,赁,U+8D41,lin4,lìn
16195,赂,U+8D42,lu4,lù
16196,赃,U+8D43,zang1,zāng
16197,资,U+8D44,zi1,zī
16198,赅,U+8D45,gai1,gāi
16199,赆,U+8D46,jin4,jìn
16200,赇,U+8D47,qiu2,qiú
16201,赈,U+8D48,zhen4,zhèn
16202,赉,U+8D49,lai4,lài
16203,赊,U+8D4A,she1,shē
16204,赋,U+8D4B,fu4,fù
16205,赌,U+8D4C,du3,dǔ
16206,赍,U+8D4D,ji1,jī
16207,赎,U+8D4E,shu2,shú
16208,赏,U+8D4F,shang3,shǎng
16209,赐,U+8D50,ci4,cì
16210,赑,U+8D51,bi4,bì
16211,赒,U+8D52,zhou1,zhōu
16212,赓,U+8D53,geng1,gēng
16213,赔,U+8D54,pei2,péi
16214,赕,U+8D55,dan3,dǎn
16215,赖,U+8D56,lai4,lài
16216,赗,U+8D57,feng4,fèng
16217,赘,U+8D58,zhui4,zhuì
16218,赙,U+8D59,fu4,fù
16219,赚,U+8D5A,zhuan4|zuan4,zhuàn|zuàn
16220,赛,U+8D5B,sai4,sài
16221,赜,U+8D5C,ze2,zé
16222,赝,U+8D5D,yan4,yàn
16223,赞,U+8D5E,zan4,zàn
16224,赟,U+8D5F,yun1,yūn
16225,赠,U+8D60,zeng4,zèng
16226,赡,U+8D61,shan4,shàn
16227,赢,U+8D62,ying2,yíng
16228,赣,U+8D63,gan4,gàn
16229,赤,U+8D64,chi4,chì
16230,赥,U+8D65,xi1,xī
16231,赦,U+8D66,she4|ce4,shè|cè
16232,赧,U+8D67,nan3,nǎn
16233,赨,U+8D68,tong2|xiong2,tóng|xióng
16234,赩,U+8D69,xi4,xì
16235,赪,U+8D6A,cheng1,chēng
16236,赫,U+8D6B,he4|shi4,hè|shì
16237,赬,U+8D6C,cheng1,chēng
16238,赭,U+8D6D,zhe3,zhě
16239,赮,U+8D6E,xia2,xiá
16240,赯,U+8D6F,tang2,táng
16241,走,U+8D70,zou3,zǒu
16242,赱,U+8D71,zou3,zǒu
16243,赲,U+8D72,li4,lì
16244,赳,U+8D73,jiu1|jiu4,jiū|jiù
16245,赴,U+8D74,fu4,fù
16246,赵,U+8D75,zhao4,zhào
16247,赶,U+8D76,gan3|qian2,gǎn|qián
16248,起,U+8D77,qi3,qǐ
16249,赸,U+8D78,shan4,shàn
16250,赹,U+8D79,qiong2,qióng
16251,赺,U+8D7A,yin3|qin3,yǐn|qǐn
16252,赻,U+8D7B,xian3,xiǎn
16253,赼,U+8D7C,zi1,zī
16254,赽,U+8D7D,jue2|gui4,jué|guì
16255,赾,U+8D7E,qin3,qǐn
16256,赿,U+8D7F,chi2|di4,chí|dì
16257,趀,U+8D80,ci1,cī
16258,趁,U+8D81,chen4|zhen1|chen2|nian3|zhen3,chèn|zhēn|chén|niǎn|zhěn
16259,趂,U+8D82,chen4,chèn
16260,趃,U+8D83,die2|tu2,dié|tú
16261,趄,U+8D84,ju1|qie4,jū|qiè
16262,超,U+8D85,chao1|chao3|chao4|tiao4,chāo|chǎo|chào|tiào
16263,趆,U+8D86,di1,dī
16264,趇,U+8D87,xi4,xì
16265,趈,U+8D88,zhan1,zhān
16266,趉,U+8D89,jue2|ju2,jué|jú
16267,越,U+8D8A,yue4|huo2,yuè|huó
16268,趋,U+8D8B,qu1,qū
16269,趌,U+8D8C,ji2|jie2,jí|jié
16270,趍,U+8D8D,chi2|qu1,chí|qū
16271,趎,U+8D8E,chu2,chú
16272,趏,U+8D8F,gua1|huo2,guā|huó
16273,趐,U+8D90,xue4|chi4,xuè|chì
16274,趑,U+8D91,zi1|ci4,zī|cì
16275,趒,U+8D92,tiao2|tiao4|tiao3,tiáo|tiào|tiǎo
16276,趓,U+8D93,duo3,duǒ
16277,趔,U+8D94,lie4,liè
16278,趕,U+8D95,gan3,gǎn
16279,趖,U+8D96,suo1,suō
16280,趗,U+8D97,cu4,cù
16281,趘,U+8D98,xi2,xí
16282,趙,U+8D99,zhao4|diao4,zhào|diào
16283,趚,U+8D9A,su4,sù
16284,趛,U+8D9B,yin3,yǐn
16285,趜,U+8D9C,ju2|qu1|qiu2,jú|qū|qiú
16286,趝,U+8D9D,jian4,jiàn
16287,趞,U+8D9E,que4|qi4|ji2,què|qì|jí
16288,趟,U+8D9F,tang4|zheng1|zheng4|cheng2|tang1,tàng|zhēng|zhèng|chéng|tāng
16289,趠,U+8DA0,chuo4|chao4|tiao4|zhuo2,chuò|chào|tiào|zhuó
16290,趡,U+8DA1,cui3|wei3|ju4,cuǐ|wěi|jù
16291,趢,U+8DA2,lu4,lù
16292,趣,U+8DA3,qu4|cu4|qu1|cou3|zou1,qù|cù|qū|cǒu|zōu
16293,趤,U+8DA4,dang4,dàng
16294,趥,U+8DA5,qiu1|cu4,qiū|cù
16295,趦,U+8DA6,zi1,zī
16296,趧,U+8DA7,ti2,tí
16297,趨,U+8DA8,qu1|cu4|qu4|cou3,qū|cù|qù|cǒu
16298,趩,U+8DA9,chi4,chì
16299,趪,U+8DAA,huang2|guang1,huáng|guāng
16300,趫,U+8DAB,qiao2|jiao4|chao3,qiáo|jiào|chǎo
16301,趬,U+8DAC,qiao1,qiāo
16302,趭,U+8DAD,jiao4,jiào
16303,趮,U+8DAE,zao4,zào
16304,趯,U+8DAF,ti4|yue4|yao4,tì|yuè|yào
16305,趰,U+8DB0,er3,ěr
16306,趱,U+8DB1,zan3,zǎn
16307,趲,U+8DB2,zan3|zu1,zǎn|zū
16308,足,U+8DB3,zu2|ju4,zú|jù
16309,趴,U+8DB4,pa1,pā
16310,趵,U+8DB5,bao4|bo1|zhuo2|chuo4|pao2,bào|bō|zhuó|chuò|páo
16311,趶,U+8DB6,ku4|wu1,kù|wū
16312,趷,U+8DB7,ke1,kē
16313,趸,U+8DB8,dun3,dǔn
16314,趹,U+8DB9,jue2|gui4,jué|guì
16315,趺,U+8DBA,fu1,fū
16316,趻,U+8DBB,chen3,chěn
16317,趼,U+8DBC,jian3|yan4|yan2|jian1,jiǎn|yàn|yán|jiān
16318,趽,U+8DBD,fang4|pang2|fang1,fàng|páng|fāng
16319,趾,U+8DBE,zhi3,zhǐ
16320,趿,U+8DBF,ta1|sa4|qi4,tā|sà|qì
16321,跀,U+8DC0,yue4,yuè
16322,跁,U+8DC1,ba4|pa2,bà|pá
16323,跂,U+8DC2,qi2|qi3|qi4|ji1|zhi1,qí|qǐ|qì|jī|zhī
16324,跃,U+8DC3,yue4,yuè
16325,跄,U+8DC4,qiang1|qiang4,qiāng|qiàng
16326,跅,U+8DC5,tuo4|chi4,tuò|chì
16327,跆,U+8DC6,tai2,tái
16328,跇,U+8DC7,yi4,yì
16329,跈,U+8DC8,nian3|jian4|chen2|tian4,niǎn|jiàn|chén|tiàn
16330,跉,U+8DC9,ling2,líng
16331,跊,U+8DCA,mei4,mèi
16332,跋,U+8DCB,ba2|bei4,bá|bèi
16333,跌,U+8DCC,die1|die2|tu2,diē|dié|tú
16334,跍,U+8DCD,ku1,kū
16335,跎,U+8DCE,tuo2,tuó
16336,跏,U+8DCF,jia1,jiā
16337,跐,U+8DD0,ci1|ci3|zi3,cī|cǐ|zǐ
16338,跑,U+8DD1,pao3|pao2|bo2,pǎo|páo|bó
16339,跒,U+8DD2,qia3,qiǎ
16340,跓,U+8DD3,zhu4,zhù
16341,跔,U+8DD4,ju1|qu3,jū|qǔ
16342,跕,U+8DD5,dian3|tie1|die2|zhan4|die1,diǎn|tiē|dié|zhàn|diē
16343,跖,U+8DD6,zhi2,zhí
16344,跗,U+8DD7,fu1|fu4,fū|fù
16345,跘,U+8DD8,pan2|ban4,pán|bàn
16346,跙,U+8DD9,ju4|qu1|qie3|zhu4|qie4,jù|qū|qiě|zhù|qiè
16347,跚,U+8DDA,shan1,shān
16348,跛,U+8DDB,bo3|bi4|po1,bǒ|bì|pō
16349,跜,U+8DDC,ni2,ní
16350,距,U+8DDD,ju4,jù
16351,跞,U+8DDE,li4|luo4,lì|luò
16352,跟,U+8DDF,gen1,gēn
16353,跠,U+8DE0,yi2,yí
16354,跡,U+8DE1,ji1,jī
16355,跢,U+8DE2,duo4|dai4|duo1|chi2,duò|dài|duō|chí
16356,跣,U+8DE3,xian3|xian1|sun3,xiǎn|xiān|sǔn
16357,跤,U+8DE4,jiao1|qiao1,jiāo|qiāo
16358,跥,U+8DE5,duo4,duò
16359,跦,U+8DE6,zhu1|chu2,zhū|chú
16360,跧,U+8DE7,quan2|zun1,quán|zūn
16361,跨,U+8DE8,kua4|ku4|kua1|kua3,kuà|kù|kuā|kuǎ
16362,跩,U+8DE9,zhuai3|shi4,zhuǎi|shì
16363,跪,U+8DEA,gui4,guì
16364,跫,U+8DEB,qiong2|qiang1|qiong1,qióng|qiāng|qiōng
16365,跬,U+8DEC,kui3|xie4,kuǐ|xiè
16366,跭,U+8DED,xiang2,xiáng
16367,跮,U+8DEE,chi4|die2,chì|dié
16368,路,U+8DEF,lu4|luo4,lù|luò
16369,跰,U+8DF0,pian2|beng4|bing3,pián|bèng|bǐng
16370,跱,U+8DF1,zhi4,zhì
16371,跲,U+8DF2,jia2|jie2,jiá|jié
16372,跳,U+8DF3,tiao4|diao4|tao2,tiào|diào|táo
16373,跴,U+8DF4,cai3,cǎi
16374,践,U+8DF5,jian4,jiàn
16375,跶,U+8DF6,da2|da,dá|da
16376,跷,U+8DF7,qiao1,qiāo
16377,跸,U+8DF8,bi4,bì
16378,跹,U+8DF9,xian1,xiān
16379,跺,U+8DFA,duo4,duò
16380,跻,U+8DFB,ji1,jī
16381,跼,U+8DFC,ju2|qu4,jú|qù
16382,跽,U+8DFD,ji4,jì
16383,跾,U+8DFE,shu1|chou1,shū|chōu
16384,跿,U+8DFF,tu2|duo2|chuo1,tú|duó|chuō
16385,踀,U+8E00,chu4|cu4,chù|cù
16386,踁,U+8E01,jing4|keng1,jìng|kēng
16387,踂,U+8E02,nie4,niè
16388,踃,U+8E03,xiao1|qiao4,xiāo|qiào
16389,踄,U+8E04,bu4,bù
16390,踅,U+8E05,xue2|chi4,xué|chì
16391,踆,U+8E06,cun1|qun1|cun2|zun1|qiu4|zhun1,cūn|qūn|cún|zūn|qiù|zhūn
16392,踇,U+8E07,mu3,mǔ
16393,踈,U+8E08,shu1,shū
16394,踉,U+8E09,liang2|liang4|lang2|lang4,liáng|liàng|láng|làng
16395,踊,U+8E0A,yong3,yǒng
16396,踋,U+8E0B,jiao3,jiǎo
16397,踌,U+8E0C,chou2,chóu
16398,踍,U+8E0D,qiao1,qiāo
16399,踎,U+8E0E,mou2,móu
16400,踏,U+8E0F,ta4|ta1,tà|tā
16401,踐,U+8E10,jian4,jiàn
16402,踑,U+8E11,qi2|ji1|ji4,qí|jī|jì
16403,踒,U+8E12,wo1|wei1|rui2,wō|wēi|ruí
16404,踓,U+8E13,wei3|cu4,wěi|cù
16405,踔,U+8E14,chuo1|diao4|zhuo1|tiao4|chuo4,chuō|diào|zhuō|tiào|chuò
16406,踕,U+8E15,jie2,jié
16407,踖,U+8E16,ji2|qi4|que4,jí|qì|què
16408,踗,U+8E17,nie4,niè
16409,踘,U+8E18,ju1,jū
16410,踙,U+8E19,nie4,niè
16411,踚,U+8E1A,lun2,lún
16412,踛,U+8E1B,lu4,lù
16413,踜,U+8E1C,leng4|leng2|cheng3,lèng|léng|chěng
16414,踝,U+8E1D,huai2,huái
16415,踞,U+8E1E,ju4,jù
16416,踟,U+8E1F,chi2,chí
16417,踠,U+8E20,wan3|wo4,wǎn|wò
16418,踡,U+8E21,quan2|juan3,quán|juǎn
16419,踢,U+8E22,ti1|die2,tī|dié
16420,踣,U+8E23,bo2|pou4,bó|pòu
16421,踤,U+8E24,zu2|cu4|cui4,zú|cù|cuì
16422,踥,U+8E25,qie4,qiè
16423,踦,U+8E26,yi3|qi1|ji1|ji3|yi4,yǐ|qī|jī|jǐ|yì
16424,踧,U+8E27,cu4|di2,cù|dí
16425,踨,U+8E28,zong1,zōng
16426,踩,U+8E29,cai3|kui2,cǎi|kuí
16427,踪,U+8E2A,zong1,zōng
16428,踫,U+8E2B,peng4|pan2,pèng|pán
16429,踬,U+8E2C,zhi4,zhì
16430,踭,U+8E2D,zheng1,zhēng
16431,踮,U+8E2E,dian3,diǎn
16432,踯,U+8E2F,zhi2,zhí
16433,踰,U+8E30,yu2|yao2|chu1,yú|yáo|chū
16434,踱,U+8E31,duo2|chuo4,duó|chuò
16435,踲,U+8E32,dun4,dùn
16436,踳,U+8E33,chuan3|chun3|chun1,chuǎn|chǔn|chūn
16437,踴,U+8E34,yong3,yǒng
16438,踵,U+8E35,zhong3|zhong4,zhǒng|zhòng
16439,踶,U+8E36,di4|zhi4|ti2|chi2|shi4,dì|zhì|tí|chí|shì
16440,踷,U+8E37,zha3,zhǎ
16441,踸,U+8E38,chen3,chěn
16442,踹,U+8E39,chuai4|shuan4|duan4|chuan3,chuài|shuàn|duàn|chuǎn
16443,踺,U+8E3A,jian4,jiàn
16444,踻,U+8E3B,gua1|gua3|tuo2,guā|guǎ|tuó
16445,踼,U+8E3C,tang2|tang3|shang1,táng|tǎng|shāng
16446,踽,U+8E3D,ju3,jǔ
16447,踾,U+8E3E,fu2|bi4,fú|bì
16448,踿,U+8E3F,zu2,zú
16449,蹀,U+8E40,die2,dié
16450,蹁,U+8E41,pian2,pián
16451,蹂,U+8E42,rou2|rou3,róu|rǒu
16452,蹃,U+8E43,nuo4|re4|na4,nuò|rè|nà
16453,蹄,U+8E44,ti2|di4,tí|dì
16454,蹅,U+8E45,cha3|zha1,chǎ|zhā
16455,蹆,U+8E46,tui3,tuǐ
16456,蹇,U+8E47,jian3,jiǎn
16457,蹈,U+8E48,dao3,dǎo
16458,蹉,U+8E49,cuo1,cuō
16459,蹊,U+8E4A,qi1|xi1,qī|xī
16460,蹋,U+8E4B,ta4,tà
16461,蹌,U+8E4C,qiang1|qiang4,qiāng|qiàng
16462,蹍,U+8E4D,nian3|zhan3|chan2,niǎn|zhǎn|chán
16463,蹎,U+8E4E,dian1,diān
16464,蹏,U+8E4F,ti2,tí
16465,蹐,U+8E50,ji2,jí
16466,蹑,U+8E51,nie4,niè
16467,蹒,U+8E52,pan2,pán
16468,蹓,U+8E53,liu1|liu4,liū|liù
16469,蹔,U+8E54,zan4|can2,zàn|cán
16470,蹕,U+8E55,bi4,bì
16471,蹖,U+8E56,chong1,chōng
16472,蹗,U+8E57,lu4,lù
16473,蹘,U+8E58,liao2,liáo
16474,蹙,U+8E59,cu4,cù
16475,蹚,U+8E5A,tang1|tang4|cheng1,tāng|tàng|chēng
16476,蹛,U+8E5B,dai4|die1|dan1|zhi4,dài|diē|dān|zhì
16477,蹜,U+8E5C,su4,sù
16478,蹝,U+8E5D,xi3,xǐ
16479,蹞,U+8E5E,kui3,kuǐ
16480,蹟,U+8E5F,ji1,jī
16481,蹠,U+8E60,zhi2|zhuo2,zhí|zhuó
16482,蹡,U+8E61,qiang1|qiang4,qiāng|qiàng
16483,蹢,U+8E62,di2|zhi2,dí|zhí
16484,蹣,U+8E63,pan2|man2|liang3,pán|mán|liǎng
16485,蹤,U+8E64,zong1,zōng
16486,蹥,U+8E65,lian2,lián
16487,蹦,U+8E66,beng4,bèng
16488,蹧,U+8E67,zao1,zāo
16489,蹨,U+8E68,nian3|ran3,niǎn|rǎn
16490,蹩,U+8E69,bie2,bié
16491,蹪,U+8E6A,tui2,tuí
16492,蹫,U+8E6B,ju2,jú
16493,蹬,U+8E6C,deng1|deng4,dēng|dèng
16494,蹭,U+8E6D,ceng4|ceng2,cèng|céng
16495,蹮,U+8E6E,xian1,xiān
16496,蹯,U+8E6F,fan2,fán
16497,蹰,U+8E70,chu2,chú
16498,蹱,U+8E71,zhong1|chong4,zhōng|chòng
16499,蹲,U+8E72,dun1|zun2|cun2|zun1|cun3|cuan2|qun3,dūn|zún|cún|zūn|cǔn|cuán|qǔn
16500,蹳,U+8E73,bo1,bō
16501,蹴,U+8E74,cu4|zu2|jiu,cù|zú|jiu
16502,蹵,U+8E75,cu4,cù
16503,蹶,U+8E76,jue2|jue3|gui4,jué|juě|guì
16504,蹷,U+8E77,jue2,jué
16505,蹸,U+8E78,lin4|lin2,lìn|lín
16506,蹹,U+8E79,ta2,tá
16507,蹺,U+8E7A,qiao1|qiao4,qiāo|qiào
16508,蹻,U+8E7B,jue1|qiao1|jiao3|jue2|ju2|xue4,juē|qiāo|jiǎo|jué|jú|xuè
16509,蹼,U+8E7C,pu3,pǔ
16510,蹽,U+8E7D,liao1,liāo
16511,蹾,U+8E7E,dun1,dūn
16512,蹿,U+8E7F,cuan1,cuān
16513,躀,U+8E80,guan4,guàn
16514,躁,U+8E81,zao4,zào
16515,躂,U+8E82,da2,dá
16516,躃,U+8E83,bi4,bì
16517,躄,U+8E84,bi4,bì
16518,躅,U+8E85,zhu2|zhuo2,zhú|zhuó
16519,躆,U+8E86,ju4,jù
16520,躇,U+8E87,chu2|chuo4,chú|chuò
16521,躈,U+8E88,qiao4,qiào
16522,躉,U+8E89,dun3,dǔn
16523,躊,U+8E8A,chou2,chóu
16524,躋,U+8E8B,ji1,jī
16525,躌,U+8E8C,wu3,wǔ
16526,躍,U+8E8D,yue4|ti4,yuè|tì
16527,躎,U+8E8E,nian3,niǎn
16528,躏,U+8E8F,lin4,lìn
16529,躐,U+8E90,lie4,liè
16530,躑,U+8E91,zhi2,zhí
16531,躒,U+8E92,li4|yue4|luo4,lì|yuè|luò
16532,躓,U+8E93,zhi4|zhi1,zhì|zhī
16533,躔,U+8E94,chan2|zhan4,chán|zhàn
16534,躕,U+8E95,chu2,chú
16535,躖,U+8E96,duan4,duàn
16536,躗,U+8E97,wei4,wèi
16537,躘,U+8E98,long2|long3,lóng|lǒng
16538,躙,U+8E99,lin4,lìn
16539,躚,U+8E9A,xian1,xiān
16540,躛,U+8E9B,wei4,wèi
16541,躜,U+8E9C,zuan1,zuān
16542,躝,U+8E9D,lan2,lán
16543,躞,U+8E9E,xie4,xiè
16544,躟,U+8E9F,rang2,ráng
16545,躠,U+8EA0,sa3|xie4,sǎ|xiè
16546,躡,U+8EA1,nie4,niè
16547,躢,U+8EA2,ta4,tà
16548,躣,U+8EA3,qu2,qú
16549,躤,U+8EA4,ji2,jí
16550,躥,U+8EA5,cuan1,cuān
16551,躦,U+8EA6,cuo2|zuan1,cuó|zuān
16552,躧,U+8EA7,xi3,xǐ
16553,躨,U+8EA8,kui2,kuí
16554,躩,U+8EA9,jue2|qi4,jué|qì
16555,躪,U+8EAA,lin4,lìn
16556,身,U+8EAB,shen1|juan1,shēn|juān
16557,躬,U+8EAC,gong1,gōng
16558,躭,U+8EAD,dan1,dān
16559,躮,U+8EAE,fen1,fēn
16560,躯,U+8EAF,qu1,qū
16561,躰,U+8EB0,ti3,tǐ
16562,躱,U+8EB1,duo3,duǒ
16563,躲,U+8EB2,duo3,duǒ
16564,躳,U+8EB3,gong1,gōng
16565,躴,U+8EB4,lang2,láng
16566,躵,U+8EB5,ren3,rěn
16567,躶,U+8EB6,luo3,luǒ
16568,躷,U+8EB7,ai3,ǎi
16569,躸,U+8EB8,ji1,jī
16570,躹,U+8EB9,ju2,jú
16571,躺,U+8EBA,tang3|tang4,tǎng|tàng
16572,躻,U+8EBB,kong1,kōng
16573,躼,U+8EBC,lao4,lào
16574,躽,U+8EBD,yan3|yan4,yǎn|yàn
16575,躾,U+8EBE,mei3,měi
16576,躿,U+8EBF,kang1,kāng
16577,軀,U+8EC0,qu1,qū
16578,軁,U+8EC1,lou2|lv3,lóu|lǚ
16579,軂,U+8EC2,lao4,lào
16580,軃,U+8EC3,duo3|tuo3,duǒ|tuǒ
16581,軄,U+8EC4,zhi2,zhí
16582,軅,U+8EC5,yan4,yàn
16583,軆,U+8EC6,ti3,tǐ
16584,軇,U+8EC7,dao4,dào
16585,軈,U+8EC8,ying1,yīng
16586,軉,U+8EC9,yu4,yù
16587,車,U+8ECA,che1|ju1,chē|jū
16588,軋,U+8ECB,ya4|zha2|ga2,yà|zhá|gá
16589,軌,U+8ECC,gui3,guǐ
16590,軍,U+8ECD,jun1,jūn
16591,軎,U+8ECE,wei4,wèi
16592,軏,U+8ECF,yue4,yuè
16593,軐,U+8ED0,xin4|xian4,xìn|xiàn
16594,軑,U+8ED1,dai4,dài
16595,軒,U+8ED2,xuan1|xian3|xian4|han3|jian1,xuān|xiǎn|xiàn|hǎn|jiān
16596,軓,U+8ED3,fan4,fàn
16597,軔,U+8ED4,ren4,rèn
16598,軕,U+8ED5,shan1,shān
16599,軖,U+8ED6,kuang2,kuáng
16600,軗,U+8ED7,shu1,shū
16601,軘,U+8ED8,tun2,tún
16602,軙,U+8ED9,chen2|qi2,chén|qí
16603,軚,U+8EDA,dai4,dài
16604,軛,U+8EDB,e4,è
16605,軜,U+8EDC,na4,nà
16606,軝,U+8EDD,qi2,qí
16607,軞,U+8EDE,mao2,máo
16608,軟,U+8EDF,ruan3,ruǎn
16609,軠,U+8EE0,kuang2,kuáng
16610,軡,U+8EE1,qian2,qián
16611,転,U+8EE2,zhuan3,zhuǎn
16612,軣,U+8EE3,hong1,hōng
16613,軤,U+8EE4,hu1,hū
16614,軥,U+8EE5,qu2|gou1|gou4|ju1,qú|gōu|gòu|jū
16615,軦,U+8EE6,kuang4,kuàng
16616,軧,U+8EE7,di3|chi2,dǐ|chí
16617,軨,U+8EE8,ling2|ling3,líng|lǐng
16618,軩,U+8EE9,dai4,dài
16619,軪,U+8EEA,ao1|ao4,āo|ào
16620,軫,U+8EEB,zhen3,zhěn
16621,軬,U+8EEC,fan4|ben4,fàn|bèn
16622,軭,U+8EED,kuang1,kuāng
16623,軮,U+8EEE,yang3,yǎng
16624,軯,U+8EEF,peng1,pēng
16625,軰,U+8EF0,bei4,bèi
16626,軱,U+8EF1,gu1,gū
16627,軲,U+8EF2,gu1,gū
16628,軳,U+8EF3,pao2,páo
16629,軴,U+8EF4,zhu4,zhù
16630,軵,U+8EF5,rong3|fu3|fu4|rong2,rǒng|fǔ|fù|róng
16631,軶,U+8EF6,e4,è
16632,軷,U+8EF7,ba2,bá
16633,軸,U+8EF8,zhou2|zhu2|zhou4,zhóu|zhú|zhòu
16634,軹,U+8EF9,zhi3,zhǐ
16635,軺,U+8EFA,yao2|diao1,yáo|diāo
16636,軻,U+8EFB,ke1,kē
16637,軼,U+8EFC,yi4|die2|zhe2,yì|dié|zhé
16638,軽,U+8EFD,zhi4|qing1,zhì|qīng
16639,軾,U+8EFE,shi4,shì
16640,軿,U+8EFF,ping2,píng
16641,輀,U+8F00,er2,ér
16642,輁,U+8F01,gong3,gǒng
16643,輂,U+8F02,ju2,jú
16644,較,U+8F03,jiao4|jue2|xiao4,jiào|jué|xiào
16645,輄,U+8F04,guang1,guāng
16646,輅,U+8F05,lu4|he2|ya4,lù|hé|yà
16647,輆,U+8F06,kai3|kai4,kǎi|kài
16648,輇,U+8F07,quan2|chun1,quán|chūn
16649,輈,U+8F08,zhou1,zhōu
16650,載,U+8F09,zai4|zai3|dai4|zai1|zi1,zài|zǎi|dài|zāi|zī
16651,輊,U+8F0A,zhi4,zhì
16652,輋,U+8F0B,she1,shē
16653,輌,U+8F0C,liang4,liàng
16654,輍,U+8F0D,yu4,yù
16655,輎,U+8F0E,shao1,shāo
16656,輏,U+8F0F,you2,yóu
16657,輐,U+8F10,wan4|yuan3,wàn|yuǎn
16658,輑,U+8F11,yin3|qun1,yǐn|qūn
16659,輒,U+8F12,zhe2,zhé
16660,輓,U+8F13,wan3,wǎn
16661,輔,U+8F14,fu3,fǔ
16662,輕,U+8F15,qing1|qing4,qīng|qìng
16663,輖,U+8F16,zhou1,zhōu
16664,輗,U+8F17,ni2|yi4,ní|yì
16665,輘,U+8F18,leng2|ling2|leng4,léng|líng|lèng
16666,輙,U+8F19,zhe2,zhé
16667,輚,U+8F1A,zhan4,zhàn
16668,輛,U+8F1B,liang4,liàng
16669,輜,U+8F1C,zi1|zi4,zī|zì
16670,輝,U+8F1D,hui1,huī
16671,輞,U+8F1E,wang3,wǎng
16672,輟,U+8F1F,chuo4,chuò
16673,輠,U+8F20,guo3|hua4|hui4,guǒ|huà|huì
16674,輡,U+8F21,kan3,kǎn
16675,輢,U+8F22,yi3,yǐ
16676,輣,U+8F23,peng2,péng
16677,輤,U+8F24,qian4,qiàn
16678,輥,U+8F25,gun3,gǔn
16679,輦,U+8F26,nian3|lian3,niǎn|liǎn
16680,輧,U+8F27,ping2|peng1,píng|pēng
16681,輨,U+8F28,guan3,guǎn
16682,輩,U+8F29,bei4,bèi
16683,輪,U+8F2A,lun2,lún
16684,輫,U+8F2B,pai2,pái
16685,輬,U+8F2C,liang2,liáng
16686,輭,U+8F2D,ruan3|er2,ruǎn|ér
16687,輮,U+8F2E,rou2|rou3,róu|rǒu
16688,輯,U+8F2F,ji2,jí
16689,輰,U+8F30,yang2,yáng
16690,輱,U+8F31,xian2|kan4,xián|kàn
16691,輲,U+8F32,chuan2,chuán
16692,輳,U+8F33,cou4,còu
16693,輴,U+8F34,chun1|shun3,chūn|shǔn
16694,輵,U+8F35,ge2|ya4|e4|qie4,gé|yà|è|qiè
16695,輶,U+8F36,you2,yóu
16696,輷,U+8F37,hong1,hōng
16697,輸,U+8F38,shu1|shu4,shū|shù
16698,輹,U+8F39,fu4|bu2,fù|bú
16699,輺,U+8F3A,zi1,zī
16700,輻,U+8F3B,fu2,fú
16701,輼,U+8F3C,wen1|yun1,wēn|yūn
16702,輽,U+8F3D,ben4,bèn
16703,輾,U+8F3E,zhan3|nian3,zhǎn|niǎn
16704,輿,U+8F3F,yu2|yu4,yú|yù
16705,轀,U+8F40,wen1,wēn
16706,轁,U+8F41,tao1|kan3,tāo|kǎn
16707,轂,U+8F42,gu3|gu1,gǔ|gū
16708,轃,U+8F43,zhen1,zhēn
16709,轄,U+8F44,xia2|he2,xiá|hé
16710,轅,U+8F45,yuan2,yuán
16711,轆,U+8F46,lu4,lù
16712,轇,U+8F47,jiao1|xiao3,jiāo|xiǎo
16713,轈,U+8F48,chao2,cháo
16714,轉,U+8F49,zhuan3|zhuan4|zhuai3,zhuǎn|zhuàn|zhuǎi
16715,轊,U+8F4A,wei4,wèi
16716,轋,U+8F4B,hun2,hún
16717,轌,U+8F4C,xue3,xuě
16718,轍,U+8F4D,zhe2,zhé
16719,轎,U+8F4E,jiao4,jiào
16720,轏,U+8F4F,zhan4,zhàn
16721,轐,U+8F50,bu2,bú
16722,轑,U+8F51,lao3|lao2|liao2|liao3|liao4,lǎo|láo|liáo|liǎo|liào
16723,轒,U+8F52,fen2,fén
16724,轓,U+8F53,fan1,fān
16725,轔,U+8F54,lin2|lin4,lín|lìn
16726,轕,U+8F55,ge2,gé
16727,轖,U+8F56,se4,sè
16728,轗,U+8F57,kan3,kǎn
16729,轘,U+8F58,huan2|huan4,huán|huàn
16730,轙,U+8F59,yi3,yǐ
16731,轚,U+8F5A,ji2,jí
16732,轛,U+8F5B,zhui4,zhuì
16733,轜,U+8F5C,er2,ér
16734,轝,U+8F5D,yu4,yù
16735,轞,U+8F5E,jian4,jiàn
16736,轟,U+8F5F,hong1,hōng
16737,轠,U+8F60,lei2,léi
16738,轡,U+8F61,pei4,pèi
16739,轢,U+8F62,li4,lì
16740,轣,U+8F63,li4,lì
16741,轤,U+8F64,lu2,lú
16742,轥,U+8F65,lin4,lìn
16743,车,U+8F66,che1|ju1,chē|jū
16744,轧,U+8F67,ya4|zha2|ga2,yà|zhá|gá
16745,轨,U+8F68,gui3,guǐ
16746,轩,U+8F69,xuan1,xuān
16747,轪,U+8F6A,dai4,dài
16748,轫,U+8F6B,ren4,rèn
16749,转,U+8F6C,zhuan3|zhuan4|zhuai3,zhuǎn|zhuàn|zhuǎi
16750,轭,U+8F6D,e4,è
16751,轮,U+8F6E,lun2,lún
16752,软,U+8F6F,ruan3,ruǎn
16753,轰,U+8F70,hong1,hōng
16754,轱,U+8F71,gu1,gū
16755,轲,U+8F72,ke1|ke3,kē|kě
16756,轳,U+8F73,lu2,lú
16757,轴,U+8F74,zhou2|zhou4,zhóu|zhòu
16758,轵,U+8F75,zhi3,zhǐ
16759,轶,U+8F76,yi4,yì
16760,轷,U+8F77,hu1,hū
16761,轸,U+8F78,zhen3,zhěn
16762,轹,U+8F79,li4,lì
16763,轺,U+8F7A,yao2,yáo
16764,轻,U+8F7B,qing1,qīng
16765,轼,U+8F7C,shi4,shì
16766,载,U+8F7D,zai4|zai3,zài|zǎi
16767,轾,U+8F7E,zhi4,zhì
16768,轿,U+8F7F,jiao4,jiào
16769,辀,U+8F80,zhou1,zhōu
16770,辁,U+8F81,quan2,quán
16771,辂,U+8F82,lu4,lù
16772,较,U+8F83,jiao4,jiào
16773,辄,U+8F84,zhe2,zhé
16774,辅,U+8F85,fu3,fǔ
16775,辆,U+8F86,liang4,liàng
16776,辇,U+8F87,nian3,niǎn
16777,辈,U+8F88,bei4,bèi
16778,辉,U+8F89,hui1,huī
16779,辊,U+8F8A,gun3,gǔn
16780,辋,U+8F8B,wang3,wǎng
16781,辌,U+8F8C,liang2,liáng
16782,辍,U+8F8D,chuo4,chuò
16783,辎,U+8F8E,zi1,zī
16784,辏,U+8F8F,cou4,còu
16785,辐,U+8F90,fu2,fú
16786,辑,U+8F91,ji2,jí
16787,辒,U+8F92,wen1,wēn
16788,输,U+8F93,shu1,shū
16789,辔,U+8F94,pei4,pèi
16790,辕,U+8F95,yuan2,yuán
16791,辖,U+8F96,xia2,xiá
16792,辗,U+8F97,nian3|zhan3,niǎn|zhǎn
16793,辘,U+8F98,lu4,lù
16794,辙,U+8F99,zhe2,zhé
16795,辚,U+8F9A,lin2,lín
16796,辛,U+8F9B,xin1,xīn
16797,辜,U+8F9C,gu1,gū
16798,辝,U+8F9D,ci2,cí
16799,辞,U+8F9E,ci2,cí
16800,辟,U+8F9F,pi4|bi4|mi3|pi1,pì|bì|mǐ|pī
16801,辠,U+8FA0,zui4|zui1,zuì|zuī
16802,辡,U+8FA1,bian4,biàn
16803,辢,U+8FA2,la4,là
16804,辣,U+8FA3,la4,là
16805,辤,U+8FA4,ci2,cí
16806,辥,U+8FA5,xue1|yi4,xuē|yì
16807,辦,U+8FA6,ban4,bàn
16808,辧,U+8FA7,bian4,biàn
16809,辨,U+8FA8,bian4|bian3|ban4|pian4,biàn|biǎn|bàn|piàn
16810,辩,U+8FA9,bian4,biàn
16811,辪,U+8FAA,xue1,xuē
16812,辫,U+8FAB,bian4,biàn
16813,辬,U+8FAC,ban1,bān
16814,辭,U+8FAD,ci2,cí
16815,辮,U+8FAE,bian4,biàn
16816,辯,U+8FAF,bian4|pian2|bian3|ban4,biàn|pián|biǎn|bàn
16817,辰,U+8FB0,chen2,chén
16818,辱,U+8FB1,ru3,rǔ
16819,農,U+8FB2,nong2,nóng
16820,辳,U+8FB3,nong2,nóng
16821,辴,U+8FB4,chan3|zhen3,chǎn|zhěn
16822,辵,U+8FB5,chuo4,chuò
16823,辶,U+8FB6,chuo4,chuò
16824,辷,U+8FB7,yi1,yī
16825,辸,U+8FB8,reng2,réng
16826,边,U+8FB9,bian1|bian,biān|bian
16827,辺,U+8FBA,bian1,biān
16828,辻,U+8FBB,shi2,shí
16829,込,U+8FBC,yu1,yū
16830,辽,U+8FBD,liao2,liáo
16831,达,U+8FBE,da2|ti4|ta4,dá|tì|tà
16832,辿,U+8FBF,chan1|chan2,chān|chán
16833,迀,U+8FC0,gan1,gān
16834,迁,U+8FC1,qian1,qiān
16835,迂,U+8FC2,yu1,yū
16836,迃,U+8FC3,yu1,yū
16837,迄,U+8FC4,qi4,qì
16838,迅,U+8FC5,xun4,xùn
16839,迆,U+8FC6,yi2|yi3|tuo2,yí|yǐ|tuó
16840,过,U+8FC7,guo4|guo1,guò|guō
16841,迈,U+8FC8,mai4,mài
16842,迉,U+8FC9,qi1,qī
16843,迊,U+8FCA,za1,zā
16844,迋,U+8FCB,wang4|guang4|kuang2,wàng|guàng|kuáng
16845,迌,U+8FCC,tu4,tù
16846,迍,U+8FCD,zhun1,zhūn
16847,迎,U+8FCE,ying2|ying4,yíng|yìng
16848,迏,U+8FCF,da2,dá
16849,运,U+8FD0,yun4|yun3,yùn|yǔn
16850,近,U+8FD1,jin4,jìn
16851,迒,U+8FD2,hang2|xiang2,háng|xiáng
16852,迓,U+8FD3,ya4,yà
16853,返,U+8FD4,fan3,fǎn
16854,迕,U+8FD5,wu4|wu3,wù|wǔ
16855,迖,U+8FD6,da2,dá
16856,迗,U+8FD7,e2,é
16857,还,U+8FD8,hai2|huan2|fu2,hái|huán|fú
16858,这,U+8FD9,zhe4|zhei4,zhè|zhèi
16859,迚,U+8FDA,da2,dá
16860,进,U+8FDB,jin4,jìn
16861,远,U+8FDC,yuan3,yuǎn
16862,违,U+8FDD,wei2,wéi
16863,连,U+8FDE,lian2,lián
16864,迟,U+8FDF,chi2,chí
16865,迠,U+8FE0,che4,chè
16866,迡,U+8FE1,ni4|chi2,nì|chí
16867,迢,U+8FE2,tiao2,tiáo
16868,迣,U+8FE3,zhi4|chi4,zhì|chì
16869,迤,U+8FE4,yi2|yi3|tuo2,yí|yǐ|tuó
16870,迥,U+8FE5,jiong3,jiǒng
16871,迦,U+8FE6,jia1|xie4,jiā|xiè
16872,迧,U+8FE7,chen2,chén
16873,迨,U+8FE8,dai4,dài
16874,迩,U+8FE9,er3,ěr
16875,迪,U+8FEA,di2,dí
16876,迫,U+8FEB,po4|pai3,pò|pǎi
16877,迬,U+8FEC,zhu4|wang3,zhù|wǎng
16878,迭,U+8FED,die2|yi4|da2,dié|yì|dá
16879,迮,U+8FEE,ze2|zuo4,zé|zuò
16880,迯,U+8FEF,tao2,táo
16881,述,U+8FF0,shu4,shù
16882,迱,U+8FF1,tuo2|yi2,tuó|yí
16883,迲,U+8FF2,qu,qu
16884,迳,U+8FF3,jing4,jìng
16885,迴,U+8FF4,hui2,huí
16886,迵,U+8FF5,dong4,dòng
16887,迶,U+8FF6,you4,yòu
16888,迷,U+8FF7,mi2|mi4,mí|mì
16889,迸,U+8FF8,beng4,bèng
16890,迹,U+8FF9,ji4|ji1,jì|jī
16891,迺,U+8FFA,nai3,nǎi
16892,迻,U+8FFB,yi2,yí
16893,迼,U+8FFC,jie2,jié
16894,追,U+8FFD,zhui1|dui1|tui1,zhuī|duī|tuī
16895,迾,U+8FFE,lie4,liè
16896,迿,U+8FFF,xun4,xùn
16897,退,U+9000,tui4,tuì
16898,送,U+9001,song4,sòng
16899,适,U+9002,shi4|kuo4,shì|kuò
16900,逃,U+9003,tao2,táo
16901,逄,U+9004,pang2|feng2,páng|féng
16902,逅,U+9005,hou4,hòu
16903,逆,U+9006,ni4,nì
16904,逇,U+9007,dun4,dùn
16905,逈,U+9008,jiong3,jiǒng
16906,选,U+9009,xuan3,xuǎn
16907,逊,U+900A,xun4,xùn
16908,逋,U+900B,bu1,bū
16909,逌,U+900C,you1|you2,yōu|yóu
16910,逍,U+900D,xiao1,xiāo
16911,逎,U+900E,qiu2,qiú
16912,透,U+900F,tou4|shu1,tòu|shū
16913,逐,U+9010,zhu2|di2|zhou4|tun2,zhú|dí|zhòu|tún
16914,逑,U+9011,qiu2,qiú
16915,递,U+9012,di4,dì
16916,逓,U+9013,di4,dì
16917,途,U+9014,tu2,tú
16918,逕,U+9015,jing4,jìng
16919,逖,U+9016,ti4,tì
16920,逗,U+9017,dou4|zhu4|tou2|qi2,dòu|zhù|tóu|qí
16921,逘,U+9018,yi3|si4,yǐ|sì
16922,這,U+9019,zhe4|yan4|zhei4,zhè|yàn|zhèi
16923,通,U+901A,tong1|tong4,tōng|tòng
16924,逛,U+901B,guang4|kuang2,guàng|kuáng
16925,逜,U+901C,wu4|wu3,wù|wǔ
16926,逝,U+901D,shi4,shì
16927,逞,U+901E,cheng3|ying2,chěng|yíng
16928,速,U+901F,su4,sù
16929,造,U+9020,zao4|cao4|cao1,zào|cào|cāo
16930,逡,U+9021,qun1|xun4|suo1,qūn|xùn|suō
16931,逢,U+9022,feng2|peng2|pang2,féng|péng|páng
16932,連,U+9023,lian2|lian3|lian4|lan4,lián|liǎn|liàn|làn
16933,逤,U+9024,suo4,suò
16934,逥,U+9025,hui2,huí
16935,逦,U+9026,li3,lǐ
16936,逧,U+9027,gu3,gǔ
16937,逨,U+9028,lai2|lai4,lái|lài
16938,逩,U+9029,ben4|ben1,bèn|bēn
16939,逪,U+902A,cuo4,cuò
16940,逫,U+902B,jue2|zhu2,jué|zhú
16941,逬,U+902C,beng4|peng1,bèng|pēng
16942,逭,U+902D,huan4,huàn
16943,逮,U+902E,dai3|dai4|di4,dǎi|dài|dì
16944,逯,U+902F,lu4|dai4,lù|dài
16945,逰,U+9030,you2,yóu
16946,週,U+9031,zhou1,zhōu
16947,進,U+9032,jin4,jìn
16948,逳,U+9033,yu4,yù
16949,逴,U+9034,chuo1|chuo4,chuō|chuò
16950,逵,U+9035,kui2|kui3,kuí|kuǐ
16951,逶,U+9036,wei1,wēi
16952,逷,U+9037,ti4,tì
16953,逸,U+9038,yi4,yì
16954,逹,U+9039,da2,dá
16955,逺,U+903A,yuan3,yuǎn
16956,逻,U+903B,luo2,luó
16957,逼,U+903C,bi1,bī
16958,逽,U+903D,nuo4,nuò
16959,逾,U+903E,yu2|dou4,yú|dòu
16960,逿,U+903F,dang4|tang2,dàng|táng
16961,遀,U+9040,sui2,suí
16962,遁,U+9041,dun4|qun1|xun2,dùn|qūn|xún
16963,遂,U+9042,sui4|sui2,suì|suí
16964,遃,U+9043,yan3|an4,yǎn|àn
16965,遄,U+9044,chuan2,chuán
16966,遅,U+9045,chi2,chí
16967,遆,U+9046,ti2,tí
16968,遇,U+9047,yu4|yong2|ou3,yù|yóng|ǒu
16969,遈,U+9048,shi2,shí
16970,遉,U+9049,zhen1,zhēn
16971,遊,U+904A,you2,yóu
16972,運,U+904B,yun4,yùn
16973,遌,U+904C,e4,è
16974,遍,U+904D,bian4,biàn
16975,過,U+904E,guo4|guo1|guo|huo4,guò|guō|guo|huò
16976,遏,U+904F,e4,è
16977,遐,U+9050,xia2,xiá
16978,遑,U+9051,huang2,huáng
16979,遒,U+9052,qiu2|qiu1,qiú|qiū
16980,道,U+9053,dao4|dao3,dào|dǎo
16981,達,U+9054,da2|ta4,dá|tà
16982,違,U+9055,wei2|hui2,wéi|huí
16983,遖,U+9056,nan2,nán
16984,遗,U+9057,yi2|wei4,yí|wèi
16985,遘,U+9058,gou4,gòu
16986,遙,U+9059,yao2,yáo
16987,遚,U+905A,chou4,chòu
16988,遛,U+905B,liu2|liu4,liú|liù
16989,遜,U+905C,xun4,xùn
16990,遝,U+905D,ta4,tà
16991,遞,U+905E,di4|shi4|dai4,dì|shì|dài
16992,遟,U+905F,chi2|zhi4|xi1,chí|zhì|xī
16993,遠,U+9060,yuan3|yuan4,yuǎn|yuàn
16994,遡,U+9061,su4,sù
16995,遢,U+9062,ta4|ta|ta1,tà|ta|tā
16996,遣,U+9063,qian3|qian4,qiǎn|qiàn
16997,遤,U+9064,ma3,mǎ
16998,遥,U+9065,yao2,yáo
16999,遦,U+9066,guan4,guàn
17000,遧,U+9067,zhang1,zhāng
17001,遨,U+9068,ao2,áo
17002,適,U+9069,shi4|di2|ti4|zhe2,shì|dí|tì|zhé
17003,遪,U+906A,ca4,cà
17004,遫,U+906B,chi4,chì
17005,遬,U+906C,su4,sù
17006,遭,U+906D,zao1,zāo
17007,遮,U+906E,zhe1,zhē
17008,遯,U+906F,dun4,dùn
17009,遰,U+9070,di4|shi4|dai4,dì|shì|dài
17010,遱,U+9071,lou2,lóu
17011,遲,U+9072,chi2|zhi4,chí|zhì
17012,遳,U+9073,cuo1,cuō
17013,遴,U+9074,lin2|lin4,lín|lìn
17014,遵,U+9075,zun1,zūn
17015,遶,U+9076,rao4,rào
17016,遷,U+9077,qian1,qiān
17017,選,U+9078,xuan3|xuan4|suan4|shua1,xuǎn|xuàn|suàn|shuā
17018,遹,U+9079,yu4,yù
17019,遺,U+907A,yi2|wei4|sui2,yí|wèi|suí
17020,遻,U+907B,e4,è
17021,遼,U+907C,liao2,liáo
17022,遽,U+907D,ju4|qu2,jù|qú
17023,遾,U+907E,shi4,shì
17024,避,U+907F,bi4,bì
17025,邀,U+9080,yao1,yāo
17026,邁,U+9081,mai4,mài
17027,邂,U+9082,xie4,xiè
17028,邃,U+9083,sui4,suì
17029,還,U+9084,hai2|huan2|xuan2,hái|huán|xuán
17030,邅,U+9085,zhan1|zhan4,zhān|zhàn
17031,邆,U+9086,teng2,téng
17032,邇,U+9087,er3,ěr
17033,邈,U+9088,miao3|miao2,miǎo|miáo
17034,邉,U+9089,bian1,biān
17035,邊,U+908A,bian1|bian,biān|bian
17036,邋,U+908B,la1|lie4,lā|liè
17037,邌,U+908C,li2|chi2,lí|chí
17038,邍,U+908D,yuan2,yuán
17039,邎,U+908E,yao2,yáo
17040,邏,U+908F,luo2|luo4,luó|luò
17041,邐,U+9090,li3,lǐ
17042,邑,U+9091,yi4|e4,yì|è
17043,邒,U+9092,ting2,tíng
17044,邓,U+9093,deng4|shan1,dèng|shān
17045,邔,U+9094,qi3,qǐ
17046,邕,U+9095,yong1|yong3,yōng|yǒng
17047,邖,U+9096,shan1,shān
17048,邗,U+9097,han2,hán
17049,邘,U+9098,yu2,yú
17050,邙,U+9099,mang2,máng
17051,邚,U+909A,ru2|fu4,rú|fù
17052,邛,U+909B,qiong2,qióng
17053,邜,U+909C,xi1,xī
17054,邝,U+909D,kuang4,kuàng
17055,邞,U+909E,fu1,fū
17056,邟,U+909F,kang4|hang2|kang1,kàng|háng|kāng
17057,邠,U+90A0,bin1,bīn
17058,邡,U+90A1,fang1|fang4,fāng|fàng
17059,邢,U+90A2,xing2|geng3,xíng|gěng
17060,那,U+90A3,na4|na1|nuo2|nuo4|nei4|na3|nei3|ne2|nai3|ne4,nà|nā|nuó|nuò|nèi|nǎ|něi|né|nǎi|nè
17061,邤,U+90A4,xin1,xīn
17062,邥,U+90A5,shen3,shěn
17063,邦,U+90A6,bang1,bāng
17064,邧,U+90A7,yuan2,yuán
17065,邨,U+90A8,cun1,cūn
17066,邩,U+90A9,huo3,huǒ
17067,邪,U+90AA,xie2|ya2|ye2|xu2|she2,xié|yá|yé|xú|shé
17068,邫,U+90AB,bang1,bāng
17069,邬,U+90AC,wu1,wū
17070,邭,U+90AD,ju4,jù
17071,邮,U+90AE,you2,yóu
17072,邯,U+90AF,han2|han4,hán|hàn
17073,邰,U+90B0,tai2,tái
17074,邱,U+90B1,qiu1,qiū
17075,邲,U+90B2,bi4|bian4,bì|biàn
17076,邳,U+90B3,pi1,pī
17077,邴,U+90B4,bing3,bǐng
17078,邵,U+90B5,shao4,shào
17079,邶,U+90B6,bei4,bèi
17080,邷,U+90B7,wa3,wǎ
17081,邸,U+90B8,di3,dǐ
17082,邹,U+90B9,zou1,zōu
17083,邺,U+90BA,ye4|qiu1,yè|qiū
17084,邻,U+90BB,lin2,lín
17085,邼,U+90BC,kuang1,kuāng
17086,邽,U+90BD,gui1,guī
17087,邾,U+90BE,zhu1,zhū
17088,邿,U+90BF,shi1,shī
17089,郀,U+90C0,ku1,kū
17090,郁,U+90C1,yu4,yù
17091,郂,U+90C2,gai1|hai2,gāi|hái
17092,郃,U+90C3,he2|xia2,hé|xiá
17093,郄,U+90C4,qie4|xi4,qiè|xì
17094,郅,U+90C5,zhi4|ji2,zhì|jí
17095,郆,U+90C6,ji2,jí
17096,郇,U+90C7,huan2|xun2,huán|xún
17097,郈,U+90C8,hou4,hòu
17098,郉,U+90C9,xing2,xíng
17099,郊,U+90CA,jiao1,jiāo
17100,郋,U+90CB,xi2,xí
17101,郌,U+90CC,gui1,guī
17102,郍,U+90CD,nuo2|na3|fu2,nuó|nǎ|fú
17103,郎,U+90CE,lang2|lang4,láng|làng
17104,郏,U+90CF,jia2,jiá
17105,郐,U+90D0,kuai4,kuài
17106,郑,U+90D1,zheng4,zhèng
17107,郒,U+90D2,lang2,láng
17108,郓,U+90D3,yun4,yùn
17109,郔,U+90D4,yan2,yán
17110,郕,U+90D5,cheng2,chéng
17111,郖,U+90D6,dou4,dòu
17112,郗,U+90D7,xi1|chi1,xī|chī
17113,郘,U+90D8,lv3,lǚ
17114,郙,U+90D9,fu3,fǔ
17115,郚,U+90DA,wu2|yu2,wú|yú
17116,郛,U+90DB,fu2,fú
17117,郜,U+90DC,gao4,gào
17118,郝,U+90DD,hao3|shi4,hǎo|shì
17119,郞,U+90DE,lang2,láng
17120,郟,U+90DF,jia2,jiá
17121,郠,U+90E0,geng3,gěng
17122,郡,U+90E1,jun4,jùn
17123,郢,U+90E2,ying3|cheng2,yǐng|chéng
17124,郣,U+90E3,bo2,bó
17125,郤,U+90E4,xi4,xì
17126,郥,U+90E5,bei4,bèi
17127,郦,U+90E6,li4,lì
17128,郧,U+90E7,yun2,yún
17129,部,U+90E8,bu4|pou3,bù|pǒu
17130,郩,U+90E9,xiao2|ao3,xiáo|ǎo
17131,郪,U+90EA,qi1,qī
17132,郫,U+90EB,pi2,pí
17133,郬,U+90EC,qing1,qīng
17134,郭,U+90ED,guo1|guo2,guō|guó
17135,郮,U+90EE,zhou1,zhōu
17136,郯,U+90EF,tan2,tán
17137,郰,U+90F0,zou1|ju3,zōu|jǔ
17138,郱,U+90F1,ping2,píng
17139,郲,U+90F2,lai2|lei3,lái|lěi
17140,郳,U+90F3,ni2,ní
17141,郴,U+90F4,chen1|lan2,chēn|lán
17142,郵,U+90F5,you2|chui2,yóu|chuí
17143,郶,U+90F6,bu4,bù
17144,郷,U+90F7,xiang1,xiāng
17145,郸,U+90F8,dan1,dān
17146,郹,U+90F9,ju2,jú
17147,郺,U+90FA,yong1,yōng
17148,郻,U+90FB,qiao1,qiāo
17149,郼,U+90FC,yi1,yī
17150,都,U+90FD,dou1|du1,dōu|dū
17151,郾,U+90FE,yan3|yan1,yǎn|yān
17152,郿,U+90FF,mei2,méi
17153,鄀,U+9100,ruo4,ruò
17154,鄁,U+9101,bei4,bèi
17155,鄂,U+9102,e4,è
17156,鄃,U+9103,shu1,shū
17157,鄄,U+9104,juan4,juàn
17158,鄅,U+9105,yu3,yǔ
17159,鄆,U+9106,yun4,yùn
17160,鄇,U+9107,hou2,hóu
17161,鄈,U+9108,kui2,kuí
17162,鄉,U+9109,xiang1|xiang3|xiang4,xiāng|xiǎng|xiàng
17163,鄊,U+910A,xiang1,xiāng
17164,鄋,U+910B,sou1,sōu
17165,鄌,U+910C,tang2,táng
17166,鄍,U+910D,ming2,míng
17167,鄎,U+910E,xi1,xī
17168,鄏,U+910F,ru3,rǔ
17169,鄐,U+9110,chu4,chù
17170,鄑,U+9111,zi1,zī
17171,鄒,U+9112,zou1|ju4,zōu|jù
17172,鄓,U+9113,ye4,yè
17173,鄔,U+9114,wu1,wū
17174,鄕,U+9115,xiang1,xiāng
17175,鄖,U+9116,yun2,yún
17176,鄗,U+9117,hao4|qiao1|jiao1,hào|qiāo|jiāo
17177,鄘,U+9118,yong1,yōng
17178,鄙,U+9119,bi3,bǐ
17179,鄚,U+911A,mao4|mo4,mào|mò
17180,鄛,U+911B,chao2,cháo
17181,鄜,U+911C,fu1|lu4,fū|lù
17182,鄝,U+911D,liao3,liǎo
17183,鄞,U+911E,yin2,yín
17184,鄟,U+911F,zhuan1,zhuān
17185,鄠,U+9120,hu4,hù
17186,鄡,U+9121,qiao1,qiāo
17187,鄢,U+9122,yan1,yān
17188,鄣,U+9123,zhang1|zhang4,zhāng|zhàng
17189,鄤,U+9124,man4|wan4,màn|wàn
17190,鄥,U+9125,qiao1,qiāo
17191,鄦,U+9126,xu3,xǔ
17192,鄧,U+9127,deng4,dèng
17193,鄨,U+9128,bi4,bì
17194,鄩,U+9129,xun2,xún
17195,鄪,U+912A,bi4,bì
17196,鄫,U+912B,zeng1|ceng2,zēng|céng
17197,鄬,U+912C,wei2,wéi
17198,鄭,U+912D,zheng4,zhèng
17199,鄮,U+912E,mao4,mào
17200,鄯,U+912F,shan4,shàn
17201,鄰,U+9130,lin2|lin4,lín|lìn
17202,鄱,U+9131,po2|pi2|pan2,pó|pí|pán
17203,鄲,U+9132,dan1|duo1,dān|duō
17204,鄳,U+9133,meng2,méng
17205,鄴,U+9134,ye4,yè
17206,鄵,U+9135,cao4|sao1,cào|sāo
17207,鄶,U+9136,kuai4,kuài
17208,鄷,U+9137,feng1,fēng
17209,鄸,U+9138,meng2,méng
17210,鄹,U+9139,zou1|ju4,zōu|jù
17211,鄺,U+913A,kuang4|kuo4,kuàng|kuò
17212,鄻,U+913B,lian3,liǎn
17213,鄼,U+913C,zan4,zàn
17214,鄽,U+913D,chan2,chán
17215,鄾,U+913E,you1,yōu
17216,鄿,U+913F,ji1|qi2,jī|qí
17217,酀,U+9140,yan4|yan3,yàn|yǎn
17218,酁,U+9141,chan2,chán
17219,酂,U+9142,cuo2|zan4,cuó|zàn
17220,酃,U+9143,ling2,líng
17221,酄,U+9144,huan1|quan1,huān|quān
17222,酅,U+9145,xi1,xī
17223,酆,U+9146,feng1,fēng
17224,酇,U+9147,zan4|cuo2,zàn|cuó
17225,酈,U+9148,li4|li2|zhi2,lì|lí|zhí
17226,酉,U+9149,you3,yǒu
17227,酊,U+914A,ding1|ding3,dīng|dǐng
17228,酋,U+914B,qiu2,qiú
17229,酌,U+914C,zhuo2,zhuó
17230,配,U+914D,pei4,pèi
17231,酎,U+914E,zhou4,zhòu
17232,酏,U+914F,yi3|yi2,yǐ|yí
17233,酐,U+9150,gan1|hang4,gān|hàng
17234,酑,U+9151,yu2,yú
17235,酒,U+9152,jiu3,jiǔ
17236,酓,U+9153,yan3|yan4|yin3,yǎn|yàn|yǐn
17237,酔,U+9154,zui4,zuì
17238,酕,U+9155,mao2,máo
17239,酖,U+9156,zhen4|dan1,zhèn|dān
17240,酗,U+9157,xu4,xù
17241,酘,U+9158,dou4,dòu
17242,酙,U+9159,zhen1,zhēn
17243,酚,U+915A,fen1,fēn
17244,酛,U+915B,yuan2,yuán
17245,酜,U+915C,fu,fu
17246,酝,U+915D,yun4,yùn
17247,酞,U+915E,tai4,tài
17248,酟,U+915F,tian1,tiān
17249,酠,U+9160,qia3,qiǎ
17250,酡,U+9161,tuo2|duo4,tuó|duò
17251,酢,U+9162,cu4|zuo4,cù|zuò
17252,酣,U+9163,han1|han4,hān|hàn
17253,酤,U+9164,gu1,gū
17254,酥,U+9165,su1,sū
17255,酦,U+9166,po4|po1|fa1,pò|pō|fā
17256,酧,U+9167,chou2,chóu
17257,酨,U+9168,zai4|zui4,zài|zuì
17258,酩,U+9169,ming3,mǐng
17259,酪,U+916A,lao4|luo4|lu4,lào|luò|lù
17260,酫,U+916B,chuo4,chuò
17261,酬,U+916C,chou2,chóu
17262,酭,U+916D,you4,yòu
17263,酮,U+916E,tong2|dong4|chong2,tóng|dòng|chóng
17264,酯,U+916F,zhi3,zhǐ
17265,酰,U+9170,xian1,xiān
17266,酱,U+9171,jiang4,jiàng
17267,酲,U+9172,cheng2,chéng
17268,酳,U+9173,yin4,yìn
17269,酴,U+9174,tu2,tú
17270,酵,U+9175,jiao4,jiào
17271,酶,U+9176,mei2,méi
17272,酷,U+9177,ku4,kù
17273,酸,U+9178,suan1,suān
17274,酹,U+9179,lei4,lèi
17275,酺,U+917A,pu2,pú
17276,酻,U+917B,zui4|fu2,zuì|fú
17277,酼,U+917C,hai3,hǎi
17278,酽,U+917D,yan4,yàn
17279,酾,U+917E,shai1|shi1,shāi|shī
17280,酿,U+917F,niang4|niang2,niàng|niáng
17281,醀,U+9180,wei2|zhui4,wéi|zhuì
17282,醁,U+9181,lu4,lù
17283,醂,U+9182,lan3,lǎn
17284,醃,U+9183,yan1|ang1,yān|āng
17285,醄,U+9184,tao2,táo
17286,醅,U+9185,pei1,pēi
17287,醆,U+9186,zhan3,zhǎn
17288,醇,U+9187,chun2,chún
17289,醈,U+9188,tan2|dan4,tán|dàn
17290,醉,U+9189,zui4,zuì
17291,醊,U+918A,zhui4,zhuì
17292,醋,U+918B,cu4|zuo4,cù|zuò
17293,醌,U+918C,kun1,kūn
17294,醍,U+918D,ti2|ti3,tí|tǐ
17295,醎,U+918E,xian2|jian3,xián|jiǎn
17296,醏,U+918F,du1,dū
17297,醐,U+9190,hu2,hú
17298,醑,U+9191,xu3,xǔ
17299,醒,U+9192,xing3|cheng2|jing1,xǐng|chéng|jīng
17300,醓,U+9193,tan3,tǎn
17301,醔,U+9194,qiu2|chou1,qiú|chōu
17302,醕,U+9195,chun2,chún
17303,醖,U+9196,yun4,yùn
17304,醗,U+9197,po4,pò
17305,醘,U+9198,ke1,kē
17306,醙,U+9199,sou1,sōu
17307,醚,U+919A,mi2,mí
17308,醛,U+919B,quan2|chuo4,quán|chuò
17309,醜,U+919C,chou3,chǒu
17310,醝,U+919D,cuo1|cuo3,cuō|cuǒ
17311,醞,U+919E,yun4,yùn
17312,醟,U+919F,yong4,yòng
17313,醠,U+91A0,ang4,àng
17314,醡,U+91A1,zha4,zhà
17315,醢,U+91A2,hai3,hǎi
17316,醣,U+91A3,tang2,táng
17317,醤,U+91A4,jiang4,jiàng
17318,醥,U+91A5,piao3,piǎo
17319,醦,U+91A6,chen3|chan3,chěn|chǎn
17320,醧,U+91A7,yu4|ou1,yù|ōu
17321,醨,U+91A8,li2,lí
17322,醩,U+91A9,zao1,zāo
17323,醪,U+91AA,lao2,láo
17324,醫,U+91AB,yi1|yi3,yī|yǐ
17325,醬,U+91AC,jiang4,jiàng
17326,醭,U+91AD,bu2,bú
17327,醮,U+91AE,jiao4|qiao2|zhan4,jiào|qiáo|zhàn
17328,醯,U+91AF,xi1,xī
17329,醰,U+91B0,tan2,tán
17330,醱,U+91B1,fa1|po4|po1,fā|pò|pō
17331,醲,U+91B2,nong2,nóng
17332,醳,U+91B3,yi4|shi4,yì|shì
17333,醴,U+91B4,li3,lǐ
17334,醵,U+91B5,ju4,jù
17335,醶,U+91B6,yan4|lian3|xian1|jian3,yàn|liǎn|xiān|jiǎn
17336,醷,U+91B7,yi4|yi3|ai4,yì|yǐ|ài
17337,醸,U+91B8,niang4,niàng
17338,醹,U+91B9,ru2,rú
17339,醺,U+91BA,xun1,xūn
17340,醻,U+91BB,chou2|shou4|dao4,chóu|shòu|dào
17341,醼,U+91BC,yan4,yàn
17342,醽,U+91BD,ling2,líng
17343,醾,U+91BE,mi2,mí
17344,醿,U+91BF,mi2,mí
17345,釀,U+91C0,niang4|niang2,niàng|niáng
17346,釁,U+91C1,xin4,xìn
17347,釂,U+91C2,jiao4,jiào
17348,釃,U+91C3,shai1|shi1|li2,shāi|shī|lí
17349,釄,U+91C4,mi2,mí
17350,釅,U+91C5,yan4,yàn
17351,釆,U+91C6,bian4|bian3,biàn|biǎn
17352,采,U+91C7,cai3|cai4,cǎi|cài
17353,釈,U+91C8,shi4,shì
17354,釉,U+91C9,you4,yòu
17355,释,U+91CA,shi4,shì
17356,釋,U+91CB,shi4|yi4,shì|yì
17357,里,U+91CC,li3|li,lǐ|li
17358,重,U+91CD,zhong4|chong2|tong2,zhòng|chóng|tóng
17359,野,U+91CE,ye3|shu4,yě|shù
17360,量,U+91CF,liang4|liang2,liàng|liáng
17361,釐,U+91D0,li2|xi1|lai2|tai1|lai4|xi3,lí|xī|lái|tāi|lài|xǐ
17362,金,U+91D1,jin1|jin4,jīn|jìn
17363,釒,U+91D2,jin1,jīn
17364,釓,U+91D3,ga2|qiu2,gá|qiú
17365,釔,U+91D4,yi3,yǐ
17366,釕,U+91D5,liao3|liao4,liǎo|liào
17367,釖,U+91D6,dao1,dāo
17368,釗,U+91D7,zhao1,zhāo
17369,釘,U+91D8,ding1|ding4|ling2,dīng|dìng|líng
17370,釙,U+91D9,po4|po1,pò|pō
17371,釚,U+91DA,qiu2,qiú
17372,釛,U+91DB,ba1,bā
17373,釜,U+91DC,fu3,fǔ
17374,針,U+91DD,zhen1,zhēn
17375,釞,U+91DE,zhi2,zhí
17376,釟,U+91DF,ba1,bā
17377,釠,U+91E0,luan4,luàn
17378,釡,U+91E1,fu3,fǔ
17379,釢,U+91E2,nai3,nǎi
17380,釣,U+91E3,diao4,diào
17381,釤,U+91E4,shan4|shan1|xian1,shàn|shān|xiān
17382,釥,U+91E5,qiao3|jiao3,qiǎo|jiǎo
17383,釦,U+91E6,kou4,kòu
17384,釧,U+91E7,chuan4|chuan1,chuàn|chuān
17385,釨,U+91E8,zi3,zǐ
17386,釩,U+91E9,fan3|fan4|fan2,fǎn|fàn|fán
17387,釪,U+91EA,hua2|yu2,huá|yú
17388,釫,U+91EB,hua2|wu1,huá|wū
17389,釬,U+91EC,han4|gan1,hàn|gān
17390,釭,U+91ED,gang1|gong1,gāng|gōng
17391,釮,U+91EE,qi2,qí
17392,釯,U+91EF,mang2,máng
17393,釰,U+91F0,ri4|ren4|jian4,rì|rèn|jiàn
17394,釱,U+91F1,di4,dì
17395,釲,U+91F2,si4,sì
17396,釳,U+91F3,xi4,xì
17397,釴,U+91F4,yi4,yì
17398,釵,U+91F5,chai1|cha1,chāi|chā
17399,釶,U+91F6,shi1|yi2|ye3,shī|yí|yě
17400,釷,U+91F7,tu3,tǔ
17401,釸,U+91F8,xi1,xī
17402,釹,U+91F9,nv3,nǚ
17403,釺,U+91FA,qian1,qiān
17404,釻,U+91FB,qiu2,qiú
17405,釼,U+91FC,jian4,jiàn
17406,釽,U+91FD,pi4|pi1|zhao1,pì|pī|zhāo
17407,釾,U+91FE,ye2|ya2,yé|yá
17408,釿,U+91FF,jin1|yin3|yin2,jīn|yǐn|yín
17409,鈀,U+9200,ba3|ba1|pa2,bǎ|bā|pá
17410,鈁,U+9201,fang1,fāng
17411,鈂,U+9202,chen2|qin2|zhen4,chén|qín|zhèn
17412,鈃,U+9203,xing2,xíng
17413,鈄,U+9204,dou3,dǒu
17414,鈅,U+9205,yue4,yuè
17415,鈆,U+9206,qian1|zhong1,qiān|zhōng
17416,鈇,U+9207,fu1|fu3,fū|fǔ
17417,鈈,U+9208,bu4|pi1,bù|pī
17418,鈉,U+9209,na4|rui4,nà|ruì
17419,鈊,U+920A,xin1|qin4,xīn|qìn
17420,鈋,U+920B,e2,é
17421,鈌,U+920C,jue2,jué
17422,鈍,U+920D,dun4,dùn
17423,鈎,U+920E,gou1,gōu
17424,鈏,U+920F,yin3,yǐn
17425,鈐,U+9210,qian2|han2,qián|hán
17426,鈑,U+9211,ban3,bǎn
17427,鈒,U+9212,sa4|xi4,sà|xì
17428,鈓,U+9213,ren2,rén
17429,鈔,U+9214,chao1|chao3,chāo|chǎo
17430,鈕,U+9215,niu3|chou3,niǔ|chǒu
17431,鈖,U+9216,fen1,fēn
17432,鈗,U+9217,yun3|dui4,yǔn|duì
17433,鈘,U+9218,yi3,yǐ
17434,鈙,U+9219,qin2,qín
17435,鈚,U+921A,pi1|bi1|bi3,pī|bī|bǐ
17436,鈛,U+921B,guo1,guō
17437,鈜,U+921C,hong2,hóng
17438,鈝,U+921D,yin2,yín
17439,鈞,U+921E,jun1,jūn
17440,鈟,U+921F,diao4,diào
17441,鈠,U+9220,yi4,yì
17442,鈡,U+9221,zhong1,zhōng
17443,鈢,U+9222,xi3,xǐ
17444,鈣,U+9223,gai4,gài
17445,鈤,U+9224,ri4,rì
17446,鈥,U+9225,huo3,huǒ
17447,鈦,U+9226,tai4,tài
17448,鈧,U+9227,kang4,kàng
17449,鈨,U+9228,yuan2,yuán
17450,鈩,U+9229,lu2,lú
17451,鈪,U+922A,e4,è
17452,鈫,U+922B,qin2,qín
17453,鈬,U+922C,duo2,duó
17454,鈭,U+922D,zi1,zī
17455,鈮,U+922E,ni3|ni2,nǐ|ní
17456,鈯,U+922F,tu2,tú
17457,鈰,U+9230,shi4,shì
17458,鈱,U+9231,min2|min3,mín|mǐn
17459,鈲,U+9232,gu1|pi4,gū|pì
17460,鈳,U+9233,ke1,kē
17461,鈴,U+9234,ling2,líng
17462,鈵,U+9235,bing3,bǐng
17463,鈶,U+9236,si4|ci2|tai2,sì|cí|tái
17464,鈷,U+9237,gu3|hu2|gu4,gǔ|hú|gù
17465,鈸,U+9238,bo2,bó
17466,鈹,U+9239,pi1|pi2,pī|pí
17467,鈺,U+923A,yu4,yù
17468,鈻,U+923B,si4,sì
17469,鈼,U+923C,zuo2,zuó
17470,鈽,U+923D,bu1,bū
17471,鈾,U+923E,you2|zhou4,yóu|zhòu
17472,鈿,U+923F,tian2|dian4,tián|diàn
17473,鉀,U+9240,jia3|ge2,jiǎ|gé
17474,鉁,U+9241,zhen1|zhen4,zhēn|zhèn
17475,鉂,U+9242,shi3,shǐ
17476,鉃,U+9243,shi4|zu2,shì|zú
17477,鉄,U+9244,zhi2|tie3,zhí|tiě
17478,鉅,U+9245,ju4,jù
17479,鉆,U+9246,chan1|qian2|tie1,chān|qián|tiē
17480,鉇,U+9247,shi1|yi2,shī|yí
17481,鉈,U+9248,shi1|she2|yi2|tuo2|ta1,shī|shé|yí|tuó|tā
17482,鉉,U+9249,xuan4,xuàn
17483,鉊,U+924A,zhao1,zhāo
17484,鉋,U+924B,bao4|pao2|bao2,bào|páo|báo
17485,鉌,U+924C,he2,hé
17486,鉍,U+924D,bi4|se4,bì|sè
17487,鉎,U+924E,sheng1,shēng
17488,鉏,U+924F,chu2|zu1|zhu4|ju3|cha2|xu2,chú|zū|zhù|jǔ|chá|xú
17489,鉐,U+9250,shi2|zu2,shí|zú
17490,鉑,U+9251,bo2,bó
17491,鉒,U+9252,zhu4,zhù
17492,鉓,U+9253,chi4,chì
17493,鉔,U+9254,za1,zā
17494,鉕,U+9255,po1|po3,pō|pǒ
17495,鉖,U+9256,tong2,tóng
17496,鉗,U+9257,qian2|an1,qián|ān
17497,鉘,U+9258,fu2,fú
17498,鉙,U+9259,zhai3,zhǎi
17499,鉚,U+925A,mao3|liu3,mǎo|liǔ
17500,鉛,U+925B,qian1|yan2,qiān|yán
17501,鉜,U+925C,fu2,fú
17502,鉝,U+925D,li4,lì
17503,鉞,U+925E,yue4,yuè
17504,鉟,U+925F,pi1,pī
17505,鉠,U+9260,yang1,yāng
17506,鉡,U+9261,ban4,bàn
17507,鉢,U+9262,bo1,bō
17508,鉣,U+9263,jie2,jié
17509,鉤,U+9264,gou1|gou4|qu2,gōu|gòu|qú
17510,鉥,U+9265,shu4|xu4,shù|xù
17511,鉦,U+9266,zheng1,zhēng
17512,鉧,U+9267,mu3,mǔ
17513,鉨,U+9268,xi3|ni3|nie3,xǐ|nǐ|niě
17514,鉩,U+9269,xi3|nie4,xǐ|niè
17515,鉪,U+926A,di4,dì
17516,鉫,U+926B,jia1,jiā
17517,鉬,U+926C,mu4,mù
17518,鉭,U+926D,tan3,tǎn
17519,鉮,U+926E,huan2|shen2|shen1,huán|shén|shēn
17520,鉯,U+926F,yi3,yǐ
17521,鉰,U+9270,si1,sī
17522,鉱,U+9271,kuang4,kuàng
17523,鉲,U+9272,ka3,kǎ
17524,鉳,U+9273,bei3,běi
17525,鉴,U+9274,jian4,jiàn
17526,鉵,U+9275,tong2|zhuo2,tóng|zhuó
17527,鉶,U+9276,xing2,xíng
17528,鉷,U+9277,hong2,hóng
17529,鉸,U+9278,jiao3,jiǎo
17530,鉹,U+9279,chi3,chǐ
17531,鉺,U+927A,er4|keng1|er3,èr|kēng|ěr
17532,鉻,U+927B,ge4|luo4|ge1,gè|luò|gē
17533,鉼,U+927C,bing3|ping2,bǐng|píng
17534,鉽,U+927D,shi4,shì
17535,鉾,U+927E,mou2|mao2,móu|máo
17536,鉿,U+927F,jia1|ge1|ke1|ha1,jiā|gē|kē|hā
17537,銀,U+9280,yin2,yín
17538,銁,U+9281,jun1,jūn
17539,銂,U+9282,zhou1,zhōu
17540,銃,U+9283,chong4,chòng
17541,銄,U+9284,xiang3|jiong1,xiǎng|jiōng
17542,銅,U+9285,tong2,tóng
17543,銆,U+9286,mo4,mò
17544,銇,U+9287,lei4,lèi
17545,銈,U+9288,ji1,jī
17546,銉,U+9289,yu4|si4,yù|sì
17547,銊,U+928A,xu4|hui4,xù|huì
17548,銋,U+928B,ren2|ren3,rén|rěn
17549,銌,U+928C,zun4,zùn
17550,銍,U+928D,zhi4,zhì
17551,銎,U+928E,qiong2|qiong1,qióng|qiōng
17552,銏,U+928F,shan4|shuo4,shàn|shuò
17553,銐,U+9290,chi4|li4,chì|lì
17554,銑,U+9291,xian3|xian1|xi3,xiǎn|xiān|xǐ
17555,銒,U+9292,xing2|jian1,xíng|jiān
17556,銓,U+9293,quan2,quán
17557,銔,U+9294,pi1,pī
17558,銕,U+9295,tie3|yi2,tiě|yí
17559,銖,U+9296,zhu1,zhū
17560,銗,U+9297,xiang4|hou2,xiàng|hóu
17561,銘,U+9298,ming2,míng
17562,銙,U+9299,kua3,kuǎ
17563,銚,U+929A,yao2|diao4|tiao2|qiao1|yao4,yáo|diào|tiáo|qiāo|yào
17564,銛,U+929B,xian1|tian3|gua1,xiān|tiǎn|guā
17565,銜,U+929C,xian2,xián
17566,銝,U+929D,xiu1,xiū
17567,銞,U+929E,jun1,jūn
17568,銟,U+929F,cha1,chā
17569,銠,U+92A0,lao3,lǎo
17570,銡,U+92A1,ji2,jí
17571,銢,U+92A2,pi3,pǐ
17572,銣,U+92A3,ru2,rú
17573,銤,U+92A4,mi3,mǐ
17574,銥,U+92A5,yi1,yī
17575,銦,U+92A6,yin1,yīn
17576,銧,U+92A7,guang1,guāng
17577,銨,U+92A8,an3,ǎn
17578,銩,U+92A9,diu1,diū
17579,銪,U+92AA,you3,yǒu
17580,銫,U+92AB,se4,sè
17581,銬,U+92AC,kao4,kào
17582,銭,U+92AD,qian2,qián
17583,銮,U+92AE,luan2,luán
17584,銯,U+92AF,si1,sī
17585,銰,U+92B0,ai1,āi
17586,銱,U+92B1,diao4,diào
17587,銲,U+92B2,han4,hàn
17588,銳,U+92B3,rui4,ruì
17589,銴,U+92B4,shi4|zhi4,shì|zhì
17590,銵,U+92B5,keng1,kēng
17591,銶,U+92B6,qiu2,qiú
17592,銷,U+92B7,xiao1,xiāo
17593,銸,U+92B8,zhe2|nie4,zhé|niè
17594,銹,U+92B9,xiu4|you4,xiù|yòu
17595,銺,U+92BA,zang4,zàng
17596,銻,U+92BB,ti2|ti1,tí|tī
17597,銼,U+92BC,cuo4,cuò
17598,銽,U+92BD,gua1,guā
17599,銾,U+92BE,hong4|gong3,hòng|gǒng
17600,銿,U+92BF,zhong1|yong1,zhōng|yōng
17601,鋀,U+92C0,tou1|dou4|tu4,tōu|dòu|tù
17602,鋁,U+92C1,lv3|lv4,lǚ|lǜ
17603,鋂,U+92C2,mei2|meng2,méi|méng
17604,鋃,U+92C3,lang2,láng
17605,鋄,U+92C4,wan4,wàn
17606,鋅,U+92C5,xin1|zi3,xīn|zǐ
17607,鋆,U+92C6,yun2|jun1,yún|jūn
17608,鋇,U+92C7,bei4,bèi
17609,鋈,U+92C8,wu4,wù
17610,鋉,U+92C9,su4,sù
17611,鋊,U+92CA,yu4,yù
17612,鋋,U+92CB,chan2|yan2,chán|yán
17613,鋌,U+92CC,ding4|ting3,dìng|tǐng
17614,鋍,U+92CD,bo2,bó
17615,鋎,U+92CE,han4,hàn
17616,鋏,U+92CF,jia2,jiá
17617,鋐,U+92D0,hong2,hóng
17618,鋑,U+92D1,cuan1|jian1|juan1,cuān|jiān|juān
17619,鋒,U+92D2,feng1,fēng
17620,鋓,U+92D3,chan1,chān
17621,鋔,U+92D4,wan3,wǎn
17622,鋕,U+92D5,zhi4,zhì
17623,鋖,U+92D6,si1|tuo2,sī|tuó
17624,鋗,U+92D7,xuan1|juan1|juan4,xuān|juān|juàn
17625,鋘,U+92D8,hua2|wu2|hu2,huá|wú|hú
17626,鋙,U+92D9,yu3|yu2|wu2,yǔ|yú|wú
17627,鋚,U+92DA,tiao2,tiáo
17628,鋛,U+92DB,kuang4,kuàng
17629,鋜,U+92DC,zhuo2|chuo4,zhuó|chuò
17630,鋝,U+92DD,lve4,lüè
17631,鋞,U+92DE,xing2|xing4|jing1,xíng|xìng|jīng
17632,鋟,U+92DF,qin3|qian1|qin1|jin4,qǐn|qiān|qīn|jìn
17633,鋠,U+92E0,shen4,shèn
17634,鋡,U+92E1,han2,hán
17635,鋢,U+92E2,lve4,lüè
17636,鋣,U+92E3,ye2,yé
17637,鋤,U+92E4,chu2|ju3,chú|jǔ
17638,鋥,U+92E5,zeng4,zèng
17639,鋦,U+92E6,ju1|ju2,jū|jú
17640,鋧,U+92E7,xian4,xiàn
17641,鋨,U+92E8,e2|tie3,é|tiě
17642,鋩,U+92E9,mang2,máng
17643,鋪,U+92EA,pu4|pu1,pù|pū
17644,鋫,U+92EB,li2,lí
17645,鋬,U+92EC,pan4,pàn
17646,鋭,U+92ED,rui4|dui4|yue4,ruì|duì|yuè
17647,鋮,U+92EE,cheng2,chéng
17648,鋯,U+92EF,gao4,gào
17649,鋰,U+92F0,li3,lǐ
17650,鋱,U+92F1,te4,tè
17651,鋲,U+92F2,bing1,bīng
17652,鋳,U+92F3,zhu4,zhù
17653,鋴,U+92F4,zhen4,zhèn
17654,鋵,U+92F5,tu1,tū
17655,鋶,U+92F6,liu3,liǔ
17656,鋷,U+92F7,zui4|nie4,zuì|niè
17657,鋸,U+92F8,ju4|ju1,jù|jū
17658,鋹,U+92F9,chang3,chǎng
17659,鋺,U+92FA,yuan3|yuan1|wan3|wan1,yuǎn|yuān|wǎn|wān
17660,鋻,U+92FB,jian4|jian1,jiàn|jiān
17661,鋼,U+92FC,gang1|gang4,gāng|gàng
17662,鋽,U+92FD,diao4,diào
17663,鋾,U+92FE,tao2,táo
17664,鋿,U+92FF,chang2,cháng
17665,錀,U+9300,lun2|fen1,lún|fēn
17666,錁,U+9301,guo3|kua3|ke4,guǒ|kuǎ|kè
17667,錂,U+9302,ling2,líng
17668,錃,U+9303,pi1,pī
17669,錄,U+9304,lu4,lù
17670,錅,U+9305,li2,lí
17671,錆,U+9306,qiang1,qiāng
17672,錇,U+9307,pou2|fu2|pei2,póu|fú|péi
17673,錈,U+9308,juan3,juǎn
17674,錉,U+9309,min2,mín
17675,錊,U+930A,zui4|zu1,zuì|zū
17676,錋,U+930B,peng2|beng4,péng|bèng
17677,錌,U+930C,an4,àn
17678,錍,U+930D,pi1|bei1|bi1|pi2,pī|bēi|bī|pí
17679,錎,U+930E,xian4|gan4|qian4,xiàn|gàn|qiàn
17680,錏,U+930F,ya1|ya4,yā|yà
17681,錐,U+9310,zhui1,zhuī
17682,錑,U+9311,lei4|li4,lèi|lì
17683,錒,U+9312,a1|ke1,ā|kē
17684,錓,U+9313,kong1,kōng
17685,錔,U+9314,ta4,tà
17686,錕,U+9315,kun1|gun3,kūn|gǔn
17687,錖,U+9316,du2,dú
17688,錗,U+9317,nei4|zhui4|wei4,nèi|zhuì|wèi
17689,錘,U+9318,chui2,chuí
17690,錙,U+9319,zi1,zī
17691,錚,U+931A,zheng1,zhēng
17692,錛,U+931B,ben1,bēn
17693,錜,U+931C,nie4,niè
17694,錝,U+931D,zong4,zòng
17695,錞,U+931E,chun2|dui4|duo4,chún|duì|duò
17696,錟,U+931F,tan2|xian1|yan3,tán|xiān|yǎn
17697,錠,U+9320,ding4,dìng
17698,錡,U+9321,qi2|yi3,qí|yǐ
17699,錢,U+9322,qian2|jian3,qián|jiǎn
17700,錣,U+9323,zhui4|chuo4,zhuì|chuò
17701,錤,U+9324,ji1,jī
17702,錥,U+9325,yu4,yù
17703,錦,U+9326,jin3,jǐn
17704,錧,U+9327,guan3,guǎn
17705,錨,U+9328,mao2,máo
17706,錩,U+9329,chang1,chāng
17707,錪,U+932A,tian3|tun3,tiǎn|tǔn
17708,錫,U+932B,xi1|ti4,xī|tì
17709,錬,U+932C,lian4,liàn
17710,錭,U+932D,tao2|diao1,táo|diāo
17711,錮,U+932E,gu4,gù
17712,錯,U+932F,cuo4|cu4|xi1,cuò|cù|xī
17713,錰,U+9330,shu4,shù
17714,錱,U+9331,zhen1,zhēn
17715,録,U+9332,lu4|lv4,lù|lǜ
17716,錳,U+9333,meng3,měng
17717,錴,U+9334,lu4,lù
17718,錵,U+9335,hua1,huā
17719,錶,U+9336,biao3,biǎo
17720,錷,U+9337,ga2,gá
17721,錸,U+9338,lai2,lái
17722,錹,U+9339,ken3,kěn
17723,錺,U+933A,fang1,fāng
17724,錻,U+933B,wu,wu
17725,錼,U+933C,nai4,nài
17726,錽,U+933D,wan4|jian3,wàn|jiǎn
17727,錾,U+933E,zan4,zàn
17728,錿,U+933F,hu3,hǔ
17729,鍀,U+9340,de2,dé
17730,鍁,U+9341,xian1,xiān
17731,鍂,U+9342,pian1,piān
17732,鍃,U+9343,huo1,huō
17733,鍄,U+9344,liang4,liàng
17734,鍅,U+9345,fa3,fǎ
17735,鍆,U+9346,men2,mén
17736,鍇,U+9347,kai3|jie1|jie3,kǎi|jiē|jiě
17737,鍈,U+9348,ying1,yīng
17738,鍉,U+9349,di1|chi2|di2|shi4,dī|chí|dí|shì
17739,鍊,U+934A,lian4|jian4,liàn|jiàn
17740,鍋,U+934B,guo1|guo3,guō|guǒ
17741,鍌,U+934C,xian3,xiǎn
17742,鍍,U+934D,du4,dù
17743,鍎,U+934E,tu2,tú
17744,鍏,U+934F,wei2,wéi
17745,鍐,U+9350,zong1,zōng
17746,鍑,U+9351,fu4,fù
17747,鍒,U+9352,rou2,róu
17748,鍓,U+9353,ji2,jí
17749,鍔,U+9354,e4,è
17750,鍕,U+9355,jun1,jūn
17751,鍖,U+9356,chen3|zhen1,chěn|zhēn
17752,鍗,U+9357,ti2,tí
17753,鍘,U+9358,zha2,zhá
17754,鍙,U+9359,hu4,hù
17755,鍚,U+935A,yang2,yáng
17756,鍛,U+935B,duan4,duàn
17757,鍜,U+935C,xia2,xiá
17758,鍝,U+935D,yu2,yú
17759,鍞,U+935E,keng1,kēng
17760,鍟,U+935F,sheng1,shēng
17761,鍠,U+9360,huang2,huáng
17762,鍡,U+9361,wei3,wěi
17763,鍢,U+9362,fu4,fù
17764,鍣,U+9363,zhao1,zhāo
17765,鍤,U+9364,cha1,chā
17766,鍥,U+9365,qie4,qiè
17767,鍦,U+9366,shi1|she2,shī|shé
17768,鍧,U+9367,hong1,hōng
17769,鍨,U+9368,kui2,kuí
17770,鍩,U+9369,tian3|nuo4,tiǎn|nuò
17771,鍪,U+936A,mou2,móu
17772,鍫,U+936B,qiao1,qiāo
17773,鍬,U+936C,qiao1,qiāo
17774,鍭,U+936D,hou2,hóu
17775,鍮,U+936E,tou1,tōu
17776,鍯,U+936F,cong1,cōng
17777,鍰,U+9370,huan2,huán
17778,鍱,U+9371,ye4|xie2,yè|xié
17779,鍲,U+9372,min2,mín
17780,鍳,U+9373,jian4,jiàn
17781,鍴,U+9374,duan1,duān
17782,鍵,U+9375,jian4,jiàn
17783,鍶,U+9376,song1|si1,sōng|sī
17784,鍷,U+9377,kui2,kuí
17785,鍸,U+9378,hu2,hú
17786,鍹,U+9379,xuan1,xuān
17787,鍺,U+937A,zhe3|duo3|du3,zhě|duǒ|dǔ
17788,鍻,U+937B,jie2,jié
17789,鍼,U+937C,zhen1|qian2,zhēn|qián
17790,鍽,U+937D,bian1,biān
17791,鍾,U+937E,zhong1,zhōng
17792,鍿,U+937F,zi1,zī
17793,鎀,U+9380,xiu1,xiū
17794,鎁,U+9381,ye2,yé
17795,鎂,U+9382,mei3,měi
17796,鎃,U+9383,pai4,pài
17797,鎄,U+9384,ai1,āi
17798,鎅,U+9385,jie4,jiè
17799,鎆,U+9386,qian,qian
17800,鎇,U+9387,mei2,méi
17801,鎈,U+9388,suo3|cha1,suǒ|chā
17802,鎉,U+9389,da2|ta4,dá|tà
17803,鎊,U+938A,bang4|pang1,bàng|pāng
17804,鎋,U+938B,xia2,xiá
17805,鎌,U+938C,lian2,lián
17806,鎍,U+938D,suo3|se4,suǒ|sè
17807,鎎,U+938E,kai4,kài
17808,鎏,U+938F,liu2,liú
17809,鎐,U+9390,yao2|zu2,yáo|zú
17810,鎑,U+9391,ye4|ta4|ge2,yè|tà|gé
17811,鎒,U+9392,nou4|hao1,nòu|hāo
17812,鎓,U+9393,weng1,wēng
17813,鎔,U+9394,rong2,róng
17814,鎕,U+9395,tang2,táng
17815,鎖,U+9396,suo3,suǒ
17816,鎗,U+9397,qiang1|cheng1|qiang4,qiāng|chēng|qiàng
17817,鎘,U+9398,li4|ge2,lì|gé
17818,鎙,U+9399,shuo4,shuò
17819,鎚,U+939A,chui2|dui1|zhui4,chuí|duī|zhuì
17820,鎛,U+939B,bo2,bó
17821,鎜,U+939C,pan2,pán
17822,鎝,U+939D,da1|sa4,dā|sà
17823,鎞,U+939E,bi1|pi1,bī|pī
17824,鎟,U+939F,sang3,sǎng
17825,鎠,U+93A0,gang1,gāng
17826,鎡,U+93A1,zi1,zī
17827,鎢,U+93A2,wu1,wū
17828,鎣,U+93A3,ying2|ying1|jiong3,yíng|yīng|jiǒng
17829,鎤,U+93A4,huang4,huàng
17830,鎥,U+93A5,tiao2,tiáo
17831,鎦,U+93A6,liu2|liu4,liú|liù
17832,鎧,U+93A7,kai3,kǎi
17833,鎨,U+93A8,sun3,sǔn
17834,鎩,U+93A9,sha1|shi4|se4,shā|shì|sè
17835,鎪,U+93AA,sou1,sōu
17836,鎫,U+93AB,wan4,wàn
17837,鎬,U+93AC,hao4|gao3,hào|gǎo
17838,鎭,U+93AD,zhen4,zhèn
17839,鎮,U+93AE,zhen4|zhen1|tian2,zhèn|zhēn|tián
17840,鎯,U+93AF,lang2|luo3,láng|luǒ
17841,鎰,U+93B0,yi4,yì
17842,鎱,U+93B1,yuan2,yuán
17843,鎲,U+93B2,tang3,tǎng
17844,鎳,U+93B3,nie4,niè
17845,鎴,U+93B4,xi2,xí
17846,鎵,U+93B5,jia1,jiā
17847,鎶,U+93B6,ge1,gē
17848,鎷,U+93B7,ma3,mǎ
17849,鎸,U+93B8,juan1,juān
17850,鎹,U+93B9,song4,sòng
17851,鎺,U+93BA,zu3,zǔ
17852,鎻,U+93BB,suo3,suǒ
17853,鎼,U+93BC,xia4,xià
17854,鎽,U+93BD,feng1,fēng
17855,鎾,U+93BE,wen1,wēn
17856,鎿,U+93BF,na2,ná
17857,鏀,U+93C0,lu3,lǔ
17858,鏁,U+93C1,suo3,suǒ
17859,鏂,U+93C2,ou1|kou1,ōu|kōu
17860,鏃,U+93C3,zu2|chuo4,zú|chuò
17861,鏄,U+93C4,tuan2,tuán
17862,鏅,U+93C5,xiu1|xiu4,xiū|xiù
17863,鏆,U+93C6,guan4,guàn
17864,鏇,U+93C7,xuan4|xuan2,xuàn|xuán
17865,鏈,U+93C8,lian4|lian2,liàn|lián
17866,鏉,U+93C9,shou4|sou1,shòu|sōu
17867,鏊,U+93CA,ao4,ào
17868,鏋,U+93CB,man3,mǎn
17869,鏌,U+93CC,mo4,mò
17870,鏍,U+93CD,luo2,luó
17871,鏎,U+93CE,bi4,bì
17872,鏏,U+93CF,wei4,wèi
17873,鏐,U+93D0,liu2|liu4|liao2,liú|liù|liáo
17874,鏑,U+93D1,di2|di1,dí|dī
17875,鏒,U+93D2,san3|qiao1|can4,sǎn|qiāo|càn
17876,鏓,U+93D3,zong3|cong1,zǒng|cōng
17877,鏔,U+93D4,yi2,yí
17878,鏕,U+93D5,lu4|ao2,lù|áo
17879,鏖,U+93D6,ao2|biao1,áo|biāo
17880,鏗,U+93D7,keng1,kēng
17881,鏘,U+93D8,qiang1,qiāng
17882,鏙,U+93D9,cui1,cuī
17883,鏚,U+93DA,qi1,qī
17884,鏛,U+93DB,chang2,cháng
17885,鏜,U+93DC,tang1|tang2,tāng|táng
17886,鏝,U+93DD,man4,màn
17887,鏞,U+93DE,yong1,yōng
17888,鏟,U+93DF,chan3,chǎn
17889,鏠,U+93E0,feng1,fēng
17890,鏡,U+93E1,jing4,jìng
17891,鏢,U+93E2,biao1,biāo
17892,鏣,U+93E3,shu4,shù
17893,鏤,U+93E4,lou4|lv2,lòu|lǘ
17894,鏥,U+93E5,xiu4,xiù
17895,鏦,U+93E6,cong1,cōng
17896,鏧,U+93E7,long2,lóng
17897,鏨,U+93E8,zan4,zàn
17898,鏩,U+93E9,jian4|zan4,jiàn|zàn
17899,鏪,U+93EA,cao2,cáo
17900,鏫,U+93EB,li2,lí
17901,鏬,U+93EC,xia4,xià
17902,鏭,U+93ED,xi1,xī
17903,鏮,U+93EE,kang1,kāng
17904,鏯,U+93EF,shuang3,shuǎng
17905,鏰,U+93F0,beng4,bèng
17906,鏱,U+93F1,zhang,zhang
17907,鏲,U+93F2,qian,qian
17908,鏳,U+93F3,cheng1,chēng
17909,鏴,U+93F4,lu4,lù
17910,鏵,U+93F5,hua2,huá
17911,鏶,U+93F6,ji2,jí
17912,鏷,U+93F7,pu2,pú
17913,鏸,U+93F8,hui4|sui4|rui4,huì|suì|ruì
17914,鏹,U+93F9,qiang3|qiang1,qiǎng|qiāng
17915,鏺,U+93FA,po1,pō
17916,鏻,U+93FB,lin2,lín
17917,鏼,U+93FC,se4,sè
17918,鏽,U+93FD,xiu4,xiù
17919,鏾,U+93FE,san3|xian4|sa4,sǎn|xiàn|sà
17920,鏿,U+93FF,cheng1,chēng
17921,鐀,U+9400,kui4|gui4,kuì|guì
17922,鐁,U+9401,si1,sī
17923,鐂,U+9402,liu2,liú
17924,鐃,U+9403,nao2|nao4,náo|nào
17925,鐄,U+9404,huang2,huáng
17926,鐅,U+9405,pie3,piě
17927,鐆,U+9406,sui4,suì
17928,鐇,U+9407,fan2,fán
17929,鐈,U+9408,qiao2,qiáo
17930,鐉,U+9409,quan1,quān
17931,鐊,U+940A,yang2,yáng
17932,鐋,U+940B,tang1|tang4,tāng|tàng
17933,鐌,U+940C,xiang4,xiàng
17934,鐍,U+940D,jue2|yu4,jué|yù
17935,鐎,U+940E,jiao1,jiāo
17936,鐏,U+940F,zun1,zūn
17937,鐐,U+9410,liao2,liáo
17938,鐑,U+9411,qie4,qiè
17939,鐒,U+9412,lao2,láo
17940,鐓,U+9413,dui4|dui1|dun1,duì|duī|dūn
17941,鐔,U+9414,xin2,xín
17942,鐕,U+9415,zan1,zān
17943,鐖,U+9416,ji1|qi2,jī|qí
17944,鐗,U+9417,jian3,jiǎn
17945,鐘,U+9418,zhong1,zhōng
17946,鐙,U+9419,deng4|deng1,dèng|dēng
17947,鐚,U+941A,ya1,yā
17948,鐛,U+941B,ying3,yǐng
17949,鐜,U+941C,dui1|dun1,duī|dūn
17950,鐝,U+941D,jue2,jué
17951,鐞,U+941E,nou4,nòu
17952,鐟,U+941F,zan1|ti4,zān|tì
17953,鐠,U+9420,pu3,pǔ
17954,鐡,U+9421,tie3,tiě
17955,鐢,U+9422,fan2,fán
17956,鐣,U+9423,cheng1,chēng
17957,鐤,U+9424,ding3,dǐng
17958,鐥,U+9425,shan4,shàn
17959,鐦,U+9426,kai1,kāi
17960,鐧,U+9427,jian1|jian3,jiān|jiǎn
17961,鐨,U+9428,fei4,fèi
17962,鐩,U+9429,sui4,suì
17963,鐪,U+942A,lu3,lǔ
17964,鐫,U+942B,juan1,juān
17965,鐬,U+942C,hui4,huì
17966,鐭,U+942D,yu4,yù
17967,鐮,U+942E,lian2,lián
17968,鐯,U+942F,zhuo2,zhuó
17969,鐰,U+9430,qiao1|sao4|cao2,qiāo|sào|cáo
17970,鐱,U+9431,jian4|qian1,jiàn|qiān
17971,鐲,U+9432,zhuo2|shu3,zhuó|shǔ
17972,鐳,U+9433,lei2,léi
17973,鐴,U+9434,bi4|bei4,bì|bèi
17974,鐵,U+9435,tie3|die2,tiě|dié
17975,鐶,U+9436,huan2|xuan4,huán|xuàn
17976,鐷,U+9437,ye4,yè
17977,鐸,U+9438,duo2,duó
17978,鐹,U+9439,guo3|guo1,guǒ|guō
17979,鐺,U+943A,dang1|cheng1|tang1,dāng|chēng|tāng
17980,鐻,U+943B,ju4|qu2,jù|qú
17981,鐼,U+943C,fen2|ben1,fén|bēn
17982,鐽,U+943D,da2,dá
17983,鐾,U+943E,bei4,bèi
17984,鐿,U+943F,yi4,yì
17985,鑀,U+9440,ai4,ài
17986,鑁,U+9441,zong1,zōng
17987,鑂,U+9442,xun4,xùn
17988,鑃,U+9443,diao4,diào
17989,鑄,U+9444,zhu4,zhù
17990,鑅,U+9445,heng2,héng
17991,鑆,U+9446,zhui4,zhuì
17992,鑇,U+9447,ji1,jī
17993,鑈,U+9448,nie4|ni3,niè|nǐ
17994,鑉,U+9449,he2,hé
17995,鑊,U+944A,huo4,huò
17996,鑋,U+944B,qing1,qīng
17997,鑌,U+944C,bin1,bīn
17998,鑍,U+944D,ying1,yīng
17999,鑎,U+944E,kui4,kuì
18000,鑏,U+944F,ning2|ning3,níng|nǐng
18001,鑐,U+9450,xu1|ru2|rou2,xū|rú|róu
18002,鑑,U+9451,jian4,jiàn
18003,鑒,U+9452,jian4,jiàn
18004,鑓,U+9453,qian3,qiǎn
18005,鑔,U+9454,cha3,chǎ
18006,鑕,U+9455,zhi4,zhì
18007,鑖,U+9456,mie4|mi4,miè|mì
18008,鑗,U+9457,li2,lí
18009,鑘,U+9458,lei2|lei3,léi|lěi
18010,鑙,U+9459,ji1,jī
18011,鑚,U+945A,zuan4,zuàn
18012,鑛,U+945B,kuang4|gong3,kuàng|gǒng
18013,鑜,U+945C,shang3,shǎng
18014,鑝,U+945D,peng2,péng
18015,鑞,U+945E,la4,là
18016,鑟,U+945F,du2,dú
18017,鑠,U+9460,shuo4|yue4|li4,shuò|yuè|lì
18018,鑡,U+9461,chuo4,chuò
18019,鑢,U+9462,lv4,lǜ
18020,鑣,U+9463,biao1,biāo
18021,鑤,U+9464,bao4,bào
18022,鑥,U+9465,lu3,lǔ
18023,鑦,U+9466,xian,xian
18024,鑧,U+9467,kuan1,kuān
18025,鑨,U+9468,long2,lóng
18026,鑩,U+9469,e4,è
18027,鑪,U+946A,lu2,lú
18028,鑫,U+946B,xin1|xun4,xīn|xùn
18029,鑬,U+946C,jian4,jiàn
18030,鑭,U+946D,lan4|lan2,làn|lán
18031,鑮,U+946E,bo2,bó
18032,鑯,U+946F,jian1|qian1,jiān|qiān
18033,鑰,U+9470,yao4|yue4,yào|yuè
18034,鑱,U+9471,chan2,chán
18035,鑲,U+9472,xiang1|rang2,xiāng|ráng
18036,鑳,U+9473,jian4,jiàn
18037,鑴,U+9474,xi1|hui1,xī|huī
18038,鑵,U+9475,guan4,guàn
18039,鑶,U+9476,cang2,cáng
18040,鑷,U+9477,nie4,niè
18041,鑸,U+9478,lei3,lěi
18042,鑹,U+9479,cuan1|cuan4,cuān|cuàn
18043,鑺,U+947A,qu2,qú
18044,鑻,U+947B,pan4,pàn
18045,鑼,U+947C,luo2,luó
18046,鑽,U+947D,zuan1|zuan4,zuān|zuàn
18047,鑾,U+947E,luan2,luán
18048,鑿,U+947F,zao2|zuo4|zu2|zao4,záo|zuò|zú|zào
18049,钀,U+9480,nie4|yi3,niè|yǐ
18050,钁,U+9481,jue2,jué
18051,钂,U+9482,tang3,tǎng
18052,钃,U+9483,zhu2,zhú
18053,钄,U+9484,lan2,lán
18054,钅,U+9485,jin1,jīn
18055,钆,U+9486,ga2,gá
18056,钇,U+9487,yi3,yǐ
18057,针,U+9488,zhen1,zhēn
18058,钉,U+9489,ding1|ding4,dīng|dìng
18059,钊,U+948A,zhao1,zhāo
18060,钋,U+948B,po1,pō
18061,钌,U+948C,liao3|liao4,liǎo|liào
18062,钍,U+948D,tu3,tǔ
18063,钎,U+948E,qian1,qiān
18064,钏,U+948F,chuan4,chuàn
18065,钐,U+9490,shan1|shan4,shān|shàn
18066,钑,U+9491,sa4,sà
18067,钒,U+9492,fan2,fán
18068,钓,U+9493,diao4,diào
18069,钔,U+9494,men2,mén
18070,钕,U+9495,nv3,nǚ
18071,钖,U+9496,yang2,yáng
18072,钗,U+9497,chai1,chāi
18073,钘,U+9498,xing2,xíng
18074,钙,U+9499,gai4,gài
18075,钚,U+949A,bu4,bù
18076,钛,U+949B,tai4,tài
18077,钜,U+949C,ju4,jù
18078,钝,U+949D,dun4,dùn
18079,钞,U+949E,chao1,chāo
18080,钟,U+949F,zhong1,zhōng
18081,钠,U+94A0,na4,nà
18082,钡,U+94A1,bei4,bèi
18083,钢,U+94A2,gang1|gang4,gāng|gàng
18084,钣,U+94A3,ban3,bǎn
18085,钤,U+94A4,qian2,qián
18086,钥,U+94A5,yao4|yue4,yào|yuè
18087,钦,U+94A6,qin1,qīn
18088,钧,U+94A7,jun1,jūn
18089,钨,U+94A8,wu1,wū
18090,钩,U+94A9,gou1,gōu
18091,钪,U+94AA,kang4,kàng
18092,钫,U+94AB,fang1,fāng
18093,钬,U+94AC,huo3,huǒ
18094,钭,U+94AD,tou3|dou3,tǒu|dǒu
18095,钮,U+94AE,niu3,niǔ
18096,钯,U+94AF,ba3|pa2,bǎ|pá
18097,钰,U+94B0,yu4,yù
18098,钱,U+94B1,qian2,qián
18099,钲,U+94B2,zheng1,zhēng
18100,钳,U+94B3,qian2,qián
18101,钴,U+94B4,gu3,gǔ
18102,钵,U+94B5,bo1,bō
18103,钶,U+94B6,ke1,kē
18104,钷,U+94B7,po3,pǒ
18105,钸,U+94B8,bu1,bū
18106,钹,U+94B9,bo2,bó
18107,钺,U+94BA,yue4,yuè
18108,钻,U+94BB,zuan1|zuan4,zuān|zuàn
18109,钼,U+94BC,mu4,mù
18110,钽,U+94BD,tan3,tǎn
18111,钾,U+94BE,jia3,jiǎ
18112,钿,U+94BF,dian4|tian2,diàn|tián
18113,铀,U+94C0,you2,yóu
18114,铁,U+94C1,tie3,tiě
18115,铂,U+94C2,bo2,bó
18116,铃,U+94C3,ling2,líng
18117,铄,U+94C4,shuo4,shuò
18118,铅,U+94C5,qian1|yan2,qiān|yán
18119,铆,U+94C6,mao3,mǎo
18120,铇,U+94C7,bao4,bào
18121,铈,U+94C8,shi4,shì
18122,铉,U+94C9,xuan4,xuàn
18123,铊,U+94CA,ta1|tuo2,tā|tuó
18124,铋,U+94CB,bi4,bì
18125,铌,U+94CC,ni2,ní
18126,铍,U+94CD,pi1|pi2,pī|pí
18127,铎,U+94CE,duo2,duó
18128,铏,U+94CF,xing2,xíng
18129,铐,U+94D0,kao4,kào
18130,铑,U+94D1,lao3,lǎo
18131,铒,U+94D2,er3,ěr
18132,铓,U+94D3,mang2,máng
18133,铔,U+94D4,ya1,yā
18134,铕,U+94D5,you3,yǒu
18135,铖,U+94D6,cheng2,chéng
18136,铗,U+94D7,jia2,jiá
18137,铘,U+94D8,ye2,yé
18138,铙,U+94D9,nao2,náo
18139,铚,U+94DA,zhi4,zhì
18140,铛,U+94DB,dang1|cheng1,dāng|chēng
18141,铜,U+94DC,tong2,tóng
18142,铝,U+94DD,lv3,lǚ
18143,铞,U+94DE,diao4,diào
18144,铟,U+94DF,yin1,yīn
18145,铠,U+94E0,kai3,kǎi
18146,铡,U+94E1,zha2,zhá
18147,铢,U+94E2,zhu1,zhū
18148,铣,U+94E3,xi3|xian3,xǐ|xiǎn
18149,铤,U+94E4,ding4|ting3,dìng|tǐng
18150,铥,U+94E5,diu1,diū
18151,铦,U+94E6,xian1,xiān
18152,铧,U+94E7,hua2,huá
18153,铨,U+94E8,quan2,quán
18154,铩,U+94E9,sha1,shā
18155,铪,U+94EA,ha1,hā
18156,铫,U+94EB,diao4|yao2,diào|yáo
18157,铬,U+94EC,ge4,gè
18158,铭,U+94ED,ming2,míng
18159,铮,U+94EE,zheng1|zheng4,zhēng|zhèng
18160,铯,U+94EF,se4,sè
18161,铰,U+94F0,jiao3,jiǎo
18162,铱,U+94F1,yi1,yī
18163,铲,U+94F2,chan3,chǎn
18164,铳,U+94F3,chong4,chòng
18165,铴,U+94F4,tang1,tāng
18166,铵,U+94F5,an3,ǎn
18167,银,U+94F6,yin2,yín
18168,铷,U+94F7,ru2,rú
18169,铸,U+94F8,zhu4,zhù
18170,铹,U+94F9,lao2,láo
18171,铺,U+94FA,pu4|pu1,pù|pū
18172,铻,U+94FB,wu2|yu3,wú|yǔ
18173,铼,U+94FC,lai2,lái
18174,铽,U+94FD,te4,tè
18175,链,U+94FE,lian4,liàn
18176,铿,U+94FF,keng1,kēng
18177,销,U+9500,xiao1,xiāo
18178,锁,U+9501,suo3,suǒ
18179,锂,U+9502,li3,lǐ
18180,锃,U+9503,zeng4,zèng
18181,锄,U+9504,chu2,chú
18182,锅,U+9505,guo1,guō
18183,锆,U+9506,gao4,gào
18184,锇,U+9507,e2,é
18185,锈,U+9508,xiu4,xiù
18186,锉,U+9509,cuo4,cuò
18187,锊,U+950A,lve4,lüè
18188,锋,U+950B,feng1,fēng
18189,锌,U+950C,xin1,xīn
18190,锍,U+950D,liu3,liǔ
18191,锎,U+950E,kai1,kāi
18192,锏,U+950F,jian3|jian4,jiǎn|jiàn
18193,锐,U+9510,rui4,ruì
18194,锑,U+9511,ti1,tī
18195,锒,U+9512,lang2,láng
18196,锓,U+9513,qin3,qǐn
18197,锔,U+9514,ju1|ju2,jū|jú
18198,锕,U+9515,a1,ā
18199,锖,U+9516,qiang1,qiāng
18200,锗,U+9517,zhe3,zhě
18201,锘,U+9518,nuo4,nuò
18202,错,U+9519,cuo4,cuò
18203,锚,U+951A,mao2,máo
18204,锛,U+951B,ben1,bēn
18205,锜,U+951C,qi2,qí
18206,锝,U+951D,de2,dé
18207,锞,U+951E,ke4,kè
18208,锟,U+951F,kun1,kūn
18209,锠,U+9520,chang1,chāng
18210,锡,U+9521,xi1,xī
18211,锢,U+9522,gu4,gù
18212,锣,U+9523,luo2,luó
18213,锤,U+9524,chui2,chuí
18214,锥,U+9525,zhui1,zhuī
18215,锦,U+9526,jin3,jǐn
18216,锧,U+9527,zhi4,zhì
18217,锨,U+9528,xian1,xiān
18218,锩,U+9529,juan3,juǎn
18219,锪,U+952A,huo1,huō
18220,锫,U+952B,pei2,péi
18221,锬,U+952C,tan2|xian1,tán|xiān
18222,锭,U+952D,ding4,dìng
18223,键,U+952E,jian4,jiàn
18224,锯,U+952F,ju4|ju1,jù|jū
18225,锰,U+9530,meng3,měng
18226,锱,U+9531,zi1,zī
18227,锲,U+9532,qie4,qiè
18228,锳,U+9533,ying1,yīng
18229,锴,U+9534,kai3,kǎi
18230,锵,U+9535,qiang1,qiāng
18231,锶,U+9536,si1,sī
18232,锷,U+9537,e4,è
18233,锸,U+9538,cha1,chā
18234,锹,U+9539,qiao1,qiāo
18235,锺,U+953A,zhong1,zhōng
18236,锻,U+953B,duan4,duàn
18237,锼,U+953C,sou1,sōu
18238,锽,U+953D,huang2,huáng
18239,锾,U+953E,huan2,huán
18240,锿,U+953F,ai1,āi
18241,镀,U+9540,du4,dù
18242,镁,U+9541,mei3,měi
18243,镂,U+9542,lou4,lòu
18244,镃,U+9543,zi1,zī
18245,镄,U+9544,fei4,fèi
18246,镅,U+9545,mei2,méi
18247,镆,U+9546,mo4,mò
18248,镇,U+9547,zhen4,zhèn
18249,镈,U+9548,bo2,bó
18250,镉,U+9549,ge2,gé
18251,镊,U+954A,nie4,niè
18252,镋,U+954B,tang3,tǎng
18253,镌,U+954C,juan1,juān
18254,镍,U+954D,nie4,niè
18255,镎,U+954E,na2,ná
18256,镏,U+954F,liu2|liu4,liú|liù
18257,镐,U+9550,gao3|hao4,gǎo|hào
18258,镑,U+9551,bang4,bàng
18259,镒,U+9552,yi4,yì
18260,镓,U+9553,jia1,jiā
18261,镔,U+9554,bin1,bīn
18262,镕,U+9555,rong2,róng
18263,镖,U+9556,biao1,biāo
18264,镗,U+9557,tang1|tang2,tāng|táng
18265,镘,U+9558,man4,màn
18266,镙,U+9559,luo2,luó
18267,镚,U+955A,beng4,bèng
18268,镛,U+955B,yong1,yōng
18269,镜,U+955C,jing4,jìng
18270,镝,U+955D,di1|di2,dī|dí
18271,镞,U+955E,zu2,zú
18272,镟,U+955F,xuan4,xuàn
18273,镠,U+9560,liu2,liú
18274,镡,U+9561,chan2|tan2|xin2,chán|tán|xín
18275,镢,U+9562,jue2,jué
18276,镣,U+9563,liao4,liào
18277,镤,U+9564,pu2,pú
18278,镥,U+9565,lu3,lǔ
18279,镦,U+9566,dui4|dun1,duì|dūn
18280,镧,U+9567,lan2,lán
18281,镨,U+9568,pu3,pǔ
18282,镩,U+9569,cuan1,cuān
18283,镪,U+956A,qiang1|qiang3,qiāng|qiǎng
18284,镫,U+956B,deng4,dèng
18285,镬,U+956C,huo4,huò
18286,镭,U+956D,lei2,léi
18287,镮,U+956E,huan2,huán
18288,镯,U+956F,zhuo2,zhuó
18289,镰,U+9570,lian2,lián
18290,镱,U+9571,yi4,yì
18291,镲,U+9572,cha3,chǎ
18292,镳,U+9573,biao1,biāo
18293,镴,U+9574,la4,là
18294,镵,U+9575,chan2,chán
18295,镶,U+9576,xiang1,xiāng
18296,長,U+9577,zhang3|chang2|zhang4,zhǎng|cháng|zhàng
18297,镸,U+9578,chang2,cháng
18298,镹,U+9579,jiu3,jiǔ
18299,镺,U+957A,ao3,ǎo
18300,镻,U+957B,die2,dié
18301,镼,U+957C,qu1,qū
18302,镽,U+957D,liao3|liao2,liǎo|liáo
18303,镾,U+957E,mi2,mí
18304,长,U+957F,zhang3|chang2,zhǎng|cháng
18305,門,U+9580,men2,mén
18306,閁,U+9581,ma4,mà
18307,閂,U+9582,shuan1,shuān
18308,閃,U+9583,shan3,shǎn
18309,閄,U+9584,huo4|shan3,huò|shǎn
18310,閅,U+9585,men2,mén
18311,閆,U+9586,yan2,yán
18312,閇,U+9587,bi4,bì
18313,閈,U+9588,han4|bi4,hàn|bì
18314,閉,U+9589,bi4,bì
18315,閊,U+958A,shan1,shān
18316,開,U+958B,kai1|qian1,kāi|qiān
18317,閌,U+958C,kang4,kàng
18318,閍,U+958D,beng1,bēng
18319,閎,U+958E,hong2,hóng
18320,閏,U+958F,run4,rùn
18321,閐,U+9590,san4,sàn
18322,閑,U+9591,xian2,xián
18323,閒,U+9592,xian2|jian4|jian1|jian3,xián|jiàn|jiān|jiǎn
18324,間,U+9593,jian1|jian4|jian3,jiān|jiàn|jiǎn
18325,閔,U+9594,min3|min2,mǐn|mín
18326,閕,U+9595,xia1|xia3,xiā|xiǎ
18327,閖,U+9596,shui,shui
18328,閗,U+9597,dou4,dòu
18329,閘,U+9598,zha2|ya1|ge1,zhá|yā|gē
18330,閙,U+9599,nao4,nào
18331,閚,U+959A,zhan1,zhān
18332,閛,U+959B,peng1|peng4,pēng|pèng
18333,閜,U+959C,xia3|e3,xiǎ|ě
18334,閝,U+959D,ling2,líng
18335,閞,U+959E,bian4|guan1,biàn|guān
18336,閟,U+959F,bi4,bì
18337,閠,U+95A0,run4,rùn
18338,閡,U+95A1,ai4|he2|hai4|gai1|kai3,ài|hé|hài|gāi|kǎi
18339,関,U+95A2,guan1,guān
18340,閣,U+95A3,ge2,gé
18341,閤,U+95A4,ge2|ge1,gé|gē
18342,閥,U+95A5,fa2,fá
18343,閦,U+95A6,chu4,chù
18344,閧,U+95A7,hong4|xiang4,hòng|xiàng
18345,閨,U+95A8,gui1,guī
18346,閩,U+95A9,min3,mǐn
18347,閪,U+95AA,se1,sē
18348,閫,U+95AB,kun3,kǔn
18349,閬,U+95AC,lang4|lang3|liang3,làng|lǎng|liǎng
18350,閭,U+95AD,lv2,lǘ
18351,閮,U+95AE,ting2|ting3,tíng|tǐng
18352,閯,U+95AF,sha4,shà
18353,閰,U+95B0,ju2,jú
18354,閱,U+95B1,yue4,yuè
18355,閲,U+95B2,yue4,yuè
18356,閳,U+95B3,chan3,chǎn
18357,閴,U+95B4,qu4,qù
18358,閵,U+95B5,lin4,lìn
18359,閶,U+95B6,chang1|tang1,chāng|tāng
18360,閷,U+95B7,shai4|sha1,shài|shā
18361,閸,U+95B8,kun3,kǔn
18362,閹,U+95B9,yan1,yān
18363,閺,U+95BA,wen2,wén
18364,閻,U+95BB,yan2|yan3|yan4,yán|yǎn|yàn
18365,閼,U+95BC,e4|yu4|yan1,è|yù|yān
18366,閽,U+95BD,hun1,hūn
18367,閾,U+95BE,yu4,yù
18368,閿,U+95BF,wen2,wén
18369,闀,U+95C0,hong4,hòng
18370,闁,U+95C1,bao1,bāo
18371,闂,U+95C2,hong4|xiang4|juan3,hòng|xiàng|juǎn
18372,闃,U+95C3,qu4,qù
18373,闄,U+95C4,yao3,yǎo
18374,闅,U+95C5,wen2,wén
18375,闆,U+95C6,ban3|pan3,bǎn|pǎn
18376,闇,U+95C7,an4|an3|an1|yin1|yin3,àn|ǎn|ān|yīn|yǐn
18377,闈,U+95C8,wei2,wéi
18378,闉,U+95C9,yin1,yīn
18379,闊,U+95CA,kuo4,kuò
18380,闋,U+95CB,que4|jue2|kui2,què|jué|kuí
18381,闌,U+95CC,lan2|lan4,lán|làn
18382,闍,U+95CD,du1|she2,dū|shé
18383,闎,U+95CE,quan2,quán
18384,闏,U+95CF,feng1,fēng
18385,闐,U+95D0,tian2,tián
18386,闑,U+95D1,nie4,niè
18387,闒,U+95D2,ta4,tà
18388,闓,U+95D3,kai3,kǎi
18389,闔,U+95D4,he2,hé
18390,闕,U+95D5,que4|que1|jue2,què|quē|jué
18391,闖,U+95D6,chuang3|chen4,chuǎng|chèn
18392,闗,U+95D7,guan1,guān
18393,闘,U+95D8,dou4,dòu
18394,闙,U+95D9,qi3,qǐ
18395,闚,U+95DA,kui1,kuī
18396,闛,U+95DB,tang2|tang1|chang1,táng|tāng|chāng
18397,關,U+95DC,guan1|wan1|wan3,guān|wān|wǎn
18398,闝,U+95DD,piao2,piáo
18399,闞,U+95DE,kan4|han3|xian4,kàn|hǎn|xiàn
18400,闟,U+95DF,xi4|se4|ta4,xì|sè|tà
18401,闠,U+95E0,hui4,huì
18402,闡,U+95E1,chan3,chǎn
18403,闢,U+95E2,pi4|pi1,pì|pī
18404,闣,U+95E3,dang4|tang1,dàng|tāng
18405,闤,U+95E4,huan2,huán
18406,闥,U+95E5,ta4,tà
18407,闦,U+95E6,wen2,wén
18408,闧,U+95E7,ta1,tā
18409,门,U+95E8,men2,mén
18410,闩,U+95E9,shuan1,shuān
18411,闪,U+95EA,shan3,shǎn
18412,闫,U+95EB,yan2,yán
18413,闬,U+95EC,han4,hàn
18414,闭,U+95ED,bi4,bì
18415,问,U+95EE,wen4,wèn
18416,闯,U+95EF,chuang3,chuǎng
18417,闰,U+95F0,run4,rùn
18418,闱,U+95F1,wei2,wéi
18419,闲,U+95F2,xian2,xián
18420,闳,U+95F3,hong2,hóng
18421,间,U+95F4,jian1|jian4,jiān|jiàn
18422,闵,U+95F5,min3,mǐn
18423,闶,U+95F6,kang1|kang4,kāng|kàng
18424,闷,U+95F7,men4|men1,mèn|mēn
18425,闸,U+95F8,zha2,zhá
18426,闹,U+95F9,nao4,nào
18427,闺,U+95FA,gui1,guī
18428,闻,U+95FB,wen2,wén
18429,闼,U+95FC,ta4,tà
18430,闽,U+95FD,min3,mǐn
18431,闾,U+95FE,lv2,lǘ
18432,闿,U+95FF,kai3,kǎi
18433,阀,U+9600,fa2,fá
18434,阁,U+9601,ge2,gé
18435,阂,U+9602,he2,hé
18436,阃,U+9603,kun3,kǔn
18437,阄,U+9604,jiu1,jiū
18438,阅,U+9605,yue4,yuè
18439,阆,U+9606,lang2|lang4,láng|làng
18440,阇,U+9607,du1|she2,dū|shé
18441,阈,U+9608,yu4,yù
18442,阉,U+9609,yan1,yān
18443,阊,U+960A,chang1,chāng
18444,阋,U+960B,xi4,xì
18445,阌,U+960C,wen2,wén
18446,阍,U+960D,hun1,hūn
18447,阎,U+960E,yan2,yán
18448,阏,U+960F,e4|yan1,è|yān
18449,阐,U+9610,chan3,chǎn
18450,阑,U+9611,lan2,lán
18451,阒,U+9612,qu4,qù
18452,阓,U+9613,hui4,huì
18453,阔,U+9614,kuo4,kuò
18454,阕,U+9615,que4,què
18455,阖,U+9616,he2,hé
18456,阗,U+9617,tian2,tián
18457,阘,U+9618,da2|ta4,dá|tà
18458,阙,U+9619,que1|que4,quē|què
18459,阚,U+961A,han3|kan4,hǎn|kàn
18460,阛,U+961B,huan2,huán
18461,阜,U+961C,fu4,fù
18462,阝,U+961D,fu4,fù
18463,阞,U+961E,le4,lè
18464,队,U+961F,dui4,duì
18465,阠,U+9620,xin4,xìn
18466,阡,U+9621,qian1,qiān
18467,阢,U+9622,wu4|wei2,wù|wéi
18468,阣,U+9623,gai4|yi4,gài|yì
18469,阤,U+9624,zhi4|yi2|tuo2,zhì|yí|tuó
18470,阥,U+9625,yin1,yīn
18471,阦,U+9626,yang2,yáng
18472,阧,U+9627,dou3,dǒu
18473,阨,U+9628,e4|ai4,è|ài
18474,阩,U+9629,sheng1,shēng
18475,阪,U+962A,ban3,bǎn
18476,阫,U+962B,pei2,péi
18477,阬,U+962C,keng1|kang4|gang1,kēng|kàng|gāng
18478,阭,U+962D,yun3|yan3,yǔn|yǎn
18479,阮,U+962E,ruan3|yuan2,ruǎn|yuán
18480,阯,U+962F,zhi3,zhǐ
18481,阰,U+9630,pi2,pí
18482,阱,U+9631,jing3,jǐng
18483,防,U+9632,fang2,fáng
18484,阳,U+9633,yang2,yáng
18485,阴,U+9634,yin1,yīn
18486,阵,U+9635,zhen4,zhèn
18487,阶,U+9636,jie1,jiē
18488,阷,U+9637,cheng1,chēng
18489,阸,U+9638,e4|ai4,è|ài
18490,阹,U+9639,qu1,qū
18491,阺,U+963A,di3,dǐ
18492,阻,U+963B,zu3|zhu4,zǔ|zhù
18493,阼,U+963C,zuo4,zuò
18494,阽,U+963D,dian4|yan2,diàn|yán
18495,阾,U+963E,ling3|ling2,lǐng|líng
18496,阿,U+963F,a1|e1|e3|a3|a4|a,ā|ē|ě|ǎ|à|a
18497,陀,U+9640,tuo2|duo4,tuó|duò
18498,陁,U+9641,tuo2|zhi4|yi3,tuó|zhì|yǐ
18499,陂,U+9642,bei1|pi2|bi4|po1,bēi|pí|bì|pō
18500,陃,U+9643,bing3,bǐng
18501,附,U+9644,fu4|bu4|fu1,fù|bù|fū
18502,际,U+9645,ji4,jì
18503,陆,U+9646,lu4|liu4,lù|liù
18504,陇,U+9647,long3,lǒng
18505,陈,U+9648,chen2,chén
18506,陉,U+9649,xing2,xíng
18507,陊,U+964A,duo4,duò
18508,陋,U+964B,lou4,lòu
18509,陌,U+964C,mo4,mò
18510,降,U+964D,jiang4|xiang2|xiang4,jiàng|xiáng|xiàng
18511,陎,U+964E,shu1,shū
18512,陏,U+964F,duo4|sui2,duò|suí
18513,限,U+9650,xian4|wen3,xiàn|wěn
18514,陑,U+9651,er2,ér
18515,陒,U+9652,gui3,guǐ
18516,陓,U+9653,yu1,yū
18517,陔,U+9654,gai1,gāi
18518,陕,U+9655,shan3,shǎn
18519,陖,U+9656,jun4,jùn
18520,陗,U+9657,qiao4,qiào
18521,陘,U+9658,xing2|jing4,xíng|jìng
18522,陙,U+9659,chun2,chún
18523,陚,U+965A,fu4|wu3,fù|wǔ
18524,陛,U+965B,bi4,bì
18525,陜,U+965C,xia2,xiá
18526,陝,U+965D,shan3,shǎn
18527,陞,U+965E,sheng1,shēng
18528,陟,U+965F,zhi4|de2,zhì|dé
18529,陠,U+9660,pu1|bu1|bu4,pū|bū|bù
18530,陡,U+9661,dou3,dǒu
18531,院,U+9662,yuan4,yuàn
18532,陣,U+9663,zhen4,zhèn
18533,除,U+9664,chu2|zhu4|shu1,chú|zhù|shū
18534,陥,U+9665,xian4,xiàn
18535,陦,U+9666,dao3,dǎo
18536,陧,U+9667,nie4,niè
18537,陨,U+9668,yun3,yǔn
18538,险,U+9669,xian3,xiǎn
18539,陪,U+966A,pei2,péi
18540,陫,U+966B,fei4|pei2,fèi|péi
18541,陬,U+966C,zou1|zhe2,zōu|zhé
18542,陭,U+966D,yi4|yi3,yì|yǐ
18543,陮,U+966E,dui4,duì
18544,陯,U+966F,lun2|lun4,lún|lùn
18545,陰,U+9670,yin1|yin4|an1,yīn|yìn|ān
18546,陱,U+9671,ju1,jū
18547,陲,U+9672,chui2,chuí
18548,陳,U+9673,chen2|zhen4,chén|zhèn
18549,陴,U+9674,pi2|bi4,pí|bì
18550,陵,U+9675,ling2,líng
18551,陶,U+9676,tao2|yao2|dao4,táo|yáo|dào
18552,陷,U+9677,xian4,xiàn
18553,陸,U+9678,lu4|liu4,lù|liù
18554,陹,U+9679,sheng1,shēng
18555,険,U+967A,xian3,xiǎn
18556,陻,U+967B,yin1,yīn
18557,陼,U+967C,zhu3|du3,zhǔ|dǔ
18558,陽,U+967D,yang2,yáng
18559,陾,U+967E,reng2|er2,réng|ér
18560,陿,U+967F,xia2,xiá
18561,隀,U+9680,chong2,chóng
18562,隁,U+9681,yan4|yan3,yàn|yǎn
18563,隂,U+9682,yin1,yīn
18564,隃,U+9683,shu4|yu2|yao2,shù|yú|yáo
18565,隄,U+9684,di1|ti2,dī|tí
18566,隅,U+9685,yu2,yú
18567,隆,U+9686,long2|long1,lóng|lōng
18568,隇,U+9687,wei1,wēi
18569,隈,U+9688,wei1,wēi
18570,隉,U+9689,nie4,niè
18571,隊,U+968A,dui4|zhui4|sui4,duì|zhuì|suì
18572,隋,U+968B,sui2|duo4|tuo3|tuo1,suí|duò|tuǒ|tuō
18573,隌,U+968C,an3,ǎn
18574,隍,U+968D,huang2,huáng
18575,階,U+968E,jie1,jiē
18576,随,U+968F,sui2,suí
18577,隐,U+9690,yin3,yǐn
18578,隑,U+9691,gai4|gai1|ai2|qi2,gài|gāi|ái|qí
18579,隒,U+9692,yan3,yǎn
18580,隓,U+9693,hui1|duo4,huī|duò
18581,隔,U+9694,ge2|rong3|ji1,gé|rǒng|jī
18582,隕,U+9695,yun3|yuan2,yǔn|yuán
18583,隖,U+9696,wu4,wù
18584,隗,U+9697,kui2|wei3|gui1,kuí|wěi|guī
18585,隘,U+9698,ai4|e4,ài|è
18586,隙,U+9699,xi4,xì
18587,隚,U+969A,tang2,táng
18588,際,U+969B,ji4,jì
18589,障,U+969C,zhang4|zhang1,zhàng|zhāng
18590,隝,U+969D,dao3,dǎo
18591,隞,U+969E,ao2,áo
18592,隟,U+969F,xi4,xì
18593,隠,U+96A0,yin3,yǐn
18594,隡,U+96A1,sa4,sà
18595,隢,U+96A2,rao3,rǎo
18596,隣,U+96A3,lin2,lín
18597,隤,U+96A4,tui2,tuí
18598,隥,U+96A5,deng4,dèng
18599,隦,U+96A6,jiao3|pi2,jiǎo|pí
18600,隧,U+96A7,sui4|zhui4,suì|zhuì
18601,隨,U+96A8,sui2,suí
18602,隩,U+96A9,ao4|yu4,ào|yù
18603,險,U+96AA,xian3|jian3|yan2,xiǎn|jiǎn|yán
18604,隫,U+96AB,fen2,fén
18605,隬,U+96AC,ni3,nǐ
18606,隭,U+96AD,er2,ér
18607,隮,U+96AE,ji1,jī
18608,隯,U+96AF,dao3,dǎo
18609,隰,U+96B0,xi2|xie4,xí|xiè
18610,隱,U+96B1,yin3|yin4,yǐn|yìn
18611,隲,U+96B2,zhi4,zhì
18612,隳,U+96B3,hui1,huī
18613,隴,U+96B4,long3,lǒng
18614,隵,U+96B5,xi1,xī
18615,隶,U+96B6,li4|dai4|yi4|di4,lì|dài|yì|dì
18616,隷,U+96B7,li4,lì
18617,隸,U+96B8,li4,lì
18618,隹,U+96B9,zhui1|cui1|wei2,zhuī|cuī|wéi
18619,隺,U+96BA,hu2|he4|que4,hú|hè|què
18620,隻,U+96BB,zhi1|huo4,zhī|huò
18621,隼,U+96BC,sun3,sǔn
18622,隽,U+96BD,juan4|jun4,juàn|jùn
18623,难,U+96BE,nan2|nan4,nán|nàn
18624,隿,U+96BF,yi4,yì
18625,雀,U+96C0,que4|qiao1|qiao3,què|qiāo|qiǎo
18626,雁,U+96C1,yan4,yàn
18627,雂,U+96C2,qin2,qín
18628,雃,U+96C3,qian1|jie4,qiān|jiè
18629,雄,U+96C4,xiong2,xióng
18630,雅,U+96C5,ya3|ya1|ya2,yǎ|yā|yá
18631,集,U+96C6,ji2,jí
18632,雇,U+96C7,gu4|hu4,gù|hù
18633,雈,U+96C8,huan2,huán
18634,雉,U+96C9,zhi4|kai3|yi3|si4,zhì|kǎi|yǐ|sì
18635,雊,U+96CA,gou4,gòu
18636,雋,U+96CB,juan4|jun4|zui4,juàn|jùn|zuì
18637,雌,U+96CC,ci2,cí
18638,雍,U+96CD,yong1,yōng
18639,雎,U+96CE,ju1,jū
18640,雏,U+96CF,chu2,chú
18641,雐,U+96D0,hu1,hū
18642,雑,U+96D1,za2,zá
18643,雒,U+96D2,luo4,luò
18644,雓,U+96D3,yu2,yú
18645,雔,U+96D4,chou2,chóu
18646,雕,U+96D5,diao1,diāo
18647,雖,U+96D6,sui1,suī
18648,雗,U+96D7,han4,hàn
18649,雘,U+96D8,wo4,wò
18650,雙,U+96D9,shuang1,shuāng
18651,雚,U+96DA,guan4|huan2,guàn|huán
18652,雛,U+96DB,chu2|ju2|ju4,chú|jú|jù
18653,雜,U+96DC,za2,zá
18654,雝,U+96DD,yong1,yōng
18655,雞,U+96DE,ji1,jī
18656,雟,U+96DF,xi1,xī
18657,雠,U+96E0,chou2,chóu
18658,雡,U+96E1,liu4,liù
18659,離,U+96E2,li2|li4|li3|chi1|gu3,lí|lì|lǐ|chī|gǔ
18660,難,U+96E3,nan2|nan4|nuo2,nán|nàn|nuó
18661,雤,U+96E4,xue2,xué
18662,雥,U+96E5,za2,zá
18663,雦,U+96E6,ji2,jí
18664,雧,U+96E7,ji2,jí
18665,雨,U+96E8,yu3|yu4,yǔ|yù
18666,雩,U+96E9,yu2|yu4|xu1,yú|yù|xū
18667,雪,U+96EA,xue3,xuě
18668,雫,U+96EB,na3,nǎ
18669,雬,U+96EC,fou3,fǒu
18670,雭,U+96ED,se4|xi2,sè|xí
18671,雮,U+96EE,mu4,mù
18672,雯,U+96EF,wen2,wén
18673,雰,U+96F0,fen1,fēn
18674,雱,U+96F1,pang1|pang2|fang1,pāng|páng|fāng
18675,雲,U+96F2,yun2,yún
18676,雳,U+96F3,li4,lì
18677,雴,U+96F4,chi4,chì
18678,雵,U+96F5,yang1,yāng
18679,零,U+96F6,ling2|lian2,líng|lián
18680,雷,U+96F7,lei2|lei4,léi|lèi
18681,雸,U+96F8,an2,án
18682,雹,U+96F9,bao2,báo
18683,雺,U+96FA,wu4|meng2,wù|méng
18684,電,U+96FB,dian4,diàn
18685,雼,U+96FC,dang4,dàng
18686,雽,U+96FD,hu4|hu1,hù|hū
18687,雾,U+96FE,wu4,wù
18688,雿,U+96FF,diao4,diào
18689,需,U+9700,xu1|nuo4|ru2|ruan3,xū|nuò|rú|ruǎn
18690,霁,U+9701,ji4,jì
18691,霂,U+9702,mu4,mù
18692,霃,U+9703,chen2,chén
18693,霄,U+9704,xiao1|xiao4,xiāo|xiào
18694,霅,U+9705,zha4|zha2|sha4|sa4|yi4,zhà|zhá|shà|sà|yì
18695,霆,U+9706,ting2,tíng
18696,震,U+9707,zhen4|shen1,zhèn|shēn
18697,霈,U+9708,pei4,pèi
18698,霉,U+9709,mei2,méi
18699,霊,U+970A,ling2,líng
18700,霋,U+970B,qi1,qī
18701,霌,U+970C,zhou1,zhōu
18702,霍,U+970D,huo4|he4|suo3,huò|hè|suǒ
18703,霎,U+970E,sha4,shà
18704,霏,U+970F,fei1,fēi
18705,霐,U+9710,hong2,hóng
18706,霑,U+9711,zhan1,zhān
18707,霒,U+9712,yin1,yīn
18708,霓,U+9713,ni2,ní
18709,霔,U+9714,zhu4,zhù
18710,霕,U+9715,tun2,tún
18711,霖,U+9716,lin2,lín
18712,霗,U+9717,ling2,líng
18713,霘,U+9718,dong4,dòng
18714,霙,U+9719,ying1|yang1,yīng|yāng
18715,霚,U+971A,wu4,wù
18716,霛,U+971B,ling2,líng
18717,霜,U+971C,shuang1,shuāng
18718,霝,U+971D,ling2,líng
18719,霞,U+971E,xia2,xiá
18720,霟,U+971F,hong2,hóng
18721,霠,U+9720,yin1,yīn
18722,霡,U+9721,mai4,mài
18723,霢,U+9722,mai4,mài
18724,霣,U+9723,yun3,yǔn
18725,霤,U+9724,liu4,liù
18726,霥,U+9725,meng4,mèng
18727,霦,U+9726,bin1,bīn
18728,霧,U+9727,wu4|meng2,wù|méng
18729,霨,U+9728,wei4,wèi
18730,霩,U+9729,kuo4,kuò
18731,霪,U+972A,yin2,yín
18732,霫,U+972B,xi2,xí
18733,霬,U+972C,yi4,yì
18734,霭,U+972D,ai3,ǎi
18735,霮,U+972E,dan4,dàn
18736,霯,U+972F,teng4,tèng
18737,霰,U+9730,xian4|san3,xiàn|sǎn
18738,霱,U+9731,yu4,yù
18739,露,U+9732,lu4|lou4,lù|lòu
18740,霳,U+9733,long2,lóng
18741,霴,U+9734,dai4,dài
18742,霵,U+9735,ji2,jí
18743,霶,U+9736,pang1,pāng
18744,霷,U+9737,yang2,yáng
18745,霸,U+9738,ba4|po4,bà|pò
18746,霹,U+9739,pi1,pī
18747,霺,U+973A,wei2,wéi
18748,霻,U+973B,feng1,fēng
18749,霼,U+973C,xi4,xì
18750,霽,U+973D,ji4,jì
18751,霾,U+973E,mai2|li2,mái|lí
18752,霿,U+973F,meng2|mao4|wu4,méng|mào|wù
18753,靀,U+9740,meng2,méng
18754,靁,U+9741,lei2,léi
18755,靂,U+9742,li4,lì
18756,靃,U+9743,huo4|sui3|suo3,huò|suǐ|suǒ
18757,靄,U+9744,ai3,ǎi
18758,靅,U+9745,fei4,fèi
18759,靆,U+9746,dai4,dài
18760,靇,U+9747,long2|ling2,lóng|líng
18761,靈,U+9748,ling2,líng
18762,靉,U+9749,ai4|yi3,ài|yǐ
18763,靊,U+974A,feng1,fēng
18764,靋,U+974B,li4,lì
18765,靌,U+974C,bao3,bǎo
18766,靍,U+974D,he4,hè
18767,靎,U+974E,he4,hè
18768,靏,U+974F,he4,hè
18769,靐,U+9750,bing4,bìng
18770,靑,U+9751,qing1,qīng
18771,青,U+9752,qing1|jing1,qīng|jīng
18772,靓,U+9753,jing4|liang4,jìng|liàng
18773,靔,U+9754,tian1,tiān
18774,靕,U+9755,zhen1,zhēn
18775,靖,U+9756,jing4,jìng
18776,靗,U+9757,cheng1,chēng
18777,靘,U+9758,qing4|qing1|jing4,qìng|qīng|jìng
18778,静,U+9759,jing4,jìng
18779,靚,U+975A,jing4|liang2,jìng|liáng
18780,靛,U+975B,dian4,diàn
18781,靜,U+975C,jing4,jìng
18782,靝,U+975D,tian1,tiān
18783,非,U+975E,fei1|fei3,fēi|fěi
18784,靟,U+975F,fei1,fēi
18785,靠,U+9760,kao4,kào
18786,靡,U+9761,mi2|mi3|ma2,mí|mǐ|má
18787,面,U+9762,mian4,miàn
18788,靣,U+9763,mian4,miàn
18789,靤,U+9764,bao4,bào
18790,靥,U+9765,ye4,yè
18791,靦,U+9766,tian3|mian3,tiǎn|miǎn
18792,靧,U+9767,hui4,huì
18793,靨,U+9768,ye4|yan3,yè|yǎn
18794,革,U+9769,ge2|ji2,gé|jí
18795,靪,U+976A,ding1,dīng
18796,靫,U+976B,cha2,chá
18797,靬,U+976C,qian2|jian1|kan1|han4,qián|jiān|kān|hàn
18798,靭,U+976D,ren4,rèn
18799,靮,U+976E,di2,dí
18800,靯,U+976F,du4,dù
18801,靰,U+9770,wu4,wù
18802,靱,U+9771,ren4,rèn
18803,靲,U+9772,qin2,qín
18804,靳,U+9773,jin4,jìn
18805,靴,U+9774,xue1,xuē
18806,靵,U+9775,niu3,niǔ
18807,靶,U+9776,ba3|ba4,bǎ|bà
18808,靷,U+9777,yin3,yǐn
18809,靸,U+9778,sa3|ta1,sǎ|tā
18810,靹,U+9779,na4,nà
18811,靺,U+977A,mo4|wa4,mò|wà
18812,靻,U+977B,zu3,zǔ
18813,靼,U+977C,da2,dá
18814,靽,U+977D,ban4,bàn
18815,靾,U+977E,yi4,yì
18816,靿,U+977F,yao4,yào
18817,鞀,U+9780,tao2,táo
18818,鞁,U+9781,bei4|bai4|bi4,bèi|bài|bì
18819,鞂,U+9782,jie1,jiē
18820,鞃,U+9783,hong2,hóng
18821,鞄,U+9784,pao2,páo
18822,鞅,U+9785,yang1|yang4|yang3,yāng|yàng|yǎng
18823,鞆,U+9786,bing3,bǐng
18824,鞇,U+9787,yin1,yīn
18825,鞈,U+9788,ge2|sa3|ta4,gé|sǎ|tà
18826,鞉,U+9789,tao2,táo
18827,鞊,U+978A,jie2|ji2,jié|jí
18828,鞋,U+978B,xie2|wa1,xié|wā
18829,鞌,U+978C,an1,ān
18830,鞍,U+978D,an1,ān
18831,鞎,U+978E,hen2,hén
18832,鞏,U+978F,gong3,gǒng
18833,鞐,U+9790,qia3,qiǎ
18834,鞑,U+9791,da2,dá
18835,鞒,U+9792,qiao2,qiáo
18836,鞓,U+9793,ting1,tīng
18837,鞔,U+9794,man2|men4,mán|mèn
18838,鞕,U+9795,ying4|bian1,yìng|biān
18839,鞖,U+9796,sui1,suī
18840,鞗,U+9797,tiao2,tiáo
18841,鞘,U+9798,qiao4|shao1,qiào|shāo
18842,鞙,U+9799,xuan4|juan1,xuàn|juān
18843,鞚,U+979A,kong4,kòng
18844,鞛,U+979B,beng3,běng
18845,鞜,U+979C,ta4,tà
18846,鞝,U+979D,shang4|zhang3,shàng|zhǎng
18847,鞞,U+979E,bing3|bi4|pi2|bei1,bǐng|bì|pí|bēi
18848,鞟,U+979F,kuo4,kuò
18849,鞠,U+97A0,ju1|qu1|qiong1,jū|qū|qiōng
18850,鞡,U+97A1,la,la
18851,鞢,U+97A2,xie4|zha2|die2,xiè|zhá|dié
18852,鞣,U+97A3,rou2,róu
18853,鞤,U+97A4,bang1,bāng
18854,鞥,U+97A5,eng1,ēng
18855,鞦,U+97A6,qiu1,qiū
18856,鞧,U+97A7,qiu1,qiū
18857,鞨,U+97A8,he2|she2|mo4,hé|shé|mò
18858,鞩,U+97A9,qiao4,qiào
18859,鞪,U+97AA,mu4|mou2,mù|móu
18860,鞫,U+97AB,ju1|qu1,jū|qū
18861,鞬,U+97AC,jian1|jian4,jiān|jiàn
18862,鞭,U+97AD,bian1,biān
18863,鞮,U+97AE,di1,dī
18864,鞯,U+97AF,jian1,jiān
18865,鞰,U+97B0,wen1,wēn
18866,鞱,U+97B1,tao1,tāo
18867,鞲,U+97B2,gou1,gōu
18868,鞳,U+97B3,ta4,tà
18869,鞴,U+97B4,bei4|fu2|bu4|bai4,bèi|fú|bù|bài
18870,鞵,U+97B5,xie2,xié
18871,鞶,U+97B6,pan2,pán
18872,鞷,U+97B7,ge2,gé
18873,鞸,U+97B8,bi4|bing3,bì|bǐng
18874,鞹,U+97B9,kuo4,kuò
18875,鞺,U+97BA,tang1,tāng
18876,鞻,U+97BB,lou2,lóu
18877,鞼,U+97BC,gui4|hui4,guì|huì
18878,鞽,U+97BD,qiao2|qiao1|jue1,qiáo|qiāo|juē
18879,鞾,U+97BE,xue1,xuē
18880,鞿,U+97BF,ji1,jī
18881,韀,U+97C0,jian1,jiān
18882,韁,U+97C1,jiang1,jiāng
18883,韂,U+97C2,chan4,chàn
18884,韃,U+97C3,da2|ta4,dá|tà
18885,韄,U+97C4,hu4,hù
18886,韅,U+97C5,xian3,xiǎn
18887,韆,U+97C6,qian1,qiān
18888,韇,U+97C7,du2,dú
18889,韈,U+97C8,wa4,wà
18890,韉,U+97C9,jian1,jiān
18891,韊,U+97CA,lan2,lán
18892,韋,U+97CB,wei2|hui2,wéi|huí
18893,韌,U+97CC,ren4,rèn
18894,韍,U+97CD,fu2,fú
18895,韎,U+97CE,mei4,mèi
18896,韏,U+97CF,quan4|juan4,quàn|juàn
18897,韐,U+97D0,ge2,gé
18898,韑,U+97D1,wei3,wěi
18899,韒,U+97D2,qiao4|shao1,qiào|shāo
18900,韓,U+97D3,han2,hán
18901,韔,U+97D4,chang4,chàng
18902,韕,U+97D5,kuo4,kuò
18903,韖,U+97D6,rou3,rǒu
18904,韗,U+97D7,yun4,yùn
18905,韘,U+97D8,she4,shè
18906,韙,U+97D9,wei3,wěi
18907,韚,U+97DA,ge2,gé
18908,韛,U+97DB,bai4|fu2,bài|fú
18909,韜,U+97DC,tao1|tao4,tāo|tào
18910,韝,U+97DD,gou1,gōu
18911,韞,U+97DE,yun4|wen1,yùn|wēn
18912,韟,U+97DF,gao1,gāo
18913,韠,U+97E0,bi4,bì
18914,韡,U+97E1,wei3|xue1,wěi|xuē
18915,韢,U+97E2,sui4|hui4,suì|huì
18916,韣,U+97E3,du2,dú
18917,韤,U+97E4,wa4,wà
18918,韥,U+97E5,du2,dú
18919,韦,U+97E6,wei2,wéi
18920,韧,U+97E7,ren4,rèn
18921,韨,U+97E8,fu2,fú
18922,韩,U+97E9,han2,hán
18923,韪,U+97EA,wei3,wěi
18924,韫,U+97EB,yun4,yùn
18925,韬,U+97EC,tao1,tāo
18926,韭,U+97ED,jiu3,jiǔ
18927,韮,U+97EE,jiu3,jiǔ
18928,韯,U+97EF,xian1,xiān
18929,韰,U+97F0,xie4,xiè
18930,韱,U+97F1,xian1,xiān
18931,韲,U+97F2,ji1,jī
18932,音,U+97F3,yin1,yīn
18933,韴,U+97F4,za2,zá
18934,韵,U+97F5,yun4,yùn
18935,韶,U+97F6,shao2,sháo
18936,韷,U+97F7,le4,lè
18937,韸,U+97F8,peng2,péng
18938,韹,U+97F9,huang2|ying1,huáng|yīng
18939,韺,U+97FA,ying1,yīng
18940,韻,U+97FB,yun4,yùn
18941,韼,U+97FC,peng2,péng
18942,韽,U+97FD,an1,ān
18943,韾,U+97FE,yin1,yīn
18944,響,U+97FF,xiang3,xiǎng
18945,頀,U+9800,hu4,hù
18946,頁,U+9801,ye4|xie2,yè|xié
18947,頂,U+9802,ding3,dǐng
18948,頃,U+9803,qing3|qing1|kui3,qǐng|qīng|kuǐ
18949,頄,U+9804,kui2,kuí
18950,項,U+9805,xiang4,xiàng
18951,順,U+9806,shun4,shùn
18952,頇,U+9807,han1|an4,hān|àn
18953,須,U+9808,xu1,xū
18954,頉,U+9809,yi2,yí
18955,頊,U+980A,xu1,xū
18956,頋,U+980B,e3,ě
18957,頌,U+980C,song4|rong2,sòng|róng
18958,頍,U+980D,kui3,kuǐ
18959,頎,U+980E,qi2|ken3,qí|kěn
18960,頏,U+980F,hang2|gang1|hang4,háng|gāng|hàng
18961,預,U+9810,yu4,yù
18962,頑,U+9811,wan2|kun1,wán|kūn
18963,頒,U+9812,ban1|fen2,bān|fén
18964,頓,U+9813,dun4|du2,dùn|dú
18965,頔,U+9814,di2,dí
18966,頕,U+9815,dan1|dian4,dān|diàn
18967,頖,U+9816,pan4,pàn
18968,頗,U+9817,po1|po3|po4|pi2,pō|pǒ|pò|pí
18969,領,U+9818,ling3,lǐng
18970,頙,U+9819,che4,chè
18971,頚,U+981A,jing3,jǐng
18972,頛,U+981B,lei4,lèi
18973,頜,U+981C,he2|han2|qin1|ge2,hé|hán|qīn|gé
18974,頝,U+981D,qiao1,qiāo
18975,頞,U+981E,e4|an4,è|àn
18976,頟,U+981F,e2,é
18977,頠,U+9820,wei3,wěi
18978,頡,U+9821,xie2|jia2|jie2,xié|jiá|jié
18979,頢,U+9822,kuo4,kuò
18980,頣,U+9823,shen3,shěn
18981,頤,U+9824,yi2,yí
18982,頥,U+9825,yi2,yí
18983,頦,U+9826,hai2|ke1|ke2,hái|kē|ké
18984,頧,U+9827,dui3|dui1,duǐ|duī
18985,頨,U+9828,yu3|bian4,yǔ|biàn
18986,頩,U+9829,ping1|ping3,pīng|pǐng
18987,頪,U+982A,lei4,lèi
18988,頫,U+982B,fu3|tao1|tiao4,fǔ|tāo|tiào
18989,頬,U+982C,jia2,jiá
18990,頭,U+982D,tou2|tou,tóu|tou
18991,頮,U+982E,hui4,huì
18992,頯,U+982F,kui2,kuí
18993,頰,U+9830,jia2,jiá
18994,頱,U+9831,luo1,luō
18995,頲,U+9832,ting3,tǐng
18996,頳,U+9833,cheng1,chēng
18997,頴,U+9834,ying3|jing3,yǐng|jǐng
18998,頵,U+9835,yun1,yūn
18999,頶,U+9836,hu2,hú
19000,頷,U+9837,han4,hàn
19001,頸,U+9838,jing3|geng3,jǐng|gěng
19002,頹,U+9839,tui2,tuí
19003,頺,U+983A,tui2,tuí
19004,頻,U+983B,pin2|bin1,pín|bīn
19005,頼,U+983C,lai4,lài
19006,頽,U+983D,tui2,tuí
19007,頾,U+983E,zi1,zī
19008,頿,U+983F,zi1,zī
19009,顀,U+9840,chui2,chuí
19010,顁,U+9841,ding4|ding3,dìng|dǐng
19011,顂,U+9842,lai4|lai2,lài|lái
19012,顃,U+9843,tan2|shan3,tán|shǎn
19013,顄,U+9844,han4,hàn
19014,顅,U+9845,qian1,qiān
19015,顆,U+9846,ke1|ke3|kuan3,kē|kě|kuǎn
19016,顇,U+9847,cui4|zu2,cuì|zú
19017,顈,U+9848,xuan3|jiong1|jiong3|xian4,xuǎn|jiōng|jiǒng|xiàn
19018,顉,U+9849,qin1,qīn
19019,顊,U+984A,yi2,yí
19020,顋,U+984B,sai1,sāi
19021,題,U+984C,ti2|di4,tí|dì
19022,額,U+984D,e2,é
19023,顎,U+984E,e4,è
19024,顏,U+984F,yan2,yán
19025,顐,U+9850,wen4|hun2|hun4,wèn|hún|hùn
19026,顑,U+9851,kan3|yan4,kǎn|yàn
19027,顒,U+9852,yong2|yu2,yóng|yú
19028,顓,U+9853,zhuan1,zhuān
19029,顔,U+9854,yan2|ya2,yán|yá
19030,顕,U+9855,xian3,xiǎn
19031,顖,U+9856,xin4,xìn
19032,顗,U+9857,yi3,yǐ
19033,願,U+9858,yuan4|yuan3,yuàn|yuǎn
19034,顙,U+9859,sang3,sǎng
19035,顚,U+985A,dian1|tian2|tian4,diān|tián|tiàn
19036,顛,U+985B,dian1,diān
19037,顜,U+985C,jiang3,jiǎng
19038,顝,U+985D,kui1|kua3,kuī|kuǎ
19039,類,U+985E,lei4,lèi
19040,顟,U+985F,lao2,láo
19041,顠,U+9860,piao3,piǎo
19042,顡,U+9861,wai4|zhuai4,wài|zhuài
19043,顢,U+9862,man2|man1,mán|mān
19044,顣,U+9863,cu4,cù
19045,顤,U+9864,yao2|qiao4,yáo|qiào
19046,顥,U+9865,hao4,hào
19047,顦,U+9866,qiao2,qiáo
19048,顧,U+9867,gu4,gù
19049,顨,U+9868,xun4,xùn
19050,顩,U+9869,yan3|qin4|han4|qian3,yǎn|qìn|hàn|qiǎn
19051,顪,U+986A,hui4,huì
19052,顫,U+986B,chan4|zhan4|shan1,chàn|zhàn|shān
19053,顬,U+986C,ru2,rú
19054,顭,U+986D,meng2,méng
19055,顮,U+986E,bin1,bīn
19056,顯,U+986F,xian3|xian4,xiǎn|xiàn
19057,顰,U+9870,pin2,pín
19058,顱,U+9871,lu2,lú
19059,顲,U+9872,lan3|lin3,lǎn|lǐn
19060,顳,U+9873,nie4,niè
19061,顴,U+9874,quan2,quán
19062,页,U+9875,ye4,yè
19063,顶,U+9876,ding3,dǐng
19064,顷,U+9877,qing3,qǐng
19065,顸,U+9878,han1,hān
19066,项,U+9879,xiang4,xiàng
19067,顺,U+987A,shun4,shùn
19068,须,U+987B,xu1,xū
19069,顼,U+987C,xu1,xū
19070,顽,U+987D,wan2,wán
19071,顾,U+987E,gu4,gù
19072,顿,U+987F,dun4|du2,dùn|dú
19073,颀,U+9880,qi2,qí
19074,颁,U+9881,ban1,bān
19075,颂,U+9882,song4,sòng
19076,颃,U+9883,hang2,háng
19077,预,U+9884,yu4,yù
19078,颅,U+9885,lu2,lú
19079,领,U+9886,ling3,lǐng
19080,颇,U+9887,po3|po1,pǒ|pō
19081,颈,U+9888,jing3|geng3,jǐng|gěng
19082,颉,U+9889,jie2|xie2,jié|xié
19083,颊,U+988A,jia2,jiá
19084,颋,U+988B,ting3,tǐng
19085,颌,U+988C,he2|ge2,hé|gé
19086,颍,U+988D,ying3,yǐng
19087,颎,U+988E,jiong3,jiǒng
19088,颏,U+988F,ke1|ke2,kē|ké
19089,颐,U+9890,yi2,yí
19090,频,U+9891,pin2,pín
19091,颒,U+9892,hui4,huì
19092,颓,U+9893,tui2,tuí
19093,颔,U+9894,han4,hàn
19094,颕,U+9895,ying3,yǐng
19095,颖,U+9896,ying3,yǐng
19096,颗,U+9897,ke1,kē
19097,题,U+9898,ti2,tí
19098,颙,U+9899,yong2,yóng
19099,颚,U+989A,e4,è
19100,颛,U+989B,zhuan1,zhuān
19101,颜,U+989C,yan2,yán
19102,额,U+989D,e2,é
19103,颞,U+989E,nie4,niè
19104,颟,U+989F,man1,mān
19105,颠,U+98A0,dian1,diān
19106,颡,U+98A1,sang3,sǎng
19107,颢,U+98A2,hao4,hào
19108,颣,U+98A3,lei4,lèi
19109,颤,U+98A4,chan4|zhan4,chàn|zhàn
19110,颥,U+98A5,ru2,rú
19111,颦,U+98A6,pin2,pín
19112,颧,U+98A7,quan2,quán
19113,風,U+98A8,feng1|feng4|feng3,fēng|fèng|fěng
19114,颩,U+98A9,biao1|diu1,biāo|diū
19115,颪,U+98AA,gua1,guā
19116,颫,U+98AB,fu2,fú
19117,颬,U+98AC,xia1,xiā
19118,颭,U+98AD,zhan3,zhǎn
19119,颮,U+98AE,biao1|pao2,biāo|páo
19120,颯,U+98AF,sa4|li4,sà|lì
19121,颰,U+98B0,ba2|fu2,bá|fú
19122,颱,U+98B1,tai2,tái
19123,颲,U+98B2,lie4,liè
19124,颳,U+98B3,gua1|ji3,guā|jǐ
19125,颴,U+98B4,xuan4,xuàn
19126,颵,U+98B5,shao1|xiao1,shāo|xiāo
19127,颶,U+98B6,ju4,jù
19128,颷,U+98B7,biao1,biāo
19129,颸,U+98B8,si1,sī
19130,颹,U+98B9,wei3,wěi
19131,颺,U+98BA,yang2,yáng
19132,颻,U+98BB,yao2|yao4,yáo|yào
19133,颼,U+98BC,sou1,sōu
19134,颽,U+98BD,kai3,kǎi
19135,颾,U+98BE,sou1|sao1,sōu|sāo
19136,颿,U+98BF,fan1,fān
19137,飀,U+98C0,liu2,liú
19138,飁,U+98C1,xi2,xí
19139,飂,U+98C2,liu4|liao2,liù|liáo
19140,飃,U+98C3,piao1|piao4,piāo|piào
19141,飄,U+98C4,piao1,piāo
19142,飅,U+98C5,liu2,liú
19143,飆,U+98C6,biao1,biāo
19144,飇,U+98C7,biao1,biāo
19145,飈,U+98C8,biao1,biāo
19146,飉,U+98C9,liao2,liáo
19147,飊,U+98CA,biao1,biāo
19148,飋,U+98CB,se4,sè
19149,飌,U+98CC,feng1,fēng
19150,飍,U+98CD,xiu1,xiū
19151,风,U+98CE,feng1,fēng
19152,飏,U+98CF,yang2,yáng
19153,飐,U+98D0,zhan3,zhǎn
19154,飑,U+98D1,biao1,biāo
19155,飒,U+98D2,sa4,sà
19156,飓,U+98D3,ju4,jù
19157,飔,U+98D4,si1,sī
19158,飕,U+98D5,sou1,sōu
19159,飖,U+98D6,yao2,yáo
19160,飗,U+98D7,liu2,liú
19161,飘,U+98D8,piao1,piāo
19162,飙,U+98D9,biao1,biāo
19163,飚,U+98DA,biao1,biāo
19164,飛,U+98DB,fei1,fēi
19165,飜,U+98DC,fan1,fān
19166,飝,U+98DD,fei1,fēi
19167,飞,U+98DE,fei1,fēi
19168,食,U+98DF,shi2|si4|yi4,shí|sì|yì
19169,飠,U+98E0,shi2,shí
19170,飡,U+98E1,can1,cān
19171,飢,U+98E2,ji1,jī
19172,飣,U+98E3,ding4,dìng
19173,飤,U+98E4,si4,sì
19174,飥,U+98E5,tuo1,tuō
19175,飦,U+98E6,zhan1|gan1,zhān|gān
19176,飧,U+98E7,sun1,sūn
19177,飨,U+98E8,xiang3,xiǎng
19178,飩,U+98E9,tun2|zhun4,tún|zhùn
19179,飪,U+98EA,ren4,rèn
19180,飫,U+98EB,yu4,yù
19181,飬,U+98EC,juan4|yong3,juàn|yǒng
19182,飭,U+98ED,chi4|shi4,chì|shì
19183,飮,U+98EE,yin3,yǐn
19184,飯,U+98EF,fan4,fàn
19185,飰,U+98F0,fan4,fàn
19186,飱,U+98F1,sun1|can1,sūn|cān
19187,飲,U+98F2,yin3|yin4,yǐn|yìn
19188,飳,U+98F3,tou3|zhu4,tǒu|zhù
19189,飴,U+98F4,yi2|si4,yí|sì
19190,飵,U+98F5,zuo4|ze2,zuò|zé
19191,飶,U+98F6,bi4,bì
19192,飷,U+98F7,jie3,jiě
19193,飸,U+98F8,tao1,tāo
19194,飹,U+98F9,bao3,bǎo
19195,飺,U+98FA,ci2,cí
19196,飻,U+98FB,tie4,tiè
19197,飼,U+98FC,si4,sì
19198,飽,U+98FD,bao3,bǎo
19199,飾,U+98FE,shi4|chi4,shì|chì
19200,飿,U+98FF,duo4,duò
19201,餀,U+9900,hai4,hài
19202,餁,U+9901,ren4,rèn
19203,餂,U+9902,tian3|tian2,tiǎn|tián
19204,餃,U+9903,jiao3|jiao4,jiǎo|jiào
19205,餄,U+9904,jia2|he2,jiá|hé
19206,餅,U+9905,bing3,bǐng
19207,餆,U+9906,yao2,yáo
19208,餇,U+9907,tong2,tóng
19209,餈,U+9908,ci2,cí
19210,餉,U+9909,xiang3,xiǎng
19211,養,U+990A,yang3|yang4,yǎng|yàng
19212,餋,U+990B,juan4,juàn
19213,餌,U+990C,er3,ěr
19214,餍,U+990D,yan4,yàn
19215,餎,U+990E,le,le
19216,餏,U+990F,xi1,xī
19217,餐,U+9910,can1|sun1,cān|sūn
19218,餑,U+9911,bo1,bō
19219,餒,U+9912,nei3,něi
19220,餓,U+9913,e4,è
19221,餔,U+9914,bu4|bu1,bù|bū
19222,餕,U+9915,jun4,jùn
19223,餖,U+9916,dou4,dòu
19224,餗,U+9917,su4,sù
19225,餘,U+9918,yu2|ye2,yú|yé
19226,餙,U+9919,shi4|xi1,shì|xī
19227,餚,U+991A,yao2,yáo
19228,餛,U+991B,hun2|kun1,hún|kūn
19229,餜,U+991C,guo3,guǒ
19230,餝,U+991D,shi4,shì
19231,餞,U+991E,jian4,jiàn
19232,餟,U+991F,zhui4,zhuì
19233,餠,U+9920,bing3,bǐng
19234,餡,U+9921,xian4|kan4,xiàn|kàn
19235,餢,U+9922,bu4,bù
19236,餣,U+9923,ye4,yè
19237,餤,U+9924,tan2|dan4,tán|dàn
19238,餥,U+9925,fei1,fēi
19239,餦,U+9926,zhang1,zhāng
19240,餧,U+9927,wei4|nei3,wèi|něi
19241,館,U+9928,guan3,guǎn
19242,餩,U+9929,e4,è
19243,餪,U+992A,nuan3|nuan4,nuǎn|nuàn
19244,餫,U+992B,yun4|hun2,yùn|hún
19245,餬,U+992C,hu2,hú
19246,餭,U+992D,huang2,huáng
19247,餮,U+992E,tie4,tiè
19248,餯,U+992F,hui4,huì
19249,餰,U+9930,jian1|zhan1,jiān|zhān
19250,餱,U+9931,hou2,hóu
19251,餲,U+9932,ai4|he2,ài|hé
19252,餳,U+9933,tang2|xing2,táng|xíng
19253,餴,U+9934,fen1,fēn
19254,餵,U+9935,wei4,wèi
19255,餶,U+9936,gu3,gǔ
19256,餷,U+9937,cha1,chā
19257,餸,U+9938,song4,sòng
19258,餹,U+9939,tang2,táng
19259,餺,U+993A,bo2,bó
19260,餻,U+993B,gao1,gāo
19261,餼,U+993C,xi4,xì
19262,餽,U+993D,kui4,kuì
19263,餾,U+993E,liu4|liu2,liù|liú
19264,餿,U+993F,sou1,sōu
19265,饀,U+9940,tao2|tao1|xian4,táo|tāo|xiàn
19266,饁,U+9941,ye4,yè
19267,饂,U+9942,wen1,wēn
19268,饃,U+9943,mo2,mó
19269,饄,U+9944,tang2,táng
19270,饅,U+9945,man2,mán
19271,饆,U+9946,bi4,bì
19272,饇,U+9947,yu4,yù
19273,饈,U+9948,xiu1,xiū
19274,饉,U+9949,jin3,jǐn
19275,饊,U+994A,san3,sǎn
19276,饋,U+994B,kui4|tui2,kuì|tuí
19277,饌,U+994C,zhuan4|xuan3,zhuàn|xuǎn
19278,饍,U+994D,shan4,shàn
19279,饎,U+994E,chi4,chì
19280,饏,U+994F,dan4,dàn
19281,饐,U+9950,yi4|ye1|en4,yì|yē|èn
19282,饑,U+9951,ji1|qi2,jī|qí
19283,饒,U+9952,rao2,ráo
19284,饓,U+9953,cheng1,chēng
19285,饔,U+9954,yong1,yōng
19286,饕,U+9955,tao1,tāo
19287,饖,U+9956,wei4,wèi
19288,饗,U+9957,xiang3,xiǎng
19289,饘,U+9958,zhan1,zhān
19290,饙,U+9959,fen1,fēn
19291,饚,U+995A,hai4,hài
19292,饛,U+995B,meng2,méng
19293,饜,U+995C,yan4,yàn
19294,饝,U+995D,mo2,mó
19295,饞,U+995E,chan2,chán
19296,饟,U+995F,xiang3,xiǎng
19297,饠,U+9960,luo2,luó
19298,饡,U+9961,zan4,zàn
19299,饢,U+9962,nang2|nang3,náng|nǎng
19300,饣,U+9963,shi2,shí
19301,饤,U+9964,ding4,dìng
19302,饥,U+9965,ji1,jī
19303,饦,U+9966,tuo1,tuō
19304,饧,U+9967,tang2|xing2,táng|xíng
19305,饨,U+9968,tun2,tún
19306,饩,U+9969,xi4,xì
19307,饪,U+996A,ren4,rèn
19308,饫,U+996B,yu4,yù
19309,饬,U+996C,chi4,chì
19310,饭,U+996D,fan4,fàn
19311,饮,U+996E,yin3|yin4,yǐn|yìn
19312,饯,U+996F,jian4,jiàn
19313,饰,U+9970,shi4,shì
19314,饱,U+9971,bao3,bǎo
19315,饲,U+9972,si4,sì
19316,饳,U+9973,duo4,duò
19317,饴,U+9974,yi2,yí
19318,饵,U+9975,er3,ěr
19319,饶,U+9976,rao2,ráo
19320,饷,U+9977,xiang3,xiǎng
19321,饸,U+9978,he2,hé
19322,饹,U+9979,le|ge1,le|gē
19323,饺,U+997A,jiao3,jiǎo
19324,饻,U+997B,xi1,xī
19325,饼,U+997C,bing3,bǐng
19326,饽,U+997D,bo1,bō
19327,饾,U+997E,dou4,dòu
19328,饿,U+997F,e4,è
19329,馀,U+9980,yu2,yú
19330,馁,U+9981,nei3,něi
19331,馂,U+9982,jun4,jùn
19332,馃,U+9983,guo3,guǒ
19333,馄,U+9984,hun2,hún
19334,馅,U+9985,xian4,xiàn
19335,馆,U+9986,guan3,guǎn
19336,馇,U+9987,cha1|zha,chā|zha
19337,馈,U+9988,kui4,kuì
19338,馉,U+9989,gu3,gǔ
19339,馊,U+998A,sou1,sōu
19340,馋,U+998B,chan2,chán
19341,馌,U+998C,ye4,yè
19342,馍,U+998D,mo2,mó
19343,馎,U+998E,bo2,bó
19344,馏,U+998F,liu2|liu4,liú|liù
19345,馐,U+9990,xiu1,xiū
19346,馑,U+9991,jin3,jǐn
19347,馒,U+9992,man2,mán
19348,馓,U+9993,san3,sǎn
19349,馔,U+9994,zhuan4,zhuàn
19350,馕,U+9995,nang2|nang3,náng|nǎng
19351,首,U+9996,shou3,shǒu
19352,馗,U+9997,kui2|qiu2,kuí|qiú
19353,馘,U+9998,guo2|xu4,guó|xù
19354,香,U+9999,xiang1,xiāng
19355,馚,U+999A,fen2,fén
19356,馛,U+999B,bo2,bó
19357,馜,U+999C,ni3,nǐ
19358,馝,U+999D,bi4,bì
19359,馞,U+999E,bo2|po4,bó|pò
19360,馟,U+999F,tu2,tú
19361,馠,U+99A0,han1,hān
19362,馡,U+99A1,fei1,fēi
19363,馢,U+99A2,jian1,jiān
19364,馣,U+99A3,an1,ān
19365,馤,U+99A4,ai4,ài
19366,馥,U+99A5,fu4|bi4,fù|bì
19367,馦,U+99A6,xian1,xiān
19368,馧,U+99A7,yun1|wo4,yūn|wò
19369,馨,U+99A8,xin1,xīn
19370,馩,U+99A9,fen2,fén
19371,馪,U+99AA,pin1,pīn
19372,馫,U+99AB,xin1,xīn
19373,馬,U+99AC,ma3,mǎ
19374,馭,U+99AD,yu4,yù
19375,馮,U+99AE,feng2|ping2,féng|píng
19376,馯,U+99AF,han4|qian2|han2,hàn|qián|hán
19377,馰,U+99B0,di2,dí
19378,馱,U+99B1,tuo2|duo4|dai4,tuó|duò|dài
19379,馲,U+99B2,zhe2|tuo1,zhé|tuō
19380,馳,U+99B3,chi2,chí
19381,馴,U+99B4,xun2,xún
19382,馵,U+99B5,zhu4,zhù
19383,馶,U+99B6,zhi1|shi4,zhī|shì
19384,馷,U+99B7,pei4,pèi
19385,馸,U+99B8,xin4|jin4,xìn|jìn
19386,馹,U+99B9,ri4,rì
19387,馺,U+99BA,sa4,sà
19388,馻,U+99BB,yun3,yǔn
19389,馼,U+99BC,wen2,wén
19390,馽,U+99BD,zhi2,zhí
19391,馾,U+99BE,dan4|dan3,dàn|dǎn
19392,馿,U+99BF,lv2,lǘ
19393,駀,U+99C0,you2,yóu
19394,駁,U+99C1,bo2,bó
19395,駂,U+99C2,bao3,bǎo
19396,駃,U+99C3,jue2|kuai4,jué|kuài
19397,駄,U+99C4,tuo2,tuó
19398,駅,U+99C5,yi4,yì
19399,駆,U+99C6,qu1,qū
19400,駇,U+99C7,wen2,wén
19401,駈,U+99C8,qu1,qū
19402,駉,U+99C9,jiong1,jiōng
19403,駊,U+99CA,po3,pǒ
19404,駋,U+99CB,zhao1,zhāo
19405,駌,U+99CC,yuan1,yuān
19406,駍,U+99CD,pei2|peng1,péi|pēng
19407,駎,U+99CE,zhou4,zhòu
19408,駏,U+99CF,ju4,jù
19409,駐,U+99D0,zhu4,zhù
19410,駑,U+99D1,nu2,nú
19411,駒,U+99D2,ju1|ju4,jū|jù
19412,駓,U+99D3,pi1,pī
19413,駔,U+99D4,zang3|zu4|zu3,zǎng|zù|zǔ
19414,駕,U+99D5,jia4|jia1,jià|jiā
19415,駖,U+99D6,ling2,líng
19416,駗,U+99D7,zhen3,zhěn
19417,駘,U+99D8,tai2|dai4|zhai4|tai1,tái|dài|zhài|tāi
19418,駙,U+99D9,fu4,fù
19419,駚,U+99DA,yang3,yǎng
19420,駛,U+99DB,shi3,shǐ
19421,駜,U+99DC,bi4,bì
19422,駝,U+99DD,tuo2,tuó
19423,駞,U+99DE,tuo2,tuó
19424,駟,U+99DF,si4,sì
19425,駠,U+99E0,liu2,liú
19426,駡,U+99E1,ma4,mà
19427,駢,U+99E2,pian2,pián
19428,駣,U+99E3,tao2,táo
19429,駤,U+99E4,zhi4,zhì
19430,駥,U+99E5,rong2,róng
19431,駦,U+99E6,teng2,téng
19432,駧,U+99E7,dong4,dòng
19433,駨,U+99E8,xun1|xuan4,xūn|xuàn
19434,駩,U+99E9,quan1,quān
19435,駪,U+99EA,shen1,shēn
19436,駫,U+99EB,jiong1,jiōng
19437,駬,U+99EC,er3,ěr
19438,駭,U+99ED,hai4,hài
19439,駮,U+99EE,bo2,bó
19440,駯,U+99EF,zhu1,zhū
19441,駰,U+99F0,yin1,yīn
19442,駱,U+99F1,luo4|jia4,luò|jià
19443,駲,U+99F2,zhou1,zhōu
19444,駳,U+99F3,dan4,dàn
19445,駴,U+99F4,hai4,hài
19446,駵,U+99F5,liu2,liú
19447,駶,U+99F6,ju2,jú
19448,駷,U+99F7,song3,sǒng
19449,駸,U+99F8,qin1,qīn
19450,駹,U+99F9,mang2,máng
19451,駺,U+99FA,lang2|liang2,láng|liáng
19452,駻,U+99FB,han4,hàn
19453,駼,U+99FC,tu2,tú
19454,駽,U+99FD,xuan1,xuān
19455,駾,U+99FE,tui4,tuì
19456,駿,U+99FF,jun4,jùn
19457,騀,U+9A00,e3|e2,ě|é
19458,騁,U+9A01,cheng3,chěng
19459,騂,U+9A02,xing1,xīng
19460,騃,U+9A03,ai2|si4|tai3,ái|sì|tǎi
19461,騄,U+9A04,lu4,lù
19462,騅,U+9A05,zhui1,zhuī
19463,騆,U+9A06,zhou1|dong4,zhōu|dòng
19464,騇,U+9A07,she4,shè
19465,騈,U+9A08,pian2,pián
19466,騉,U+9A09,kun1,kūn
19467,騊,U+9A0A,tao2,táo
19468,騋,U+9A0B,lai2,lái
19469,騌,U+9A0C,zong1,zōng
19470,騍,U+9A0D,ke4,kè
19471,騎,U+9A0E,qi2|ji4,qí|jì
19472,騏,U+9A0F,qi2,qí
19473,騐,U+9A10,yan4,yàn
19474,騑,U+9A11,fei1,fēi
19475,騒,U+9A12,sao1,sāo
19476,験,U+9A13,yan4,yàn
19477,騔,U+9A14,ge2,gé
19478,騕,U+9A15,yao3,yǎo
19479,騖,U+9A16,wu4,wù
19480,騗,U+9A17,pian4,piàn
19481,騘,U+9A18,cong1,cōng
19482,騙,U+9A19,pian4,piàn
19483,騚,U+9A1A,qian2,qián
19484,騛,U+9A1B,fei1,fēi
19485,騜,U+9A1C,huang2,huáng
19486,騝,U+9A1D,qian2,qián
19487,騞,U+9A1E,huo1,huō
19488,騟,U+9A1F,yu2,yú
19489,騠,U+9A20,ti2,tí
19490,騡,U+9A21,quan2,quán
19491,騢,U+9A22,xia2,xiá
19492,騣,U+9A23,zong1,zōng
19493,騤,U+9A24,kui2|jue2,kuí|jué
19494,騥,U+9A25,rou2,róu
19495,騦,U+9A26,si1,sī
19496,騧,U+9A27,gua1,guā
19497,騨,U+9A28,tuo2,tuó
19498,騩,U+9A29,gui1|tui2,guī|tuí
19499,騪,U+9A2A,sou1,sōu
19500,騫,U+9A2B,qian1|jian3,qiān|jiǎn
19501,騬,U+9A2C,cheng2,chéng
19502,騭,U+9A2D,zhi4,zhì
19503,騮,U+9A2E,liu2,liú
19504,騯,U+9A2F,peng2|bang3,péng|bǎng
19505,騰,U+9A30,teng2,téng
19506,騱,U+9A31,xi2,xí
19507,騲,U+9A32,cao3,cǎo
19508,騳,U+9A33,du2,dú
19509,騴,U+9A34,yan4,yàn
19510,騵,U+9A35,yuan2,yuán
19511,騶,U+9A36,zou1|zhu1|zhou4|qu1,zōu|zhū|zhòu|qū
19512,騷,U+9A37,sao1|sao3|xiao1,sāo|sǎo|xiāo
19513,騸,U+9A38,shan4,shàn
19514,騹,U+9A39,qi2,qí
19515,騺,U+9A3A,zhi4|chi4,zhì|chì
19516,騻,U+9A3B,shuang1,shuāng
19517,騼,U+9A3C,lu4,lù
19518,騽,U+9A3D,xi2,xí
19519,騾,U+9A3E,luo2,luó
19520,騿,U+9A3F,zhang1,zhāng
19521,驀,U+9A40,mo4|ma4,mò|mà
19522,驁,U+9A41,ao4|yao4,ào|yào
19523,驂,U+9A42,can1,cān
19524,驃,U+9A43,biao1|piao4,biāo|piào
19525,驄,U+9A44,cong1,cōng
19526,驅,U+9A45,qu1,qū
19527,驆,U+9A46,bi4,bì
19528,驇,U+9A47,zhi4,zhì
19529,驈,U+9A48,yu4,yù
19530,驉,U+9A49,xu1,xū
19531,驊,U+9A4A,hua2,huá
19532,驋,U+9A4B,bo1,bō
19533,驌,U+9A4C,su4,sù
19534,驍,U+9A4D,xiao1,xiāo
19535,驎,U+9A4E,lin2,lín
19536,驏,U+9A4F,zhan4,zhàn
19537,驐,U+9A50,dun1,dūn
19538,驑,U+9A51,liu2,liú
19539,驒,U+9A52,tuo2,tuó
19540,驓,U+9A53,ceng2,céng
19541,驔,U+9A54,dian4,diàn
19542,驕,U+9A55,jiao1|xiao1|ju1|qiao2,jiāo|xiāo|jū|qiáo
19543,驖,U+9A56,tie3,tiě
19544,驗,U+9A57,yan4,yàn
19545,驘,U+9A58,luo2,luó
19546,驙,U+9A59,zhan1|zhan4,zhān|zhàn
19547,驚,U+9A5A,jing1,jīng
19548,驛,U+9A5B,yi4,yì
19549,驜,U+9A5C,ye4,yè
19550,驝,U+9A5D,tuo1,tuō
19551,驞,U+9A5E,pin1,pīn
19552,驟,U+9A5F,zhou4,zhòu
19553,驠,U+9A60,yan4,yàn
19554,驡,U+9A61,long2|zang3,lóng|zǎng
19555,驢,U+9A62,lv2,lǘ
19556,驣,U+9A63,teng2,téng
19557,驤,U+9A64,xiang1,xiāng
19558,驥,U+9A65,ji4,jì
19559,驦,U+9A66,shuang1,shuāng
19560,驧,U+9A67,ju2,jú
19561,驨,U+9A68,xi2,xí
19562,驩,U+9A69,huan1,huān
19563,驪,U+9A6A,li2|chi2,lí|chí
19564,驫,U+9A6B,biao1|piao1,biāo|piāo
19565,马,U+9A6C,ma3,mǎ
19566,驭,U+9A6D,yu4,yù
19567,驮,U+9A6E,tuo2|duo4,tuó|duò
19568,驯,U+9A6F,xun4|xun2,xùn|xún
19569,驰,U+9A70,chi2,chí
19570,驱,U+9A71,qu1,qū
19571,驲,U+9A72,ri4,rì
19572,驳,U+9A73,bo2,bó
19573,驴,U+9A74,lv2,lǘ
19574,驵,U+9A75,zang3,zǎng
19575,驶,U+9A76,shi3,shǐ
19576,驷,U+9A77,si4,sì
19577,驸,U+9A78,fu4,fù
19578,驹,U+9A79,ju1,jū
19579,驺,U+9A7A,zou1,zōu
19580,驻,U+9A7B,zhu4,zhù
19581,驼,U+9A7C,tuo2,tuó
19582,驽,U+9A7D,nu2,nú
19583,驾,U+9A7E,jia4,jià
19584,驿,U+9A7F,yi4,yì
19585,骀,U+9A80,dai4|tai2,dài|tái
19586,骁,U+9A81,xiao1,xiāo
19587,骂,U+9A82,ma4,mà
19588,骃,U+9A83,yin1,yīn
19589,骄,U+9A84,jiao1,jiāo
19590,骅,U+9A85,hua2,huá
19591,骆,U+9A86,luo4,luò
19592,骇,U+9A87,hai4,hài
19593,骈,U+9A88,pian2,pián
19594,骉,U+9A89,biao1,biāo
19595,骊,U+9A8A,li2,lí
19596,骋,U+9A8B,cheng3,chěng
19597,验,U+9A8C,yan4,yàn
19598,骍,U+9A8D,xing1,xīng
19599,骎,U+9A8E,qin1,qīn
19600,骏,U+9A8F,jun4,jùn
19601,骐,U+9A90,qi2,qí
19602,骑,U+9A91,qi2,qí
19603,骒,U+9A92,ke4,kè
19604,骓,U+9A93,zhui1,zhuī
19605,骔,U+9A94,zong1,zōng
19606,骕,U+9A95,su4,sù
19607,骖,U+9A96,can1,cān
19608,骗,U+9A97,pian4,piàn
19609,骘,U+9A98,zhi4,zhì
19610,骙,U+9A99,kui2,kuí
19611,骚,U+9A9A,sao1,sāo
19612,骛,U+9A9B,wu4,wù
19613,骜,U+9A9C,ao4,ào
19614,骝,U+9A9D,liu2,liú
19615,骞,U+9A9E,qian1,qiān
19616,骟,U+9A9F,shan4,shàn
19617,骠,U+9AA0,biao1|piao4,biāo|piào
19618,骡,U+9AA1,luo2,luó
19619,骢,U+9AA2,cong1,cōng
19620,骣,U+9AA3,chan3,chǎn
19621,骤,U+9AA4,zhou4,zhòu
19622,骥,U+9AA5,ji4,jì
19623,骦,U+9AA6,shuang1,shuāng
19624,骧,U+9AA7,xiang1,xiāng
19625,骨,U+9AA8,gu3|gu1|gu2,gǔ|gū|gú
19626,骩,U+9AA9,wei3,wěi
19627,骪,U+9AAA,wei3,wěi
19628,骫,U+9AAB,wei3|wan2,wěi|wán
19629,骬,U+9AAC,yu2,yú
19630,骭,U+9AAD,gan4,gàn
19631,骮,U+9AAE,yi4,yì
19632,骯,U+9AAF,ang1|kang3,āng|kǎng
19633,骰,U+9AB0,tou2|gu3,tóu|gǔ
19634,骱,U+9AB1,jie4|jia2|xie4,jiè|jiá|xiè
19635,骲,U+9AB2,bao4,bào
19636,骳,U+9AB3,bei4,bèi
19637,骴,U+9AB4,ci1|zhai4,cī|zhài
19638,骵,U+9AB5,ti3,tǐ
19639,骶,U+9AB6,di3,dǐ
19640,骷,U+9AB7,ku1,kū
19641,骸,U+9AB8,hai2|gai1,hái|gāi
19642,骹,U+9AB9,qiao1|jiao1|xiao1,qiāo|jiāo|xiāo
19643,骺,U+9ABA,hou2,hóu
19644,骻,U+9ABB,kua4,kuà
19645,骼,U+9ABC,ge2,gé
19646,骽,U+9ABD,tui3,tuǐ
19647,骾,U+9ABE,geng3,gěng
19648,骿,U+9ABF,pian2,pián
19649,髀,U+9AC0,bi4,bì
19650,髁,U+9AC1,ke1|kua4,kē|kuà
19651,髂,U+9AC2,qia4|ge2,qià|gé
19652,髃,U+9AC3,yu2,yú
19653,髄,U+9AC4,sui3,suǐ
19654,髅,U+9AC5,lou2,lóu
19655,髆,U+9AC6,bo2|po4,bó|pò
19656,髇,U+9AC7,xiao1,xiāo
19657,髈,U+9AC8,bang3|pang2|pang3,bǎng|páng|pǎng
19658,髉,U+9AC9,bo2|jue2,bó|jué
19659,髊,U+9ACA,ci1|cuo1,cī|cuō
19660,髋,U+9ACB,kuan1,kuān
19661,髌,U+9ACC,bin4,bìn
19662,髍,U+9ACD,mo2,mó
19663,髎,U+9ACE,liao2,liáo
19664,髏,U+9ACF,lou2,lóu
19665,髐,U+9AD0,xiao1,xiāo
19666,髑,U+9AD1,du2,dú
19667,髒,U+9AD2,zang1|zang3,zāng|zǎng
19668,髓,U+9AD3,sui3,suǐ
19669,體,U+9AD4,ti3|ti1,tǐ|tī
19670,髕,U+9AD5,bin4,bìn
19671,髖,U+9AD6,kuan1,kuān
19672,髗,U+9AD7,lu2,lú
19673,高,U+9AD8,gao1|gao4,gāo|gào
19674,髙,U+9AD9,gao1,gāo
19675,髚,U+9ADA,qiao4,qiào
19676,髛,U+9ADB,kao1,kāo
19677,髜,U+9ADC,qiao3,qiǎo
19678,髝,U+9ADD,lao2,láo
19679,髞,U+9ADE,sao4,sào
19680,髟,U+9ADF,biao1|piao4|shan1,biāo|piào|shān
19681,髠,U+9AE0,kun1,kūn
19682,髡,U+9AE1,kun1,kūn
19683,髢,U+9AE2,di2,dí
19684,髣,U+9AE3,fang3,fǎng
19685,髤,U+9AE4,xiu1,xiū
19686,髥,U+9AE5,ran2,rán
19687,髦,U+9AE6,mao2,máo
19688,髧,U+9AE7,dan4,dàn
19689,髨,U+9AE8,kun1,kūn
19690,髩,U+9AE9,bin4,bìn
19691,髪,U+9AEA,fa4|fa3,fà|fǎ
19692,髫,U+9AEB,tiao2,tiáo
19693,髬,U+9AEC,pi1,pī
19694,髭,U+9AED,zi1,zī
19695,髮,U+9AEE,fa4|fa3,fà|fǎ
19696,髯,U+9AEF,ran2,rán
19697,髰,U+9AF0,ti4,tì
19698,髱,U+9AF1,bao4,bào
19699,髲,U+9AF2,bi4,bì
19700,髳,U+9AF3,mao2|rou2|meng2,máo|róu|méng
19701,髴,U+9AF4,fu2|fei4,fú|fèi
19702,髵,U+9AF5,er2,ér
19703,髶,U+9AF6,rong2|er4,róng|èr
19704,髷,U+9AF7,qu1,qū
19705,髸,U+9AF8,gong1,gōng
19706,髹,U+9AF9,xiu1,xiū
19707,髺,U+9AFA,kuo4|yue4,kuò|yuè
19708,髻,U+9AFB,ji4|jie2,jì|jié
19709,髼,U+9AFC,peng2,péng
19710,髽,U+9AFD,zhua1,zhuā
19711,髾,U+9AFE,shao1|shao3|shao4,shāo|shǎo|shào
19712,髿,U+9AFF,suo1,suō
19713,鬀,U+9B00,ti4,tì
19714,鬁,U+9B01,li4,lì
19715,鬂,U+9B02,bin4,bìn
19716,鬃,U+9B03,zong1,zōng
19717,鬄,U+9B04,di2|ti4,dí|tì
19718,鬅,U+9B05,peng2,péng
19719,鬆,U+9B06,song1|song4|song2,sōng|sòng|sóng
19720,鬇,U+9B07,zheng1,zhēng
19721,鬈,U+9B08,quan2,quán
19722,鬉,U+9B09,zong1,zōng
19723,鬊,U+9B0A,shun4,shùn
19724,鬋,U+9B0B,jian3,jiǎn
19725,鬌,U+9B0C,tuo3|chui2|duo3,tuǒ|chuí|duǒ
19726,鬍,U+9B0D,hu2,hú
19727,鬎,U+9B0E,la4,là
19728,鬏,U+9B0F,jiu1,jiū
19729,鬐,U+9B10,qi2,qí
19730,鬑,U+9B11,lian2,lián
19731,鬒,U+9B12,zhen3,zhěn
19732,鬓,U+9B13,bin4,bìn
19733,鬔,U+9B14,peng2,péng
19734,鬕,U+9B15,ma4,mà
19735,鬖,U+9B16,san1|san4,sān|sàn
19736,鬗,U+9B17,man2,mán
19737,鬘,U+9B18,man2,mán
19738,鬙,U+9B19,seng1,sēng
19739,鬚,U+9B1A,xu1,xū
19740,鬛,U+9B1B,lie4,liè
19741,鬜,U+9B1C,qian1,qiān
19742,鬝,U+9B1D,qian1,qiān
19743,鬞,U+9B1E,nang2|nang4,náng|nàng
19744,鬟,U+9B1F,huan2,huán
19745,鬠,U+9B20,kuo4|kuai4,kuò|kuài
19746,鬡,U+9B21,ning2,níng
19747,鬢,U+9B22,bin4,bìn
19748,鬣,U+9B23,lie4,liè
19749,鬤,U+9B24,rang2|ning2,ráng|níng
19750,鬥,U+9B25,dou4,dòu
19751,鬦,U+9B26,dou4,dòu
19752,鬧,U+9B27,nao4,nào
19753,鬨,U+9B28,hong4|xiang4,hòng|xiàng
19754,鬩,U+9B29,xi4|he4,xì|hè
19755,鬪,U+9B2A,dou4,dòu
19756,鬫,U+9B2B,han3,hǎn
19757,鬬,U+9B2C,dou4,dòu
19758,鬭,U+9B2D,dou4,dòu
19759,鬮,U+9B2E,jiu1,jiū
19760,鬯,U+9B2F,chang4,chàng
19761,鬰,U+9B30,yu4,yù
19762,鬱,U+9B31,yu4,yù
19763,鬲,U+9B32,ge2|li4|e4,gé|lì|è
19764,鬳,U+9B33,yan4,yàn
19765,鬴,U+9B34,fu3|li4,fǔ|lì
19766,鬵,U+9B35,qin2|xin2,qín|xín
19767,鬶,U+9B36,gui1,guī
19768,鬷,U+9B37,zong1|zeng3,zōng|zěng
19769,鬸,U+9B38,liu4,liù
19770,鬹,U+9B39,gui1|xie2,guī|xié
19771,鬺,U+9B3A,shang1,shāng
19772,鬻,U+9B3B,yu4|zhou1|ju1,yù|zhōu|jū
19773,鬼,U+9B3C,gui3,guǐ
19774,鬽,U+9B3D,mei4,mèi
19775,鬾,U+9B3E,ji4|qi2,jì|qí
19776,鬿,U+9B3F,qi2,qí
19777,魀,U+9B40,ga4,gà
19778,魁,U+9B41,kui2|kui3|kuai4,kuí|kuǐ|kuài
19779,魂,U+9B42,hun2,hún
19780,魃,U+9B43,ba2,bá
19781,魄,U+9B44,po4|bo2|tuo4,pò|bó|tuò
19782,魅,U+9B45,mei4,mèi
19783,魆,U+9B46,xu1,xū
19784,魇,U+9B47,yan3,yǎn
19785,魈,U+9B48,xiao1,xiāo
19786,魉,U+9B49,liang3,liǎng
19787,魊,U+9B4A,yu4,yù
19788,魋,U+9B4B,tui2|chui2,tuí|chuí
19789,魌,U+9B4C,qi1,qī
19790,魍,U+9B4D,wang3,wǎng
19791,魎,U+9B4E,liang3,liǎng
19792,魏,U+9B4F,wei4|wei2|wei1,wèi|wéi|wēi
19793,魐,U+9B50,gan1,gān
19794,魑,U+9B51,chi1,chī
19795,魒,U+9B52,piao1,piāo
19796,魓,U+9B53,bi4,bì
19797,魔,U+9B54,mo2,mó
19798,魕,U+9B55,ji3,jǐ
19799,魖,U+9B56,xu1,xū
19800,魗,U+9B57,chou3|chou2,chǒu|chóu
19801,魘,U+9B58,yan3,yǎn
19802,魙,U+9B59,zhan1,zhān
19803,魚,U+9B5A,yu2,yú
19804,魛,U+9B5B,dao1,dāo
19805,魜,U+9B5C,ren2,rén
19806,魝,U+9B5D,jie2|ji4,jié|jì
19807,魞,U+9B5E,ba1,bā
19808,魟,U+9B5F,hong2|gong1,hóng|gōng
19809,魠,U+9B60,tuo1,tuō
19810,魡,U+9B61,diao4|di2,diào|dí
19811,魢,U+9B62,ji3,jǐ
19812,魣,U+9B63,xu4|yu2,xù|yú
19813,魤,U+9B64,e2|hua4,é|huà
19814,魥,U+9B65,e4|qie4|ji4,è|qiè|jì
19815,魦,U+9B66,sha1|suo1,shā|suō
19816,魧,U+9B67,hang2,háng
19817,魨,U+9B68,tun2,tún
19818,魩,U+9B69,mo4,mò
19819,魪,U+9B6A,jie4,jiè
19820,魫,U+9B6B,shen3,shěn
19821,魬,U+9B6C,ban3,bǎn
19822,魭,U+9B6D,yuan2|wan3,yuán|wǎn
19823,魮,U+9B6E,pi2|bi3,pí|bǐ
19824,魯,U+9B6F,lu3|lv3,lǔ|lǚ
19825,魰,U+9B70,wen2,wén
19826,魱,U+9B71,hu2|hu4,hú|hù
19827,魲,U+9B72,lu2,lú
19828,魳,U+9B73,za1|shi1,zā|shī
19829,魴,U+9B74,fang2,fáng
19830,魵,U+9B75,fen2|fen4,fén|fèn
19831,魶,U+9B76,na4,nà
19832,魷,U+9B77,you2,yóu
19833,魸,U+9B78,pian4,piàn
19834,魹,U+9B79,mo2,mó
19835,魺,U+9B7A,he2|ge3,hé|gě
19836,魻,U+9B7B,xia2|xia1,xiá|xiā
19837,魼,U+9B7C,qu1|xie2,qū|xié
19838,魽,U+9B7D,han2|han1,hán|hān
19839,魾,U+9B7E,pi1|pi2,pī|pí
19840,魿,U+9B7F,ling2|lin2,líng|lín
19841,鮀,U+9B80,tuo2,tuó
19842,鮁,U+9B81,bo1|ba4,bō|bà
19843,鮂,U+9B82,qiu2,qiú
19844,鮃,U+9B83,ping2,píng
19845,鮄,U+9B84,fu2,fú
19846,鮅,U+9B85,bi4,bì
19847,鮆,U+9B86,ci3|ji4,cǐ|jì
19848,鮇,U+9B87,wei4,wèi
19849,鮈,U+9B88,ju1|qu2|gou3,jū|qú|gǒu
19850,鮉,U+9B89,diao1,diāo
19851,鮊,U+9B8A,ba4|bo2,bà|bó
19852,鮋,U+9B8B,you2|chou2,yóu|chóu
19853,鮌,U+9B8C,gun3,gǔn
19854,鮍,U+9B8D,pi1|pi2|ju4,pī|pí|jù
19855,鮎,U+9B8E,nian2,nián
19856,鮏,U+9B8F,xing1|zheng1,xīng|zhēng
19857,鮐,U+9B90,tai2,tái
19858,鮑,U+9B91,bao4|bao1|pao1,bào|bāo|pāo
19859,鮒,U+9B92,fu4,fù
19860,鮓,U+9B93,zha3|zha4,zhǎ|zhà
19861,鮔,U+9B94,ju4,jù
19862,鮕,U+9B95,gu1,gū
19863,鮖,U+9B96,shi2,shí
19864,鮗,U+9B97,dong1,dōng
19865,鮘,U+9B98,dai,dai
19866,鮙,U+9B99,ta4,tà
19867,鮚,U+9B9A,jie2|qia4,jié|qià
19868,鮛,U+9B9B,shu1,shū
19869,鮜,U+9B9C,hou4,hòu
19870,鮝,U+9B9D,xiang3|zhen4,xiǎng|zhèn
19871,鮞,U+9B9E,er2,ér
19872,鮟,U+9B9F,an4|an1,àn|ān
19873,鮠,U+9BA0,wei2,wéi
19874,鮡,U+9BA1,zhao4,zhào
19875,鮢,U+9BA2,zhu1,zhū
19876,鮣,U+9BA3,yin4,yìn
19877,鮤,U+9BA4,lie4,liè
19878,鮥,U+9BA5,luo4|ge2,luò|gé
19879,鮦,U+9BA6,tong2,tóng
19880,鮧,U+9BA7,ti3|yi2,tǐ|yí
19881,鮨,U+9BA8,yi4|qi2,yì|qí
19882,鮩,U+9BA9,bing4|bi4,bìng|bì
19883,鮪,U+9BAA,wei3,wěi
19884,鮫,U+9BAB,jiao1,jiāo
19885,鮬,U+9BAC,ku1|ku4,kū|kù
19886,鮭,U+9BAD,gui1|xie2|hua4|wa1|kui2,guī|xié|huà|wā|kuí
19887,鮮,U+9BAE,xian1|xian3|xian4,xiān|xiǎn|xiàn
19888,鮯,U+9BAF,ge2,gé
19889,鮰,U+9BB0,hui2,huí
19890,鮱,U+9BB1,lao3,lǎo
19891,鮲,U+9BB2,fu2,fú
19892,鮳,U+9BB3,kao4,kào
19893,鮴,U+9BB4,xiu1,xiū
19894,鮵,U+9BB5,duo2,duó
19895,鮶,U+9BB6,jun1,jūn
19896,鮷,U+9BB7,ti2,tí
19897,鮸,U+9BB8,mian3,miǎn
19898,鮹,U+9BB9,shao1,shāo
19899,鮺,U+9BBA,zha3,zhǎ
19900,鮻,U+9BBB,suo1,suō
19901,鮼,U+9BBC,qin1,qīn
19902,鮽,U+9BBD,yu2,yú
19903,鮾,U+9BBE,nei3,něi
19904,鮿,U+9BBF,zhe2,zhé
19905,鯀,U+9BC0,gun3,gǔn
19906,鯁,U+9BC1,geng3,gěng
19907,鯂,U+9BC2,su1,sū
19908,鯃,U+9BC3,wu2,wú
19909,鯄,U+9BC4,qiu2,qiú
19910,鯅,U+9BC5,shan1|shen3,shān|shěn
19911,鯆,U+9BC6,pu1|bu1,pū|bū
19912,鯇,U+9BC7,huan4,huàn
19913,鯈,U+9BC8,tiao2|you2|chou2,tiáo|yóu|chóu
19914,鯉,U+9BC9,li3,lǐ
19915,鯊,U+9BCA,sha1,shā
19916,鯋,U+9BCB,sha1,shā
19917,鯌,U+9BCC,kao4,kào
19918,鯍,U+9BCD,meng2,méng
19919,鯎,U+9BCE,cheng2,chéng
19920,鯏,U+9BCF,li2,lí
19921,鯐,U+9BD0,zou3,zǒu
19922,鯑,U+9BD1,xi1,xī
19923,鯒,U+9BD2,yong3,yǒng
19924,鯓,U+9BD3,shen1,shēn
19925,鯔,U+9BD4,zi1,zī
19926,鯕,U+9BD5,qi2,qí
19927,鯖,U+9BD6,zheng1|qing1,zhēng|qīng
19928,鯗,U+9BD7,xiang3,xiǎng
19929,鯘,U+9BD8,nei3,něi
19930,鯙,U+9BD9,chun2,chún
19931,鯚,U+9BDA,ji4,jì
19932,鯛,U+9BDB,diao1,diāo
19933,鯜,U+9BDC,qie4,qiè
19934,鯝,U+9BDD,gu4,gù
19935,鯞,U+9BDE,zhou3,zhǒu
19936,鯟,U+9BDF,dong1,dōng
19937,鯠,U+9BE0,lai2,lái
19938,鯡,U+9BE1,fei4|fei1,fèi|fēi
19939,鯢,U+9BE2,ni2,ní
19940,鯣,U+9BE3,yi4,yì
19941,鯤,U+9BE4,kun1,kūn
19942,鯥,U+9BE5,lu4,lù
19943,鯦,U+9BE6,jiu4|ai3,jiù|ǎi
19944,鯧,U+9BE7,chang1,chāng
19945,鯨,U+9BE8,jing1|qing2,jīng|qíng
19946,鯩,U+9BE9,lun2,lún
19947,鯪,U+9BEA,ling2,líng
19948,鯫,U+9BEB,zou1,zōu
19949,鯬,U+9BEC,li2,lí
19950,鯭,U+9BED,meng3,měng
19951,鯮,U+9BEE,zong1,zōng
19952,鯯,U+9BEF,zhi4,zhì
19953,鯰,U+9BF0,nian2,nián
19954,鯱,U+9BF1,hu3,hǔ
19955,鯲,U+9BF2,yu2,yú
19956,鯳,U+9BF3,di3,dǐ
19957,鯴,U+9BF4,shi1,shī
19958,鯵,U+9BF5,shen1,shēn
19959,鯶,U+9BF6,huan4,huàn
19960,鯷,U+9BF7,ti2,tí
19961,鯸,U+9BF8,hou2,hóu
19962,鯹,U+9BF9,xing1,xīng
19963,鯺,U+9BFA,zhu1,zhū
19964,鯻,U+9BFB,la4,là
19965,鯼,U+9BFC,zong1,zōng
19966,鯽,U+9BFD,zei2|ji4,zéi|jì
19967,鯾,U+9BFE,bian1,biān
19968,鯿,U+9BFF,bian1,biān
19969,鰀,U+9C00,huan4,huàn
19970,鰁,U+9C01,quan2,quán
19971,鰂,U+9C02,zei2|ze2,zéi|zé
19972,鰃,U+9C03,wei1,wēi
19973,鰄,U+9C04,wei1,wēi
19974,鰅,U+9C05,yu2,yú
19975,鰆,U+9C06,chun1,chūn
19976,鰇,U+9C07,rou2,róu
19977,鰈,U+9C08,die2|qie4|zha2,dié|qiè|zhá
19978,鰉,U+9C09,huang2,huáng
19979,鰊,U+9C0A,lian4,liàn
19980,鰋,U+9C0B,yan3,yǎn
19981,鰌,U+9C0C,qiu1,qiū
19982,鰍,U+9C0D,qiu1,qiū
19983,鰎,U+9C0E,jian3,jiǎn
19984,鰏,U+9C0F,bi1,bī
19985,鰐,U+9C10,e4,è
19986,鰑,U+9C11,yang2,yáng
19987,鰒,U+9C12,fu4,fù
19988,鰓,U+9C13,sai1|xi2,sāi|xí
19989,鰔,U+9C14,gan3|jian1|xian2,gǎn|jiān|xián
19990,鰕,U+9C15,xia1,xiā
19991,鰖,U+9C16,tuo3|wei3,tuǒ|wěi
19992,鰗,U+9C17,hu2,hú
19993,鰘,U+9C18,shi4,shì
19994,鰙,U+9C19,ruo4,ruò
19995,鰚,U+9C1A,xuan1,xuān
19996,鰛,U+9C1B,wen1,wēn
19997,鰜,U+9C1C,qian4|jian1,qiàn|jiān
19998,鰝,U+9C1D,hao4,hào
19999,鰞,U+9C1E,wu1,wū
20000,鰟,U+9C1F,fang2|pang2,fáng|páng
20001,鰠,U+9C20,sao1,sāo
20002,鰡,U+9C21,liu2,liú
20003,鰢,U+9C22,ma3,mǎ
20004,鰣,U+9C23,shi2,shí
20005,鰤,U+9C24,shi1,shī
20006,鰥,U+9C25,guan1|guan4|kun1|gun3,guān|guàn|kūn|gǔn
20007,鰦,U+9C26,zi1,zī
20008,鰧,U+9C27,teng2,téng
20009,鰨,U+9C28,ta3|die2,tǎ|dié
20010,鰩,U+9C29,yao2,yáo
20011,鰪,U+9C2A,e2|ge2,é|gé
20012,鰫,U+9C2B,yong2,yóng
20013,鰬,U+9C2C,qian2,qián
20014,鰭,U+9C2D,qi2,qí
20015,鰮,U+9C2E,wen1,wēn
20016,鰯,U+9C2F,ruo4,ruò
20017,鰰,U+9C30,shen2,shén
20018,鰱,U+9C31,lian2,lián
20019,鰲,U+9C32,ao2,áo
20020,鰳,U+9C33,le4,lè
20021,鰴,U+9C34,hui1,huī
20022,鰵,U+9C35,min3,mǐn
20023,鰶,U+9C36,ji4,jì
20024,鰷,U+9C37,tiao2,tiáo
20025,鰸,U+9C38,qu1,qū
20026,鰹,U+9C39,jian1,jiān
20027,鰺,U+9C3A,shen1|sao1|can1,shēn|sāo|cān
20028,鰻,U+9C3B,man2,mán
20029,鰼,U+9C3C,xi2,xí
20030,鰽,U+9C3D,qiu2,qiú
20031,鰾,U+9C3E,biao4,biào
20032,鰿,U+9C3F,ji4,jì
20033,鱀,U+9C40,ji4,jì
20034,鱁,U+9C41,zhu2,zhú
20035,鱂,U+9C42,jiang1,jiāng
20036,鱃,U+9C43,xiu1|qiu1,xiū|qiū
20037,鱄,U+9C44,zhuan1|tuan2|lian4,zhuān|tuán|liàn
20038,鱅,U+9C45,yong1|yong2,yōng|yóng
20039,鱆,U+9C46,zhang1,zhāng
20040,鱇,U+9C47,kang1,kāng
20041,鱈,U+9C48,xue3,xuě
20042,鱉,U+9C49,bie1,biē
20043,鱊,U+9C4A,yu4,yù
20044,鱋,U+9C4B,qu1,qū
20045,鱌,U+9C4C,xiang4,xiàng
20046,鱍,U+9C4D,bo1,bō
20047,鱎,U+9C4E,jiao3,jiǎo
20048,鱏,U+9C4F,xun2,xún
20049,鱐,U+9C50,su4,sù
20050,鱑,U+9C51,huang2,huáng
20051,鱒,U+9C52,zun1|zun4,zūn|zùn
20052,鱓,U+9C53,shan4|tuo2,shàn|tuó
20053,鱔,U+9C54,shan4,shàn
20054,鱕,U+9C55,fan1,fān
20055,鱖,U+9C56,gui4|jue2,guì|jué
20056,鱗,U+9C57,lin2,lín
20057,鱘,U+9C58,xun2,xún
20058,鱙,U+9C59,miao2,miáo
20059,鱚,U+9C5A,xi3|xi1,xǐ|xī
20060,鱛,U+9C5B,zeng1,zēng
20061,鱜,U+9C5C,xiang1,xiāng
20062,鱝,U+9C5D,fen4,fèn
20063,鱞,U+9C5E,guan1,guān
20064,鱟,U+9C5F,hou4,hòu
20065,鱠,U+9C60,kuai4,kuài
20066,鱡,U+9C61,zei2,zéi
20067,鱢,U+9C62,sao1,sāo
20068,鱣,U+9C63,zhan1|shan4,zhān|shàn
20069,鱤,U+9C64,gan3,gǎn
20070,鱥,U+9C65,gui4,guì
20071,鱦,U+9C66,ying4|sheng2|meng3,yìng|shéng|měng
20072,鱧,U+9C67,li3,lǐ
20073,鱨,U+9C68,chang2,cháng
20074,鱩,U+9C69,lei2,léi
20075,鱪,U+9C6A,shu3,shǔ
20076,鱫,U+9C6B,ai4,ài
20077,鱬,U+9C6C,ru2,rú
20078,鱭,U+9C6D,ji4,jì
20079,鱮,U+9C6E,xu4|yu2,xù|yú
20080,鱯,U+9C6F,hu4,hù
20081,鱰,U+9C70,shu3,shǔ
20082,鱱,U+9C71,li4,lì
20083,鱲,U+9C72,lie4|la4,liè|là
20084,鱳,U+9C73,li4|lu4|luo4,lì|lù|luò
20085,鱴,U+9C74,mie4,miè
20086,鱵,U+9C75,zhen1,zhēn
20087,鱶,U+9C76,xiang3,xiǎng
20088,鱷,U+9C77,e4,è
20089,鱸,U+9C78,lu2,lú
20090,鱹,U+9C79,guan4,guàn
20091,鱺,U+9C7A,li2|li3,lí|lǐ
20092,鱻,U+9C7B,xian1|xian3,xiān|xiǎn
20093,鱼,U+9C7C,yu2,yú
20094,鱽,U+9C7D,dao1,dāo
20095,鱾,U+9C7E,ji3,jǐ
20096,鱿,U+9C7F,you2,yóu
20097,鲀,U+9C80,tun2,tún
20098,鲁,U+9C81,lu3,lǔ
20099,鲂,U+9C82,fang2,fáng
20100,鲃,U+9C83,ba1,bā
20101,鲄,U+9C84,he2,hé
20102,鲅,U+9C85,ba4|bo1,bà|bō
20103,鲆,U+9C86,ping2,píng
20104,鲇,U+9C87,nian2,nián
20105,鲈,U+9C88,lu2,lú
20106,鲉,U+9C89,you2,yóu
20107,鲊,U+9C8A,zha3,zhǎ
20108,鲋,U+9C8B,fu4,fù
20109,鲌,U+9C8C,ba4|bo2,bà|bó
20110,鲍,U+9C8D,bao4,bào
20111,鲎,U+9C8E,hou4,hòu
20112,鲏,U+9C8F,pi2,pí
20113,鲐,U+9C90,tai2,tái
20114,鲑,U+9C91,gui1|xie2,guī|xié
20115,鲒,U+9C92,jie2,jié
20116,鲓,U+9C93,kao4,kào
20117,鲔,U+9C94,wei3,wěi
20118,鲕,U+9C95,er2,ér
20119,鲖,U+9C96,tong2,tóng
20120,鲗,U+9C97,zei2,zéi
20121,鲘,U+9C98,hou4,hòu
20122,鲙,U+9C99,kuai4,kuài
20123,鲚,U+9C9A,ji4,jì
20124,鲛,U+9C9B,jiao1,jiāo
20125,鲜,U+9C9C,xian1|xian3,xiān|xiǎn
20126,鲝,U+9C9D,zha3,zhǎ
20127,鲞,U+9C9E,xiang3,xiǎng
20128,鲟,U+9C9F,xun2,xún
20129,鲠,U+9CA0,geng3,gěng
20130,鲡,U+9CA1,li2,lí
20131,鲢,U+9CA2,lian2,lián
20132,鲣,U+9CA3,jian1,jiān
20133,鲤,U+9CA4,li3,lǐ
20134,鲥,U+9CA5,shi2,shí
20135,鲦,U+9CA6,tiao2,tiáo
20136,鲧,U+9CA7,gun3,gǔn
20137,鲨,U+9CA8,sha1,shā
20138,鲩,U+9CA9,huan4,huàn
20139,鲪,U+9CAA,jun1,jūn
20140,鲫,U+9CAB,ji4,jì
20141,鲬,U+9CAC,yong3,yǒng
20142,鲭,U+9CAD,qing1|zheng1,qīng|zhēng
20143,鲮,U+9CAE,ling2,líng
20144,鲯,U+9CAF,qi2,qí
20145,鲰,U+9CB0,zou1,zōu
20146,鲱,U+9CB1,fei1,fēi
20147,鲲,U+9CB2,kun1,kūn
20148,鲳,U+9CB3,chang1,chāng
20149,鲴,U+9CB4,gu4,gù
20150,鲵,U+9CB5,ni2,ní
20151,鲶,U+9CB6,nian2,nián
20152,鲷,U+9CB7,diao1,diāo
20153,鲸,U+9CB8,jing1,jīng
20154,鲹,U+9CB9,shen1,shēn
20155,鲺,U+9CBA,shi1,shī
20156,鲻,U+9CBB,zi1,zī
20157,鲼,U+9CBC,fen4,fèn
20158,鲽,U+9CBD,die2,dié
20159,鲾,U+9CBE,bi1,bī
20160,鲿,U+9CBF,chang2,cháng
20161,鳀,U+9CC0,ti2,tí
20162,鳁,U+9CC1,wen1,wēn
20163,鳂,U+9CC2,wei1,wēi
20164,鳃,U+9CC3,sai1,sāi
20165,鳄,U+9CC4,e4,è
20166,鳅,U+9CC5,qiu1,qiū
20167,鳆,U+9CC6,fu4,fù
20168,鳇,U+9CC7,huang2,huáng
20169,鳈,U+9CC8,quan2,quán
20170,鳉,U+9CC9,jiang1,jiāng
20171,鳊,U+9CCA,bian1,biān
20172,鳋,U+9CCB,sao1,sāo
20173,鳌,U+9CCC,ao2,áo
20174,鳍,U+9CCD,qi2,qí
20175,鳎,U+9CCE,ta3,tǎ
20176,鳏,U+9CCF,guan1,guān
20177,鳐,U+9CD0,yao2,yáo
20178,鳑,U+9CD1,pang2,páng
20179,鳒,U+9CD2,jian1,jiān
20180,鳓,U+9CD3,le4,lè
20181,鳔,U+9CD4,biao4,biào
20182,鳕,U+9CD5,xue3,xuě
20183,鳖,U+9CD6,bie1,biē
20184,鳗,U+9CD7,man2,mán
20185,鳘,U+9CD8,min3,mǐn
20186,鳙,U+9CD9,yong1,yōng
20187,鳚,U+9CDA,wei4,wèi
20188,鳛,U+9CDB,xi2,xí
20189,鳜,U+9CDC,gui4,guì
20190,鳝,U+9CDD,shan4,shàn
20191,鳞,U+9CDE,lin2,lín
20192,鳟,U+9CDF,zun1,zūn
20193,鳠,U+9CE0,hu4,hù
20194,鳡,U+9CE1,gan3,gǎn
20195,鳢,U+9CE2,li3,lǐ
20196,鳣,U+9CE3,zhan1,zhān
20197,鳤,U+9CE4,guan3,guǎn
20198,鳥,U+9CE5,niao3|diao3|dao3|que4,niǎo|diǎo|dǎo|què
20199,鳦,U+9CE6,yi3,yǐ
20200,鳧,U+9CE7,fu2,fú
20201,鳨,U+9CE8,li4,lì
20202,鳩,U+9CE9,jiu1|qiu2|zhi4,jiū|qiú|zhì
20203,鳪,U+9CEA,bu2,bú
20204,鳫,U+9CEB,yan4,yàn
20205,鳬,U+9CEC,fu3,fǔ
20206,鳭,U+9CED,diao1|zhao1,diāo|zhāo
20207,鳮,U+9CEE,ji1,jī
20208,鳯,U+9CEF,feng4,fèng
20209,鳰,U+9CF0,ru4,rù
20210,鳱,U+9CF1,gan1|han4|yan4,gān|hàn|yàn
20211,鳲,U+9CF2,shi1,shī
20212,鳳,U+9CF3,feng4,fèng
20213,鳴,U+9CF4,ming2,míng
20214,鳵,U+9CF5,bao3,bǎo
20215,鳶,U+9CF6,yuan1,yuān
20216,鳷,U+9CF7,zhi1|chi4,zhī|chì
20217,鳸,U+9CF8,hu4,hù
20218,鳹,U+9CF9,qin2,qín
20219,鳺,U+9CFA,fu1|gui1,fū|guī
20220,鳻,U+9CFB,ban1|fen2,bān|fén
20221,鳼,U+9CFC,wen2,wén
20222,鳽,U+9CFD,jian1|qian1|zhan1,jiān|qiān|zhān
20223,鳾,U+9CFE,shi1,shī
20224,鳿,U+9CFF,yu4,yù
20225,鴀,U+9D00,fou3,fǒu
20226,鴁,U+9D01,yao1|ao3,yāo|ǎo
20227,鴂,U+9D02,jue2|gui1,jué|guī
20228,鴃,U+9D03,jue2,jué
20229,鴄,U+9D04,pi3,pǐ
20230,鴅,U+9D05,huan1,huān
20231,鴆,U+9D06,zhen4,zhèn
20232,鴇,U+9D07,bao3,bǎo
20233,鴈,U+9D08,yan4,yàn
20234,鴉,U+9D09,ya1|ya3,yā|yǎ
20235,鴊,U+9D0A,zheng4,zhèng
20236,鴋,U+9D0B,fang1|fang3,fāng|fǎng
20237,鴌,U+9D0C,feng4,fèng
20238,鴍,U+9D0D,wen2,wén
20239,鴎,U+9D0E,ou1,ōu
20240,鴏,U+9D0F,dai4,dài
20241,鴐,U+9D10,ge1,gē
20242,鴑,U+9D11,ru2,rú
20243,鴒,U+9D12,ling2,líng
20244,鴓,U+9D13,mie4|bi4,miè|bì
20245,鴔,U+9D14,fu2,fú
20246,鴕,U+9D15,tuo2,tuó
20247,鴖,U+9D16,min2|wen2,mín|wén
20248,鴗,U+9D17,li4,lì
20249,鴘,U+9D18,bian3,biǎn
20250,鴙,U+9D19,zhi4,zhì
20251,鴚,U+9D1A,ge1,gē
20252,鴛,U+9D1B,yuan1,yuān
20253,鴜,U+9D1C,ci2,cí
20254,鴝,U+9D1D,qu2|gou1|gou4,qú|gōu|gòu
20255,鴞,U+9D1E,xiao1,xiāo
20256,鴟,U+9D1F,chi1,chī
20257,鴠,U+9D20,dan4,dàn
20258,鴡,U+9D21,ju1,jū
20259,鴢,U+9D22,yao3|ao1,yǎo|āo
20260,鴣,U+9D23,gu1,gū
20261,鴤,U+9D24,zhong1,zhōng
20262,鴥,U+9D25,yu4,yù
20263,鴦,U+9D26,yang1,yāng
20264,鴧,U+9D27,yu4,yù
20265,鴨,U+9D28,ya1,yā
20266,鴩,U+9D29,tie3|hu2,tiě|hú
20267,鴪,U+9D2A,yu4,yù
20268,鴫,U+9D2B,tian2,tián
20269,鴬,U+9D2C,ying1,yīng
20270,鴭,U+9D2D,dui1,duī
20271,鴮,U+9D2E,wu1,wū
20272,鴯,U+9D2F,er2,ér
20273,鴰,U+9D30,gua1,guā
20274,鴱,U+9D31,ai4,ài
20275,鴲,U+9D32,zhi1,zhī
20276,鴳,U+9D33,yan4|an1|e4,yàn|ān|è
20277,鴴,U+9D34,heng2,héng
20278,鴵,U+9D35,xiao1,xiāo
20279,鴶,U+9D36,jia2,jiá
20280,鴷,U+9D37,lie4,liè
20281,鴸,U+9D38,zhu1,zhū
20282,鴹,U+9D39,yang2|xiang2,yáng|xiáng
20283,鴺,U+9D3A,ti2|yi2,tí|yí
20284,鴻,U+9D3B,hong2|hong4,hóng|hòng
20285,鴼,U+9D3C,luo4,luò
20286,鴽,U+9D3D,ru2,rú
20287,鴾,U+9D3E,mou2,móu
20288,鴿,U+9D3F,ge1,gē
20289,鵀,U+9D40,ren2,rén
20290,鵁,U+9D41,jiao1|xiao1,jiāo|xiāo
20291,鵂,U+9D42,xiu1,xiū
20292,鵃,U+9D43,zhou1|diao3,zhōu|diǎo
20293,鵄,U+9D44,chi1,chī
20294,鵅,U+9D45,luo4|ge2,luò|gé
20295,鵆,U+9D46,heng2,héng
20296,鵇,U+9D47,nian2,nián
20297,鵈,U+9D48,e3,ě
20298,鵉,U+9D49,luan2,luán
20299,鵊,U+9D4A,jia2,jiá
20300,鵋,U+9D4B,ji4,jì
20301,鵌,U+9D4C,tu2,tú
20302,鵍,U+9D4D,huan1|juan1|guan4,huān|juān|guàn
20303,鵎,U+9D4E,tuo3,tuǒ
20304,鵏,U+9D4F,bu3|bu1|pu1|pu2,bǔ|bū|pū|pú
20305,鵐,U+9D50,wu2,wú
20306,鵑,U+9D51,juan1,juān
20307,鵒,U+9D52,yu4,yù
20308,鵓,U+9D53,bo2,bó
20309,鵔,U+9D54,jun4,jùn
20310,鵕,U+9D55,jun4,jùn
20311,鵖,U+9D56,bi1,bī
20312,鵗,U+9D57,xi1,xī
20313,鵘,U+9D58,jun4,jùn
20314,鵙,U+9D59,ju2,jú
20315,鵚,U+9D5A,tu1,tū
20316,鵛,U+9D5B,jing1,jīng
20317,鵜,U+9D5C,ti2|ti1,tí|tī
20318,鵝,U+9D5D,e2,é
20319,鵞,U+9D5E,e2,é
20320,鵟,U+9D5F,kuang2,kuáng
20321,鵠,U+9D60,hu2|gu3|he4,hú|gǔ|hè
20322,鵡,U+9D61,wu3,wǔ
20323,鵢,U+9D62,shen1,shēn
20324,鵣,U+9D63,lai4|chi4,lài|chì
20325,鵤,U+9D64,jiao,jiao
20326,鵥,U+9D65,pan4,pàn
20327,鵦,U+9D66,lu4,lù
20328,鵧,U+9D67,pi2,pí
20329,鵨,U+9D68,shu1,shū
20330,鵩,U+9D69,fu2,fú
20331,鵪,U+9D6A,an1|ya1,ān|yā
20332,鵫,U+9D6B,zhuo2,zhuó
20333,鵬,U+9D6C,peng2|feng4,péng|fèng
20334,鵭,U+9D6D,qin2,qín
20335,鵮,U+9D6E,qian1,qiān
20336,鵯,U+9D6F,bei1,bēi
20337,鵰,U+9D70,diao1,diāo
20338,鵱,U+9D71,lu4,lù
20339,鵲,U+9D72,que4,què
20340,鵳,U+9D73,jian1,jiān
20341,鵴,U+9D74,ju2,jú
20342,鵵,U+9D75,tu4,tù
20343,鵶,U+9D76,ya1,yā
20344,鵷,U+9D77,yuan1,yuān
20345,鵸,U+9D78,qi2,qí
20346,鵹,U+9D79,li2,lí
20347,鵺,U+9D7A,ye4,yè
20348,鵻,U+9D7B,zhui1,zhuī
20349,鵼,U+9D7C,kong1,kōng
20350,鵽,U+9D7D,duo4,duò
20351,鵾,U+9D7E,kun1,kūn
20352,鵿,U+9D7F,sheng1,shēng
20353,鶀,U+9D80,qi2,qí
20354,鶁,U+9D81,jing1,jīng
20355,鶂,U+9D82,yi4,yì
20356,鶃,U+9D83,yi4,yì
20357,鶄,U+9D84,jing1|qing1,jīng|qīng
20358,鶅,U+9D85,zi1,zī
20359,鶆,U+9D86,lai2,lái
20360,鶇,U+9D87,dong1,dōng
20361,鶈,U+9D88,qi1,qī
20362,鶉,U+9D89,chun2|tuan2,chún|tuán
20363,鶊,U+9D8A,geng1,gēng
20364,鶋,U+9D8B,ju1,jū
20365,鶌,U+9D8C,jue2|qu1,jué|qū
20366,鶍,U+9D8D,yi4,yì
20367,鶎,U+9D8E,zun1,zūn
20368,鶏,U+9D8F,ji1,jī
20369,鶐,U+9D90,shu4,shù
20370,鶑,U+9D91,ying1,yīng
20371,鶒,U+9D92,chi4,chì
20372,鶓,U+9D93,miao2,miáo
20373,鶔,U+9D94,rou2,róu
20374,鶕,U+9D95,an1,ān
20375,鶖,U+9D96,qiu1,qiū
20376,鶗,U+9D97,ti2|chi2,tí|chí
20377,鶘,U+9D98,hu2,hú
20378,鶙,U+9D99,ti2,tí
20379,鶚,U+9D9A,e4,è
20380,鶛,U+9D9B,jie1|jie4,jiē|jiè
20381,鶜,U+9D9C,mao2,máo
20382,鶝,U+9D9D,fu2|bi4,fú|bì
20383,鶞,U+9D9E,chun1,chūn
20384,鶟,U+9D9F,tu2,tú
20385,鶠,U+9DA0,yan3,yǎn
20386,鶡,U+9DA1,he2|he4,hé|hè
20387,鶢,U+9DA2,yuan2,yuán
20388,鶣,U+9DA3,pian1|bian3,piān|biǎn
20389,鶤,U+9DA4,kun1,kūn
20390,鶥,U+9DA5,mei2,méi
20391,鶦,U+9DA6,hu2,hú
20392,鶧,U+9DA7,ying1,yīng
20393,鶨,U+9DA8,chuan4|zhi4,chuàn|zhì
20394,鶩,U+9DA9,wu4|mu4,wù|mù
20395,鶪,U+9DAA,ju2,jú
20396,鶫,U+9DAB,dong1,dōng
20397,鶬,U+9DAC,cang1|qiang1,cāng|qiāng
20398,鶭,U+9DAD,fang3,fǎng
20399,鶮,U+9DAE,he4|hu2,hè|hú
20400,鶯,U+9DAF,ying1,yīng
20401,鶰,U+9DB0,yuan2,yuán
20402,鶱,U+9DB1,xian1,xiān
20403,鶲,U+9DB2,weng1,wēng
20404,鶳,U+9DB3,shi1,shī
20405,鶴,U+9DB4,he4,hè
20406,鶵,U+9DB5,chu2,chú
20407,鶶,U+9DB6,tang2,táng
20408,鶷,U+9DB7,xia2,xiá
20409,鶸,U+9DB8,ruo4,ruò
20410,鶹,U+9DB9,liu2,liú
20411,鶺,U+9DBA,ji2,jí
20412,鶻,U+9DBB,gu2|hu2,gú|hú
20413,鶼,U+9DBC,jian1|qian1,jiān|qiān
20414,鶽,U+9DBD,sun3|xun4,sǔn|xùn
20415,鶾,U+9DBE,han4,hàn
20416,鶿,U+9DBF,ci2,cí
20417,鷀,U+9DC0,ci2,cí
20418,鷁,U+9DC1,yi4,yì
20419,鷂,U+9DC2,yao4|yao2,yào|yáo
20420,鷃,U+9DC3,yan4,yàn
20421,鷄,U+9DC4,ji1,jī
20422,鷅,U+9DC5,li4,lì
20423,鷆,U+9DC6,tian2,tián
20424,鷇,U+9DC7,kou4,kòu
20425,鷈,U+9DC8,ti1,tī
20426,鷉,U+9DC9,ti1|si1,tī|sī
20427,鷊,U+9DCA,yi4,yì
20428,鷋,U+9DCB,tu2,tú
20429,鷌,U+9DCC,ma3,mǎ
20430,鷍,U+9DCD,xiao1,xiāo
20431,鷎,U+9DCE,gao1,gāo
20432,鷏,U+9DCF,tian2,tián
20433,鷐,U+9DD0,chen2,chén
20434,鷑,U+9DD1,ji2,jí
20435,鷒,U+9DD2,tuan2,tuán
20436,鷓,U+9DD3,zhe4,zhè
20437,鷔,U+9DD4,ao2|ao4,áo|ào
20438,鷕,U+9DD5,yao3|xiao4,yǎo|xiào
20439,鷖,U+9DD6,yi1|yi4,yī|yì
20440,鷗,U+9DD7,ou1,ōu
20441,鷘,U+9DD8,chi4,chì
20442,鷙,U+9DD9,zhi4|zhe2,zhì|zhé
20443,鷚,U+9DDA,liu4,liù
20444,鷛,U+9DDB,yong1,yōng
20445,鷜,U+9DDC,lv2|lv3,lǘ|lǚ
20446,鷝,U+9DDD,bi4,bì
20447,鷞,U+9DDE,shuang1|shuang3,shuāng|shuǎng
20448,鷟,U+9DDF,zhuo2,zhuó
20449,鷠,U+9DE0,yu2,yú
20450,鷡,U+9DE1,wu2,wú
20451,鷢,U+9DE2,jue2,jué
20452,鷣,U+9DE3,yin2,yín
20453,鷤,U+9DE4,ti2|tan2,tí|tán
20454,鷥,U+9DE5,si1,sī
20455,鷦,U+9DE6,jiao1,jiāo
20456,鷧,U+9DE7,yi4,yì
20457,鷨,U+9DE8,hua2,huá
20458,鷩,U+9DE9,bi4,bì
20459,鷪,U+9DEA,ying1,yīng
20460,鷫,U+9DEB,su4,sù
20461,鷬,U+9DEC,huang2,huáng
20462,鷭,U+9DED,fan2,fán
20463,鷮,U+9DEE,jiao1,jiāo
20464,鷯,U+9DEF,liao2,liáo
20465,鷰,U+9DF0,yan4,yàn
20466,鷱,U+9DF1,gao1,gāo
20467,鷲,U+9DF2,jiu4,jiù
20468,鷳,U+9DF3,xian2,xián
20469,鷴,U+9DF4,xian2,xián
20470,鷵,U+9DF5,tu2,tú
20471,鷶,U+9DF6,mai3,mǎi
20472,鷷,U+9DF7,zun1,zūn
20473,鷸,U+9DF8,yu4|shu4,yù|shù
20474,鷹,U+9DF9,ying1,yīng
20475,鷺,U+9DFA,lu4,lù
20476,鷻,U+9DFB,tuan2,tuán
20477,鷼,U+9DFC,xian2,xián
20478,鷽,U+9DFD,xue2,xué
20479,鷾,U+9DFE,yi4,yì
20480,鷿,U+9DFF,pi4,pì
20481,鸀,U+9E00,chu3|zhu2|chu4,chǔ|zhú|chù
20482,鸁,U+9E01,luo2,luó
20483,鸂,U+9E02,xi1|qi1,xī|qī
20484,鸃,U+9E03,yi2,yí
20485,鸄,U+9E04,ji1,jī
20486,鸅,U+9E05,ze2,zé
20487,鸆,U+9E06,yu2,yú
20488,鸇,U+9E07,zhan1,zhān
20489,鸈,U+9E08,ye4,yè
20490,鸉,U+9E09,yang2,yáng
20491,鸊,U+9E0A,pi4|bi4,pì|bì
20492,鸋,U+9E0B,ning2,níng
20493,鸌,U+9E0C,hu4,hù
20494,鸍,U+9E0D,mi2,mí
20495,鸎,U+9E0E,ying1,yīng
20496,鸏,U+9E0F,meng2|mang2,méng|máng
20497,鸐,U+9E10,di2,dí
20498,鸑,U+9E11,yue4,yuè
20499,鸒,U+9E12,yu4,yù
20500,鸓,U+9E13,lei3,lěi
20501,鸔,U+9E14,bu3,bǔ
20502,鸕,U+9E15,lu2,lú
20503,鸖,U+9E16,he4,hè
20504,鸗,U+9E17,long2,lóng
20505,鸘,U+9E18,shuang1,shuāng
20506,鸙,U+9E19,yue4,yuè
20507,鸚,U+9E1A,ying1,yīng
20508,鸛,U+9E1B,guan4|huan1|quan2,guàn|huān|quán
20509,鸜,U+9E1C,qu2,qú
20510,鸝,U+9E1D,li2,lí
20511,鸞,U+9E1E,luan2,luán
20512,鸟,U+9E1F,niao3|diao3,niǎo|diǎo
20513,鸠,U+9E20,jiu1,jiū
20514,鸡,U+9E21,ji1,jī
20515,鸢,U+9E22,yuan1,yuān
20516,鸣,U+9E23,ming2,míng
20517,鸤,U+9E24,shi1,shī
20518,鸥,U+9E25,ou1,ōu
20519,鸦,U+9E26,ya1,yā
20520,鸧,U+9E27,cang1,cāng
20521,鸨,U+9E28,bao3,bǎo
20522,鸩,U+9E29,zhen4,zhèn
20523,鸪,U+9E2A,gu1,gū
20524,鸫,U+9E2B,dong1,dōng
20525,鸬,U+9E2C,lu2,lú
20526,鸭,U+9E2D,ya1,yā
20527,鸮,U+9E2E,xiao1,xiāo
20528,鸯,U+9E2F,yang1,yāng
20529,鸰,U+9E30,ling2,líng
20530,鸱,U+9E31,chi1,chī
20531,鸲,U+9E32,qu2,qú
20532,鸳,U+9E33,yuan1,yuān
20533,鸴,U+9E34,xue2,xué
20534,鸵,U+9E35,tuo2,tuó
20535,鸶,U+9E36,si1,sī
20536,鸷,U+9E37,zhi4,zhì
20537,鸸,U+9E38,er2,ér
20538,鸹,U+9E39,gua1,guā
20539,鸺,U+9E3A,xiu1,xiū
20540,鸻,U+9E3B,heng2,héng
20541,鸼,U+9E3C,zhou1,zhōu
20542,鸽,U+9E3D,ge1,gē
20543,鸾,U+9E3E,luan2,luán
20544,鸿,U+9E3F,hong2,hóng
20545,鹀,U+9E40,wu2,wú
20546,鹁,U+9E41,bo2,bó
20547,鹂,U+9E42,li2,lí
20548,鹃,U+9E43,juan1,juān
20549,鹄,U+9E44,gu3|hu2,gǔ|hú
20550,鹅,U+9E45,e2,é
20551,鹆,U+9E46,yu4,yù
20552,鹇,U+9E47,xian2,xián
20553,鹈,U+9E48,ti2,tí
20554,鹉,U+9E49,wu3,wǔ
20555,鹊,U+9E4A,que4,què
20556,鹋,U+9E4B,miao2,miáo
20557,鹌,U+9E4C,an1,ān
20558,鹍,U+9E4D,kun1,kūn
20559,鹎,U+9E4E,bei1,bēi
20560,鹏,U+9E4F,peng2,péng
20561,鹐,U+9E50,qian1,qiān
20562,鹑,U+9E51,chun2,chún
20563,鹒,U+9E52,geng1,gēng
20564,鹓,U+9E53,yuan1,yuān
20565,鹔,U+9E54,su4,sù
20566,鹕,U+9E55,hu2,hú
20567,鹖,U+9E56,he2,hé
20568,鹗,U+9E57,e4,è
20569,鹘,U+9E58,gu3|hu2,gǔ|hú
20570,鹙,U+9E59,qiu1,qiū
20571,鹚,U+9E5A,ci2,cí
20572,鹛,U+9E5B,mei2,méi
20573,鹜,U+9E5C,wu4,wù
20574,鹝,U+9E5D,yi4,yì
20575,鹞,U+9E5E,yao4,yào
20576,鹟,U+9E5F,weng1,wēng
20577,鹠,U+9E60,liu2,liú
20578,鹡,U+9E61,ji2,jí
20579,鹢,U+9E62,yi4,yì
20580,鹣,U+9E63,jian1,jiān
20581,鹤,U+9E64,he4,hè
20582,鹥,U+9E65,yi1,yī
20583,鹦,U+9E66,ying1,yīng
20584,鹧,U+9E67,zhe4,zhè
20585,鹨,U+9E68,liu4,liù
20586,鹩,U+9E69,liao2,liáo
20587,鹪,U+9E6A,jiao1,jiāo
20588,鹫,U+9E6B,jiu4,jiù
20589,鹬,U+9E6C,yu4,yù
20590,鹭,U+9E6D,lu4,lù
20591,鹮,U+9E6E,huan2,huán
20592,鹯,U+9E6F,zhan1,zhān
20593,鹰,U+9E70,ying1,yīng
20594,鹱,U+9E71,hu4,hù
20595,鹲,U+9E72,meng2,méng
20596,鹳,U+9E73,guan4,guàn
20597,鹴,U+9E74,shuang1,shuāng
20598,鹵,U+9E75,lu3|lu2,lǔ|lú
20599,鹶,U+9E76,jin1,jīn
20600,鹷,U+9E77,ling2,líng
20601,鹸,U+9E78,jian3,jiǎn
20602,鹹,U+9E79,xian2|jian3,xián|jiǎn
20603,鹺,U+9E7A,cuo2,cuó
20604,鹻,U+9E7B,jian3,jiǎn
20605,鹼,U+9E7C,jian3,jiǎn
20606,鹽,U+9E7D,yan2|yan4,yán|yàn
20607,鹾,U+9E7E,cuo2,cuó
20608,鹿,U+9E7F,lu4|lv2,lù|lǘ
20609,麀,U+9E80,you1,yōu
20610,麁,U+9E81,cu1,cū
20611,麂,U+9E82,ji3,jǐ
20612,麃,U+9E83,pao2|biao1|piao3,páo|biāo|piǎo
20613,麄,U+9E84,cu1,cū
20614,麅,U+9E85,pao2,páo
20615,麆,U+9E86,zhu4|cu1,zhù|cū
20616,麇,U+9E87,jun1|qun2,jūn|qún
20617,麈,U+9E88,zhu3,zhǔ
20618,麉,U+9E89,jian1,jiān
20619,麊,U+9E8A,mi2,mí
20620,麋,U+9E8B,mi2,mí
20621,麌,U+9E8C,yu3,yǔ
20622,麍,U+9E8D,liu2,liú
20623,麎,U+9E8E,chen2,chén
20624,麏,U+9E8F,jun1,jūn
20625,麐,U+9E90,lin2,lín
20626,麑,U+9E91,ni2,ní
20627,麒,U+9E92,qi2,qí
20628,麓,U+9E93,lu4,lù
20629,麔,U+9E94,jiu4,jiù
20630,麕,U+9E95,jun1|qun2,jūn|qún
20631,麖,U+9E96,jing1,jīng
20632,麗,U+9E97,li4|li2|li3|si1,lì|lí|lǐ|sī
20633,麘,U+9E98,xiang1,xiāng
20634,麙,U+9E99,xian2|yan2,xián|yán
20635,麚,U+9E9A,jia1,jiā
20636,麛,U+9E9B,mi2,mí
20637,麜,U+9E9C,li4,lì
20638,麝,U+9E9D,she4,shè
20639,麞,U+9E9E,zhang1,zhāng
20640,麟,U+9E9F,lin2,lín
20641,麠,U+9EA0,jing1,jīng
20642,麡,U+9EA1,qi2,qí
20643,麢,U+9EA2,ling2,líng
20644,麣,U+9EA3,yan2,yán
20645,麤,U+9EA4,cu1,cū
20646,麥,U+9EA5,mai4,mài
20647,麦,U+9EA6,mai4,mài
20648,麧,U+9EA7,he2,hé
20649,麨,U+9EA8,chao3,chǎo
20650,麩,U+9EA9,fu1,fū
20651,麪,U+9EAA,mian4,miàn
20652,麫,U+9EAB,mian4,miàn
20653,麬,U+9EAC,fu1,fū
20654,麭,U+9EAD,pao4,pào
20655,麮,U+9EAE,qu4,qù
20656,麯,U+9EAF,qu1,qū
20657,麰,U+9EB0,mou2,móu
20658,麱,U+9EB1,fu1,fū
20659,麲,U+9EB2,xian4|yan4,xiàn|yàn
20660,麳,U+9EB3,lai2,lái
20661,麴,U+9EB4,qu1,qū
20662,麵,U+9EB5,mian4,miàn
20663,麶,U+9EB6,chi,chi
20664,麷,U+9EB7,feng1,fēng
20665,麸,U+9EB8,fu1,fū
20666,麹,U+9EB9,qu1,qū
20667,麺,U+9EBA,mian4,miàn
20668,麻,U+9EBB,ma2|ma1,má|mā
20669,麼,U+9EBC,me,me
20670,麽,U+9EBD,mo2|ma2|ma|me,mó|má|ma|me
20671,麾,U+9EBE,hui1,huī
20672,麿,U+9EBF,mi2,mí
20673,黀,U+9EC0,zou1,zōu
20674,黁,U+9EC1,nun2,nún
20675,黂,U+9EC2,fen2,fén
20676,黃,U+9EC3,huang2,huáng
20677,黄,U+9EC4,huang2,huáng
20678,黅,U+9EC5,jin1,jīn
20679,黆,U+9EC6,guang1,guāng
20680,黇,U+9EC7,tian1,tiān
20681,黈,U+9EC8,tou3,tǒu
20682,黉,U+9EC9,hong2,hóng
20683,黊,U+9ECA,hua4,huà
20684,黋,U+9ECB,kuang4,kuàng
20685,黌,U+9ECC,hong2,hóng
20686,黍,U+9ECD,shu3,shǔ
20687,黎,U+9ECE,li2,lí
20688,黏,U+9ECF,nian2,nián
20689,黐,U+9ED0,chi1|li2,chī|lí
20690,黑,U+9ED1,hei1,hēi
20691,黒,U+9ED2,hei1,hēi
20692,黓,U+9ED3,yi4,yì
20693,黔,U+9ED4,qian2,qián
20694,黕,U+9ED5,dan3,dǎn
20695,黖,U+9ED6,xi4,xì
20696,黗,U+9ED7,tun1,tūn
20697,默,U+9ED8,mo4,mò
20698,黙,U+9ED9,mo4,mò
20699,黚,U+9EDA,qian2|jian1,qián|jiān
20700,黛,U+9EDB,dai4,dài
20701,黜,U+9EDC,chu4,chù
20702,黝,U+9EDD,you3|yi1,yǒu|yī
20703,點,U+9EDE,dian3|zhan1|duo4,diǎn|zhān|duò
20704,黟,U+9EDF,yi1,yī
20705,黠,U+9EE0,xia2,xiá
20706,黡,U+9EE1,yan3,yǎn
20707,黢,U+9EE2,qu1,qū
20708,黣,U+9EE3,mei3,měi
20709,黤,U+9EE4,yan3,yǎn
20710,黥,U+9EE5,qing2,qíng
20711,黦,U+9EE6,yue4|ye4,yuè|yè
20712,黧,U+9EE7,li2|lai2,lí|lái
20713,黨,U+9EE8,dang3|tang3|cheng4,dǎng|tǎng|chèng
20714,黩,U+9EE9,du2,dú
20715,黪,U+9EEA,can3,cǎn
20716,黫,U+9EEB,yan1,yān
20717,黬,U+9EEC,yan2|yan3|jian1,yán|yǎn|jiān
20718,黭,U+9EED,yan3,yǎn
20719,黮,U+9EEE,dan3|tan4|zhen4|shen4,dǎn|tàn|zhèn|shèn
20720,黯,U+9EEF,an4|an1,àn|ān
20721,黰,U+9EF0,zhen3|yan1,zhěn|yān
20722,黱,U+9EF1,dai4|zhen4,dài|zhèn
20723,黲,U+9EF2,can3,cǎn
20724,黳,U+9EF3,yi1|wa1,yī|wā
20725,黴,U+9EF4,mei2|mei4,méi|mèi
20726,黵,U+9EF5,zhan3|dan3,zhǎn|dǎn
20727,黶,U+9EF6,yan3,yǎn
20728,黷,U+9EF7,du2,dú
20729,黸,U+9EF8,lu2,lú
20730,黹,U+9EF9,zhi3|xian4,zhǐ|xiàn
20731,黺,U+9EFA,fen3,fěn
20732,黻,U+9EFB,fu2,fú
20733,黼,U+9EFC,fu3,fǔ
20734,黽,U+9EFD,mian3|meng3|min3|meng2,miǎn|měng|mǐn|méng
20735,黾,U+9EFE,min3|mian3|meng3,mǐn|miǎn|měng
20736,黿,U+9EFF,yuan2,yuán
20737,鼀,U+9F00,cu4,cù
20738,鼁,U+9F01,qu4,qù
20739,鼂,U+9F02,chao2|zhao1,cháo|zhāo
20740,鼃,U+9F03,wa1,wā
20741,鼄,U+9F04,zhu1,zhū
20742,鼅,U+9F05,zhi1,zhī
20743,鼆,U+9F06,meng2|meng3,méng|měng
20744,鼇,U+9F07,ao2,áo
20745,鼈,U+9F08,bie1,biē
20746,鼉,U+9F09,tuo2,tuó
20747,鼊,U+9F0A,bi4,bì
20748,鼋,U+9F0B,yuan2,yuán
20749,鼌,U+9F0C,chao2,cháo
20750,鼍,U+9F0D,tuo2,tuó
20751,鼎,U+9F0E,ding3|zhen1,dǐng|zhēn
20752,鼏,U+9F0F,mi4,mì
20753,鼐,U+9F10,nai4,nài
20754,鼑,U+9F11,ding3,dǐng
20755,鼒,U+9F12,zi1,zī
20756,鼓,U+9F13,gu3,gǔ
20757,鼔,U+9F14,gu3,gǔ
20758,鼕,U+9F15,dong1|tong2,dōng|tóng
20759,鼖,U+9F16,fen2,fén
20760,鼗,U+9F17,tao2,táo
20761,鼘,U+9F18,yuan1,yuān
20762,鼙,U+9F19,pi2,pí
20763,鼚,U+9F1A,chang1,chāng
20764,鼛,U+9F1B,gao1,gāo
20765,鼜,U+9F1C,qi4|cao4,qì|cào
20766,鼝,U+9F1D,yuan1,yuān
20767,鼞,U+9F1E,tang1,tāng
20768,鼟,U+9F1F,teng1,tēng
20769,鼠,U+9F20,shu3,shǔ
20770,鼡,U+9F21,shu3,shǔ
20771,鼢,U+9F22,fen2,fén
20772,鼣,U+9F23,fei4,fèi
20773,鼤,U+9F24,wen2|wen4,wén|wèn
20774,鼥,U+9F25,ba2|fei4,bá|fèi
20775,鼦,U+9F26,diao1,diāo
20776,鼧,U+9F27,tuo2,tuó
20777,鼨,U+9F28,zhong1,zhōng
20778,鼩,U+9F29,qu2,qú
20779,鼪,U+9F2A,sheng1,shēng
20780,鼫,U+9F2B,shi2,shí
20781,鼬,U+9F2C,you4,yòu
20782,鼭,U+9F2D,shi2,shí
20783,鼮,U+9F2E,ting2,tíng
20784,鼯,U+9F2F,wu2,wú
20785,鼰,U+9F30,ju2,jú
20786,鼱,U+9F31,jing1,jīng
20787,鼲,U+9F32,hun2,hún
20788,鼳,U+9F33,ju2|xi2,jú|xí
20789,鼴,U+9F34,yan3,yǎn
20790,鼵,U+9F35,tu1,tū
20791,鼶,U+9F36,si1,sī
20792,鼷,U+9F37,xi1,xī
20793,鼸,U+9F38,xian4,xiàn
20794,鼹,U+9F39,yan3,yǎn
20795,鼺,U+9F3A,lei2,léi
20796,鼻,U+9F3B,bi2,bí
20797,鼼,U+9F3C,yao4,yào
20798,鼽,U+9F3D,qiu2,qiú
20799,鼾,U+9F3E,han1,hān
20800,鼿,U+9F3F,wu4|hui1,wù|huī
20801,齀,U+9F40,wu4,wù
20802,齁,U+9F41,hou1|ku4,hōu|kù
20803,齂,U+9F42,xie4,xiè
20804,齃,U+9F43,e4|he4,è|hè
20805,齄,U+9F44,zha1,zhā
20806,齅,U+9F45,xiu4,xiù
20807,齆,U+9F46,weng4,wèng
20808,齇,U+9F47,zha1,zhā
20809,齈,U+9F48,nong4,nòng
20810,齉,U+9F49,nang4,nàng
20811,齊,U+9F4A,qi2|ji1|ji4|zi1|zhai1|jian3,qí|jī|jì|zī|zhāi|jiǎn
20812,齋,U+9F4B,zhai1,zhāi
20813,齌,U+9F4C,ji4,jì
20814,齍,U+9F4D,zi1|ji4,zī|jì
20815,齎,U+9F4E,ji1,jī
20816,齏,U+9F4F,ji1,jī
20817,齐,U+9F50,qi2|ji4,qí|jì
20818,齑,U+9F51,ji1,jī
20819,齒,U+9F52,chi3,chǐ
20820,齓,U+9F53,chen4,chèn
20821,齔,U+9F54,chen4,chèn
20822,齕,U+9F55,he2,hé
20823,齖,U+9F56,ya2|ya4,yá|yà
20824,齗,U+9F57,yin2|yin3|yan3,yín|yǐn|yǎn
20825,齘,U+9F58,xie4,xiè
20826,齙,U+9F59,bao1,bāo
20827,齚,U+9F5A,ze2,zé
20828,齛,U+9F5B,xie4|shi4,xiè|shì
20829,齜,U+9F5C,chai2|zi1,chái|zī
20830,齝,U+9F5D,chi1,chī
20831,齞,U+9F5E,yan3,yǎn
20832,齟,U+9F5F,ju3|zha1,jǔ|zhā
20833,齠,U+9F60,tiao2,tiáo
20834,齡,U+9F61,ling2,líng
20835,齢,U+9F62,ling2,líng
20836,齣,U+9F63,chu1|chi3,chū|chǐ
20837,齤,U+9F64,quan2,quán
20838,齥,U+9F65,xie4,xiè
20839,齦,U+9F66,ken3|qian3|yin2|kun3,kěn|qiǎn|yín|kǔn
20840,齧,U+9F67,nie4,niè
20841,齨,U+9F68,jiu4,jiù
20842,齩,U+9F69,yao3,yǎo
20843,齪,U+9F6A,chuo4,chuò
20844,齫,U+9F6B,yun3,yǔn
20845,齬,U+9F6C,yu3|wu2,yǔ|wú
20846,齭,U+9F6D,chu3,chǔ
20847,齮,U+9F6E,yi3|qi3,yǐ|qǐ
20848,齯,U+9F6F,ni2,ní
20849,齰,U+9F70,ze2|ce4|zha4,zé|cè|zhà
20850,齱,U+9F71,zou1|chuo4,zōu|chuò
20851,齲,U+9F72,qu3,qǔ
20852,齳,U+9F73,yun3,yǔn
20853,齴,U+9F74,yan3,yǎn
20854,齵,U+9F75,ou2|yu2,óu|yú
20855,齶,U+9F76,e4,è
20856,齷,U+9F77,wo4,wò
20857,齸,U+9F78,yi4,yì
20858,齹,U+9F79,ci1|cuo2,cī|cuó
20859,齺,U+9F7A,zou1,zōu
20860,齻,U+9F7B,dian1,diān
20861,齼,U+9F7C,chu3,chǔ
20862,齽,U+9F7D,jin4,jìn
20863,齾,U+9F7E,ya4|e4,yà|è
20864,齿,U+9F7F,chi3,chǐ
20865,龀,U+9F80,chen4,chèn
20866,龁,U+9F81,he2,hé
20867,龂,U+9F82,yin2,yín
20868,龃,U+9F83,ju3,jǔ
20869,龄,U+9F84,ling2,líng
20870,龅,U+9F85,bao1,bāo
20871,龆,U+9F86,tiao2,tiáo
20872,龇,U+9F87,zi1,zī
20873,龈,U+9F88,ken3|yin2,kěn|yín
20874,龉,U+9F89,yu3,yǔ
20875,龊,U+9F8A,chuo4,chuò
20876,龋,U+9F8B,qu3,qǔ
20877,龌,U+9F8C,wo4,wò
20878,龍,U+9F8D,long2|mang2,lóng|máng
20879,龎,U+9F8E,pang2,páng
20880,龏,U+9F8F,gong1|wo4,gōng|wò
20881,龐,U+9F90,pang2|long2,páng|lóng
20882,龑,U+9F91,yan3,yǎn
20883,龒,U+9F92,long2,lóng
20884,龓,U+9F93,long3|long2,lǒng|lóng
20885,龔,U+9F94,gong1,gōng
20886,龕,U+9F95,kan1|ke4,kān|kè
20887,龖,U+9F96,da2,dá
20888,龗,U+9F97,ling2,líng
20889,龘,U+9F98,da2,dá
20890,龙,U+9F99,long2,lóng
20891,龚,U+9F9A,gong1,gōng
20892,龛,U+9F9B,kan1,kān
20893,龜,U+9F9C,gui1|qiu1|jun1,guī|qiū|jūn
20894,龝,U+9F9D,qiu1,qiū
20895,龞,U+9F9E,bie1,biē
20896,龟,U+9F9F,gui1|jun1|qiu1,guī|jūn|qiū
20897,龠,U+9FA0,yue4,yuè
20898,龡,U+9FA1,chui1,chuī
20899,龢,U+9FA2,he2,hé
20900,龣,U+9FA3,jue2,jué
20901,龤,U+9FA4,xie2,xié
20902,龥,U+9FA5,yu4,yù
20903,龦,U+9FA6,龦,龦
20904,龧,U+9FA7,龧,龧
20905,龨,U+9FA8,龨,龨
20906,龩,U+9FA9,龩,龩
20907,龪,U+9FAA,zhan1,zhān
20908,龫,U+9FAB,龫,龫
20909,龬,U+9FAC,wang3,wǎng
20910,龭,U+9FAD,龭,龭
20911,龮,U+9FAE,龮,龮
20912,龯,U+9FAF,龯,龯
20913,龰,U+9FB0,zou3,zǒu
20914,龱,U+9FB1,龱,龱
20915,龲,U+9FB2,龲,龲
20916,龳,U+9FB3,龳,龳
20917,龴,U+9FB4,龴,龴
20918,龵,U+9FB5,shou3,shǒu
20919,龶,U+9FB6,龶,龶
20920,龷,U+9FB7,龷,龷
20921,龸,U+9FB8,龸,龸
20922,龹,U+9FB9,龹,龹
20923,龺,U+9FBA,龺,龺
20924,龻,U+9FBB,luan2,luán
20925,龼,U+9FBC,龼,龼
20926,龽,U+9FBD,龽,龽
20927,龾,U+9FBE,龾,龾
20928,龿,U+9FBF,龿,龿
20929,鿀,U+9FC0,鿀,鿀
20930,鿁,U+9FC1,鿁,鿁
20931,鿂,U+9FC2,鿂,鿂
20932,鿃,U+9FC3,shan3,shǎn
20933,鿄,U+9FC4,liang2,liáng
20934,鿅,U+9FC5,鿅,鿅
20935,鿆,U+9FC6,鿆,鿆
20936,鿇,U+9FC7,zheng1,zhēng
20937,鿈,U+9FC8,鿈,鿈
20938,鿉,U+9FC9,鿉,鿉
20939,鿊,U+9FCA,鿊,鿊
20940,鿋,U+9FCB,鿋,鿋
20941,鿌,U+9FCC,liang2,liáng
20942,鿍,U+9FCD,gang4,gàng
20943,鿎,U+9FCE,ta3|da2,tǎ|dá
20944,鿏,U+9FCF,mai4,mài
20945,鿐,U+9FD0,鿐,鿐
20946,鿑,U+9FD1,鿑,鿑
20947,鿒,U+9FD2,鿒,鿒
20948,鿓,U+9FD3,鿓,鿓
20949,鿔,U+9FD4,ge1,gē
20950,鿕,U+9FD5,dan1,dān
20951,鿖,U+9FD6,鿖,鿖
20952,鿗,U+9FD7,鿗,鿗
20953,鿘,U+9FD8,鿘,鿘
20954,鿙,U+9FD9,鿙,鿙
20955,鿚,U+9FDA,鿚,鿚
20956,鿛,U+9FDB,鿛,鿛
20957,鿜,U+9FDC,鿜,鿜
20958,鿝,U+9FDD,鿝,鿝
20959,鿞,U+9FDE,鿞,鿞
20960,鿟,U+9FDF,鿟,鿟
20961,鿠,U+9FE0,鿠,鿠
20962,鿡,U+9FE1,鿡,鿡
20963,鿢,U+9FE2,鿢,鿢
20964,鿣,U+9FE3,鿣,鿣
20965,鿤,U+9FE4,鿤,鿤
20966,鿥,U+9FE5,鿥,鿥
20967,鿦,U+9FE6,鿦,鿦
20968,鿧,U+9FE7,鿧,鿧
20969,鿨,U+9FE8,鿨,鿨
20970,鿩,U+9FE9,鿩,鿩
20971,鿪,U+9FEA,鿪,鿪
20972,鿫,U+9FEB,ao4,ào
20973,鿬,U+9FEC,tian2,tián
20974,鿭,U+9FED,ni3|xi3,nǐ|xǐ
20975,鿮,U+9FEE,鿮,鿮
20976,鿯,U+9FEF,鿯,鿯
20977,鿰,U+9FF0,han2,hán
20978,鿱,U+9FF1,ba1,bā
20979,鿲,U+9FF2,lao2,láo
20980,鿳,U+9FF3,tuo4,tuò
20981,鿴,U+9FF4,dong1,dōng
20982,鿵,U+9FF5,zhi4,zhì
20983,鿶,U+9FF6,lang2,láng
20984,鿷,U+9FF7,an4,àn
20985,鿸,U+9FF8,tuo4,tuò
20986,鿹,U+9FF9,mi4,mì
20987,鿺,U+9FFA,mai4,mài
20988,鿻,U+9FFB,bu4,bù
20989,鿼,U+9FFC,jia1,jiā
20990,鿽,U+9FFD,鿽,鿽
20991,鿾,U+9FFE,lang4,làng
20992,鿿,U+9FFF,xing4,xìng
